code	full_name	province_code	pfull	dfull	administrative_unit_id
00001	Phường Phúc Xá	01	Thành phố Hà Nội	Quận Ba Đình	8
00004	Phường Trúc Bạch	01	Thành phố Hà Nội	Quận Ba Đình	8
00006	Phường Vĩnh Phúc	01	Thành phố Hà Nội	Quận Ba Đình	8
00007	Phường Cống Vị	01	Thành phố Hà Nội	Quận Ba Đình	8
00008	Phường Liễu Giai	01	Thành phố Hà Nội	Quận Ba Đình	8
00010	Phường Nguyễn Trung Trực	01	Thành phố Hà Nội	Quận Ba Đình	8
00013	Phường Quán Thánh	01	Thành phố Hà Nội	Quận Ba Đình	8
00016	Phường Ngọc Hà	01	Thành phố Hà Nội	Quận Ba Đình	8
00019	Phường Điện Biên	01	Thành phố Hà Nội	Quận Ba Đình	8
00022	Phường Đội Cấn	01	Thành phố Hà Nội	Quận Ba Đình	8
00025	Phường Ngọc Khánh	01	Thành phố Hà Nội	Quận Ba Đình	8
00028	Phường Kim Mã	01	Thành phố Hà Nội	Quận Ba Đình	8
00031	Phường Giảng Võ	01	Thành phố Hà Nội	Quận Ba Đình	8
00034	Phường Thành Công	01	Thành phố Hà Nội	Quận Ba Đình	8
00037	Phường Phúc Tân	01	Thành phố Hà Nội	Quận Hoàn Kiếm	8
00040	Phường Đồng Xuân	01	Thành phố Hà Nội	Quận Hoàn Kiếm	8
00043	Phường Hàng Mã	01	Thành phố Hà Nội	Quận Hoàn Kiếm	8
00046	Phường Hàng Buồm	01	Thành phố Hà Nội	Quận Hoàn Kiếm	8
00049	Phường Hàng Đào	01	Thành phố Hà Nội	Quận Hoàn Kiếm	8
00052	Phường Hàng Bồ	01	Thành phố Hà Nội	Quận Hoàn Kiếm	8
00055	Phường Cửa Đông	01	Thành phố Hà Nội	Quận Hoàn Kiếm	8
00058	Phường Lý Thái Tổ	01	Thành phố Hà Nội	Quận Hoàn Kiếm	8
00061	Phường Hàng Bạc	01	Thành phố Hà Nội	Quận Hoàn Kiếm	8
00064	Phường Hàng Gai	01	Thành phố Hà Nội	Quận Hoàn Kiếm	8
00067	Phường Chương Dương	01	Thành phố Hà Nội	Quận Hoàn Kiếm	8
00070	Phường Hàng Trống	01	Thành phố Hà Nội	Quận Hoàn Kiếm	8
00073	Phường Cửa Nam	01	Thành phố Hà Nội	Quận Hoàn Kiếm	8
00076	Phường Hàng Bông	01	Thành phố Hà Nội	Quận Hoàn Kiếm	8
00079	Phường Tràng Tiền	01	Thành phố Hà Nội	Quận Hoàn Kiếm	8
00082	Phường Trần Hưng Đạo	01	Thành phố Hà Nội	Quận Hoàn Kiếm	8
00085	Phường Phan Chu Trinh	01	Thành phố Hà Nội	Quận Hoàn Kiếm	8
00088	Phường Hàng Bài	01	Thành phố Hà Nội	Quận Hoàn Kiếm	8
00091	Phường Phú Thượng	01	Thành phố Hà Nội	Quận Tây Hồ	8
00094	Phường Nhật Tân	01	Thành phố Hà Nội	Quận Tây Hồ	8
00097	Phường Tứ Liên	01	Thành phố Hà Nội	Quận Tây Hồ	8
00100	Phường Quảng An	01	Thành phố Hà Nội	Quận Tây Hồ	8
00103	Phường Xuân La	01	Thành phố Hà Nội	Quận Tây Hồ	8
00106	Phường Yên Phụ	01	Thành phố Hà Nội	Quận Tây Hồ	8
00109	Phường Bưởi	01	Thành phố Hà Nội	Quận Tây Hồ	8
00112	Phường Thụy Khuê	01	Thành phố Hà Nội	Quận Tây Hồ	8
00115	Phường Thượng Thanh	01	Thành phố Hà Nội	Quận Long Biên	8
00118	Phường Ngọc Thụy	01	Thành phố Hà Nội	Quận Long Biên	8
00121	Phường Giang Biên	01	Thành phố Hà Nội	Quận Long Biên	8
00124	Phường Đức Giang	01	Thành phố Hà Nội	Quận Long Biên	8
00127	Phường Việt Hưng	01	Thành phố Hà Nội	Quận Long Biên	8
00130	Phường Gia Thụy	01	Thành phố Hà Nội	Quận Long Biên	8
00133	Phường Ngọc Lâm	01	Thành phố Hà Nội	Quận Long Biên	8
00136	Phường Phúc Lợi	01	Thành phố Hà Nội	Quận Long Biên	8
00139	Phường Bồ Đề	01	Thành phố Hà Nội	Quận Long Biên	8
00142	Phường Sài Đồng	01	Thành phố Hà Nội	Quận Long Biên	8
00145	Phường Long Biên	01	Thành phố Hà Nội	Quận Long Biên	8
00148	Phường Thạch Bàn	01	Thành phố Hà Nội	Quận Long Biên	8
00151	Phường Phúc Đồng	01	Thành phố Hà Nội	Quận Long Biên	8
00154	Phường Cự Khối	01	Thành phố Hà Nội	Quận Long Biên	8
00157	Phường Nghĩa Đô	01	Thành phố Hà Nội	Quận Cầu Giấy	8
00160	Phường Nghĩa Tân	01	Thành phố Hà Nội	Quận Cầu Giấy	8
00163	Phường Mai Dịch	01	Thành phố Hà Nội	Quận Cầu Giấy	8
00166	Phường Dịch Vọng	01	Thành phố Hà Nội	Quận Cầu Giấy	8
00167	Phường Dịch Vọng Hậu	01	Thành phố Hà Nội	Quận Cầu Giấy	8
00169	Phường Quan Hoa	01	Thành phố Hà Nội	Quận Cầu Giấy	8
00172	Phường Yên Hoà	01	Thành phố Hà Nội	Quận Cầu Giấy	8
00175	Phường Trung Hoà	01	Thành phố Hà Nội	Quận Cầu Giấy	8
00178	Phường Cát Linh	01	Thành phố Hà Nội	Quận Đống Đa	8
00181	Phường Văn Miếu	01	Thành phố Hà Nội	Quận Đống Đa	8
00184	Phường Quốc Tử Giám	01	Thành phố Hà Nội	Quận Đống Đa	8
00187	Phường Láng Thượng	01	Thành phố Hà Nội	Quận Đống Đa	8
00190	Phường Ô Chợ Dừa	01	Thành phố Hà Nội	Quận Đống Đa	8
00193	Phường Văn Chương	01	Thành phố Hà Nội	Quận Đống Đa	8
00196	Phường Hàng Bột	01	Thành phố Hà Nội	Quận Đống Đa	8
00199	Phường Láng Hạ	01	Thành phố Hà Nội	Quận Đống Đa	8
00202	Phường Khâm Thiên	01	Thành phố Hà Nội	Quận Đống Đa	8
00205	Phường Thổ Quan	01	Thành phố Hà Nội	Quận Đống Đa	8
00208	Phường Nam Đồng	01	Thành phố Hà Nội	Quận Đống Đa	8
00211	Phường Trung Phụng	01	Thành phố Hà Nội	Quận Đống Đa	8
00214	Phường Quang Trung	01	Thành phố Hà Nội	Quận Đống Đa	8
00217	Phường Trung Liệt	01	Thành phố Hà Nội	Quận Đống Đa	8
00220	Phường Phương Liên	01	Thành phố Hà Nội	Quận Đống Đa	8
00223	Phường Thịnh Quang	01	Thành phố Hà Nội	Quận Đống Đa	8
00226	Phường Trung Tự	01	Thành phố Hà Nội	Quận Đống Đa	8
00229	Phường Kim Liên	01	Thành phố Hà Nội	Quận Đống Đa	8
00232	Phường Phương Mai	01	Thành phố Hà Nội	Quận Đống Đa	8
00235	Phường Ngã Tư Sở	01	Thành phố Hà Nội	Quận Đống Đa	8
00238	Phường Khương Thượng	01	Thành phố Hà Nội	Quận Đống Đa	8
00241	Phường Nguyễn Du	01	Thành phố Hà Nội	Quận Hai Bà Trưng	8
00244	Phường Bạch Đằng	01	Thành phố Hà Nội	Quận Hai Bà Trưng	8
00247	Phường Phạm Đình Hổ	01	Thành phố Hà Nội	Quận Hai Bà Trưng	8
00256	Phường Lê Đại Hành	01	Thành phố Hà Nội	Quận Hai Bà Trưng	8
00259	Phường Đồng Nhân	01	Thành phố Hà Nội	Quận Hai Bà Trưng	8
00262	Phường Phố Huế	01	Thành phố Hà Nội	Quận Hai Bà Trưng	8
00265	Phường Đống Mác	01	Thành phố Hà Nội	Quận Hai Bà Trưng	8
00268	Phường Thanh Lương	01	Thành phố Hà Nội	Quận Hai Bà Trưng	8
00271	Phường Thanh Nhàn	01	Thành phố Hà Nội	Quận Hai Bà Trưng	8
00274	Phường Cầu Dền	01	Thành phố Hà Nội	Quận Hai Bà Trưng	8
00277	Phường Bách Khoa	01	Thành phố Hà Nội	Quận Hai Bà Trưng	8
00280	Phường Đồng Tâm	01	Thành phố Hà Nội	Quận Hai Bà Trưng	8
00283	Phường Vĩnh Tuy	01	Thành phố Hà Nội	Quận Hai Bà Trưng	8
00286	Phường Bạch Mai	01	Thành phố Hà Nội	Quận Hai Bà Trưng	8
00289	Phường Quỳnh Mai	01	Thành phố Hà Nội	Quận Hai Bà Trưng	8
00292	Phường Quỳnh Lôi	01	Thành phố Hà Nội	Quận Hai Bà Trưng	8
00295	Phường Minh Khai	01	Thành phố Hà Nội	Quận Hai Bà Trưng	8
00298	Phường Trương Định	01	Thành phố Hà Nội	Quận Hai Bà Trưng	8
00301	Phường Thanh Trì	01	Thành phố Hà Nội	Quận Hoàng Mai	8
00304	Phường Vĩnh Hưng	01	Thành phố Hà Nội	Quận Hoàng Mai	8
00307	Phường Định Công	01	Thành phố Hà Nội	Quận Hoàng Mai	8
00310	Phường Mai Động	01	Thành phố Hà Nội	Quận Hoàng Mai	8
00313	Phường Tương Mai	01	Thành phố Hà Nội	Quận Hoàng Mai	8
00316	Phường Đại Kim	01	Thành phố Hà Nội	Quận Hoàng Mai	8
00319	Phường Tân Mai	01	Thành phố Hà Nội	Quận Hoàng Mai	8
00322	Phường Hoàng Văn Thụ	01	Thành phố Hà Nội	Quận Hoàng Mai	8
00325	Phường Giáp Bát	01	Thành phố Hà Nội	Quận Hoàng Mai	8
00328	Phường Lĩnh Nam	01	Thành phố Hà Nội	Quận Hoàng Mai	8
00331	Phường Thịnh Liệt	01	Thành phố Hà Nội	Quận Hoàng Mai	8
00334	Phường Trần Phú	01	Thành phố Hà Nội	Quận Hoàng Mai	8
00337	Phường Hoàng Liệt	01	Thành phố Hà Nội	Quận Hoàng Mai	8
00340	Phường Yên Sở	01	Thành phố Hà Nội	Quận Hoàng Mai	8
00343	Phường Nhân Chính	01	Thành phố Hà Nội	Quận Thanh Xuân	8
00346	Phường Thượng Đình	01	Thành phố Hà Nội	Quận Thanh Xuân	8
00349	Phường Khương Trung	01	Thành phố Hà Nội	Quận Thanh Xuân	8
00352	Phường Khương Mai	01	Thành phố Hà Nội	Quận Thanh Xuân	8
00355	Phường Thanh Xuân Trung	01	Thành phố Hà Nội	Quận Thanh Xuân	8
00358	Phường Phương Liệt	01	Thành phố Hà Nội	Quận Thanh Xuân	8
00361	Phường Hạ Đình	01	Thành phố Hà Nội	Quận Thanh Xuân	8
00364	Phường Khương Đình	01	Thành phố Hà Nội	Quận Thanh Xuân	8
00367	Phường Thanh Xuân Bắc	01	Thành phố Hà Nội	Quận Thanh Xuân	8
00370	Phường Thanh Xuân Nam	01	Thành phố Hà Nội	Quận Thanh Xuân	8
00373	Phường Kim Giang	01	Thành phố Hà Nội	Quận Thanh Xuân	8
00376	Thị trấn Sóc Sơn	01	Thành phố Hà Nội	Huyện Sóc Sơn	9
00379	Xã Bắc Sơn	01	Thành phố Hà Nội	Huyện Sóc Sơn	10
00382	Xã Minh Trí	01	Thành phố Hà Nội	Huyện Sóc Sơn	10
00385	Xã Hồng Kỳ	01	Thành phố Hà Nội	Huyện Sóc Sơn	10
00388	Xã Nam Sơn	01	Thành phố Hà Nội	Huyện Sóc Sơn	10
00391	Xã Trung Giã	01	Thành phố Hà Nội	Huyện Sóc Sơn	10
00394	Xã Tân Hưng	01	Thành phố Hà Nội	Huyện Sóc Sơn	10
00397	Xã Minh Phú	01	Thành phố Hà Nội	Huyện Sóc Sơn	10
00400	Xã Phù Linh	01	Thành phố Hà Nội	Huyện Sóc Sơn	10
00403	Xã Bắc Phú	01	Thành phố Hà Nội	Huyện Sóc Sơn	10
00406	Xã Tân Minh	01	Thành phố Hà Nội	Huyện Sóc Sơn	10
00409	Xã Quang Tiến	01	Thành phố Hà Nội	Huyện Sóc Sơn	10
00412	Xã Hiền Ninh	01	Thành phố Hà Nội	Huyện Sóc Sơn	10
00415	Xã Tân Dân	01	Thành phố Hà Nội	Huyện Sóc Sơn	10
00418	Xã Tiên Dược	01	Thành phố Hà Nội	Huyện Sóc Sơn	10
00421	Xã Việt Long	01	Thành phố Hà Nội	Huyện Sóc Sơn	10
00424	Xã Xuân Giang	01	Thành phố Hà Nội	Huyện Sóc Sơn	10
00427	Xã Mai Đình	01	Thành phố Hà Nội	Huyện Sóc Sơn	10
00430	Xã Đức Hoà	01	Thành phố Hà Nội	Huyện Sóc Sơn	10
00433	Xã Thanh Xuân	01	Thành phố Hà Nội	Huyện Sóc Sơn	10
00436	Xã Đông Xuân	01	Thành phố Hà Nội	Huyện Sóc Sơn	10
00439	Xã Kim Lũ	01	Thành phố Hà Nội	Huyện Sóc Sơn	10
00442	Xã Phú Cường	01	Thành phố Hà Nội	Huyện Sóc Sơn	10
00445	Xã Phú Minh	01	Thành phố Hà Nội	Huyện Sóc Sơn	10
00448	Xã Phù Lỗ	01	Thành phố Hà Nội	Huyện Sóc Sơn	10
00451	Xã Xuân Thu	01	Thành phố Hà Nội	Huyện Sóc Sơn	10
00454	Thị trấn Đông Anh	01	Thành phố Hà Nội	Huyện Đông Anh	9
00457	Xã Xuân Nộn	01	Thành phố Hà Nội	Huyện Đông Anh	10
00460	Xã Thuỵ Lâm	01	Thành phố Hà Nội	Huyện Đông Anh	10
00463	Xã Bắc Hồng	01	Thành phố Hà Nội	Huyện Đông Anh	10
00466	Xã Nguyên Khê	01	Thành phố Hà Nội	Huyện Đông Anh	10
00469	Xã Nam Hồng	01	Thành phố Hà Nội	Huyện Đông Anh	10
00472	Xã Tiên Dương	01	Thành phố Hà Nội	Huyện Đông Anh	10
00475	Xã Vân Hà	01	Thành phố Hà Nội	Huyện Đông Anh	10
00478	Xã Uy Nỗ	01	Thành phố Hà Nội	Huyện Đông Anh	10
00481	Xã Vân Nội	01	Thành phố Hà Nội	Huyện Đông Anh	10
00484	Xã Liên Hà	01	Thành phố Hà Nội	Huyện Đông Anh	10
00487	Xã Việt Hùng	01	Thành phố Hà Nội	Huyện Đông Anh	10
00490	Xã Kim Nỗ	01	Thành phố Hà Nội	Huyện Đông Anh	10
00493	Xã Kim Chung	01	Thành phố Hà Nội	Huyện Đông Anh	10
00496	Xã Dục Tú	01	Thành phố Hà Nội	Huyện Đông Anh	10
00499	Xã Đại Mạch	01	Thành phố Hà Nội	Huyện Đông Anh	10
00502	Xã Vĩnh Ngọc	01	Thành phố Hà Nội	Huyện Đông Anh	10
00505	Xã Cổ Loa	01	Thành phố Hà Nội	Huyện Đông Anh	10
00508	Xã Hải Bối	01	Thành phố Hà Nội	Huyện Đông Anh	10
00511	Xã Xuân Canh	01	Thành phố Hà Nội	Huyện Đông Anh	10
00514	Xã Võng La	01	Thành phố Hà Nội	Huyện Đông Anh	10
00517	Xã Tàm Xá	01	Thành phố Hà Nội	Huyện Đông Anh	10
00520	Xã Mai Lâm	01	Thành phố Hà Nội	Huyện Đông Anh	10
00523	Xã Đông Hội	01	Thành phố Hà Nội	Huyện Đông Anh	10
00526	Thị trấn Yên Viên	01	Thành phố Hà Nội	Huyện Gia Lâm	9
00529	Xã Yên Thường	01	Thành phố Hà Nội	Huyện Gia Lâm	10
00532	Xã Yên Viên	01	Thành phố Hà Nội	Huyện Gia Lâm	10
00535	Xã Ninh Hiệp	01	Thành phố Hà Nội	Huyện Gia Lâm	10
00538	Xã Đình Xuyên	01	Thành phố Hà Nội	Huyện Gia Lâm	10
00541	Xã Dương Hà	01	Thành phố Hà Nội	Huyện Gia Lâm	10
00544	Xã Phù Đổng	01	Thành phố Hà Nội	Huyện Gia Lâm	10
00547	Xã Trung Mầu	01	Thành phố Hà Nội	Huyện Gia Lâm	10
00550	Xã Lệ Chi	01	Thành phố Hà Nội	Huyện Gia Lâm	10
00553	Xã Cổ Bi	01	Thành phố Hà Nội	Huyện Gia Lâm	10
00556	Xã Đặng Xá	01	Thành phố Hà Nội	Huyện Gia Lâm	10
00559	Xã Phú Thị	01	Thành phố Hà Nội	Huyện Gia Lâm	10
00562	Xã Kim Sơn	01	Thành phố Hà Nội	Huyện Gia Lâm	10
00565	Thị trấn Trâu Quỳ	01	Thành phố Hà Nội	Huyện Gia Lâm	9
00568	Xã Dương Quang	01	Thành phố Hà Nội	Huyện Gia Lâm	10
00571	Xã Dương Xá	01	Thành phố Hà Nội	Huyện Gia Lâm	10
00574	Xã Đông Dư	01	Thành phố Hà Nội	Huyện Gia Lâm	10
00577	Xã Đa Tốn	01	Thành phố Hà Nội	Huyện Gia Lâm	10
00580	Xã Kiêu Kỵ	01	Thành phố Hà Nội	Huyện Gia Lâm	10
00583	Xã Bát Tràng	01	Thành phố Hà Nội	Huyện Gia Lâm	10
00586	Xã Kim Lan	01	Thành phố Hà Nội	Huyện Gia Lâm	10
00589	Xã Văn Đức	01	Thành phố Hà Nội	Huyện Gia Lâm	10
00592	Phường Cầu Diễn	01	Thành phố Hà Nội	Quận Nam Từ Liêm	8
00595	Phường Thượng Cát	01	Thành phố Hà Nội	Quận Bắc Từ Liêm	8
00598	Phường Liên Mạc	01	Thành phố Hà Nội	Quận Bắc Từ Liêm	8
00601	Phường Đông Ngạc	01	Thành phố Hà Nội	Quận Bắc Từ Liêm	8
00602	Phường Đức Thắng	01	Thành phố Hà Nội	Quận Bắc Từ Liêm	8
00604	Phường Thụy Phương	01	Thành phố Hà Nội	Quận Bắc Từ Liêm	8
00607	Phường Tây Tựu	01	Thành phố Hà Nội	Quận Bắc Từ Liêm	8
00610	Phường Xuân Đỉnh	01	Thành phố Hà Nội	Quận Bắc Từ Liêm	8
00611	Phường Xuân Tảo	01	Thành phố Hà Nội	Quận Bắc Từ Liêm	8
00613	Phường Minh Khai	01	Thành phố Hà Nội	Quận Bắc Từ Liêm	8
00616	Phường Cổ Nhuế 1	01	Thành phố Hà Nội	Quận Bắc Từ Liêm	8
00617	Phường Cổ Nhuế 2	01	Thành phố Hà Nội	Quận Bắc Từ Liêm	8
00619	Phường Phú Diễn	01	Thành phố Hà Nội	Quận Bắc Từ Liêm	8
00620	Phường Phúc Diễn	01	Thành phố Hà Nội	Quận Bắc Từ Liêm	8
00622	Phường Xuân Phương	01	Thành phố Hà Nội	Quận Nam Từ Liêm	8
00623	Phường Phương Canh	01	Thành phố Hà Nội	Quận Nam Từ Liêm	8
00625	Phường Mỹ Đình 1	01	Thành phố Hà Nội	Quận Nam Từ Liêm	8
00626	Phường Mỹ Đình 2	01	Thành phố Hà Nội	Quận Nam Từ Liêm	8
00628	Phường Tây Mỗ	01	Thành phố Hà Nội	Quận Nam Từ Liêm	8
00631	Phường Mễ Trì	01	Thành phố Hà Nội	Quận Nam Từ Liêm	8
00632	Phường Phú Đô	01	Thành phố Hà Nội	Quận Nam Từ Liêm	8
00634	Phường Đại Mỗ	01	Thành phố Hà Nội	Quận Nam Từ Liêm	8
00637	Phường Trung Văn	01	Thành phố Hà Nội	Quận Nam Từ Liêm	8
00640	Thị trấn Văn Điển	01	Thành phố Hà Nội	Huyện Thanh Trì	9
00643	Xã Tân Triều	01	Thành phố Hà Nội	Huyện Thanh Trì	10
00646	Xã Thanh Liệt	01	Thành phố Hà Nội	Huyện Thanh Trì	10
00649	Xã Tả Thanh Oai	01	Thành phố Hà Nội	Huyện Thanh Trì	10
00652	Xã Hữu Hoà	01	Thành phố Hà Nội	Huyện Thanh Trì	10
00655	Xã Tam Hiệp	01	Thành phố Hà Nội	Huyện Thanh Trì	10
00658	Xã Tứ Hiệp	01	Thành phố Hà Nội	Huyện Thanh Trì	10
00661	Xã Yên Mỹ	01	Thành phố Hà Nội	Huyện Thanh Trì	10
00664	Xã Vĩnh Quỳnh	01	Thành phố Hà Nội	Huyện Thanh Trì	10
00667	Xã Ngũ Hiệp	01	Thành phố Hà Nội	Huyện Thanh Trì	10
00670	Xã Duyên Hà	01	Thành phố Hà Nội	Huyện Thanh Trì	10
00673	Xã Ngọc Hồi	01	Thành phố Hà Nội	Huyện Thanh Trì	10
00676	Xã Vạn Phúc	01	Thành phố Hà Nội	Huyện Thanh Trì	10
00679	Xã Đại áng	01	Thành phố Hà Nội	Huyện Thanh Trì	10
00682	Xã Liên Ninh	01	Thành phố Hà Nội	Huyện Thanh Trì	10
00685	Xã Đông Mỹ	01	Thành phố Hà Nội	Huyện Thanh Trì	10
00688	Phường Quang Trung	02	Tỉnh Hà Giang	Thành phố Hà Giang	8
00691	Phường Trần Phú	02	Tỉnh Hà Giang	Thành phố Hà Giang	8
00692	Phường Ngọc Hà	02	Tỉnh Hà Giang	Thành phố Hà Giang	8
00694	Phường Nguyễn Trãi	02	Tỉnh Hà Giang	Thành phố Hà Giang	8
00697	Phường Minh Khai	02	Tỉnh Hà Giang	Thành phố Hà Giang	8
00700	Xã Ngọc Đường	02	Tỉnh Hà Giang	Thành phố Hà Giang	10
00703	Xã Kim Thạch	02	Tỉnh Hà Giang	Huyện Vị Xuyên	10
00706	Xã Phú Linh	02	Tỉnh Hà Giang	Huyện Vị Xuyên	10
00709	Xã Kim Linh	02	Tỉnh Hà Giang	Huyện Vị Xuyên	10
00712	Thị trấn Phó Bảng	02	Tỉnh Hà Giang	Huyện Đồng Văn	9
00715	Xã Lũng Cú	02	Tỉnh Hà Giang	Huyện Đồng Văn	10
00718	Xã Má Lé	02	Tỉnh Hà Giang	Huyện Đồng Văn	10
00721	Thị trấn Đồng Văn	02	Tỉnh Hà Giang	Huyện Đồng Văn	9
00724	Xã Lũng Táo	02	Tỉnh Hà Giang	Huyện Đồng Văn	10
00727	Xã Phố Là	02	Tỉnh Hà Giang	Huyện Đồng Văn	10
00730	Xã Thài Phìn Tủng	02	Tỉnh Hà Giang	Huyện Đồng Văn	10
00733	Xã Sủng Là	02	Tỉnh Hà Giang	Huyện Đồng Văn	10
00736	Xã Xà Phìn	02	Tỉnh Hà Giang	Huyện Đồng Văn	10
00739	Xã Tả Phìn	02	Tỉnh Hà Giang	Huyện Đồng Văn	10
00742	Xã Tả Lủng	02	Tỉnh Hà Giang	Huyện Đồng Văn	10
00745	Xã Phố Cáo	02	Tỉnh Hà Giang	Huyện Đồng Văn	10
00748	Xã Sính Lủng	02	Tỉnh Hà Giang	Huyện Đồng Văn	10
00751	Xã Sảng Tủng	02	Tỉnh Hà Giang	Huyện Đồng Văn	10
00754	Xã Lũng Thầu	02	Tỉnh Hà Giang	Huyện Đồng Văn	10
00757	Xã Hố Quáng Phìn	02	Tỉnh Hà Giang	Huyện Đồng Văn	10
00760	Xã Vần Chải	02	Tỉnh Hà Giang	Huyện Đồng Văn	10
00763	Xã Lũng Phìn	02	Tỉnh Hà Giang	Huyện Đồng Văn	10
00766	Xã Sủng Trái	02	Tỉnh Hà Giang	Huyện Đồng Văn	10
00769	Thị trấn Mèo Vạc	02	Tỉnh Hà Giang	Huyện Mèo Vạc	9
00772	Xã Thượng Phùng	02	Tỉnh Hà Giang	Huyện Mèo Vạc	10
00775	Xã Pải Lủng	02	Tỉnh Hà Giang	Huyện Mèo Vạc	10
00778	Xã Xín Cái	02	Tỉnh Hà Giang	Huyện Mèo Vạc	10
00781	Xã Pả Vi	02	Tỉnh Hà Giang	Huyện Mèo Vạc	10
00784	Xã Giàng Chu Phìn	02	Tỉnh Hà Giang	Huyện Mèo Vạc	10
00787	Xã Sủng Trà	02	Tỉnh Hà Giang	Huyện Mèo Vạc	10
00790	Xã Sủng Máng	02	Tỉnh Hà Giang	Huyện Mèo Vạc	10
00793	Xã Sơn Vĩ	02	Tỉnh Hà Giang	Huyện Mèo Vạc	10
00796	Xã Tả Lủng	02	Tỉnh Hà Giang	Huyện Mèo Vạc	10
00799	Xã Cán Chu Phìn	02	Tỉnh Hà Giang	Huyện Mèo Vạc	10
00802	Xã Lũng Pù	02	Tỉnh Hà Giang	Huyện Mèo Vạc	10
00805	Xã Lũng Chinh	02	Tỉnh Hà Giang	Huyện Mèo Vạc	10
00808	Xã Tát Ngà	02	Tỉnh Hà Giang	Huyện Mèo Vạc	10
00811	Xã Nậm Ban	02	Tỉnh Hà Giang	Huyện Mèo Vạc	10
00814	Xã Khâu Vai	02	Tỉnh Hà Giang	Huyện Mèo Vạc	10
00815	Xã Niêm Tòng	02	Tỉnh Hà Giang	Huyện Mèo Vạc	10
00817	Xã Niêm Sơn	02	Tỉnh Hà Giang	Huyện Mèo Vạc	10
00820	Thị trấn Yên Minh	02	Tỉnh Hà Giang	Huyện Yên Minh	9
00823	Xã Thắng Mố	02	Tỉnh Hà Giang	Huyện Yên Minh	10
00826	Xã Phú Lũng	02	Tỉnh Hà Giang	Huyện Yên Minh	10
00829	Xã Sủng Tráng	02	Tỉnh Hà Giang	Huyện Yên Minh	10
00832	Xã Bạch Đích	02	Tỉnh Hà Giang	Huyện Yên Minh	10
00835	Xã Na Khê	02	Tỉnh Hà Giang	Huyện Yên Minh	10
00838	Xã Sủng Thài	02	Tỉnh Hà Giang	Huyện Yên Minh	10
00841	Xã Hữu Vinh	02	Tỉnh Hà Giang	Huyện Yên Minh	10
00844	Xã Lao Và Chải	02	Tỉnh Hà Giang	Huyện Yên Minh	10
00847	Xã Mậu Duệ	02	Tỉnh Hà Giang	Huyện Yên Minh	10
00850	Xã Đông Minh	02	Tỉnh Hà Giang	Huyện Yên Minh	10
00853	Xã Mậu Long	02	Tỉnh Hà Giang	Huyện Yên Minh	10
00856	Xã Ngam La	02	Tỉnh Hà Giang	Huyện Yên Minh	10
00859	Xã Ngọc Long	02	Tỉnh Hà Giang	Huyện Yên Minh	10
00862	Xã Đường Thượng	02	Tỉnh Hà Giang	Huyện Yên Minh	10
00865	Xã Lũng Hồ	02	Tỉnh Hà Giang	Huyện Yên Minh	10
00868	Xã Du Tiến	02	Tỉnh Hà Giang	Huyện Yên Minh	10
00871	Xã Du Già	02	Tỉnh Hà Giang	Huyện Yên Minh	10
00874	Thị trấn Tam Sơn	02	Tỉnh Hà Giang	Huyện Quản Bạ	9
00877	Xã Bát Đại Sơn	02	Tỉnh Hà Giang	Huyện Quản Bạ	10
00880	Xã Nghĩa Thuận	02	Tỉnh Hà Giang	Huyện Quản Bạ	10
00883	Xã Cán Tỷ	02	Tỉnh Hà Giang	Huyện Quản Bạ	10
00886	Xã Cao Mã Pờ	02	Tỉnh Hà Giang	Huyện Quản Bạ	10
00889	Xã Thanh Vân	02	Tỉnh Hà Giang	Huyện Quản Bạ	10
00892	Xã Tùng Vài	02	Tỉnh Hà Giang	Huyện Quản Bạ	10
00895	Xã Đông Hà	02	Tỉnh Hà Giang	Huyện Quản Bạ	10
00898	Xã Quản Bạ	02	Tỉnh Hà Giang	Huyện Quản Bạ	10
00901	Xã Lùng Tám	02	Tỉnh Hà Giang	Huyện Quản Bạ	10
00904	Xã Quyết Tiến	02	Tỉnh Hà Giang	Huyện Quản Bạ	10
00907	Xã Tả Ván	02	Tỉnh Hà Giang	Huyện Quản Bạ	10
00910	Xã Thái An	02	Tỉnh Hà Giang	Huyện Quản Bạ	10
00913	Thị trấn Vị Xuyên	02	Tỉnh Hà Giang	Huyện Vị Xuyên	9
00916	Thị trấn Nông Trường Việt Lâm	02	Tỉnh Hà Giang	Huyện Vị Xuyên	9
00919	Xã Minh Tân	02	Tỉnh Hà Giang	Huyện Vị Xuyên	10
00922	Xã Thuận Hoà	02	Tỉnh Hà Giang	Huyện Vị Xuyên	10
00925	Xã Tùng Bá	02	Tỉnh Hà Giang	Huyện Vị Xuyên	10
00928	Xã Thanh Thủy	02	Tỉnh Hà Giang	Huyện Vị Xuyên	10
00931	Xã Thanh Đức	02	Tỉnh Hà Giang	Huyện Vị Xuyên	10
00934	Xã Phong Quang	02	Tỉnh Hà Giang	Huyện Vị Xuyên	10
00937	Xã Xín Chải	02	Tỉnh Hà Giang	Huyện Vị Xuyên	10
00940	Xã Phương Tiến	02	Tỉnh Hà Giang	Huyện Vị Xuyên	10
00943	Xã Lao Chải	02	Tỉnh Hà Giang	Huyện Vị Xuyên	10
00946	Xã Phương Độ	02	Tỉnh Hà Giang	Thành phố Hà Giang	10
00949	Xã Phương Thiện	02	Tỉnh Hà Giang	Thành phố Hà Giang	10
00952	Xã Cao Bồ	02	Tỉnh Hà Giang	Huyện Vị Xuyên	10
00955	Xã Đạo Đức	02	Tỉnh Hà Giang	Huyện Vị Xuyên	10
00958	Xã Thượng Sơn	02	Tỉnh Hà Giang	Huyện Vị Xuyên	10
00961	Xã Linh Hồ	02	Tỉnh Hà Giang	Huyện Vị Xuyên	10
00964	Xã Quảng Ngần	02	Tỉnh Hà Giang	Huyện Vị Xuyên	10
00967	Xã Việt Lâm	02	Tỉnh Hà Giang	Huyện Vị Xuyên	10
00970	Xã Ngọc Linh	02	Tỉnh Hà Giang	Huyện Vị Xuyên	10
00973	Xã Ngọc Minh	02	Tỉnh Hà Giang	Huyện Vị Xuyên	10
00976	Xã Bạch Ngọc	02	Tỉnh Hà Giang	Huyện Vị Xuyên	10
00979	Xã Trung Thành	02	Tỉnh Hà Giang	Huyện Vị Xuyên	10
00982	Xã Minh Sơn	02	Tỉnh Hà Giang	Huyện Bắc Mê	10
00985	Xã Giáp Trung	02	Tỉnh Hà Giang	Huyện Bắc Mê	10
00988	Xã Yên Định	02	Tỉnh Hà Giang	Huyện Bắc Mê	10
00991	Thị trấn Yên Phú	02	Tỉnh Hà Giang	Huyện Bắc Mê	9
00994	Xã Minh Ngọc	02	Tỉnh Hà Giang	Huyện Bắc Mê	10
00997	Xã Yên Phong	02	Tỉnh Hà Giang	Huyện Bắc Mê	10
01000	Xã Lạc Nông	02	Tỉnh Hà Giang	Huyện Bắc Mê	10
01003	Xã Phú Nam	02	Tỉnh Hà Giang	Huyện Bắc Mê	10
01006	Xã Yên Cường	02	Tỉnh Hà Giang	Huyện Bắc Mê	10
01009	Xã Thượng Tân	02	Tỉnh Hà Giang	Huyện Bắc Mê	10
01012	Xã Đường Âm	02	Tỉnh Hà Giang	Huyện Bắc Mê	10
01015	Xã Đường Hồng	02	Tỉnh Hà Giang	Huyện Bắc Mê	10
01018	Xã Phiêng Luông	02	Tỉnh Hà Giang	Huyện Bắc Mê	10
01021	Thị trấn Vinh Quang	02	Tỉnh Hà Giang	Huyện Hoàng Su Phì	9
01024	Xã Bản Máy	02	Tỉnh Hà Giang	Huyện Hoàng Su Phì	10
01027	Xã Thàng Tín	02	Tỉnh Hà Giang	Huyện Hoàng Su Phì	10
01030	Xã Thèn Chu Phìn	02	Tỉnh Hà Giang	Huyện Hoàng Su Phì	10
01033	Xã Pố Lồ	02	Tỉnh Hà Giang	Huyện Hoàng Su Phì	10
01036	Xã Bản Phùng	02	Tỉnh Hà Giang	Huyện Hoàng Su Phì	10
01039	Xã Túng Sán	02	Tỉnh Hà Giang	Huyện Hoàng Su Phì	10
01042	Xã Chiến Phố	02	Tỉnh Hà Giang	Huyện Hoàng Su Phì	10
01045	Xã Đản Ván	02	Tỉnh Hà Giang	Huyện Hoàng Su Phì	10
01048	Xã Tụ Nhân	02	Tỉnh Hà Giang	Huyện Hoàng Su Phì	10
01051	Xã Tân Tiến	02	Tỉnh Hà Giang	Huyện Hoàng Su Phì	10
01054	Xã Nàng Đôn	02	Tỉnh Hà Giang	Huyện Hoàng Su Phì	10
01057	Xã Pờ Ly Ngài	02	Tỉnh Hà Giang	Huyện Hoàng Su Phì	10
01060	Xã Sán Xả Hồ	02	Tỉnh Hà Giang	Huyện Hoàng Su Phì	10
01063	Xã Bản Luốc	02	Tỉnh Hà Giang	Huyện Hoàng Su Phì	10
01066	Xã Ngàm Đăng Vài	02	Tỉnh Hà Giang	Huyện Hoàng Su Phì	10
01069	Xã Bản Nhùng	02	Tỉnh Hà Giang	Huyện Hoàng Su Phì	10
01072	Xã Tả Sử Choóng	02	Tỉnh Hà Giang	Huyện Hoàng Su Phì	10
01075	Xã Nậm Dịch	02	Tỉnh Hà Giang	Huyện Hoàng Su Phì	10
01081	Xã Hồ Thầu	02	Tỉnh Hà Giang	Huyện Hoàng Su Phì	10
01084	Xã Nam Sơn	02	Tỉnh Hà Giang	Huyện Hoàng Su Phì	10
01087	Xã Nậm Tỵ	02	Tỉnh Hà Giang	Huyện Hoàng Su Phì	10
01090	Xã Thông Nguyên	02	Tỉnh Hà Giang	Huyện Hoàng Su Phì	10
01093	Xã Nậm Khòa	02	Tỉnh Hà Giang	Huyện Hoàng Su Phì	10
01096	Thị trấn Cốc Pài	02	Tỉnh Hà Giang	Huyện Xín Mần	9
01099	Xã Nàn Xỉn	02	Tỉnh Hà Giang	Huyện Xín Mần	10
01102	Xã Bản Díu	02	Tỉnh Hà Giang	Huyện Xín Mần	10
01105	Xã Chí Cà	02	Tỉnh Hà Giang	Huyện Xín Mần	10
01108	Xã Xín Mần	02	Tỉnh Hà Giang	Huyện Xín Mần	10
01114	Xã Thèn Phàng	02	Tỉnh Hà Giang	Huyện Xín Mần	10
01117	Xã Trung Thịnh	02	Tỉnh Hà Giang	Huyện Xín Mần	10
01120	Xã Pà Vầy Sủ	02	Tỉnh Hà Giang	Huyện Xín Mần	10
01123	Xã Cốc Rế	02	Tỉnh Hà Giang	Huyện Xín Mần	10
01126	Xã Thu Tà	02	Tỉnh Hà Giang	Huyện Xín Mần	10
01129	Xã Nàn Ma	02	Tỉnh Hà Giang	Huyện Xín Mần	10
01132	Xã Tả Nhìu	02	Tỉnh Hà Giang	Huyện Xín Mần	10
01135	Xã Bản Ngò	02	Tỉnh Hà Giang	Huyện Xín Mần	10
01138	Xã Chế Là	02	Tỉnh Hà Giang	Huyện Xín Mần	10
01141	Xã Nấm Dẩn	02	Tỉnh Hà Giang	Huyện Xín Mần	10
01144	Xã Quảng Nguyên	02	Tỉnh Hà Giang	Huyện Xín Mần	10
01147	Xã Nà Chì	02	Tỉnh Hà Giang	Huyện Xín Mần	10
01150	Xã Khuôn Lùng	02	Tỉnh Hà Giang	Huyện Xín Mần	10
01153	Thị trấn Việt Quang	02	Tỉnh Hà Giang	Huyện Bắc Quang	9
01156	Thị trấn Vĩnh Tuy	02	Tỉnh Hà Giang	Huyện Bắc Quang	9
01159	Xã Tân Lập	02	Tỉnh Hà Giang	Huyện Bắc Quang	10
01162	Xã Tân Thành	02	Tỉnh Hà Giang	Huyện Bắc Quang	10
01165	Xã Đồng Tiến	02	Tỉnh Hà Giang	Huyện Bắc Quang	10
01168	Xã Đồng Tâm	02	Tỉnh Hà Giang	Huyện Bắc Quang	10
01171	Xã Tân Quang	02	Tỉnh Hà Giang	Huyện Bắc Quang	10
01174	Xã Thượng Bình	02	Tỉnh Hà Giang	Huyện Bắc Quang	10
01177	Xã Hữu Sản	02	Tỉnh Hà Giang	Huyện Bắc Quang	10
01180	Xã Kim Ngọc	02	Tỉnh Hà Giang	Huyện Bắc Quang	10
01183	Xã Việt Vinh	02	Tỉnh Hà Giang	Huyện Bắc Quang	10
01186	Xã Bằng Hành	02	Tỉnh Hà Giang	Huyện Bắc Quang	10
01189	Xã Quang Minh	02	Tỉnh Hà Giang	Huyện Bắc Quang	10
01192	Xã Liên Hiệp	02	Tỉnh Hà Giang	Huyện Bắc Quang	10
01195	Xã Vô Điếm	02	Tỉnh Hà Giang	Huyện Bắc Quang	10
01198	Xã Việt Hồng	02	Tỉnh Hà Giang	Huyện Bắc Quang	10
01201	Xã Hùng An	02	Tỉnh Hà Giang	Huyện Bắc Quang	10
01204	Xã Đức Xuân	02	Tỉnh Hà Giang	Huyện Bắc Quang	10
01207	Xã Tiên Kiều	02	Tỉnh Hà Giang	Huyện Bắc Quang	10
01210	Xã Vĩnh Hảo	02	Tỉnh Hà Giang	Huyện Bắc Quang	10
01213	Xã Vĩnh Phúc	02	Tỉnh Hà Giang	Huyện Bắc Quang	10
01216	Xã Đồng Yên	02	Tỉnh Hà Giang	Huyện Bắc Quang	10
01219	Xã Đông Thành	02	Tỉnh Hà Giang	Huyện Bắc Quang	10
01222	Xã Xuân Minh	02	Tỉnh Hà Giang	Huyện Quang Bình	10
01225	Xã Tiên Nguyên	02	Tỉnh Hà Giang	Huyện Quang Bình	10
01228	Xã Tân Nam	02	Tỉnh Hà Giang	Huyện Quang Bình	10
01231	Xã Bản Rịa	02	Tỉnh Hà Giang	Huyện Quang Bình	10
01234	Xã Yên Thành	02	Tỉnh Hà Giang	Huyện Quang Bình	10
01237	Thị trấn Yên Bình	02	Tỉnh Hà Giang	Huyện Quang Bình	9
01240	Xã Tân Trịnh	02	Tỉnh Hà Giang	Huyện Quang Bình	10
01243	Xã Tân Bắc	02	Tỉnh Hà Giang	Huyện Quang Bình	10
01246	Xã Bằng Lang	02	Tỉnh Hà Giang	Huyện Quang Bình	10
01249	Xã Yên Hà	02	Tỉnh Hà Giang	Huyện Quang Bình	10
01252	Xã Hương Sơn	02	Tỉnh Hà Giang	Huyện Quang Bình	10
01255	Xã Xuân Giang	02	Tỉnh Hà Giang	Huyện Quang Bình	10
01258	Xã Nà Khương	02	Tỉnh Hà Giang	Huyện Quang Bình	10
01261	Xã Tiên Yên	02	Tỉnh Hà Giang	Huyện Quang Bình	10
01264	Xã Vĩ Thượng	02	Tỉnh Hà Giang	Huyện Quang Bình	10
01267	Phường Sông Hiến	04	Tỉnh Cao Bằng	Thành phố Cao Bằng	8
01270	Phường Sông Bằng	04	Tỉnh Cao Bằng	Thành phố Cao Bằng	8
01273	Phường Hợp Giang	04	Tỉnh Cao Bằng	Thành phố Cao Bằng	8
01276	Phường Tân Giang	04	Tỉnh Cao Bằng	Thành phố Cao Bằng	8
01279	Phường Ngọc Xuân	04	Tỉnh Cao Bằng	Thành phố Cao Bằng	8
01282	Phường Đề Thám	04	Tỉnh Cao Bằng	Thành phố Cao Bằng	8
01285	Phường Hoà Chung	04	Tỉnh Cao Bằng	Thành phố Cao Bằng	8
01288	Phường Duyệt Trung	04	Tỉnh Cao Bằng	Thành phố Cao Bằng	8
01290	Thị trấn Pác Miầu	04	Tỉnh Cao Bằng	Huyện Bảo Lâm	9
01291	Xã Đức Hạnh	04	Tỉnh Cao Bằng	Huyện Bảo Lâm	10
01294	Xã Lý Bôn	04	Tỉnh Cao Bằng	Huyện Bảo Lâm	10
01296	Xã Nam Cao	04	Tỉnh Cao Bằng	Huyện Bảo Lâm	10
01297	Xã Nam Quang	04	Tỉnh Cao Bằng	Huyện Bảo Lâm	10
01300	Xã Vĩnh Quang	04	Tỉnh Cao Bằng	Huyện Bảo Lâm	10
01303	Xã Quảng Lâm	04	Tỉnh Cao Bằng	Huyện Bảo Lâm	10
01304	Xã Thạch Lâm	04	Tỉnh Cao Bằng	Huyện Bảo Lâm	10
01309	Xã Vĩnh Phong	04	Tỉnh Cao Bằng	Huyện Bảo Lâm	10
01312	Xã Mông Ân	04	Tỉnh Cao Bằng	Huyện Bảo Lâm	10
01315	Xã Thái Học	04	Tỉnh Cao Bằng	Huyện Bảo Lâm	10
01316	Xã Thái Sơn	04	Tỉnh Cao Bằng	Huyện Bảo Lâm	10
01318	Xã Yên Thổ	04	Tỉnh Cao Bằng	Huyện Bảo Lâm	10
01321	Thị trấn Bảo Lạc	04	Tỉnh Cao Bằng	Huyện Bảo Lạc	9
01324	Xã Cốc Pàng	04	Tỉnh Cao Bằng	Huyện Bảo Lạc	10
01327	Xã Thượng Hà	04	Tỉnh Cao Bằng	Huyện Bảo Lạc	10
01330	Xã Cô Ba	04	Tỉnh Cao Bằng	Huyện Bảo Lạc	10
01333	Xã Bảo Toàn	04	Tỉnh Cao Bằng	Huyện Bảo Lạc	10
01336	Xã Khánh Xuân	04	Tỉnh Cao Bằng	Huyện Bảo Lạc	10
01339	Xã Xuân Trường	04	Tỉnh Cao Bằng	Huyện Bảo Lạc	10
01342	Xã Hồng Trị	04	Tỉnh Cao Bằng	Huyện Bảo Lạc	10
01343	Xã Kim Cúc	04	Tỉnh Cao Bằng	Huyện Bảo Lạc	10
01345	Xã Phan Thanh	04	Tỉnh Cao Bằng	Huyện Bảo Lạc	10
01348	Xã Hồng An	04	Tỉnh Cao Bằng	Huyện Bảo Lạc	10
01351	Xã Hưng Đạo	04	Tỉnh Cao Bằng	Huyện Bảo Lạc	10
01352	Xã Hưng Thịnh	04	Tỉnh Cao Bằng	Huyện Bảo Lạc	10
01354	Xã Huy Giáp	04	Tỉnh Cao Bằng	Huyện Bảo Lạc	10
01357	Xã Đình Phùng	04	Tỉnh Cao Bằng	Huyện Bảo Lạc	10
01359	Xã Sơn Lập	04	Tỉnh Cao Bằng	Huyện Bảo Lạc	10
01360	Xã Sơn Lộ	04	Tỉnh Cao Bằng	Huyện Bảo Lạc	10
01363	Thị trấn Thông Nông	04	Tỉnh Cao Bằng	Huyện Hà Quảng	9
01366	Xã Cần Yên	04	Tỉnh Cao Bằng	Huyện Hà Quảng	10
01367	Xã Cần Nông	04	Tỉnh Cao Bằng	Huyện Hà Quảng	10
01372	Xã Lương Thông	04	Tỉnh Cao Bằng	Huyện Hà Quảng	10
01375	Xã Đa Thông	04	Tỉnh Cao Bằng	Huyện Hà Quảng	10
01378	Xã Ngọc Động	04	Tỉnh Cao Bằng	Huyện Hà Quảng	10
01381	Xã Yên Sơn	04	Tỉnh Cao Bằng	Huyện Hà Quảng	10
01384	Xã Lương Can	04	Tỉnh Cao Bằng	Huyện Hà Quảng	10
01387	Xã Thanh Long	04	Tỉnh Cao Bằng	Huyện Hà Quảng	10
01392	Thị trấn Xuân Hòa	04	Tỉnh Cao Bằng	Huyện Hà Quảng	9
01393	Xã Lũng Nặm	04	Tỉnh Cao Bằng	Huyện Hà Quảng	10
01399	Xã Trường Hà	04	Tỉnh Cao Bằng	Huyện Hà Quảng	10
01402	Xã Cải Viên	04	Tỉnh Cao Bằng	Huyện Hà Quảng	10
01411	Xã Nội Thôn	04	Tỉnh Cao Bằng	Huyện Hà Quảng	10
01414	Xã Tổng Cọt	04	Tỉnh Cao Bằng	Huyện Hà Quảng	10
01417	Xã Sóc Hà	04	Tỉnh Cao Bằng	Huyện Hà Quảng	10
01420	Xã Thượng Thôn	04	Tỉnh Cao Bằng	Huyện Hà Quảng	10
01429	Xã Hồng Sỹ	04	Tỉnh Cao Bằng	Huyện Hà Quảng	10
01432	Xã Quý Quân	04	Tỉnh Cao Bằng	Huyện Hà Quảng	10
01435	Xã Mã Ba	04	Tỉnh Cao Bằng	Huyện Hà Quảng	10
01438	Xã Ngọc Đào	04	Tỉnh Cao Bằng	Huyện Hà Quảng	10
01447	Thị trấn Trà Lĩnh	04	Tỉnh Cao Bằng	Huyện Trùng Khánh	9
01453	Xã Tri Phương	04	Tỉnh Cao Bằng	Huyện Trùng Khánh	10
01456	Xã Quang Hán	04	Tỉnh Cao Bằng	Huyện Trùng Khánh	10
01462	Xã Xuân Nội	04	Tỉnh Cao Bằng	Huyện Trùng Khánh	10
01465	Xã Quang Trung	04	Tỉnh Cao Bằng	Huyện Trùng Khánh	10
01468	Xã Quang Vinh	04	Tỉnh Cao Bằng	Huyện Trùng Khánh	10
01471	Xã Cao Chương	04	Tỉnh Cao Bằng	Huyện Trùng Khánh	10
01474	Xã Quốc Toản	04	Tỉnh Cao Bằng	Huyện Quảng Hòa	10
01477	Thị trấn Trùng Khánh	04	Tỉnh Cao Bằng	Huyện Trùng Khánh	9
01480	Xã Ngọc Khê	04	Tỉnh Cao Bằng	Huyện Trùng Khánh	10
01481	Xã Ngọc Côn	04	Tỉnh Cao Bằng	Huyện Trùng Khánh	10
01483	Xã Phong Nậm	04	Tỉnh Cao Bằng	Huyện Trùng Khánh	10
01489	Xã Đình Phong	04	Tỉnh Cao Bằng	Huyện Trùng Khánh	10
01495	Xã Đàm Thuỷ	04	Tỉnh Cao Bằng	Huyện Trùng Khánh	10
01498	Xã Khâm Thành	04	Tỉnh Cao Bằng	Huyện Trùng Khánh	10
01501	Xã Chí Viễn	04	Tỉnh Cao Bằng	Huyện Trùng Khánh	10
01504	Xã Lăng Hiếu	04	Tỉnh Cao Bằng	Huyện Trùng Khánh	10
01507	Xã Phong Châu	04	Tỉnh Cao Bằng	Huyện Trùng Khánh	10
01516	Xã Trung Phúc	04	Tỉnh Cao Bằng	Huyện Trùng Khánh	10
01519	Xã Cao Thăng	04	Tỉnh Cao Bằng	Huyện Trùng Khánh	10
01522	Xã Đức Hồng	04	Tỉnh Cao Bằng	Huyện Trùng Khánh	10
01525	Xã Đoài Dương	04	Tỉnh Cao Bằng	Huyện Trùng Khánh	10
01534	Xã Minh Long	04	Tỉnh Cao Bằng	Huyện Hạ Lang	10
01537	Xã Lý Quốc	04	Tỉnh Cao Bằng	Huyện Hạ Lang	10
01540	Xã Thắng Lợi	04	Tỉnh Cao Bằng	Huyện Hạ Lang	10
01543	Xã Đồng Loan	04	Tỉnh Cao Bằng	Huyện Hạ Lang	10
01546	Xã Đức Quang	04	Tỉnh Cao Bằng	Huyện Hạ Lang	10
01549	Xã Kim Loan	04	Tỉnh Cao Bằng	Huyện Hạ Lang	10
01552	Xã Quang Long	04	Tỉnh Cao Bằng	Huyện Hạ Lang	10
01555	Xã An Lạc	04	Tỉnh Cao Bằng	Huyện Hạ Lang	10
01558	Thị trấn Thanh Nhật	04	Tỉnh Cao Bằng	Huyện Hạ Lang	9
01561	Xã Vinh Quý	04	Tỉnh Cao Bằng	Huyện Hạ Lang	10
01564	Xã Thống Nhất	04	Tỉnh Cao Bằng	Huyện Hạ Lang	10
01567	Xã Cô Ngân	04	Tỉnh Cao Bằng	Huyện Hạ Lang	10
01573	Xã Thị Hoa	04	Tỉnh Cao Bằng	Huyện Hạ Lang	10
01576	Thị trấn Quảng Uyên	04	Tỉnh Cao Bằng	Huyện Quảng Hòa	9
01579	Xã Phi Hải	04	Tỉnh Cao Bằng	Huyện Quảng Hòa	10
01582	Xã Quảng Hưng	04	Tỉnh Cao Bằng	Huyện Quảng Hòa	10
01594	Xã Độc Lập	04	Tỉnh Cao Bằng	Huyện Quảng Hòa	10
01597	Xã Cai Bộ	04	Tỉnh Cao Bằng	Huyện Quảng Hòa	10
01603	Xã Phúc Sen	04	Tỉnh Cao Bằng	Huyện Quảng Hòa	10
01606	Xã Chí Thảo	04	Tỉnh Cao Bằng	Huyện Quảng Hòa	10
01609	Xã Tự Do	04	Tỉnh Cao Bằng	Huyện Quảng Hòa	10
01615	Xã Hồng Quang	04	Tỉnh Cao Bằng	Huyện Quảng Hòa	10
01618	Xã Ngọc Động	04	Tỉnh Cao Bằng	Huyện Quảng Hòa	10
01624	Xã Hạnh Phúc	04	Tỉnh Cao Bằng	Huyện Quảng Hòa	10
01627	Thị trấn Tà Lùng	04	Tỉnh Cao Bằng	Huyện Quảng Hòa	9
01630	Xã Bế Văn Đàn	04	Tỉnh Cao Bằng	Huyện Quảng Hòa	10
01636	Xã Cách Linh	04	Tỉnh Cao Bằng	Huyện Quảng Hòa	10
01639	Xã Đại Sơn	04	Tỉnh Cao Bằng	Huyện Quảng Hòa	10
01645	Xã Tiên Thành	04	Tỉnh Cao Bằng	Huyện Quảng Hòa	10
01648	Thị trấn Hoà Thuận	04	Tỉnh Cao Bằng	Huyện Quảng Hòa	9
01651	Xã Mỹ Hưng	04	Tỉnh Cao Bằng	Huyện Quảng Hòa	10
01654	Thị trấn Nước Hai	04	Tỉnh Cao Bằng	Huyện Hoà An	9
01657	Xã Dân Chủ	04	Tỉnh Cao Bằng	Huyện Hoà An	10
01660	Xã Nam Tuấn	04	Tỉnh Cao Bằng	Huyện Hoà An	10
01666	Xã Đại Tiến	04	Tỉnh Cao Bằng	Huyện Hoà An	10
01669	Xã Đức Long	04	Tỉnh Cao Bằng	Huyện Hoà An	10
01672	Xã Ngũ Lão	04	Tỉnh Cao Bằng	Huyện Hoà An	10
01675	Xã Trương Lương	04	Tỉnh Cao Bằng	Huyện Hoà An	10
01687	Xã Hồng Việt	04	Tỉnh Cao Bằng	Huyện Hoà An	10
01693	Xã Vĩnh Quang	04	Tỉnh Cao Bằng	Thành phố Cao Bằng	10
01696	Xã Hoàng Tung	04	Tỉnh Cao Bằng	Huyện Hoà An	10
01699	Xã Nguyễn Huệ	04	Tỉnh Cao Bằng	Huyện Hoà An	10
01702	Xã Quang Trung	04	Tỉnh Cao Bằng	Huyện Hoà An	10
01705	Xã Hưng Đạo	04	Tỉnh Cao Bằng	Thành phố Cao Bằng	10
01708	Xã Bạch Đằng	04	Tỉnh Cao Bằng	Huyện Hoà An	10
01711	Xã Bình Dương	04	Tỉnh Cao Bằng	Huyện Hoà An	10
01714	Xã Lê Chung	04	Tỉnh Cao Bằng	Huyện Hoà An	10
01720	Xã Chu Trinh	04	Tỉnh Cao Bằng	Thành phố Cao Bằng	10
01723	Xã Hồng Nam	04	Tỉnh Cao Bằng	Huyện Hoà An	10
01726	Thị trấn Nguyên Bình	04	Tỉnh Cao Bằng	Huyện Nguyên Bình	9
01729	Thị trấn Tĩnh Túc	04	Tỉnh Cao Bằng	Huyện Nguyên Bình	9
01732	Xã Yên Lạc	04	Tỉnh Cao Bằng	Huyện Nguyên Bình	10
01735	Xã Triệu Nguyên	04	Tỉnh Cao Bằng	Huyện Nguyên Bình	10
01738	Xã Ca Thành	04	Tỉnh Cao Bằng	Huyện Nguyên Bình	10
01744	Xã Vũ Nông	04	Tỉnh Cao Bằng	Huyện Nguyên Bình	10
01747	Xã Minh Tâm	04	Tỉnh Cao Bằng	Huyện Nguyên Bình	10
01750	Xã Thể Dục	04	Tỉnh Cao Bằng	Huyện Nguyên Bình	10
01756	Xã Mai Long	04	Tỉnh Cao Bằng	Huyện Nguyên Bình	10
01762	Xã Vũ Minh	04	Tỉnh Cao Bằng	Huyện Nguyên Bình	10
01765	Xã Hoa Thám	04	Tỉnh Cao Bằng	Huyện Nguyên Bình	10
01768	Xã Phan Thanh	04	Tỉnh Cao Bằng	Huyện Nguyên Bình	10
01771	Xã Quang Thành	04	Tỉnh Cao Bằng	Huyện Nguyên Bình	10
01774	Xã Tam Kim	04	Tỉnh Cao Bằng	Huyện Nguyên Bình	10
01777	Xã Thành Công	04	Tỉnh Cao Bằng	Huyện Nguyên Bình	10
01780	Xã Thịnh Vượng	04	Tỉnh Cao Bằng	Huyện Nguyên Bình	10
01783	Xã Hưng Đạo	04	Tỉnh Cao Bằng	Huyện Nguyên Bình	10
01786	Thị trấn Đông Khê	04	Tỉnh Cao Bằng	Huyện Thạch An	9
01789	Xã Canh Tân	04	Tỉnh Cao Bằng	Huyện Thạch An	10
01792	Xã Kim Đồng	04	Tỉnh Cao Bằng	Huyện Thạch An	10
01795	Xã Minh Khai	04	Tỉnh Cao Bằng	Huyện Thạch An	10
01801	Xã Đức Thông	04	Tỉnh Cao Bằng	Huyện Thạch An	10
01804	Xã Thái Cường	04	Tỉnh Cao Bằng	Huyện Thạch An	10
01807	Xã Vân Trình	04	Tỉnh Cao Bằng	Huyện Thạch An	10
01810	Xã Thụy Hùng	04	Tỉnh Cao Bằng	Huyện Thạch An	10
01813	Xã Quang Trọng	04	Tỉnh Cao Bằng	Huyện Thạch An	10
01816	Xã Trọng Con	04	Tỉnh Cao Bằng	Huyện Thạch An	10
01819	Xã Lê Lai	04	Tỉnh Cao Bằng	Huyện Thạch An	10
01822	Xã Đức Long	04	Tỉnh Cao Bằng	Huyện Thạch An	10
01828	Xã Lê Lợi	04	Tỉnh Cao Bằng	Huyện Thạch An	10
01831	Xã Đức Xuân	04	Tỉnh Cao Bằng	Huyện Thạch An	10
01834	Phường Nguyễn Thị Minh Khai	06	Tỉnh Bắc Kạn	Thành phố Bắc Kạn	8
01837	Phường Sông Cầu	06	Tỉnh Bắc Kạn	Thành phố Bắc Kạn	8
01840	Phường Đức Xuân	06	Tỉnh Bắc Kạn	Thành phố Bắc Kạn	8
01843	Phường Phùng Chí Kiên	06	Tỉnh Bắc Kạn	Thành phố Bắc Kạn	8
01846	Phường Huyền Tụng	06	Tỉnh Bắc Kạn	Thành phố Bắc Kạn	8
01849	Xã Dương Quang	06	Tỉnh Bắc Kạn	Thành phố Bắc Kạn	10
01852	Xã Nông Thượng	06	Tỉnh Bắc Kạn	Thành phố Bắc Kạn	10
01855	Phường Xuất Hóa	06	Tỉnh Bắc Kạn	Thành phố Bắc Kạn	8
01858	Xã Bằng Thành	06	Tỉnh Bắc Kạn	Huyện Pác Nặm	10
01861	Xã Nhạn Môn	06	Tỉnh Bắc Kạn	Huyện Pác Nặm	10
01864	Xã Bộc Bố	06	Tỉnh Bắc Kạn	Huyện Pác Nặm	10
01867	Xã Công Bằng	06	Tỉnh Bắc Kạn	Huyện Pác Nặm	10
01870	Xã Giáo Hiệu	06	Tỉnh Bắc Kạn	Huyện Pác Nặm	10
01873	Xã Xuân La	06	Tỉnh Bắc Kạn	Huyện Pác Nặm	10
01876	Xã An Thắng	06	Tỉnh Bắc Kạn	Huyện Pác Nặm	10
01879	Xã Cổ Linh	06	Tỉnh Bắc Kạn	Huyện Pác Nặm	10
01882	Xã Nghiên Loan	06	Tỉnh Bắc Kạn	Huyện Pác Nặm	10
01885	Xã Cao Tân	06	Tỉnh Bắc Kạn	Huyện Pác Nặm	10
01888	Thị trấn Chợ Rã	06	Tỉnh Bắc Kạn	Huyện Ba Bể	9
01891	Xã Bành Trạch	06	Tỉnh Bắc Kạn	Huyện Ba Bể	10
01894	Xã Phúc Lộc	06	Tỉnh Bắc Kạn	Huyện Ba Bể	10
01897	Xã Hà Hiệu	06	Tỉnh Bắc Kạn	Huyện Ba Bể	10
01900	Xã Cao Thượng	06	Tỉnh Bắc Kạn	Huyện Ba Bể	10
01906	Xã Khang Ninh	06	Tỉnh Bắc Kạn	Huyện Ba Bể	10
01909	Xã Nam Mẫu	06	Tỉnh Bắc Kạn	Huyện Ba Bể	10
01912	Xã Thượng Giáo	06	Tỉnh Bắc Kạn	Huyện Ba Bể	10
01915	Xã Địa Linh	06	Tỉnh Bắc Kạn	Huyện Ba Bể	10
01918	Xã Yến Dương	06	Tỉnh Bắc Kạn	Huyện Ba Bể	10
01921	Xã Chu Hương	06	Tỉnh Bắc Kạn	Huyện Ba Bể	10
01924	Xã Quảng Khê	06	Tỉnh Bắc Kạn	Huyện Ba Bể	10
01927	Xã Mỹ Phương	06	Tỉnh Bắc Kạn	Huyện Ba Bể	10
01930	Xã Hoàng Trĩ	06	Tỉnh Bắc Kạn	Huyện Ba Bể	10
01933	Xã Đồng Phúc	06	Tỉnh Bắc Kạn	Huyện Ba Bể	10
01936	Thị trấn Nà Phặc	06	Tỉnh Bắc Kạn	Huyện Ngân Sơn	9
01939	Xã Thượng Ân	06	Tỉnh Bắc Kạn	Huyện Ngân Sơn	10
01942	Xã Bằng Vân	06	Tỉnh Bắc Kạn	Huyện Ngân Sơn	10
01945	Xã Cốc Đán	06	Tỉnh Bắc Kạn	Huyện Ngân Sơn	10
01948	Xã Trung Hoà	06	Tỉnh Bắc Kạn	Huyện Ngân Sơn	10
01951	Xã Đức Vân	06	Tỉnh Bắc Kạn	Huyện Ngân Sơn	10
01954	Thị trấn Vân Tùng	06	Tỉnh Bắc Kạn	Huyện Ngân Sơn	9
01957	Xã Thượng Quan	06	Tỉnh Bắc Kạn	Huyện Ngân Sơn	10
01960	Xã Hiệp Lực	06	Tỉnh Bắc Kạn	Huyện Ngân Sơn	10
01963	Xã Thuần Mang	06	Tỉnh Bắc Kạn	Huyện Ngân Sơn	10
01969	Thị trấn Phủ Thông	06	Tỉnh Bắc Kạn	Huyện Bạch Thông	9
01975	Xã Vi Hương	06	Tỉnh Bắc Kạn	Huyện Bạch Thông	10
01978	Xã Sĩ Bình	06	Tỉnh Bắc Kạn	Huyện Bạch Thông	10
01981	Xã Vũ Muộn	06	Tỉnh Bắc Kạn	Huyện Bạch Thông	10
01984	Xã Đôn Phong	06	Tỉnh Bắc Kạn	Huyện Bạch Thông	10
01990	Xã Lục Bình	06	Tỉnh Bắc Kạn	Huyện Bạch Thông	10
01993	Xã Tân Tú	06	Tỉnh Bắc Kạn	Huyện Bạch Thông	10
01999	Xã Nguyên Phúc	06	Tỉnh Bắc Kạn	Huyện Bạch Thông	10
02002	Xã Cao Sơn	06	Tỉnh Bắc Kạn	Huyện Bạch Thông	10
02005	Xã Quân Hà	06	Tỉnh Bắc Kạn	Huyện Bạch Thông	10
02008	Xã Cẩm Giàng	06	Tỉnh Bắc Kạn	Huyện Bạch Thông	10
02011	Xã Mỹ Thanh	06	Tỉnh Bắc Kạn	Huyện Bạch Thông	10
02014	Xã Dương Phong	06	Tỉnh Bắc Kạn	Huyện Bạch Thông	10
02017	Xã Quang Thuận	06	Tỉnh Bắc Kạn	Huyện Bạch Thông	10
02020	Thị trấn Bằng Lũng	06	Tỉnh Bắc Kạn	Huyện Chợ Đồn	9
02023	Xã Xuân Lạc	06	Tỉnh Bắc Kạn	Huyện Chợ Đồn	10
02026	Xã Nam Cường	06	Tỉnh Bắc Kạn	Huyện Chợ Đồn	10
02029	Xã Đồng Lạc	06	Tỉnh Bắc Kạn	Huyện Chợ Đồn	10
02032	Xã Tân Lập	06	Tỉnh Bắc Kạn	Huyện Chợ Đồn	10
02035	Xã Bản Thi	06	Tỉnh Bắc Kạn	Huyện Chợ Đồn	10
02038	Xã Quảng Bạch	06	Tỉnh Bắc Kạn	Huyện Chợ Đồn	10
02041	Xã Bằng Phúc	06	Tỉnh Bắc Kạn	Huyện Chợ Đồn	10
02044	Xã Yên Thịnh	06	Tỉnh Bắc Kạn	Huyện Chợ Đồn	10
02047	Xã Yên Thượng	06	Tỉnh Bắc Kạn	Huyện Chợ Đồn	10
02050	Xã Phương Viên	06	Tỉnh Bắc Kạn	Huyện Chợ Đồn	10
02053	Xã Ngọc Phái	06	Tỉnh Bắc Kạn	Huyện Chợ Đồn	10
02059	Xã Đồng Thắng	06	Tỉnh Bắc Kạn	Huyện Chợ Đồn	10
02062	Xã Lương Bằng	06	Tỉnh Bắc Kạn	Huyện Chợ Đồn	10
02065	Xã Bằng Lãng	06	Tỉnh Bắc Kạn	Huyện Chợ Đồn	10
02068	Xã Đại Sảo	06	Tỉnh Bắc Kạn	Huyện Chợ Đồn	10
02071	Xã Nghĩa Tá	06	Tỉnh Bắc Kạn	Huyện Chợ Đồn	10
02077	Xã Yên Mỹ	06	Tỉnh Bắc Kạn	Huyện Chợ Đồn	10
02080	Xã Bình Trung	06	Tỉnh Bắc Kạn	Huyện Chợ Đồn	10
02083	Xã Yên Phong	06	Tỉnh Bắc Kạn	Huyện Chợ Đồn	10
02086	Thị trấn Đồng Tâm	06	Tỉnh Bắc Kạn	Huyện Chợ Mới	9
02089	Xã Tân Sơn	06	Tỉnh Bắc Kạn	Huyện Chợ Mới	10
02092	Xã Thanh Vận	06	Tỉnh Bắc Kạn	Huyện Chợ Mới	10
02095	Xã Mai Lạp	06	Tỉnh Bắc Kạn	Huyện Chợ Mới	10
02098	Xã Hoà Mục	06	Tỉnh Bắc Kạn	Huyện Chợ Mới	10
02101	Xã Thanh Mai	06	Tỉnh Bắc Kạn	Huyện Chợ Mới	10
02104	Xã Cao Kỳ	06	Tỉnh Bắc Kạn	Huyện Chợ Mới	10
02107	Xã Nông Hạ	06	Tỉnh Bắc Kạn	Huyện Chợ Mới	10
02110	Xã Yên Cư	06	Tỉnh Bắc Kạn	Huyện Chợ Mới	10
02113	Xã Thanh Thịnh	06	Tỉnh Bắc Kạn	Huyện Chợ Mới	10
02116	Xã Yên Hân	06	Tỉnh Bắc Kạn	Huyện Chợ Mới	10
02122	Xã Như Cố	06	Tỉnh Bắc Kạn	Huyện Chợ Mới	10
02125	Xã Bình Văn	06	Tỉnh Bắc Kạn	Huyện Chợ Mới	10
02131	Xã Quảng Chu	06	Tỉnh Bắc Kạn	Huyện Chợ Mới	10
02137	Xã Văn Vũ	06	Tỉnh Bắc Kạn	Huyện Na Rì	10
02140	Xã Văn Lang	06	Tỉnh Bắc Kạn	Huyện Na Rì	10
02143	Xã Lương Thượng	06	Tỉnh Bắc Kạn	Huyện Na Rì	10
02146	Xã Kim Hỷ	06	Tỉnh Bắc Kạn	Huyện Na Rì	10
02152	Xã Cường Lợi	06	Tỉnh Bắc Kạn	Huyện Na Rì	10
02155	Thị trấn Yến Lạc	06	Tỉnh Bắc Kạn	Huyện Na Rì	9
02158	Xã Kim Lư	06	Tỉnh Bắc Kạn	Huyện Na Rì	10
02161	Xã Sơn Thành	06	Tỉnh Bắc Kạn	Huyện Na Rì	10
02170	Xã Văn Minh	06	Tỉnh Bắc Kạn	Huyện Na Rì	10
02173	Xã Côn Minh	06	Tỉnh Bắc Kạn	Huyện Na Rì	10
02176	Xã Cư Lễ	06	Tỉnh Bắc Kạn	Huyện Na Rì	10
02179	Xã Trần Phú	06	Tỉnh Bắc Kạn	Huyện Na Rì	10
02185	Xã Quang Phong	06	Tỉnh Bắc Kạn	Huyện Na Rì	10
02188	Xã Dương Sơn	06	Tỉnh Bắc Kạn	Huyện Na Rì	10
02191	Xã Xuân Dương	06	Tỉnh Bắc Kạn	Huyện Na Rì	10
02194	Xã Đổng Xá	06	Tỉnh Bắc Kạn	Huyện Na Rì	10
02197	Xã Liêm Thuỷ	06	Tỉnh Bắc Kạn	Huyện Na Rì	10
02200	Phường Phan Thiết	08	Tỉnh Tuyên Quang	Thành phố Tuyên Quang	8
02203	Phường Minh Xuân	08	Tỉnh Tuyên Quang	Thành phố Tuyên Quang	8
02206	Phường Tân Quang	08	Tỉnh Tuyên Quang	Thành phố Tuyên Quang	8
02209	Xã Tràng Đà	08	Tỉnh Tuyên Quang	Thành phố Tuyên Quang	10
02212	Phường Nông Tiến	08	Tỉnh Tuyên Quang	Thành phố Tuyên Quang	8
02215	Phường Ỷ La	08	Tỉnh Tuyên Quang	Thành phố Tuyên Quang	8
02216	Phường Tân Hà	08	Tỉnh Tuyên Quang	Thành phố Tuyên Quang	8
02218	Phường Hưng Thành	08	Tỉnh Tuyên Quang	Thành phố Tuyên Quang	8
02221	Thị trấn Na Hang	08	Tỉnh Tuyên Quang	Huyện Na Hang	9
02227	Xã Sinh Long	08	Tỉnh Tuyên Quang	Huyện Na Hang	10
02230	Xã Thượng Giáp	08	Tỉnh Tuyên Quang	Huyện Na Hang	10
02233	Xã Phúc Yên	08	Tỉnh Tuyên Quang	Huyện Lâm Bình	10
02239	Xã Thượng Nông	08	Tỉnh Tuyên Quang	Huyện Na Hang	10
02242	Xã Xuân Lập	08	Tỉnh Tuyên Quang	Huyện Lâm Bình	10
02245	Xã Côn Lôn	08	Tỉnh Tuyên Quang	Huyện Na Hang	10
02248	Xã Yên Hoa	08	Tỉnh Tuyên Quang	Huyện Na Hang	10
02251	Xã Khuôn Hà	08	Tỉnh Tuyên Quang	Huyện Lâm Bình	10
02254	Xã Hồng Thái	08	Tỉnh Tuyên Quang	Huyện Na Hang	10
02260	Xã Đà Vị	08	Tỉnh Tuyên Quang	Huyện Na Hang	10
02263	Xã Khau Tinh	08	Tỉnh Tuyên Quang	Huyện Na Hang	10
02266	Thị trấn Lăng Can	08	Tỉnh Tuyên Quang	Huyện Lâm Bình	9
02269	Xã Thượng Lâm	08	Tỉnh Tuyên Quang	Huyện Lâm Bình	10
02275	Xã Sơn Phú	08	Tỉnh Tuyên Quang	Huyện Na Hang	10
02281	Xã Năng Khả	08	Tỉnh Tuyên Quang	Huyện Na Hang	10
02284	Xã Thanh Tương	08	Tỉnh Tuyên Quang	Huyện Na Hang	10
02287	Thị trấn Vĩnh Lộc	08	Tỉnh Tuyên Quang	Huyện Chiêm Hóa	9
02290	Xã Bình An	08	Tỉnh Tuyên Quang	Huyện Lâm Bình	10
02293	Xã Hồng Quang	08	Tỉnh Tuyên Quang	Huyện Lâm Bình	10
02296	Xã Thổ Bình	08	Tỉnh Tuyên Quang	Huyện Lâm Bình	10
02299	Xã Phúc Sơn	08	Tỉnh Tuyên Quang	Huyện Lâm Bình	10
02302	Xã Minh Quang	08	Tỉnh Tuyên Quang	Huyện Lâm Bình	10
02305	Xã Trung Hà	08	Tỉnh Tuyên Quang	Huyện Chiêm Hóa	10
02308	Xã Tân Mỹ	08	Tỉnh Tuyên Quang	Huyện Chiêm Hóa	10
02311	Xã Hà Lang	08	Tỉnh Tuyên Quang	Huyện Chiêm Hóa	10
02314	Xã Hùng Mỹ	08	Tỉnh Tuyên Quang	Huyện Chiêm Hóa	10
02317	Xã Yên Lập	08	Tỉnh Tuyên Quang	Huyện Chiêm Hóa	10
02320	Xã Tân An	08	Tỉnh Tuyên Quang	Huyện Chiêm Hóa	10
02323	Xã Bình Phú	08	Tỉnh Tuyên Quang	Huyện Chiêm Hóa	10
02326	Xã Xuân Quang	08	Tỉnh Tuyên Quang	Huyện Chiêm Hóa	10
02329	Xã Ngọc Hội	08	Tỉnh Tuyên Quang	Huyện Chiêm Hóa	10
02332	Xã Phú Bình	08	Tỉnh Tuyên Quang	Huyện Chiêm Hóa	10
02335	Xã Hòa Phú	08	Tỉnh Tuyên Quang	Huyện Chiêm Hóa	10
02338	Xã Phúc Thịnh	08	Tỉnh Tuyên Quang	Huyện Chiêm Hóa	10
02341	Xã Kiên Đài	08	Tỉnh Tuyên Quang	Huyện Chiêm Hóa	10
02344	Xã Tân Thịnh	08	Tỉnh Tuyên Quang	Huyện Chiêm Hóa	10
02347	Xã Trung Hòa	08	Tỉnh Tuyên Quang	Huyện Chiêm Hóa	10
02350	Xã Kim Bình	08	Tỉnh Tuyên Quang	Huyện Chiêm Hóa	10
02353	Xã Hòa An	08	Tỉnh Tuyên Quang	Huyện Chiêm Hóa	10
02356	Xã Vinh Quang	08	Tỉnh Tuyên Quang	Huyện Chiêm Hóa	10
02359	Xã Tri Phú	08	Tỉnh Tuyên Quang	Huyện Chiêm Hóa	10
02362	Xã Nhân Lý	08	Tỉnh Tuyên Quang	Huyện Chiêm Hóa	10
02365	Xã Yên Nguyên	08	Tỉnh Tuyên Quang	Huyện Chiêm Hóa	10
02368	Xã Linh Phú	08	Tỉnh Tuyên Quang	Huyện Chiêm Hóa	10
02371	Xã Bình Nhân	08	Tỉnh Tuyên Quang	Huyện Chiêm Hóa	10
02374	Thị trấn Tân Yên	08	Tỉnh Tuyên Quang	Huyện Hàm Yên	9
02377	Xã Yên Thuận	08	Tỉnh Tuyên Quang	Huyện Hàm Yên	10
02380	Xã Bạch Xa	08	Tỉnh Tuyên Quang	Huyện Hàm Yên	10
02383	Xã Minh Khương	08	Tỉnh Tuyên Quang	Huyện Hàm Yên	10
02386	Xã Yên Lâm	08	Tỉnh Tuyên Quang	Huyện Hàm Yên	10
02389	Xã Minh Dân	08	Tỉnh Tuyên Quang	Huyện Hàm Yên	10
02392	Xã Phù Lưu	08	Tỉnh Tuyên Quang	Huyện Hàm Yên	10
02395	Xã Minh Hương	08	Tỉnh Tuyên Quang	Huyện Hàm Yên	10
02398	Xã Yên Phú	08	Tỉnh Tuyên Quang	Huyện Hàm Yên	10
02401	Xã Tân Thành	08	Tỉnh Tuyên Quang	Huyện Hàm Yên	10
02404	Xã Bình Xa	08	Tỉnh Tuyên Quang	Huyện Hàm Yên	10
02407	Xã Thái Sơn	08	Tỉnh Tuyên Quang	Huyện Hàm Yên	10
02410	Xã Nhân Mục	08	Tỉnh Tuyên Quang	Huyện Hàm Yên	10
02413	Xã Thành Long	08	Tỉnh Tuyên Quang	Huyện Hàm Yên	10
02416	Xã Bằng Cốc	08	Tỉnh Tuyên Quang	Huyện Hàm Yên	10
02419	Xã Thái Hòa	08	Tỉnh Tuyên Quang	Huyện Hàm Yên	10
02422	Xã Đức Ninh	08	Tỉnh Tuyên Quang	Huyện Hàm Yên	10
02425	Xã Hùng Đức	08	Tỉnh Tuyên Quang	Huyện Hàm Yên	10
02431	Xã Quí Quân	08	Tỉnh Tuyên Quang	Huyện Yên Sơn	10
02434	Xã Lực Hành	08	Tỉnh Tuyên Quang	Huyện Yên Sơn	10
02437	Xã Kiến Thiết	08	Tỉnh Tuyên Quang	Huyện Yên Sơn	10
02440	Xã Trung Minh	08	Tỉnh Tuyên Quang	Huyện Yên Sơn	10
02443	Xã Chiêu Yên	08	Tỉnh Tuyên Quang	Huyện Yên Sơn	10
02446	Xã Trung Trực	08	Tỉnh Tuyên Quang	Huyện Yên Sơn	10
02449	Xã Xuân Vân	08	Tỉnh Tuyên Quang	Huyện Yên Sơn	10
02452	Xã Phúc Ninh	08	Tỉnh Tuyên Quang	Huyện Yên Sơn	10
02455	Xã Hùng Lợi	08	Tỉnh Tuyên Quang	Huyện Yên Sơn	10
02458	Xã Trung Sơn	08	Tỉnh Tuyên Quang	Huyện Yên Sơn	10
02461	Xã Tân Tiến	08	Tỉnh Tuyên Quang	Huyện Yên Sơn	10
02464	Xã Tứ Quận	08	Tỉnh Tuyên Quang	Huyện Yên Sơn	10
02467	Xã Đạo Viện	08	Tỉnh Tuyên Quang	Huyện Yên Sơn	10
02470	Xã Tân Long	08	Tỉnh Tuyên Quang	Huyện Yên Sơn	10
02473	Thị trấn Yên Sơn	08	Tỉnh Tuyên Quang	Huyện Yên Sơn	9
02476	Xã Kim Quan	08	Tỉnh Tuyên Quang	Huyện Yên Sơn	10
02479	Xã Lang Quán	08	Tỉnh Tuyên Quang	Huyện Yên Sơn	10
02482	Xã Phú Thịnh	08	Tỉnh Tuyên Quang	Huyện Yên Sơn	10
02485	Xã Công Đa	08	Tỉnh Tuyên Quang	Huyện Yên Sơn	10
02488	Xã Trung Môn	08	Tỉnh Tuyên Quang	Huyện Yên Sơn	10
02491	Xã Chân Sơn	08	Tỉnh Tuyên Quang	Huyện Yên Sơn	10
02494	Xã Thái Bình	08	Tỉnh Tuyên Quang	Huyện Yên Sơn	10
02497	Xã Kim Phú	08	Tỉnh Tuyên Quang	Thành phố Tuyên Quang	10
02500	Xã Tiến Bộ	08	Tỉnh Tuyên Quang	Huyện Yên Sơn	10
02503	Xã An Khang	08	Tỉnh Tuyên Quang	Thành phố Tuyên Quang	10
02506	Xã Mỹ Bằng	08	Tỉnh Tuyên Quang	Huyện Yên Sơn	10
02509	Phường Mỹ Lâm	08	Tỉnh Tuyên Quang	Thành phố Tuyên Quang	8
02512	Phường An Tường	08	Tỉnh Tuyên Quang	Thành phố Tuyên Quang	8
02515	Xã Lưỡng Vượng	08	Tỉnh Tuyên Quang	Thành phố Tuyên Quang	10
02518	Xã Hoàng Khai	08	Tỉnh Tuyên Quang	Huyện Yên Sơn	10
02521	Xã Thái Long	08	Tỉnh Tuyên Quang	Thành phố Tuyên Quang	10
02524	Phường Đội Cấn	08	Tỉnh Tuyên Quang	Thành phố Tuyên Quang	8
02527	Xã Nhữ Hán	08	Tỉnh Tuyên Quang	Huyện Yên Sơn	10
02530	Xã Nhữ Khê	08	Tỉnh Tuyên Quang	Huyện Yên Sơn	10
02533	Xã Đội Bình	08	Tỉnh Tuyên Quang	Huyện Yên Sơn	10
02536	Thị trấn Sơn Dương	08	Tỉnh Tuyên Quang	Huyện Sơn Dương	9
02539	Xã Trung Yên	08	Tỉnh Tuyên Quang	Huyện Sơn Dương	10
02542	Xã Minh Thanh	08	Tỉnh Tuyên Quang	Huyện Sơn Dương	10
02545	Xã Tân Trào	08	Tỉnh Tuyên Quang	Huyện Sơn Dương	10
02548	Xã Vĩnh Lợi	08	Tỉnh Tuyên Quang	Huyện Sơn Dương	10
02551	Xã Thượng Ấm	08	Tỉnh Tuyên Quang	Huyện Sơn Dương	10
02554	Xã Bình Yên	08	Tỉnh Tuyên Quang	Huyện Sơn Dương	10
02557	Xã Lương Thiện	08	Tỉnh Tuyên Quang	Huyện Sơn Dương	10
02560	Xã Tú Thịnh	08	Tỉnh Tuyên Quang	Huyện Sơn Dương	10
02563	Xã Cấp Tiến	08	Tỉnh Tuyên Quang	Huyện Sơn Dương	10
02566	Xã Hợp Thành	08	Tỉnh Tuyên Quang	Huyện Sơn Dương	10
02569	Xã Phúc Ứng	08	Tỉnh Tuyên Quang	Huyện Sơn Dương	10
02572	Xã Đông Thọ	08	Tỉnh Tuyên Quang	Huyện Sơn Dương	10
02575	Xã Kháng Nhật	08	Tỉnh Tuyên Quang	Huyện Sơn Dương	10
02578	Xã Hợp Hòa	08	Tỉnh Tuyên Quang	Huyện Sơn Dương	10
02584	Xã Quyết Thắng	08	Tỉnh Tuyên Quang	Huyện Sơn Dương	10
02587	Xã Đồng Quý	08	Tỉnh Tuyên Quang	Huyện Sơn Dương	10
02590	Xã Tân Thanh	08	Tỉnh Tuyên Quang	Huyện Sơn Dương	10
02593	Xã Vân Sơn	08	Tỉnh Tuyên Quang	Huyện Sơn Dương	10
02596	Xã Văn Phú	08	Tỉnh Tuyên Quang	Huyện Sơn Dương	10
02599	Xã Chi Thiết	08	Tỉnh Tuyên Quang	Huyện Sơn Dương	10
02602	Xã Đông Lợi	08	Tỉnh Tuyên Quang	Huyện Sơn Dương	10
02605	Xã Thiện Kế	08	Tỉnh Tuyên Quang	Huyện Sơn Dương	10
02608	Xã Hồng Lạc	08	Tỉnh Tuyên Quang	Huyện Sơn Dương	10
02611	Xã Phú Lương	08	Tỉnh Tuyên Quang	Huyện Sơn Dương	10
02614	Xã Ninh Lai	08	Tỉnh Tuyên Quang	Huyện Sơn Dương	10
02617	Xã Đại Phú	08	Tỉnh Tuyên Quang	Huyện Sơn Dương	10
02620	Xã Sơn Nam	08	Tỉnh Tuyên Quang	Huyện Sơn Dương	10
02623	Xã Hào Phú	08	Tỉnh Tuyên Quang	Huyện Sơn Dương	10
02626	Xã Tam Đa	08	Tỉnh Tuyên Quang	Huyện Sơn Dương	10
02632	Xã Trường Sinh	08	Tỉnh Tuyên Quang	Huyện Sơn Dương	10
02635	Phường Duyên Hải	10	Tỉnh Lào Cai	Thành phố Lào Cai	8
02641	Phường Lào Cai	10	Tỉnh Lào Cai	Thành phố Lào Cai	8
02644	Phường Cốc Lếu	10	Tỉnh Lào Cai	Thành phố Lào Cai	8
02647	Phường Kim Tân	10	Tỉnh Lào Cai	Thành phố Lào Cai	8
02650	Phường Bắc Lệnh	10	Tỉnh Lào Cai	Thành phố Lào Cai	8
02653	Phường Pom Hán	10	Tỉnh Lào Cai	Thành phố Lào Cai	8
02656	Phường Xuân Tăng	10	Tỉnh Lào Cai	Thành phố Lào Cai	8
02658	Phường Bình Minh	10	Tỉnh Lào Cai	Thành phố Lào Cai	8
02659	Xã Thống Nhất	10	Tỉnh Lào Cai	Thành phố Lào Cai	10
02662	Xã Đồng Tuyển	10	Tỉnh Lào Cai	Thành phố Lào Cai	10
02665	Xã Vạn Hoà	10	Tỉnh Lào Cai	Thành phố Lào Cai	10
02668	Phường Bắc Cường	10	Tỉnh Lào Cai	Thành phố Lào Cai	8
02671	Phường Nam Cường	10	Tỉnh Lào Cai	Thành phố Lào Cai	8
02674	Xã Cam Đường	10	Tỉnh Lào Cai	Thành phố Lào Cai	10
02677	Xã Tả Phời	10	Tỉnh Lào Cai	Thành phố Lào Cai	10
02680	Xã Hợp Thành	10	Tỉnh Lào Cai	Thành phố Lào Cai	10
02683	Thị trấn Bát Xát	10	Tỉnh Lào Cai	Huyện Bát Xát	9
02686	Xã A Mú Sung	10	Tỉnh Lào Cai	Huyện Bát Xát	10
02689	Xã Nậm Chạc	10	Tỉnh Lào Cai	Huyện Bát Xát	10
02692	Xã A Lù	10	Tỉnh Lào Cai	Huyện Bát Xát	10
02695	Xã Trịnh Tường	10	Tỉnh Lào Cai	Huyện Bát Xát	10
02701	Xã Y Tý	10	Tỉnh Lào Cai	Huyện Bát Xát	10
02704	Xã Cốc Mỳ	10	Tỉnh Lào Cai	Huyện Bát Xát	10
02707	Xã Dền Sáng	10	Tỉnh Lào Cai	Huyện Bát Xát	10
02710	Xã Bản Vược	10	Tỉnh Lào Cai	Huyện Bát Xát	10
02713	Xã Sàng Ma Sáo	10	Tỉnh Lào Cai	Huyện Bát Xát	10
02716	Xã Bản Qua	10	Tỉnh Lào Cai	Huyện Bát Xát	10
02719	Xã Mường Vi	10	Tỉnh Lào Cai	Huyện Bát Xát	10
02722	Xã Dền Thàng	10	Tỉnh Lào Cai	Huyện Bát Xát	10
02725	Xã Bản Xèo	10	Tỉnh Lào Cai	Huyện Bát Xát	10
02728	Xã Mường Hum	10	Tỉnh Lào Cai	Huyện Bát Xát	10
02731	Xã Trung Lèng Hồ	10	Tỉnh Lào Cai	Huyện Bát Xát	10
02734	Xã Quang Kim	10	Tỉnh Lào Cai	Huyện Bát Xát	10
02737	Xã Pa Cheo	10	Tỉnh Lào Cai	Huyện Bát Xát	10
02740	Xã Nậm Pung	10	Tỉnh Lào Cai	Huyện Bát Xát	10
02743	Xã Phìn Ngan	10	Tỉnh Lào Cai	Huyện Bát Xát	10
02746	Xã Cốc San	10	Tỉnh Lào Cai	Thành phố Lào Cai	10
02749	Xã Tòng Sành	10	Tỉnh Lào Cai	Huyện Bát Xát	10
02752	Xã Pha Long	10	Tỉnh Lào Cai	Huyện Mường Khương	10
02755	Xã Tả Ngải Chồ	10	Tỉnh Lào Cai	Huyện Mường Khương	10
02758	Xã Tung Chung Phố	10	Tỉnh Lào Cai	Huyện Mường Khương	10
02761	Thị trấn Mường Khương	10	Tỉnh Lào Cai	Huyện Mường Khương	9
02764	Xã Dìn Chin	10	Tỉnh Lào Cai	Huyện Mường Khương	10
02767	Xã Tả Gia Khâu	10	Tỉnh Lào Cai	Huyện Mường Khương	10
02770	Xã Nậm Chảy	10	Tỉnh Lào Cai	Huyện Mường Khương	10
02773	Xã Nấm Lư	10	Tỉnh Lào Cai	Huyện Mường Khương	10
02776	Xã Lùng Khấu Nhin	10	Tỉnh Lào Cai	Huyện Mường Khương	10
02779	Xã Thanh Bình	10	Tỉnh Lào Cai	Huyện Mường Khương	10
02782	Xã Cao Sơn	10	Tỉnh Lào Cai	Huyện Mường Khương	10
02785	Xã Lùng Vai	10	Tỉnh Lào Cai	Huyện Mường Khương	10
02788	Xã Bản Lầu	10	Tỉnh Lào Cai	Huyện Mường Khương	10
02791	Xã La Pan Tẩn	10	Tỉnh Lào Cai	Huyện Mường Khương	10
02794	Xã Tả Thàng	10	Tỉnh Lào Cai	Huyện Mường Khương	10
02797	Xã Bản Sen	10	Tỉnh Lào Cai	Huyện Mường Khương	10
02800	Xã Nàn Sán	10	Tỉnh Lào Cai	Huyện Si Ma Cai	10
02803	Xã Thào Chư Phìn	10	Tỉnh Lào Cai	Huyện Si Ma Cai	10
02806	Xã Bản Mế	10	Tỉnh Lào Cai	Huyện Si Ma Cai	10
02809	Thị trấn Si Ma Cai	10	Tỉnh Lào Cai	Huyện Si Ma Cai	9
02812	Xã Sán Chải	10	Tỉnh Lào Cai	Huyện Si Ma Cai	10
02818	Xã Lùng Thẩn	10	Tỉnh Lào Cai	Huyện Si Ma Cai	10
02821	Xã Cán Cấu	10	Tỉnh Lào Cai	Huyện Si Ma Cai	10
02824	Xã Sín Chéng	10	Tỉnh Lào Cai	Huyện Si Ma Cai	10
02827	Xã Quan Hồ Thẩn	10	Tỉnh Lào Cai	Huyện Si Ma Cai	10
02836	Xã Nàn Xín	10	Tỉnh Lào Cai	Huyện Si Ma Cai	10
02839	Thị trấn Bắc Hà	10	Tỉnh Lào Cai	Huyện Bắc Hà	9
02842	Xã Lùng Cải	10	Tỉnh Lào Cai	Huyện Bắc Hà	10
02848	Xã Lùng Phình	10	Tỉnh Lào Cai	Huyện Bắc Hà	10
02851	Xã Tả Van Chư	10	Tỉnh Lào Cai	Huyện Bắc Hà	10
02854	Xã Tả Củ Tỷ	10	Tỉnh Lào Cai	Huyện Bắc Hà	10
02857	Xã Thải Giàng Phố	10	Tỉnh Lào Cai	Huyện Bắc Hà	10
02863	Xã Hoàng Thu Phố	10	Tỉnh Lào Cai	Huyện Bắc Hà	10
02866	Xã Bản Phố	10	Tỉnh Lào Cai	Huyện Bắc Hà	10
02869	Xã Bản Liền	10	Tỉnh Lào Cai	Huyện Bắc Hà	10
02872	Xã Tà Chải	10	Tỉnh Lào Cai	Huyện Bắc Hà	10
02875	Xã Na Hối	10	Tỉnh Lào Cai	Huyện Bắc Hà	10
02878	Xã Cốc Ly	10	Tỉnh Lào Cai	Huyện Bắc Hà	10
02881	Xã Nậm Mòn	10	Tỉnh Lào Cai	Huyện Bắc Hà	10
02884	Xã Nậm Đét	10	Tỉnh Lào Cai	Huyện Bắc Hà	10
02887	Xã Nậm Khánh	10	Tỉnh Lào Cai	Huyện Bắc Hà	10
02890	Xã Bảo Nhai	10	Tỉnh Lào Cai	Huyện Bắc Hà	10
02893	Xã Nậm Lúc	10	Tỉnh Lào Cai	Huyện Bắc Hà	10
02896	Xã Cốc Lầu	10	Tỉnh Lào Cai	Huyện Bắc Hà	10
02899	Xã Bản Cái	10	Tỉnh Lào Cai	Huyện Bắc Hà	10
02902	Thị trấn N.T Phong Hải	10	Tỉnh Lào Cai	Huyện Bảo Thắng	9
02905	Thị trấn Phố Lu	10	Tỉnh Lào Cai	Huyện Bảo Thắng	9
02908	Thị trấn Tằng Loỏng	10	Tỉnh Lào Cai	Huyện Bảo Thắng	9
02911	Xã Bản Phiệt	10	Tỉnh Lào Cai	Huyện Bảo Thắng	10
02914	Xã Bản Cầm	10	Tỉnh Lào Cai	Huyện Bảo Thắng	10
02917	Xã Thái Niên	10	Tỉnh Lào Cai	Huyện Bảo Thắng	10
02920	Xã Phong Niên	10	Tỉnh Lào Cai	Huyện Bảo Thắng	10
02923	Xã Gia Phú	10	Tỉnh Lào Cai	Huyện Bảo Thắng	10
02926	Xã Xuân Quang	10	Tỉnh Lào Cai	Huyện Bảo Thắng	10
02929	Xã Sơn Hải	10	Tỉnh Lào Cai	Huyện Bảo Thắng	10
02932	Xã Xuân Giao	10	Tỉnh Lào Cai	Huyện Bảo Thắng	10
02935	Xã Trì Quang	10	Tỉnh Lào Cai	Huyện Bảo Thắng	10
02938	Xã Sơn Hà	10	Tỉnh Lào Cai	Huyện Bảo Thắng	10
02944	Xã Phú Nhuận	10	Tỉnh Lào Cai	Huyện Bảo Thắng	10
02947	Thị trấn Phố Ràng	10	Tỉnh Lào Cai	Huyện Bảo Yên	9
02950	Xã Tân Tiến	10	Tỉnh Lào Cai	Huyện Bảo Yên	10
02953	Xã Nghĩa Đô	10	Tỉnh Lào Cai	Huyện Bảo Yên	10
02956	Xã Vĩnh Yên	10	Tỉnh Lào Cai	Huyện Bảo Yên	10
02959	Xã Điện Quan	10	Tỉnh Lào Cai	Huyện Bảo Yên	10
02962	Xã Xuân Hoà	10	Tỉnh Lào Cai	Huyện Bảo Yên	10
02965	Xã Tân Dương	10	Tỉnh Lào Cai	Huyện Bảo Yên	10
02968	Xã Thượng Hà	10	Tỉnh Lào Cai	Huyện Bảo Yên	10
02971	Xã Kim Sơn	10	Tỉnh Lào Cai	Huyện Bảo Yên	10
02974	Xã Cam Cọn	10	Tỉnh Lào Cai	Huyện Bảo Yên	10
02977	Xã Minh Tân	10	Tỉnh Lào Cai	Huyện Bảo Yên	10
02980	Xã Xuân Thượng	10	Tỉnh Lào Cai	Huyện Bảo Yên	10
02983	Xã Việt Tiến	10	Tỉnh Lào Cai	Huyện Bảo Yên	10
02986	Xã Yên Sơn	10	Tỉnh Lào Cai	Huyện Bảo Yên	10
02989	Xã Bảo Hà	10	Tỉnh Lào Cai	Huyện Bảo Yên	10
02992	Xã Lương Sơn	10	Tỉnh Lào Cai	Huyện Bảo Yên	10
02998	Xã Phúc Khánh	10	Tỉnh Lào Cai	Huyện Bảo Yên	10
03001	Phường Sa Pa	10	Tỉnh Lào Cai	Thị xã Sa Pa	8
03002	Phường Sa Pả	10	Tỉnh Lào Cai	Thị xã Sa Pa	8
03003	Phường Ô Quý Hồ	10	Tỉnh Lào Cai	Thị xã Sa Pa	8
03004	Xã Ngũ Chỉ Sơn	10	Tỉnh Lào Cai	Thị xã Sa Pa	10
03006	Phường Phan Si Păng	10	Tỉnh Lào Cai	Thị xã Sa Pa	8
03010	Xã Trung Chải	10	Tỉnh Lào Cai	Thị xã Sa Pa	10
03013	Xã Tả Phìn	10	Tỉnh Lào Cai	Thị xã Sa Pa	10
03016	Phường Hàm Rồng	10	Tỉnh Lào Cai	Thị xã Sa Pa	8
03019	Xã Hoàng Liên	10	Tỉnh Lào Cai	Thị xã Sa Pa	10
03022	Xã Thanh Bình	10	Tỉnh Lào Cai	Thị xã Sa Pa	10
03028	Phường Cầu Mây	10	Tỉnh Lào Cai	Thị xã Sa Pa	8
03037	Xã Mường Hoa	10	Tỉnh Lào Cai	Thị xã Sa Pa	10
03040	Xã Tả Van	10	Tỉnh Lào Cai	Thị xã Sa Pa	10
03043	Xã Mường Bo	10	Tỉnh Lào Cai	Thị xã Sa Pa	10
03046	Xã Bản Hồ	10	Tỉnh Lào Cai	Thị xã Sa Pa	10
03052	Xã Liên Minh	10	Tỉnh Lào Cai	Thị xã Sa Pa	10
03055	Thị trấn Khánh Yên	10	Tỉnh Lào Cai	Huyện Văn Bàn	9
03061	Xã Võ Lao	10	Tỉnh Lào Cai	Huyện Văn Bàn	10
03064	Xã Sơn Thuỷ	10	Tỉnh Lào Cai	Huyện Văn Bàn	10
03067	Xã Nậm Mả	10	Tỉnh Lào Cai	Huyện Văn Bàn	10
03070	Xã Tân Thượng	10	Tỉnh Lào Cai	Huyện Văn Bàn	10
03073	Xã Nậm Rạng	10	Tỉnh Lào Cai	Huyện Văn Bàn	10
03076	Xã Nậm Chầy	10	Tỉnh Lào Cai	Huyện Văn Bàn	10
03079	Xã Tân An	10	Tỉnh Lào Cai	Huyện Văn Bàn	10
03082	Xã Khánh Yên Thượng	10	Tỉnh Lào Cai	Huyện Văn Bàn	10
03085	Xã Nậm Xé	10	Tỉnh Lào Cai	Huyện Văn Bàn	10
03088	Xã Dần Thàng	10	Tỉnh Lào Cai	Huyện Văn Bàn	10
03091	Xã Chiềng Ken	10	Tỉnh Lào Cai	Huyện Văn Bàn	10
03094	Xã Làng Giàng	10	Tỉnh Lào Cai	Huyện Văn Bàn	10
03097	Xã Hoà Mạc	10	Tỉnh Lào Cai	Huyện Văn Bàn	10
03100	Xã Khánh Yên Trung	10	Tỉnh Lào Cai	Huyện Văn Bàn	10
03103	Xã Khánh Yên Hạ	10	Tỉnh Lào Cai	Huyện Văn Bàn	10
03106	Xã Dương Quỳ	10	Tỉnh Lào Cai	Huyện Văn Bàn	10
03109	Xã Nậm Tha	10	Tỉnh Lào Cai	Huyện Văn Bàn	10
03112	Xã Minh Lương	10	Tỉnh Lào Cai	Huyện Văn Bàn	10
03115	Xã Thẩm Dương	10	Tỉnh Lào Cai	Huyện Văn Bàn	10
03118	Xã Liêm Phú	10	Tỉnh Lào Cai	Huyện Văn Bàn	10
03121	Xã Nậm Xây	10	Tỉnh Lào Cai	Huyện Văn Bàn	10
03124	Phường Noong Bua	11	Tỉnh Điện Biên	Thành phố Điện Biên Phủ	8
03127	Phường Him Lam	11	Tỉnh Điện Biên	Thành phố Điện Biên Phủ	8
03130	Phường Thanh Bình	11	Tỉnh Điện Biên	Thành phố Điện Biên Phủ	8
03133	Phường Tân Thanh	11	Tỉnh Điện Biên	Thành phố Điện Biên Phủ	8
03136	Phường Mường Thanh	11	Tỉnh Điện Biên	Thành phố Điện Biên Phủ	8
03139	Phường Nam Thanh	11	Tỉnh Điện Biên	Thành phố Điện Biên Phủ	8
03142	Phường Thanh Trường	11	Tỉnh Điện Biên	Thành phố Điện Biên Phủ	8
03145	Xã Thanh Minh	11	Tỉnh Điện Biên	Thành phố Điện Biên Phủ	10
03148	Phường Sông Đà	11	Tỉnh Điện Biên	Thị xã Mường Lay	8
03151	Phường Na Lay	11	Tỉnh Điện Biên	Thị xã Mường Lay	8
03154	Xã Sín Thầu	11	Tỉnh Điện Biên	Huyện Mường Nhé	10
03155	Xã Sen Thượng	11	Tỉnh Điện Biên	Huyện Mường Nhé	10
03156	Xã Nậm Tin	11	Tỉnh Điện Biên	Huyện Nậm Pồ	10
03157	Xã Chung Chải	11	Tỉnh Điện Biên	Huyện Mường Nhé	10
03158	Xã Leng Su Sìn	11	Tỉnh Điện Biên	Huyện Mường Nhé	10
03159	Xã Pá Mỳ	11	Tỉnh Điện Biên	Huyện Mường Nhé	10
03160	Xã Mường Nhé	11	Tỉnh Điện Biên	Huyện Mường Nhé	10
03161	Xã Nậm Vì	11	Tỉnh Điện Biên	Huyện Mường Nhé	10
03162	Xã Nậm Kè	11	Tỉnh Điện Biên	Huyện Mường Nhé	10
03163	Xã Mường Toong	11	Tỉnh Điện Biên	Huyện Mường Nhé	10
03164	Xã Quảng Lâm	11	Tỉnh Điện Biên	Huyện Mường Nhé	10
03165	Xã Pa Tần	11	Tỉnh Điện Biên	Huyện Nậm Pồ	10
03166	Xã Chà Cang	11	Tỉnh Điện Biên	Huyện Nậm Pồ	10
03167	Xã Na Cô Sa	11	Tỉnh Điện Biên	Huyện Nậm Pồ	10
03168	Xã Nà Khoa	11	Tỉnh Điện Biên	Huyện Nậm Pồ	10
03169	Xã Nà Hỳ	11	Tỉnh Điện Biên	Huyện Nậm Pồ	10
03170	Xã Nà Bủng	11	Tỉnh Điện Biên	Huyện Nậm Pồ	10
03171	Xã Nậm Nhừ	11	Tỉnh Điện Biên	Huyện Nậm Pồ	10
03172	Thị trấn Mường Chà	11	Tỉnh Điện Biên	Huyện Mường Chà	9
03173	Xã Nậm Chua	11	Tỉnh Điện Biên	Huyện Nậm Pồ	10
03174	Xã Nậm Khăn	11	Tỉnh Điện Biên	Huyện Nậm Pồ	10
03175	Xã Chà Tở	11	Tỉnh Điện Biên	Huyện Nậm Pồ	10
03176	Xã Vàng Đán	11	Tỉnh Điện Biên	Huyện Nậm Pồ	10
03177	Xã Huổi Lếnh	11	Tỉnh Điện Biên	Huyện Mường Nhé	10
03178	Xã Xá Tổng	11	Tỉnh Điện Biên	Huyện Mường Chà	10
03181	Xã Mường Tùng	11	Tỉnh Điện Biên	Huyện Mường Chà	10
03184	Xã Lay Nưa	11	Tỉnh Điện Biên	Thị xã Mường Lay	10
03187	Xã Chà Nưa	11	Tỉnh Điện Biên	Huyện Nậm Pồ	10
03190	Xã Hừa Ngài	11	Tỉnh Điện Biên	Huyện Mường Chà	10
03191	Xã Huổi Mí	11	Tỉnh Điện Biên	Huyện Mường Chà	10
03193	Xã Pa Ham	11	Tỉnh Điện Biên	Huyện Mường Chà	10
03194	Xã Nậm Nèn	11	Tỉnh Điện Biên	Huyện Mường Chà	10
03196	Xã Huổi Lèng	11	Tỉnh Điện Biên	Huyện Mường Chà	10
03197	Xã Sa Lông	11	Tỉnh Điện Biên	Huyện Mường Chà	10
03198	Xã Phìn Hồ	11	Tỉnh Điện Biên	Huyện Nậm Pồ	10
03199	Xã Si Pa Phìn	11	Tỉnh Điện Biên	Huyện Nậm Pồ	10
03200	Xã Ma Thì Hồ	11	Tỉnh Điện Biên	Huyện Mường Chà	10
03201	Xã Na Sang	11	Tỉnh Điện Biên	Huyện Mường Chà	10
03202	Xã Mường Mươn	11	Tỉnh Điện Biên	Huyện Mường Chà	10
03203	Thị trấn Điện Biên Đông	11	Tỉnh Điện Biên	Huyện Điện Biên Đông	9
03205	Xã Na Son	11	Tỉnh Điện Biên	Huyện Điện Biên Đông	10
03208	Xã Phì Nhừ	11	Tỉnh Điện Biên	Huyện Điện Biên Đông	10
03211	Xã Chiềng Sơ	11	Tỉnh Điện Biên	Huyện Điện Biên Đông	10
03214	Xã Mường Luân	11	Tỉnh Điện Biên	Huyện Điện Biên Đông	10
03217	Thị trấn Tủa Chùa	11	Tỉnh Điện Biên	Huyện Tủa Chùa	9
03220	Xã Huổi Só	11	Tỉnh Điện Biên	Huyện Tủa Chùa	10
03223	Xã Xín Chải	11	Tỉnh Điện Biên	Huyện Tủa Chùa	10
03226	Xã Tả Sìn Thàng	11	Tỉnh Điện Biên	Huyện Tủa Chùa	10
03229	Xã Lao Xả Phình	11	Tỉnh Điện Biên	Huyện Tủa Chùa	10
03232	Xã Tả Phìn	11	Tỉnh Điện Biên	Huyện Tủa Chùa	10
03235	Xã Tủa Thàng	11	Tỉnh Điện Biên	Huyện Tủa Chùa	10
03238	Xã Trung Thu	11	Tỉnh Điện Biên	Huyện Tủa Chùa	10
03241	Xã Sính Phình	11	Tỉnh Điện Biên	Huyện Tủa Chùa	10
03244	Xã Sáng Nhè	11	Tỉnh Điện Biên	Huyện Tủa Chùa	10
03247	Xã Mường Đun	11	Tỉnh Điện Biên	Huyện Tủa Chùa	10
03250	Xã Mường Báng	11	Tỉnh Điện Biên	Huyện Tủa Chùa	10
03253	Thị trấn Tuần Giáo	11	Tỉnh Điện Biên	Huyện Tuần Giáo	9
03256	Thị trấn Mường Ảng	11	Tỉnh Điện Biên	Huyện Mường Ảng	9
03259	Xã Phình Sáng	11	Tỉnh Điện Biên	Huyện Tuần Giáo	10
03260	Xã Rạng Đông	11	Tỉnh Điện Biên	Huyện Tuần Giáo	10
03262	Xã Mùn Chung	11	Tỉnh Điện Biên	Huyện Tuần Giáo	10
03263	Xã Nà Tòng	11	Tỉnh Điện Biên	Huyện Tuần Giáo	10
03265	Xã Ta Ma	11	Tỉnh Điện Biên	Huyện Tuần Giáo	10
03268	Xã Mường Mùn	11	Tỉnh Điện Biên	Huyện Tuần Giáo	10
03269	Xã Pú Xi	11	Tỉnh Điện Biên	Huyện Tuần Giáo	10
03271	Xã Pú Nhung	11	Tỉnh Điện Biên	Huyện Tuần Giáo	10
03274	Xã Quài Nưa	11	Tỉnh Điện Biên	Huyện Tuần Giáo	10
03277	Xã Mường Thín	11	Tỉnh Điện Biên	Huyện Tuần Giáo	10
03280	Xã Tỏa Tình	11	Tỉnh Điện Biên	Huyện Tuần Giáo	10
03283	Xã Nà Sáy	11	Tỉnh Điện Biên	Huyện Tuần Giáo	10
03284	Xã Mường Khong	11	Tỉnh Điện Biên	Huyện Tuần Giáo	10
03286	Xã Mường Đăng	11	Tỉnh Điện Biên	Huyện Mường Ảng	10
03287	Xã Ngối Cáy	11	Tỉnh Điện Biên	Huyện Mường Ảng	10
03289	Xã Quài Cang	11	Tỉnh Điện Biên	Huyện Tuần Giáo	10
03292	Xã Ẳng Tở	11	Tỉnh Điện Biên	Huyện Mường Ảng	10
03295	Xã Quài Tở	11	Tỉnh Điện Biên	Huyện Tuần Giáo	10
03298	Xã Chiềng Sinh	11	Tỉnh Điện Biên	Huyện Tuần Giáo	10
03299	Xã Chiềng Đông	11	Tỉnh Điện Biên	Huyện Tuần Giáo	10
03301	Xã Búng Lao	11	Tỉnh Điện Biên	Huyện Mường Ảng	10
03302	Xã Xuân Lao	11	Tỉnh Điện Biên	Huyện Mường Ảng	10
03304	Xã Tênh Phông	11	Tỉnh Điện Biên	Huyện Tuần Giáo	10
03307	Xã Ẳng Nưa	11	Tỉnh Điện Biên	Huyện Mường Ảng	10
03310	Xã Ẳng Cang	11	Tỉnh Điện Biên	Huyện Mường Ảng	10
03312	Xã Nặm Lịch	11	Tỉnh Điện Biên	Huyện Mường Ảng	10
03313	Xã Mường Lạn	11	Tỉnh Điện Biên	Huyện Mường Ảng	10
03316	Xã Nà Tấu	11	Tỉnh Điện Biên	Thành phố Điện Biên Phủ	10
03317	Xã Nà Nhạn	11	Tỉnh Điện Biên	Thành phố Điện Biên Phủ	10
03319	Xã Mường Pồn	11	Tỉnh Điện Biên	Huyện Điện Biên	10
03322	Xã Thanh Nưa	11	Tỉnh Điện Biên	Huyện Điện Biên	10
03323	Xã Hua Thanh	11	Tỉnh Điện Biên	Huyện Điện Biên	10
03325	Xã Mường Phăng	11	Tỉnh Điện Biên	Thành phố Điện Biên Phủ	10
03326	Xã Pá Khoang	11	Tỉnh Điện Biên	Thành phố Điện Biên Phủ	10
03328	Xã Thanh Luông	11	Tỉnh Điện Biên	Huyện Điện Biên	10
03331	Xã Thanh Hưng	11	Tỉnh Điện Biên	Huyện Điện Biên	10
03334	Xã Thanh Xương	11	Tỉnh Điện Biên	Huyện Điện Biên	10
03337	Xã Thanh Chăn	11	Tỉnh Điện Biên	Huyện Điện Biên	10
03340	Xã Pa Thơm	11	Tỉnh Điện Biên	Huyện Điện Biên	10
03343	Xã Thanh An	11	Tỉnh Điện Biên	Huyện Điện Biên	10
03346	Xã Thanh Yên	11	Tỉnh Điện Biên	Huyện Điện Biên	10
03349	Xã Noong Luống	11	Tỉnh Điện Biên	Huyện Điện Biên	10
03352	Xã Noọng Hẹt	11	Tỉnh Điện Biên	Huyện Điện Biên	10
03355	Xã Sam Mứn	11	Tỉnh Điện Biên	Huyện Điện Biên	10
03356	Xã Pom Lót	11	Tỉnh Điện Biên	Huyện Điện Biên	10
03358	Xã Núa Ngam	11	Tỉnh Điện Biên	Huyện Điện Biên	10
03359	Xã Hẹ Muông	11	Tỉnh Điện Biên	Huyện Điện Biên	10
03361	Xã Na Ư	11	Tỉnh Điện Biên	Huyện Điện Biên	10
03364	Xã Mường Nhà	11	Tỉnh Điện Biên	Huyện Điện Biên	10
03365	Xã Na Tông	11	Tỉnh Điện Biên	Huyện Điện Biên	10
03367	Xã Mường Lói	11	Tỉnh Điện Biên	Huyện Điện Biên	10
03368	Xã Phu Luông	11	Tỉnh Điện Biên	Huyện Điện Biên	10
03370	Xã Pú Nhi	11	Tỉnh Điện Biên	Huyện Điện Biên Đông	10
03371	Xã Nong U	11	Tỉnh Điện Biên	Huyện Điện Biên Đông	10
03373	Xã Xa Dung	11	Tỉnh Điện Biên	Huyện Điện Biên Đông	10
03376	Xã Keo Lôm	11	Tỉnh Điện Biên	Huyện Điện Biên Đông	10
03379	Xã Luân Giới	11	Tỉnh Điện Biên	Huyện Điện Biên Đông	10
03382	Xã Phình Giàng	11	Tỉnh Điện Biên	Huyện Điện Biên Đông	10
03383	Xã Pú Hồng	11	Tỉnh Điện Biên	Huyện Điện Biên Đông	10
03384	Xã Tìa Dình	11	Tỉnh Điện Biên	Huyện Điện Biên Đông	10
03385	Xã Háng Lìa	11	Tỉnh Điện Biên	Huyện Điện Biên Đông	10
03386	Phường Quyết Thắng	12	Tỉnh Lai Châu	Thành phố Lai Châu	8
03387	Phường Tân Phong	12	Tỉnh Lai Châu	Thành phố Lai Châu	8
03388	Phường Quyết Tiến	12	Tỉnh Lai Châu	Thành phố Lai Châu	8
03389	Phường Đoàn Kết	12	Tỉnh Lai Châu	Thành phố Lai Châu	8
03390	Thị trấn Tam Đường	12	Tỉnh Lai Châu	Huyện Tam Đường	9
03391	Xã Lả Nhì Thàng	12	Tỉnh Lai Châu	Huyện Phong Thổ	10
03394	Xã Thèn Sin	12	Tỉnh Lai Châu	Huyện Tam Đường	10
03400	Xã Tả Lèng	12	Tỉnh Lai Châu	Huyện Tam Đường	10
03403	Xã Sùng Phài	12	Tỉnh Lai Châu	Thành phố Lai Châu	10
03405	Xã Giang Ma	12	Tỉnh Lai Châu	Huyện Tam Đường	10
03406	Xã Hồ Thầu	12	Tỉnh Lai Châu	Huyện Tam Đường	10
03408	Phường Đông Phong	12	Tỉnh Lai Châu	Thành phố Lai Châu	8
03409	Xã San Thàng	12	Tỉnh Lai Châu	Thành phố Lai Châu	10
03412	Xã Bình Lư	12	Tỉnh Lai Châu	Huyện Tam Đường	10
03413	Xã Sơn Bình	12	Tỉnh Lai Châu	Huyện Tam Đường	10
03415	Xã Nùng Nàng	12	Tỉnh Lai Châu	Huyện Tam Đường	10
03418	Xã Bản Giang	12	Tỉnh Lai Châu	Huyện Tam Đường	10
03421	Xã Bản Hon	12	Tỉnh Lai Châu	Huyện Tam Đường	10
03424	Xã Bản Bo	12	Tỉnh Lai Châu	Huyện Tam Đường	10
03427	Xã Nà Tăm	12	Tỉnh Lai Châu	Huyện Tam Đường	10
03430	Xã Khun Há	12	Tỉnh Lai Châu	Huyện Tam Đường	10
03433	Thị trấn Mường Tè	12	Tỉnh Lai Châu	Huyện Mường Tè	9
03434	Thị trấn Nậm Nhùn	12	Tỉnh Lai Châu	Huyện Nậm Nhùn	9
03436	Xã Thu Lũm	12	Tỉnh Lai Châu	Huyện Mường Tè	10
03439	Xã Ka Lăng	12	Tỉnh Lai Châu	Huyện Mường Tè	10
03440	Xã Tá Bạ	12	Tỉnh Lai Châu	Huyện Mường Tè	10
03442	Xã Pa ủ	12	Tỉnh Lai Châu	Huyện Mường Tè	10
03445	Xã Mường Tè	12	Tỉnh Lai Châu	Huyện Mường Tè	10
03448	Xã Pa Vệ Sử	12	Tỉnh Lai Châu	Huyện Mường Tè	10
03451	Xã Mù Cả	12	Tỉnh Lai Châu	Huyện Mường Tè	10
03454	Xã Bum Tở	12	Tỉnh Lai Châu	Huyện Mường Tè	10
03457	Xã Nậm Khao	12	Tỉnh Lai Châu	Huyện Mường Tè	10
03460	Xã Hua Bun	12	Tỉnh Lai Châu	Huyện Nậm Nhùn	10
03463	Xã Tà Tổng	12	Tỉnh Lai Châu	Huyện Mường Tè	10
03466	Xã Bum Nưa	12	Tỉnh Lai Châu	Huyện Mường Tè	10
03467	Xã Vàng San	12	Tỉnh Lai Châu	Huyện Mường Tè	10
03469	Xã Kan Hồ	12	Tỉnh Lai Châu	Huyện Mường Tè	10
03472	Xã Mường Mô	12	Tỉnh Lai Châu	Huyện Nậm Nhùn	10
03473	Xã Nậm Chà	12	Tỉnh Lai Châu	Huyện Nậm Nhùn	10
03474	Xã Nậm Manh	12	Tỉnh Lai Châu	Huyện Nậm Nhùn	10
03475	Xã Nậm Hàng	12	Tỉnh Lai Châu	Huyện Nậm Nhùn	10
03478	Thị trấn Sìn Hồ	12	Tỉnh Lai Châu	Huyện Sìn Hồ	9
03481	Xã Lê Lợi	12	Tỉnh Lai Châu	Huyện Nậm Nhùn	10
03484	Xã Pú Đao	12	Tỉnh Lai Châu	Huyện Nậm Nhùn	10
03487	Xã Chăn Nưa	12	Tỉnh Lai Châu	Huyện Sìn Hồ	10
03488	Xã Nậm Pì	12	Tỉnh Lai Châu	Huyện Nậm Nhùn	10
03490	Xã Huổi Luông	12	Tỉnh Lai Châu	Huyện Phong Thổ	10
03493	Xã Pa Tần	12	Tỉnh Lai Châu	Huyện Sìn Hồ	10
03496	Xã Phìn Hồ	12	Tỉnh Lai Châu	Huyện Sìn Hồ	10
03499	Xã Hồng Thu	12	Tỉnh Lai Châu	Huyện Sìn Hồ	10
03502	Xã Nậm Ban	12	Tỉnh Lai Châu	Huyện Nậm Nhùn	10
03503	Xã Trung Chải	12	Tỉnh Lai Châu	Huyện Nậm Nhùn	10
03505	Xã Phăng Sô Lin	12	Tỉnh Lai Châu	Huyện Sìn Hồ	10
03508	Xã Ma Quai	12	Tỉnh Lai Châu	Huyện Sìn Hồ	10
03509	Xã Lùng Thàng	12	Tỉnh Lai Châu	Huyện Sìn Hồ	10
03511	Xã Tả Phìn	12	Tỉnh Lai Châu	Huyện Sìn Hồ	10
03514	Xã Sà Dề Phìn	12	Tỉnh Lai Châu	Huyện Sìn Hồ	10
03517	Xã Nậm Tăm	12	Tỉnh Lai Châu	Huyện Sìn Hồ	10
03520	Xã Tả Ngảo	12	Tỉnh Lai Châu	Huyện Sìn Hồ	10
03523	Xã Pu Sam Cáp	12	Tỉnh Lai Châu	Huyện Sìn Hồ	10
03526	Xã Nậm Cha	12	Tỉnh Lai Châu	Huyện Sìn Hồ	10
03527	Xã Pa Khoá	12	Tỉnh Lai Châu	Huyện Sìn Hồ	10
03529	Xã Làng Mô	12	Tỉnh Lai Châu	Huyện Sìn Hồ	10
03532	Xã Noong Hẻo	12	Tỉnh Lai Châu	Huyện Sìn Hồ	10
03535	Xã Nậm Mạ	12	Tỉnh Lai Châu	Huyện Sìn Hồ	10
03538	Xã Căn Co	12	Tỉnh Lai Châu	Huyện Sìn Hồ	10
03541	Xã Tủa Sín Chải	12	Tỉnh Lai Châu	Huyện Sìn Hồ	10
03544	Xã Nậm Cuổi	12	Tỉnh Lai Châu	Huyện Sìn Hồ	10
03547	Xã Nậm Hăn	12	Tỉnh Lai Châu	Huyện Sìn Hồ	10
03549	Thị trấn Phong Thổ	12	Tỉnh Lai Châu	Huyện Phong Thổ	9
03550	Xã Sì Lở Lầu	12	Tỉnh Lai Châu	Huyện Phong Thổ	10
03553	Xã Mồ Sì San	12	Tỉnh Lai Châu	Huyện Phong Thổ	10
03559	Xã Pa Vây Sử	12	Tỉnh Lai Châu	Huyện Phong Thổ	10
03562	Xã Vàng Ma Chải	12	Tỉnh Lai Châu	Huyện Phong Thổ	10
03565	Xã Tông Qua Lìn	12	Tỉnh Lai Châu	Huyện Phong Thổ	10
03568	Xã Mù Sang	12	Tỉnh Lai Châu	Huyện Phong Thổ	10
03571	Xã Dào San	12	Tỉnh Lai Châu	Huyện Phong Thổ	10
03574	Xã Ma Ly Pho	12	Tỉnh Lai Châu	Huyện Phong Thổ	10
03577	Xã Bản Lang	12	Tỉnh Lai Châu	Huyện Phong Thổ	10
03580	Xã Hoang Thèn	12	Tỉnh Lai Châu	Huyện Phong Thổ	10
03583	Xã Khổng Lào	12	Tỉnh Lai Châu	Huyện Phong Thổ	10
03586	Xã Nậm Xe	12	Tỉnh Lai Châu	Huyện Phong Thổ	10
03589	Xã Mường So	12	Tỉnh Lai Châu	Huyện Phong Thổ	10
03592	Xã Sin Suối Hồ	12	Tỉnh Lai Châu	Huyện Phong Thổ	10
03595	Thị trấn Than Uyên	12	Tỉnh Lai Châu	Huyện Than Uyên	9
03598	Thị trấn Tân Uyên	12	Tỉnh Lai Châu	Huyện Tân Uyên	9
03601	Xã Mường Khoa	12	Tỉnh Lai Châu	Huyện Tân Uyên	10
03602	Xã Phúc Khoa	12	Tỉnh Lai Châu	Huyện Tân Uyên	10
03604	Xã Thân Thuộc	12	Tỉnh Lai Châu	Huyện Tân Uyên	10
03605	Xã Trung Đồng	12	Tỉnh Lai Châu	Huyện Tân Uyên	10
03607	Xã Hố Mít	12	Tỉnh Lai Châu	Huyện Tân Uyên	10
03610	Xã Nậm Cần	12	Tỉnh Lai Châu	Huyện Tân Uyên	10
03613	Xã Nậm Sỏ	12	Tỉnh Lai Châu	Huyện Tân Uyên	10
03616	Xã Pắc Ta	12	Tỉnh Lai Châu	Huyện Tân Uyên	10
03618	Xã Phúc Than	12	Tỉnh Lai Châu	Huyện Than Uyên	10
03619	Xã Mường Than	12	Tỉnh Lai Châu	Huyện Than Uyên	10
03622	Xã Tà Mít	12	Tỉnh Lai Châu	Huyện Tân Uyên	10
03625	Xã Mường Mít	12	Tỉnh Lai Châu	Huyện Than Uyên	10
03628	Xã Pha Mu	12	Tỉnh Lai Châu	Huyện Than Uyên	10
03631	Xã Mường Cang	12	Tỉnh Lai Châu	Huyện Than Uyên	10
03632	Xã Hua Nà	12	Tỉnh Lai Châu	Huyện Than Uyên	10
03634	Xã Tà Hừa	12	Tỉnh Lai Châu	Huyện Than Uyên	10
03637	Xã Mường Kim	12	Tỉnh Lai Châu	Huyện Than Uyên	10
03638	Xã Tà Mung	12	Tỉnh Lai Châu	Huyện Than Uyên	10
03640	Xã Tà Gia	12	Tỉnh Lai Châu	Huyện Than Uyên	10
03643	Xã Khoen On	12	Tỉnh Lai Châu	Huyện Than Uyên	10
03646	Phường Chiềng Lề	14	Tỉnh Sơn La	Thành phố Sơn La	8
03649	Phường Tô Hiệu	14	Tỉnh Sơn La	Thành phố Sơn La	8
03652	Phường Quyết Thắng	14	Tỉnh Sơn La	Thành phố Sơn La	8
03655	Phường Quyết Tâm	14	Tỉnh Sơn La	Thành phố Sơn La	8
03658	Xã Chiềng Cọ	14	Tỉnh Sơn La	Thành phố Sơn La	10
03661	Xã Chiềng Đen	14	Tỉnh Sơn La	Thành phố Sơn La	10
03664	Xã Chiềng Xôm	14	Tỉnh Sơn La	Thành phố Sơn La	10
03667	Phường Chiềng An	14	Tỉnh Sơn La	Thành phố Sơn La	8
03670	Phường Chiềng Cơi	14	Tỉnh Sơn La	Thành phố Sơn La	8
03673	Xã Chiềng Ngần	14	Tỉnh Sơn La	Thành phố Sơn La	10
03676	Xã Hua La	14	Tỉnh Sơn La	Thành phố Sơn La	10
03679	Phường Chiềng Sinh	14	Tỉnh Sơn La	Thành phố Sơn La	8
03682	Xã Mường Chiên	14	Tỉnh Sơn La	Huyện Quỳnh Nhai	10
03685	Xã Cà Nàng	14	Tỉnh Sơn La	Huyện Quỳnh Nhai	10
03688	Xã Chiềng Khay	14	Tỉnh Sơn La	Huyện Quỳnh Nhai	10
03694	Xã Mường Giôn	14	Tỉnh Sơn La	Huyện Quỳnh Nhai	10
03697	Xã Pá Ma Pha Khinh	14	Tỉnh Sơn La	Huyện Quỳnh Nhai	10
03700	Xã Chiềng Ơn	14	Tỉnh Sơn La	Huyện Quỳnh Nhai	10
03703	Xã Mường Giàng	14	Tỉnh Sơn La	Huyện Quỳnh Nhai	10
03706	Xã Chiềng Bằng	14	Tỉnh Sơn La	Huyện Quỳnh Nhai	10
03709	Xã Mường Sại	14	Tỉnh Sơn La	Huyện Quỳnh Nhai	10
03712	Xã Nậm ét	14	Tỉnh Sơn La	Huyện Quỳnh Nhai	10
03718	Xã Chiềng Khoang	14	Tỉnh Sơn La	Huyện Quỳnh Nhai	10
03721	Thị trấn Thuận Châu	14	Tỉnh Sơn La	Huyện Thuận Châu	9
03724	Xã Phổng Lái	14	Tỉnh Sơn La	Huyện Thuận Châu	10
03727	Xã Mường é	14	Tỉnh Sơn La	Huyện Thuận Châu	10
03730	Xã Chiềng Pha	14	Tỉnh Sơn La	Huyện Thuận Châu	10
03733	Xã Chiềng La	14	Tỉnh Sơn La	Huyện Thuận Châu	10
03736	Xã Chiềng Ngàm	14	Tỉnh Sơn La	Huyện Thuận Châu	10
03739	Xã Liệp Tè	14	Tỉnh Sơn La	Huyện Thuận Châu	10
03742	Xã é Tòng	14	Tỉnh Sơn La	Huyện Thuận Châu	10
03745	Xã Phổng Lập	14	Tỉnh Sơn La	Huyện Thuận Châu	10
03748	Xã Phổng Lăng	14	Tỉnh Sơn La	Huyện Thuận Châu	10
03751	Xã Chiềng Ly	14	Tỉnh Sơn La	Huyện Thuận Châu	10
03754	Xã Noong Lay	14	Tỉnh Sơn La	Huyện Thuận Châu	10
03757	Xã Mường Khiêng	14	Tỉnh Sơn La	Huyện Thuận Châu	10
03760	Xã Mường Bám	14	Tỉnh Sơn La	Huyện Thuận Châu	10
03763	Xã Long Hẹ	14	Tỉnh Sơn La	Huyện Thuận Châu	10
03766	Xã Chiềng Bôm	14	Tỉnh Sơn La	Huyện Thuận Châu	10
03769	Xã Thôm Mòn	14	Tỉnh Sơn La	Huyện Thuận Châu	10
03772	Xã Tông Lạnh	14	Tỉnh Sơn La	Huyện Thuận Châu	10
03775	Xã Tông Cọ	14	Tỉnh Sơn La	Huyện Thuận Châu	10
03778	Xã Bó Mười	14	Tỉnh Sơn La	Huyện Thuận Châu	10
03781	Xã Co Mạ	14	Tỉnh Sơn La	Huyện Thuận Châu	10
03784	Xã Púng Tra	14	Tỉnh Sơn La	Huyện Thuận Châu	10
03787	Xã Chiềng Pấc	14	Tỉnh Sơn La	Huyện Thuận Châu	10
03790	Xã Nậm Lầu	14	Tỉnh Sơn La	Huyện Thuận Châu	10
03793	Xã Bon Phặng	14	Tỉnh Sơn La	Huyện Thuận Châu	10
03796	Xã Co Tòng	14	Tỉnh Sơn La	Huyện Thuận Châu	10
03799	Xã Muổi Nọi	14	Tỉnh Sơn La	Huyện Thuận Châu	10
03802	Xã Pá Lông	14	Tỉnh Sơn La	Huyện Thuận Châu	10
03805	Xã Bản Lầm	14	Tỉnh Sơn La	Huyện Thuận Châu	10
03808	Thị trấn Ít Ong	14	Tỉnh Sơn La	Huyện Mường La	9
03811	Xã Nậm Giôn	14	Tỉnh Sơn La	Huyện Mường La	10
03814	Xã Chiềng Lao	14	Tỉnh Sơn La	Huyện Mường La	10
03817	Xã Hua Trai	14	Tỉnh Sơn La	Huyện Mường La	10
03820	Xã Ngọc Chiến	14	Tỉnh Sơn La	Huyện Mường La	10
03823	Xã Mường Trai	14	Tỉnh Sơn La	Huyện Mường La	10
03826	Xã Nậm Păm	14	Tỉnh Sơn La	Huyện Mường La	10
03829	Xã Chiềng Muôn	14	Tỉnh Sơn La	Huyện Mường La	10
03832	Xã Chiềng Ân	14	Tỉnh Sơn La	Huyện Mường La	10
03835	Xã Pi Toong	14	Tỉnh Sơn La	Huyện Mường La	10
03838	Xã Chiềng Công	14	Tỉnh Sơn La	Huyện Mường La	10
03841	Xã Tạ Bú	14	Tỉnh Sơn La	Huyện Mường La	10
03844	Xã Chiềng San	14	Tỉnh Sơn La	Huyện Mường La	10
03847	Xã Mường Bú	14	Tỉnh Sơn La	Huyện Mường La	10
03850	Xã Chiềng Hoa	14	Tỉnh Sơn La	Huyện Mường La	10
03853	Xã Mường Chùm	14	Tỉnh Sơn La	Huyện Mường La	10
03856	Thị trấn Bắc Yên	14	Tỉnh Sơn La	Huyện Bắc Yên	9
03859	Xã Phiêng Ban	14	Tỉnh Sơn La	Huyện Bắc Yên	10
03862	Xã Hang Chú	14	Tỉnh Sơn La	Huyện Bắc Yên	10
03865	Xã Xím Vàng	14	Tỉnh Sơn La	Huyện Bắc Yên	10
03868	Xã Tà Xùa	14	Tỉnh Sơn La	Huyện Bắc Yên	10
03869	Xã Háng Đồng	14	Tỉnh Sơn La	Huyện Bắc Yên	10
03871	Xã Pắc Ngà	14	Tỉnh Sơn La	Huyện Bắc Yên	10
03874	Xã Làng Chếu	14	Tỉnh Sơn La	Huyện Bắc Yên	10
03877	Xã Chim Vàn	14	Tỉnh Sơn La	Huyện Bắc Yên	10
03880	Xã Mường Khoa	14	Tỉnh Sơn La	Huyện Bắc Yên	10
03883	Xã Song Pe	14	Tỉnh Sơn La	Huyện Bắc Yên	10
03886	Xã Hồng Ngài	14	Tỉnh Sơn La	Huyện Bắc Yên	10
03889	Xã Tạ Khoa	14	Tỉnh Sơn La	Huyện Bắc Yên	10
03890	Xã Hua Nhàn	14	Tỉnh Sơn La	Huyện Bắc Yên	10
03892	Xã Phiêng Côn	14	Tỉnh Sơn La	Huyện Bắc Yên	10
03895	Xã Chiềng Sại	14	Tỉnh Sơn La	Huyện Bắc Yên	10
03898	Thị trấn Phù Yên	14	Tỉnh Sơn La	Huyện Phù Yên	9
03901	Xã Suối Tọ	14	Tỉnh Sơn La	Huyện Phù Yên	10
03904	Xã Mường Thải	14	Tỉnh Sơn La	Huyện Phù Yên	10
03907	Xã Mường Cơi	14	Tỉnh Sơn La	Huyện Phù Yên	10
03910	Xã Quang Huy	14	Tỉnh Sơn La	Huyện Phù Yên	10
03913	Xã Huy Bắc	14	Tỉnh Sơn La	Huyện Phù Yên	10
03916	Xã Huy Thượng	14	Tỉnh Sơn La	Huyện Phù Yên	10
03919	Xã Tân Lang	14	Tỉnh Sơn La	Huyện Phù Yên	10
03922	Xã Gia Phù	14	Tỉnh Sơn La	Huyện Phù Yên	10
03925	Xã Tường Phù	14	Tỉnh Sơn La	Huyện Phù Yên	10
03928	Xã Huy Hạ	14	Tỉnh Sơn La	Huyện Phù Yên	10
03931	Xã Huy Tân	14	Tỉnh Sơn La	Huyện Phù Yên	10
03934	Xã Mường Lang	14	Tỉnh Sơn La	Huyện Phù Yên	10
03937	Xã Suối Bau	14	Tỉnh Sơn La	Huyện Phù Yên	10
03940	Xã Huy Tường	14	Tỉnh Sơn La	Huyện Phù Yên	10
03943	Xã Mường Do	14	Tỉnh Sơn La	Huyện Phù Yên	10
03946	Xã Sập Xa	14	Tỉnh Sơn La	Huyện Phù Yên	10
03949	Xã Tường Thượng	14	Tỉnh Sơn La	Huyện Phù Yên	10
03952	Xã Tường Tiến	14	Tỉnh Sơn La	Huyện Phù Yên	10
03955	Xã Tường Phong	14	Tỉnh Sơn La	Huyện Phù Yên	10
03958	Xã Tường Hạ	14	Tỉnh Sơn La	Huyện Phù Yên	10
03961	Xã Kim Bon	14	Tỉnh Sơn La	Huyện Phù Yên	10
03964	Xã Mường Bang	14	Tỉnh Sơn La	Huyện Phù Yên	10
03967	Xã Đá Đỏ	14	Tỉnh Sơn La	Huyện Phù Yên	10
03970	Xã Tân Phong	14	Tỉnh Sơn La	Huyện Phù Yên	10
03973	Xã Nam Phong	14	Tỉnh Sơn La	Huyện Phù Yên	10
03976	Xã Bắc Phong	14	Tỉnh Sơn La	Huyện Phù Yên	10
03979	Thị trấn Mộc Châu	14	Tỉnh Sơn La	Huyện Mộc Châu	9
03982	Thị trấn NT Mộc Châu	14	Tỉnh Sơn La	Huyện Mộc Châu	9
03985	Xã Chiềng Sơn	14	Tỉnh Sơn La	Huyện Mộc Châu	10
03988	Xã Tân Hợp	14	Tỉnh Sơn La	Huyện Mộc Châu	10
03991	Xã Qui Hướng	14	Tỉnh Sơn La	Huyện Mộc Châu	10
03994	Xã Suối Bàng	14	Tỉnh Sơn La	Huyện Vân Hồ	10
03997	Xã Tân Lập	14	Tỉnh Sơn La	Huyện Mộc Châu	10
04000	Xã Nà Mường	14	Tỉnh Sơn La	Huyện Mộc Châu	10
04003	Xã Tà Lai	14	Tỉnh Sơn La	Huyện Mộc Châu	10
04006	Xã Song Khủa	14	Tỉnh Sơn La	Huyện Vân Hồ	10
04009	Xã Liên Hoà	14	Tỉnh Sơn La	Huyện Vân Hồ	10
04012	Xã Chiềng Hắc	14	Tỉnh Sơn La	Huyện Mộc Châu	10
04015	Xã Hua Păng	14	Tỉnh Sơn La	Huyện Mộc Châu	10
04018	Xã Tô Múa	14	Tỉnh Sơn La	Huyện Vân Hồ	10
04021	Xã Mường Tè	14	Tỉnh Sơn La	Huyện Vân Hồ	10
04024	Xã Chiềng Khừa	14	Tỉnh Sơn La	Huyện Mộc Châu	10
04027	Xã Mường Sang	14	Tỉnh Sơn La	Huyện Mộc Châu	10
04030	Xã Đông Sang	14	Tỉnh Sơn La	Huyện Mộc Châu	10
04033	Xã Phiêng Luông	14	Tỉnh Sơn La	Huyện Mộc Châu	10
04036	Xã Chiềng Khoa	14	Tỉnh Sơn La	Huyện Vân Hồ	10
04039	Xã Mường Men	14	Tỉnh Sơn La	Huyện Vân Hồ	10
04042	Xã Quang Minh	14	Tỉnh Sơn La	Huyện Vân Hồ	10
04045	Xã Lóng Sập	14	Tỉnh Sơn La	Huyện Mộc Châu	10
04048	Xã Vân Hồ	14	Tỉnh Sơn La	Huyện Vân Hồ	10
04051	Xã Lóng Luông	14	Tỉnh Sơn La	Huyện Vân Hồ	10
04054	Xã Chiềng Yên	14	Tỉnh Sơn La	Huyện Vân Hồ	10
04056	Xã Chiềng Xuân	14	Tỉnh Sơn La	Huyện Vân Hồ	10
04057	Xã Xuân Nha	14	Tỉnh Sơn La	Huyện Vân Hồ	10
04058	Xã Tân Xuân	14	Tỉnh Sơn La	Huyện Vân Hồ	10
04060	Thị trấn Yên Châu	14	Tỉnh Sơn La	Huyện Yên Châu	9
04063	Xã Chiềng Đông	14	Tỉnh Sơn La	Huyện Yên Châu	10
04066	Xã Sập Vạt	14	Tỉnh Sơn La	Huyện Yên Châu	10
04069	Xã Chiềng Sàng	14	Tỉnh Sơn La	Huyện Yên Châu	10
04072	Xã Chiềng Pằn	14	Tỉnh Sơn La	Huyện Yên Châu	10
04075	Xã Viêng Lán	14	Tỉnh Sơn La	Huyện Yên Châu	10
04078	Xã Chiềng Hặc	14	Tỉnh Sơn La	Huyện Yên Châu	10
04081	Xã Mường Lựm	14	Tỉnh Sơn La	Huyện Yên Châu	10
04084	Xã Chiềng On	14	Tỉnh Sơn La	Huyện Yên Châu	10
04087	Xã Yên Sơn	14	Tỉnh Sơn La	Huyện Yên Châu	10
04090	Xã Chiềng Khoi	14	Tỉnh Sơn La	Huyện Yên Châu	10
04093	Xã Tú Nang	14	Tỉnh Sơn La	Huyện Yên Châu	10
04096	Xã Lóng Phiêng	14	Tỉnh Sơn La	Huyện Yên Châu	10
04099	Xã Phiêng Khoài	14	Tỉnh Sơn La	Huyện Yên Châu	10
04102	Xã Chiềng Tương	14	Tỉnh Sơn La	Huyện Yên Châu	10
04105	Thị trấn Hát Lót	14	Tỉnh Sơn La	Huyện Mai Sơn	9
04108	Xã Chiềng Sung	14	Tỉnh Sơn La	Huyện Mai Sơn	10
04111	Xã Mường Bằng	14	Tỉnh Sơn La	Huyện Mai Sơn	10
04114	Xã Chiềng Chăn	14	Tỉnh Sơn La	Huyện Mai Sơn	10
04117	Xã Mương Chanh	14	Tỉnh Sơn La	Huyện Mai Sơn	10
04120	Xã Chiềng Ban	14	Tỉnh Sơn La	Huyện Mai Sơn	10
04123	Xã Chiềng Mung	14	Tỉnh Sơn La	Huyện Mai Sơn	10
04126	Xã Mường Bon	14	Tỉnh Sơn La	Huyện Mai Sơn	10
04129	Xã Chiềng Chung	14	Tỉnh Sơn La	Huyện Mai Sơn	10
04132	Xã Chiềng Mai	14	Tỉnh Sơn La	Huyện Mai Sơn	10
04135	Xã Hát Lót	14	Tỉnh Sơn La	Huyện Mai Sơn	10
04136	Xã Nà Pó	14	Tỉnh Sơn La	Huyện Mai Sơn	10
04138	Xã Cò Nòi	14	Tỉnh Sơn La	Huyện Mai Sơn	10
04141	Xã Chiềng Nơi	14	Tỉnh Sơn La	Huyện Mai Sơn	10
04144	Xã Phiêng Cằm	14	Tỉnh Sơn La	Huyện Mai Sơn	10
04147	Xã Chiềng Dong	14	Tỉnh Sơn La	Huyện Mai Sơn	10
04150	Xã Chiềng Kheo	14	Tỉnh Sơn La	Huyện Mai Sơn	10
04153	Xã Chiềng Ve	14	Tỉnh Sơn La	Huyện Mai Sơn	10
04156	Xã Chiềng Lương	14	Tỉnh Sơn La	Huyện Mai Sơn	10
04159	Xã Phiêng Pằn	14	Tỉnh Sơn La	Huyện Mai Sơn	10
04162	Xã Nà Ơt	14	Tỉnh Sơn La	Huyện Mai Sơn	10
04165	Xã Tà Hộc	14	Tỉnh Sơn La	Huyện Mai Sơn	10
04168	Thị trấn Sông Mã	14	Tỉnh Sơn La	Huyện Sông Mã	9
04171	Xã Bó Sinh	14	Tỉnh Sơn La	Huyện Sông Mã	10
04174	Xã Pú Pẩu	14	Tỉnh Sơn La	Huyện Sông Mã	10
04177	Xã Chiềng Phung	14	Tỉnh Sơn La	Huyện Sông Mã	10
04180	Xã Chiềng En	14	Tỉnh Sơn La	Huyện Sông Mã	10
04183	Xã Mường Lầm	14	Tỉnh Sơn La	Huyện Sông Mã	10
04186	Xã Nậm Ty	14	Tỉnh Sơn La	Huyện Sông Mã	10
04189	Xã Đứa Mòn	14	Tỉnh Sơn La	Huyện Sông Mã	10
04192	Xã Yên Hưng	14	Tỉnh Sơn La	Huyện Sông Mã	10
04195	Xã Chiềng Sơ	14	Tỉnh Sơn La	Huyện Sông Mã	10
04198	Xã Nà Nghịu	14	Tỉnh Sơn La	Huyện Sông Mã	10
04201	Xã Nậm Mằn	14	Tỉnh Sơn La	Huyện Sông Mã	10
04204	Xã Chiềng Khoong	14	Tỉnh Sơn La	Huyện Sông Mã	10
04207	Xã Chiềng Cang	14	Tỉnh Sơn La	Huyện Sông Mã	10
04210	Xã Huổi Một	14	Tỉnh Sơn La	Huyện Sông Mã	10
04213	Xã Mường Sai	14	Tỉnh Sơn La	Huyện Sông Mã	10
04216	Xã Mường Cai	14	Tỉnh Sơn La	Huyện Sông Mã	10
04219	Xã Mường Hung	14	Tỉnh Sơn La	Huyện Sông Mã	10
04222	Xã Chiềng Khương	14	Tỉnh Sơn La	Huyện Sông Mã	10
04225	Xã Sam Kha	14	Tỉnh Sơn La	Huyện Sốp Cộp	10
04228	Xã Púng Bánh	14	Tỉnh Sơn La	Huyện Sốp Cộp	10
04231	Xã Sốp Cộp	14	Tỉnh Sơn La	Huyện Sốp Cộp	10
04234	Xã Dồm Cang	14	Tỉnh Sơn La	Huyện Sốp Cộp	10
04237	Xã Nậm Lạnh	14	Tỉnh Sơn La	Huyện Sốp Cộp	10
04240	Xã Mường Lèo	14	Tỉnh Sơn La	Huyện Sốp Cộp	10
04243	Xã Mường Và	14	Tỉnh Sơn La	Huyện Sốp Cộp	10
04246	Xã Mường Lạn	14	Tỉnh Sơn La	Huyện Sốp Cộp	10
04249	Phường Yên Thịnh	15	Tỉnh Yên Bái	Thành phố Yên Bái	8
04252	Phường Yên Ninh	15	Tỉnh Yên Bái	Thành phố Yên Bái	8
04255	Phường Minh Tân	15	Tỉnh Yên Bái	Thành phố Yên Bái	8
04258	Phường Nguyễn Thái Học	15	Tỉnh Yên Bái	Thành phố Yên Bái	8
04261	Phường Đồng Tâm	15	Tỉnh Yên Bái	Thành phố Yên Bái	8
04264	Phường Nguyễn Phúc	15	Tỉnh Yên Bái	Thành phố Yên Bái	8
04267	Phường Hồng Hà	15	Tỉnh Yên Bái	Thành phố Yên Bái	8
04270	Xã Minh Bảo	15	Tỉnh Yên Bái	Thành phố Yên Bái	10
04273	Phường Nam Cường	15	Tỉnh Yên Bái	Thành phố Yên Bái	8
04276	Xã Tuy Lộc	15	Tỉnh Yên Bái	Thành phố Yên Bái	10
04279	Xã Tân Thịnh	15	Tỉnh Yên Bái	Thành phố Yên Bái	10
04282	Phường Pú Trạng	15	Tỉnh Yên Bái	Thị xã Nghĩa Lộ	8
04285	Phường Trung Tâm	15	Tỉnh Yên Bái	Thị xã Nghĩa Lộ	8
04288	Phường Tân An	15	Tỉnh Yên Bái	Thị xã Nghĩa Lộ	8
04291	Phường Cầu Thia	15	Tỉnh Yên Bái	Thị xã Nghĩa Lộ	8
04294	Xã Nghĩa Lợi	15	Tỉnh Yên Bái	Thị xã Nghĩa Lộ	10
04297	Xã Nghĩa Phúc	15	Tỉnh Yên Bái	Thị xã Nghĩa Lộ	10
04300	Xã Nghĩa An	15	Tỉnh Yên Bái	Thị xã Nghĩa Lộ	10
04303	Thị trấn Yên Thế	15	Tỉnh Yên Bái	Huyện Lục Yên	9
04306	Xã Tân Phượng	15	Tỉnh Yên Bái	Huyện Lục Yên	10
04309	Xã Lâm Thượng	15	Tỉnh Yên Bái	Huyện Lục Yên	10
04312	Xã Khánh Thiện	15	Tỉnh Yên Bái	Huyện Lục Yên	10
04315	Xã Minh Chuẩn	15	Tỉnh Yên Bái	Huyện Lục Yên	10
04318	Xã Mai Sơn	15	Tỉnh Yên Bái	Huyện Lục Yên	10
04321	Xã Khai Trung	15	Tỉnh Yên Bái	Huyện Lục Yên	10
04324	Xã Mường Lai	15	Tỉnh Yên Bái	Huyện Lục Yên	10
04327	Xã An Lạc	15	Tỉnh Yên Bái	Huyện Lục Yên	10
04330	Xã Minh Xuân	15	Tỉnh Yên Bái	Huyện Lục Yên	10
04333	Xã Tô Mậu	15	Tỉnh Yên Bái	Huyện Lục Yên	10
04336	Xã Tân Lĩnh	15	Tỉnh Yên Bái	Huyện Lục Yên	10
04339	Xã Yên Thắng	15	Tỉnh Yên Bái	Huyện Lục Yên	10
04342	Xã Khánh Hoà	15	Tỉnh Yên Bái	Huyện Lục Yên	10
04345	Xã Vĩnh Lạc	15	Tỉnh Yên Bái	Huyện Lục Yên	10
04348	Xã Liễu Đô	15	Tỉnh Yên Bái	Huyện Lục Yên	10
04351	Xã Động Quan	15	Tỉnh Yên Bái	Huyện Lục Yên	10
04354	Xã Tân Lập	15	Tỉnh Yên Bái	Huyện Lục Yên	10
04357	Xã Minh Tiến	15	Tỉnh Yên Bái	Huyện Lục Yên	10
04360	Xã Trúc Lâu	15	Tỉnh Yên Bái	Huyện Lục Yên	10
04363	Xã Phúc Lợi	15	Tỉnh Yên Bái	Huyện Lục Yên	10
04366	Xã Phan Thanh	15	Tỉnh Yên Bái	Huyện Lục Yên	10
04369	Xã An Phú	15	Tỉnh Yên Bái	Huyện Lục Yên	10
04372	Xã Trung Tâm	15	Tỉnh Yên Bái	Huyện Lục Yên	10
04375	Thị trấn Mậu A	15	Tỉnh Yên Bái	Huyện Văn Yên	9
04378	Xã Lang Thíp	15	Tỉnh Yên Bái	Huyện Văn Yên	10
04381	Xã Lâm Giang	15	Tỉnh Yên Bái	Huyện Văn Yên	10
04384	Xã Châu Quế Thượng	15	Tỉnh Yên Bái	Huyện Văn Yên	10
04387	Xã Châu Quế Hạ	15	Tỉnh Yên Bái	Huyện Văn Yên	10
04390	Xã An Bình	15	Tỉnh Yên Bái	Huyện Văn Yên	10
04393	Xã Quang Minh	15	Tỉnh Yên Bái	Huyện Văn Yên	10
04396	Xã Đông An	15	Tỉnh Yên Bái	Huyện Văn Yên	10
04399	Xã Đông Cuông	15	Tỉnh Yên Bái	Huyện Văn Yên	10
04402	Xã Phong Dụ Hạ	15	Tỉnh Yên Bái	Huyện Văn Yên	10
04405	Xã Mậu Đông	15	Tỉnh Yên Bái	Huyện Văn Yên	10
04408	Xã Ngòi A	15	Tỉnh Yên Bái	Huyện Văn Yên	10
04411	Xã Xuân Tầm	15	Tỉnh Yên Bái	Huyện Văn Yên	10
04414	Xã Tân Hợp	15	Tỉnh Yên Bái	Huyện Văn Yên	10
04417	Xã An Thịnh	15	Tỉnh Yên Bái	Huyện Văn Yên	10
04420	Xã Yên Thái	15	Tỉnh Yên Bái	Huyện Văn Yên	10
04423	Xã Phong Dụ Thượng	15	Tỉnh Yên Bái	Huyện Văn Yên	10
04426	Xã Yên Hợp	15	Tỉnh Yên Bái	Huyện Văn Yên	10
04429	Xã Đại Sơn	15	Tỉnh Yên Bái	Huyện Văn Yên	10
04435	Xã Đại Phác	15	Tỉnh Yên Bái	Huyện Văn Yên	10
04438	Xã Yên Phú	15	Tỉnh Yên Bái	Huyện Văn Yên	10
04441	Xã Xuân Ái	15	Tỉnh Yên Bái	Huyện Văn Yên	10
04447	Xã Viễn Sơn	15	Tỉnh Yên Bái	Huyện Văn Yên	10
04450	Xã Mỏ Vàng	15	Tỉnh Yên Bái	Huyện Văn Yên	10
04453	Xã Nà Hẩu	15	Tỉnh Yên Bái	Huyện Văn Yên	10
04456	Thị trấn Mù Căng Chải	15	Tỉnh Yên Bái	Huyện Mù Căng Chải	9
04459	Xã Hồ Bốn	15	Tỉnh Yên Bái	Huyện Mù Căng Chải	10
04462	Xã Nậm Có	15	Tỉnh Yên Bái	Huyện Mù Căng Chải	10
04465	Xã Khao Mang	15	Tỉnh Yên Bái	Huyện Mù Căng Chải	10
04468	Xã Mồ Dề	15	Tỉnh Yên Bái	Huyện Mù Căng Chải	10
04471	Xã Chế Cu Nha	15	Tỉnh Yên Bái	Huyện Mù Căng Chải	10
04474	Xã Lao Chải	15	Tỉnh Yên Bái	Huyện Mù Căng Chải	10
04477	Xã Kim Nọi	15	Tỉnh Yên Bái	Huyện Mù Căng Chải	10
04480	Xã Cao Phạ	15	Tỉnh Yên Bái	Huyện Mù Căng Chải	10
04483	Xã La Pán Tẩn	15	Tỉnh Yên Bái	Huyện Mù Căng Chải	10
04486	Xã Dế Su Phình	15	Tỉnh Yên Bái	Huyện Mù Căng Chải	10
04489	Xã Chế Tạo	15	Tỉnh Yên Bái	Huyện Mù Căng Chải	10
04492	Xã Púng Luông	15	Tỉnh Yên Bái	Huyện Mù Căng Chải	10
04495	Xã Nậm Khắt	15	Tỉnh Yên Bái	Huyện Mù Căng Chải	10
04498	Thị trấn Cổ Phúc	15	Tỉnh Yên Bái	Huyện Trấn Yên	9
04501	Xã Tân Đồng	15	Tỉnh Yên Bái	Huyện Trấn Yên	10
04504	Xã Báo Đáp	15	Tỉnh Yên Bái	Huyện Trấn Yên	10
04507	Xã Đào Thịnh	15	Tỉnh Yên Bái	Huyện Trấn Yên	10
04510	Xã Việt Thành	15	Tỉnh Yên Bái	Huyện Trấn Yên	10
04513	Xã Hòa Cuông	15	Tỉnh Yên Bái	Huyện Trấn Yên	10
04516	Xã Minh Quán	15	Tỉnh Yên Bái	Huyện Trấn Yên	10
04519	Xã Quy Mông	15	Tỉnh Yên Bái	Huyện Trấn Yên	10
04522	Xã Cường Thịnh	15	Tỉnh Yên Bái	Huyện Trấn Yên	10
04525	Xã Kiên Thành	15	Tỉnh Yên Bái	Huyện Trấn Yên	10
04528	Xã Nga Quán	15	Tỉnh Yên Bái	Huyện Trấn Yên	10
04531	Xã Y Can	15	Tỉnh Yên Bái	Huyện Trấn Yên	10
04537	Xã Lương Thịnh	15	Tỉnh Yên Bái	Huyện Trấn Yên	10
04540	Xã Âu Lâu	15	Tỉnh Yên Bái	Thành phố Yên Bái	10
04543	Xã Giới Phiên	15	Tỉnh Yên Bái	Thành phố Yên Bái	10
04546	Phường Hợp Minh	15	Tỉnh Yên Bái	Thành phố Yên Bái	8
04558	Xã Văn Phú	15	Tỉnh Yên Bái	Thành phố Yên Bái	10
04561	Xã Bảo Hưng	15	Tỉnh Yên Bái	Huyện Trấn Yên	10
04564	Xã Việt Cường	15	Tỉnh Yên Bái	Huyện Trấn Yên	10
04567	Xã Minh Quân	15	Tỉnh Yên Bái	Huyện Trấn Yên	10
04570	Xã Hồng Ca	15	Tỉnh Yên Bái	Huyện Trấn Yên	10
04573	Xã Hưng Thịnh	15	Tỉnh Yên Bái	Huyện Trấn Yên	10
04576	Xã Hưng Khánh	15	Tỉnh Yên Bái	Huyện Trấn Yên	10
04579	Xã Việt Hồng	15	Tỉnh Yên Bái	Huyện Trấn Yên	10
04582	Xã Vân Hội	15	Tỉnh Yên Bái	Huyện Trấn Yên	10
04585	Thị trấn Trạm Tấu	15	Tỉnh Yên Bái	Huyện Trạm Tấu	9
04588	Xã Túc Đán	15	Tỉnh Yên Bái	Huyện Trạm Tấu	10
04591	Xã Pá Lau	15	Tỉnh Yên Bái	Huyện Trạm Tấu	10
04594	Xã Xà Hồ	15	Tỉnh Yên Bái	Huyện Trạm Tấu	10
04597	Xã Phình Hồ	15	Tỉnh Yên Bái	Huyện Trạm Tấu	10
04600	Xã Trạm Tấu	15	Tỉnh Yên Bái	Huyện Trạm Tấu	10
04603	Xã Tà Si Láng	15	Tỉnh Yên Bái	Huyện Trạm Tấu	10
04606	Xã Pá Hu	15	Tỉnh Yên Bái	Huyện Trạm Tấu	10
04609	Xã Làng Nhì	15	Tỉnh Yên Bái	Huyện Trạm Tấu	10
04612	Xã Bản Công	15	Tỉnh Yên Bái	Huyện Trạm Tấu	10
04615	Xã Bản Mù	15	Tỉnh Yên Bái	Huyện Trạm Tấu	10
04618	Xã Hát Lìu	15	Tỉnh Yên Bái	Huyện Trạm Tấu	10
04621	Thị trấn NT Liên Sơn	15	Tỉnh Yên Bái	Huyện Văn Chấn	9
04624	Xã Nghĩa Lộ	15	Tỉnh Yên Bái	Thị xã Nghĩa Lộ	10
04627	Thị trấn NT Trần Phú	15	Tỉnh Yên Bái	Huyện Văn Chấn	9
04630	Xã Tú Lệ	15	Tỉnh Yên Bái	Huyện Văn Chấn	10
04633	Xã Nậm Búng	15	Tỉnh Yên Bái	Huyện Văn Chấn	10
04636	Xã Gia Hội	15	Tỉnh Yên Bái	Huyện Văn Chấn	10
04639	Xã Sùng Đô	15	Tỉnh Yên Bái	Huyện Văn Chấn	10
04642	Xã Nậm Mười	15	Tỉnh Yên Bái	Huyện Văn Chấn	10
04645	Xã An Lương	15	Tỉnh Yên Bái	Huyện Văn Chấn	10
04648	Xã Nậm Lành	15	Tỉnh Yên Bái	Huyện Văn Chấn	10
04651	Xã Sơn Lương	15	Tỉnh Yên Bái	Huyện Văn Chấn	10
04654	Xã Suối Quyền	15	Tỉnh Yên Bái	Huyện Văn Chấn	10
04657	Xã Suối Giàng	15	Tỉnh Yên Bái	Huyện Văn Chấn	10
04660	Xã Sơn A	15	Tỉnh Yên Bái	Thị xã Nghĩa Lộ	10
04663	Xã Phù Nham	15	Tỉnh Yên Bái	Thị xã Nghĩa Lộ	10
04666	Xã Nghĩa Sơn	15	Tỉnh Yên Bái	Huyện Văn Chấn	10
04669	Xã Suối Bu	15	Tỉnh Yên Bái	Huyện Văn Chấn	10
04672	Thị trấn Sơn Thịnh	15	Tỉnh Yên Bái	Huyện Văn Chấn	9
04675	Xã Thanh Lương	15	Tỉnh Yên Bái	Thị xã Nghĩa Lộ	10
04678	Xã Hạnh Sơn	15	Tỉnh Yên Bái	Thị xã Nghĩa Lộ	10
04681	Xã Phúc Sơn	15	Tỉnh Yên Bái	Thị xã Nghĩa Lộ	10
04684	Xã Thạch Lương	15	Tỉnh Yên Bái	Thị xã Nghĩa Lộ	10
04687	Xã Đại Lịch	15	Tỉnh Yên Bái	Huyện Văn Chấn	10
04690	Xã Đồng Khê	15	Tỉnh Yên Bái	Huyện Văn Chấn	10
04693	Xã Cát Thịnh	15	Tỉnh Yên Bái	Huyện Văn Chấn	10
04696	Xã Tân Thịnh	15	Tỉnh Yên Bái	Huyện Văn Chấn	10
04699	Xã Chấn Thịnh	15	Tỉnh Yên Bái	Huyện Văn Chấn	10
04702	Xã Bình Thuận	15	Tỉnh Yên Bái	Huyện Văn Chấn	10
04705	Xã Thượng Bằng La	15	Tỉnh Yên Bái	Huyện Văn Chấn	10
04708	Xã Minh An	15	Tỉnh Yên Bái	Huyện Văn Chấn	10
04711	Xã Nghĩa Tâm	15	Tỉnh Yên Bái	Huyện Văn Chấn	10
04714	Thị trấn Yên Bình	15	Tỉnh Yên Bái	Huyện Yên Bình	9
04717	Thị trấn Thác Bà	15	Tỉnh Yên Bái	Huyện Yên Bình	9
04720	Xã Xuân Long	15	Tỉnh Yên Bái	Huyện Yên Bình	10
04726	Xã Cảm Nhân	15	Tỉnh Yên Bái	Huyện Yên Bình	10
04729	Xã Ngọc Chấn	15	Tỉnh Yên Bái	Huyện Yên Bình	10
04732	Xã Tân Nguyên	15	Tỉnh Yên Bái	Huyện Yên Bình	10
04735	Xã Phúc Ninh	15	Tỉnh Yên Bái	Huyện Yên Bình	10
04738	Xã Bảo Ái	15	Tỉnh Yên Bái	Huyện Yên Bình	10
04741	Xã Mỹ Gia	15	Tỉnh Yên Bái	Huyện Yên Bình	10
04744	Xã Xuân Lai	15	Tỉnh Yên Bái	Huyện Yên Bình	10
04747	Xã Mông Sơn	15	Tỉnh Yên Bái	Huyện Yên Bình	10
04750	Xã Cảm Ân	15	Tỉnh Yên Bái	Huyện Yên Bình	10
04753	Xã Yên Thành	15	Tỉnh Yên Bái	Huyện Yên Bình	10
04756	Xã Tân Hương	15	Tỉnh Yên Bái	Huyện Yên Bình	10
04759	Xã Phúc An	15	Tỉnh Yên Bái	Huyện Yên Bình	10
04762	Xã Bạch Hà	15	Tỉnh Yên Bái	Huyện Yên Bình	10
04765	Xã Vũ Linh	15	Tỉnh Yên Bái	Huyện Yên Bình	10
04768	Xã Đại Đồng	15	Tỉnh Yên Bái	Huyện Yên Bình	10
04771	Xã Vĩnh Kiên	15	Tỉnh Yên Bái	Huyện Yên Bình	10
04774	Xã Yên Bình	15	Tỉnh Yên Bái	Huyện Yên Bình	10
04777	Xã Thịnh Hưng	15	Tỉnh Yên Bái	Huyện Yên Bình	10
04780	Xã Hán Đà	15	Tỉnh Yên Bái	Huyện Yên Bình	10
04783	Xã Phú Thịnh	15	Tỉnh Yên Bái	Huyện Yên Bình	10
04786	Xã Đại Minh	15	Tỉnh Yên Bái	Huyện Yên Bình	10
04789	Phường Thái Bình	17	Tỉnh Hoà Bình	Thành phố Hòa Bình	8
04792	Phường Tân Hòa	17	Tỉnh Hoà Bình	Thành phố Hòa Bình	8
04795	Phường Thịnh Lang	17	Tỉnh Hoà Bình	Thành phố Hòa Bình	8
04798	Phường Hữu Nghị	17	Tỉnh Hoà Bình	Thành phố Hòa Bình	8
04801	Phường Tân Thịnh	17	Tỉnh Hoà Bình	Thành phố Hòa Bình	8
04804	Phường Đồng Tiến	17	Tỉnh Hoà Bình	Thành phố Hòa Bình	8
04807	Phường Phương Lâm	17	Tỉnh Hoà Bình	Thành phố Hòa Bình	8
04813	Xã Yên Mông	17	Tỉnh Hoà Bình	Thành phố Hòa Bình	10
04816	Phường Quỳnh Lâm	17	Tỉnh Hoà Bình	Thành phố Hòa Bình	8
04819	Phường Dân Chủ	17	Tỉnh Hoà Bình	Thành phố Hòa Bình	8
04825	Xã Hòa Bình	17	Tỉnh Hoà Bình	Thành phố Hòa Bình	10
04828	Phường Thống Nhất	17	Tỉnh Hoà Bình	Thành phố Hòa Bình	8
04831	Thị trấn Đà Bắc	17	Tỉnh Hoà Bình	Huyện Đà Bắc	9
04834	Xã Nánh Nghê	17	Tỉnh Hoà Bình	Huyện Đà Bắc	10
04840	Xã Giáp Đắt	17	Tỉnh Hoà Bình	Huyện Đà Bắc	10
04846	Xã Mường Chiềng	17	Tỉnh Hoà Bình	Huyện Đà Bắc	10
04849	Xã Tân Pheo	17	Tỉnh Hoà Bình	Huyện Đà Bắc	10
04852	Xã Đồng Chum	17	Tỉnh Hoà Bình	Huyện Đà Bắc	10
04855	Xã Tân Minh	17	Tỉnh Hoà Bình	Huyện Đà Bắc	10
04858	Xã Đoàn Kết	17	Tỉnh Hoà Bình	Huyện Đà Bắc	10
04861	Xã Đồng Ruộng	17	Tỉnh Hoà Bình	Huyện Đà Bắc	10
04867	Xã Tú Lý	17	Tỉnh Hoà Bình	Huyện Đà Bắc	10
04870	Xã Trung Thành	17	Tỉnh Hoà Bình	Huyện Đà Bắc	10
04873	Xã Yên Hòa	17	Tỉnh Hoà Bình	Huyện Đà Bắc	10
04876	Xã Cao Sơn	17	Tỉnh Hoà Bình	Huyện Đà Bắc	10
04879	Xã Toàn Sơn	17	Tỉnh Hoà Bình	Huyện Đà Bắc	10
04882	Xã Tân Thành	17	Tỉnh Hoà Bình	Huyện Mai Châu	10
04885	Xã Hiền Lương	17	Tỉnh Hoà Bình	Huyện Đà Bắc	10
04888	Xã Tiền Phong	17	Tỉnh Hoà Bình	Huyện Đà Bắc	10
04891	Xã Vầy Nưa	17	Tỉnh Hoà Bình	Huyện Đà Bắc	10
04894	Phường Kỳ Sơn	17	Tỉnh Hoà Bình	Thành phố Hòa Bình	8
04897	Xã Thịnh Minh	17	Tỉnh Hoà Bình	Thành phố Hòa Bình	10
04903	Xã Hợp Thành	17	Tỉnh Hoà Bình	Thành phố Hòa Bình	10
04906	Xã Quang Tiến	17	Tỉnh Hoà Bình	Thành phố Hòa Bình	10
04912	Xã Mông Hóa	17	Tỉnh Hoà Bình	Thành phố Hòa Bình	10
04918	Phường Trung Minh	17	Tỉnh Hoà Bình	Thành phố Hòa Bình	8
04921	Xã Độc Lập	17	Tỉnh Hoà Bình	Thành phố Hòa Bình	10
04924	Thị trấn Lương Sơn	17	Tỉnh Hoà Bình	Huyện Lương Sơn	9
04927	Xã Yên Trung	01	Thành phố Hà Nội	Huyện Thạch Thất	10
04930	Xã Yên Bình	01	Thành phố Hà Nội	Huyện Thạch Thất	10
04936	Xã Tiến Xuân	01	Thành phố Hà Nội	Huyện Thạch Thất	10
04939	Xã Đông Xuân	01	Thành phố Hà Nội	Huyện Quốc Oai	10
04942	Xã Lâm Sơn	17	Tỉnh Hoà Bình	Huyện Lương Sơn	10
04945	Xã Hòa Sơn	17	Tỉnh Hoà Bình	Huyện Lương Sơn	10
04951	Xã Tân Vinh	17	Tỉnh Hoà Bình	Huyện Lương Sơn	10
04954	Xã Nhuận Trạch	17	Tỉnh Hoà Bình	Huyện Lương Sơn	10
04957	Xã Cao Sơn	17	Tỉnh Hoà Bình	Huyện Lương Sơn	10
04960	Xã Cư Yên	17	Tỉnh Hoà Bình	Huyện Lương Sơn	10
04969	Xã Liên Sơn	17	Tỉnh Hoà Bình	Huyện Lương Sơn	10
04978	Thị trấn Bo	17	Tỉnh Hoà Bình	Huyện Kim Bôi	9
04981	Thị trấn Ba Hàng Đồi	17	Tỉnh Hoà Bình	Huyện Lạc Thủy	9
04984	Xã Đú Sáng	17	Tỉnh Hoà Bình	Huyện Kim Bôi	10
04987	Xã Hùng Sơn	17	Tỉnh Hoà Bình	Huyện Kim Bôi	10
04990	Xã Bình Sơn	17	Tỉnh Hoà Bình	Huyện Kim Bôi	10
04999	Xã Tú Sơn	17	Tỉnh Hoà Bình	Huyện Kim Bôi	10
05005	Xã Vĩnh Tiến	17	Tỉnh Hoà Bình	Huyện Kim Bôi	10
05008	Xã Cao Dương	17	Tỉnh Hoà Bình	Huyện Lương Sơn	10
05014	Xã Đông Bắc	17	Tỉnh Hoà Bình	Huyện Kim Bôi	10
05017	Xã Xuân Thủy	17	Tỉnh Hoà Bình	Huyện Kim Bôi	10
05026	Xã Vĩnh Đồng	17	Tỉnh Hoà Bình	Huyện Kim Bôi	10
05035	Xã Kim Lập	17	Tỉnh Hoà Bình	Huyện Kim Bôi	10
05038	Xã Hợp Tiến	17	Tỉnh Hoà Bình	Huyện Kim Bôi	10
05041	Xã Thanh Sơn	17	Tỉnh Hoà Bình	Huyện Lương Sơn	10
05047	Xã Thanh Cao	17	Tỉnh Hoà Bình	Huyện Lương Sơn	10
05065	Xã Kim Bôi	17	Tỉnh Hoà Bình	Huyện Kim Bôi	10
05068	Xã Nam Thượng	17	Tỉnh Hoà Bình	Huyện Kim Bôi	10
05077	Xã Cuối Hạ	17	Tỉnh Hoà Bình	Huyện Kim Bôi	10
05080	Xã Sào Báy	17	Tỉnh Hoà Bình	Huyện Kim Bôi	10
05083	Xã Mi Hòa	17	Tỉnh Hoà Bình	Huyện Kim Bôi	10
05086	Xã Nuông Dăm	17	Tỉnh Hoà Bình	Huyện Kim Bôi	10
05089	Thị trấn Cao Phong	17	Tỉnh Hoà Bình	Huyện Cao Phong	9
05092	Xã Bình Thanh	17	Tỉnh Hoà Bình	Huyện Cao Phong	10
05095	Xã Thung Nai	17	Tỉnh Hoà Bình	Huyện Cao Phong	10
05098	Xã Bắc Phong	17	Tỉnh Hoà Bình	Huyện Cao Phong	10
05101	Xã Thu Phong	17	Tỉnh Hoà Bình	Huyện Cao Phong	10
05104	Xã Hợp Phong	17	Tỉnh Hoà Bình	Huyện Cao Phong	10
05110	Xã Tây Phong	17	Tỉnh Hoà Bình	Huyện Cao Phong	10
05116	Xã Dũng Phong	17	Tỉnh Hoà Bình	Huyện Cao Phong	10
05119	Xã Nam Phong	17	Tỉnh Hoà Bình	Huyện Cao Phong	10
05125	Xã Thạch Yên	17	Tỉnh Hoà Bình	Huyện Cao Phong	10
05128	Thị trấn Mãn Đức	17	Tỉnh Hoà Bình	Huyện Tân Lạc	9
05134	Xã Suối Hoa	17	Tỉnh Hoà Bình	Huyện Tân Lạc	10
05137	Xã Phú Vinh	17	Tỉnh Hoà Bình	Huyện Tân Lạc	10
05140	Xã Phú Cường	17	Tỉnh Hoà Bình	Huyện Tân Lạc	10
05143	Xã Mỹ Hòa	17	Tỉnh Hoà Bình	Huyện Tân Lạc	10
05152	Xã Quyết Chiến	17	Tỉnh Hoà Bình	Huyện Tân Lạc	10
05158	Xã Phong Phú	17	Tỉnh Hoà Bình	Huyện Tân Lạc	10
05164	Xã Tử Nê	17	Tỉnh Hoà Bình	Huyện Tân Lạc	10
05167	Xã Thanh Hối	17	Tỉnh Hoà Bình	Huyện Tân Lạc	10
05170	Xã Ngọc Mỹ	17	Tỉnh Hoà Bình	Huyện Tân Lạc	10
05173	Xã Đông Lai	17	Tỉnh Hoà Bình	Huyện Tân Lạc	10
05176	Xã Vân Sơn	17	Tỉnh Hoà Bình	Huyện Tân Lạc	10
05182	Xã Nhân Mỹ	17	Tỉnh Hoà Bình	Huyện Tân Lạc	10
05191	Xã Lỗ Sơn	17	Tỉnh Hoà Bình	Huyện Tân Lạc	10
05194	Xã Ngổ Luông	17	Tỉnh Hoà Bình	Huyện Tân Lạc	10
05197	Xã Gia Mô	17	Tỉnh Hoà Bình	Huyện Tân Lạc	10
05200	Thị trấn Mai Châu	17	Tỉnh Hoà Bình	Huyện Mai Châu	9
05206	Xã Sơn Thủy	17	Tỉnh Hoà Bình	Huyện Mai Châu	10
05209	Xã Pà Cò	17	Tỉnh Hoà Bình	Huyện Mai Châu	10
05212	Xã Hang Kia	17	Tỉnh Hoà Bình	Huyện Mai Châu	10
05221	Xã Đồng Tân	17	Tỉnh Hoà Bình	Huyện Mai Châu	10
05224	Xã Cun Pheo	17	Tỉnh Hoà Bình	Huyện Mai Châu	10
05227	Xã Bao La	17	Tỉnh Hoà Bình	Huyện Mai Châu	10
05233	Xã Tòng Đậu	17	Tỉnh Hoà Bình	Huyện Mai Châu	10
05242	Xã Nà Phòn	17	Tỉnh Hoà Bình	Huyện Mai Châu	10
05245	Xã Săm Khóe	17	Tỉnh Hoà Bình	Huyện Mai Châu	10
05248	Xã Chiềng Châu	17	Tỉnh Hoà Bình	Huyện Mai Châu	10
05251	Xã Mai Hạ	17	Tỉnh Hoà Bình	Huyện Mai Châu	10
05254	Xã Thành Sơn	17	Tỉnh Hoà Bình	Huyện Mai Châu	10
05257	Xã Mai Hịch	17	Tỉnh Hoà Bình	Huyện Mai Châu	10
05263	Xã Vạn Mai	17	Tỉnh Hoà Bình	Huyện Mai Châu	10
05266	Thị trấn Vụ Bản	17	Tỉnh Hoà Bình	Huyện Lạc Sơn	9
05269	Xã Quý Hòa	17	Tỉnh Hoà Bình	Huyện Lạc Sơn	10
05272	Xã Miền Đồi	17	Tỉnh Hoà Bình	Huyện Lạc Sơn	10
05275	Xã Mỹ Thành	17	Tỉnh Hoà Bình	Huyện Lạc Sơn	10
05278	Xã Tuân Đạo	17	Tỉnh Hoà Bình	Huyện Lạc Sơn	10
05281	Xã Văn Nghĩa	17	Tỉnh Hoà Bình	Huyện Lạc Sơn	10
05284	Xã Văn Sơn	17	Tỉnh Hoà Bình	Huyện Lạc Sơn	10
05287	Xã Tân Lập	17	Tỉnh Hoà Bình	Huyện Lạc Sơn	10
05290	Xã Nhân Nghĩa	17	Tỉnh Hoà Bình	Huyện Lạc Sơn	10
05293	Xã Thượng Cốc	17	Tỉnh Hoà Bình	Huyện Lạc Sơn	10
05299	Xã Quyết Thắng	17	Tỉnh Hoà Bình	Huyện Lạc Sơn	10
05302	Xã Xuất Hóa	17	Tỉnh Hoà Bình	Huyện Lạc Sơn	10
05305	Xã Yên Phú	17	Tỉnh Hoà Bình	Huyện Lạc Sơn	10
05308	Xã Bình Hẻm	17	Tỉnh Hoà Bình	Huyện Lạc Sơn	10
05320	Xã Định Cư	17	Tỉnh Hoà Bình	Huyện Lạc Sơn	10
05323	Xã Chí Đạo	17	Tỉnh Hoà Bình	Huyện Lạc Sơn	10
05329	Xã Ngọc Sơn	17	Tỉnh Hoà Bình	Huyện Lạc Sơn	10
05332	Xã Hương Nhượng	17	Tỉnh Hoà Bình	Huyện Lạc Sơn	10
05335	Xã Vũ Bình	17	Tỉnh Hoà Bình	Huyện Lạc Sơn	10
05338	Xã Tự Do	17	Tỉnh Hoà Bình	Huyện Lạc Sơn	10
05341	Xã Yên Nghiệp	17	Tỉnh Hoà Bình	Huyện Lạc Sơn	10
05344	Xã Tân Mỹ	17	Tỉnh Hoà Bình	Huyện Lạc Sơn	10
05347	Xã Ân Nghĩa	17	Tỉnh Hoà Bình	Huyện Lạc Sơn	10
05350	Xã Ngọc Lâu	17	Tỉnh Hoà Bình	Huyện Lạc Sơn	10
05353	Thị trấn Hàng Trạm	17	Tỉnh Hoà Bình	Huyện Yên Thủy	9
05356	Xã Lạc Sỹ	17	Tỉnh Hoà Bình	Huyện Yên Thủy	10
05362	Xã Lạc Lương	17	Tỉnh Hoà Bình	Huyện Yên Thủy	10
05365	Xã Bảo Hiệu	17	Tỉnh Hoà Bình	Huyện Yên Thủy	10
05368	Xã Đa Phúc	17	Tỉnh Hoà Bình	Huyện Yên Thủy	10
05371	Xã Hữu Lợi	17	Tỉnh Hoà Bình	Huyện Yên Thủy	10
05374	Xã Lạc Thịnh	17	Tỉnh Hoà Bình	Huyện Yên Thủy	10
05380	Xã Đoàn Kết	17	Tỉnh Hoà Bình	Huyện Yên Thủy	10
05383	Xã Phú Lai	17	Tỉnh Hoà Bình	Huyện Yên Thủy	10
05386	Xã Yên Trị	17	Tỉnh Hoà Bình	Huyện Yên Thủy	10
05389	Xã Ngọc Lương	17	Tỉnh Hoà Bình	Huyện Yên Thủy	10
05392	Thị trấn Chi Nê	17	Tỉnh Hoà Bình	Huyện Lạc Thủy	9
05395	Xã Phú Nghĩa	17	Tỉnh Hoà Bình	Huyện Lạc Thủy	10
05398	Xã Phú Thành	17	Tỉnh Hoà Bình	Huyện Lạc Thủy	10
05404	Xã Hưng Thi	17	Tỉnh Hoà Bình	Huyện Lạc Thủy	10
05413	Xã Khoan Dụ	17	Tỉnh Hoà Bình	Huyện Lạc Thủy	10
05419	Xã Đồng Tâm	17	Tỉnh Hoà Bình	Huyện Lạc Thủy	10
05422	Xã Yên Bồng	17	Tỉnh Hoà Bình	Huyện Lạc Thủy	10
05425	Xã Thống Nhất	17	Tỉnh Hoà Bình	Huyện Lạc Thủy	10
05428	Xã An Bình	17	Tỉnh Hoà Bình	Huyện Lạc Thủy	10
05431	Phường Quán Triều	19	Tỉnh Thái Nguyên	Thành phố Thái Nguyên	8
05434	Phường Quang Vinh	19	Tỉnh Thái Nguyên	Thành phố Thái Nguyên	8
05437	Phường Túc Duyên	19	Tỉnh Thái Nguyên	Thành phố Thái Nguyên	8
05440	Phường Hoàng Văn Thụ	19	Tỉnh Thái Nguyên	Thành phố Thái Nguyên	8
05443	Phường Trưng Vương	19	Tỉnh Thái Nguyên	Thành phố Thái Nguyên	8
05446	Phường Quang Trung	19	Tỉnh Thái Nguyên	Thành phố Thái Nguyên	8
05449	Phường Phan Đình Phùng	19	Tỉnh Thái Nguyên	Thành phố Thái Nguyên	8
05452	Phường Tân Thịnh	19	Tỉnh Thái Nguyên	Thành phố Thái Nguyên	8
05455	Phường Thịnh Đán	19	Tỉnh Thái Nguyên	Thành phố Thái Nguyên	8
05458	Phường Đồng Quang	19	Tỉnh Thái Nguyên	Thành phố Thái Nguyên	8
05461	Phường Gia Sàng	19	Tỉnh Thái Nguyên	Thành phố Thái Nguyên	8
05464	Phường Tân Lập	19	Tỉnh Thái Nguyên	Thành phố Thái Nguyên	8
05467	Phường Cam Giá	19	Tỉnh Thái Nguyên	Thành phố Thái Nguyên	8
05470	Phường Phú Xá	19	Tỉnh Thái Nguyên	Thành phố Thái Nguyên	8
05473	Phường Hương Sơn	19	Tỉnh Thái Nguyên	Thành phố Thái Nguyên	8
05476	Phường Trung Thành	19	Tỉnh Thái Nguyên	Thành phố Thái Nguyên	8
05479	Phường Tân Thành	19	Tỉnh Thái Nguyên	Thành phố Thái Nguyên	8
05482	Phường Tân Long	19	Tỉnh Thái Nguyên	Thành phố Thái Nguyên	8
05485	Xã Phúc Hà	19	Tỉnh Thái Nguyên	Thành phố Thái Nguyên	10
05488	Xã Phúc Xuân	19	Tỉnh Thái Nguyên	Thành phố Thái Nguyên	10
05491	Xã Quyết Thắng	19	Tỉnh Thái Nguyên	Thành phố Thái Nguyên	10
05494	Xã Phúc Trìu	19	Tỉnh Thái Nguyên	Thành phố Thái Nguyên	10
05497	Xã Thịnh Đức	19	Tỉnh Thái Nguyên	Thành phố Thái Nguyên	10
05500	Phường Tích Lương	19	Tỉnh Thái Nguyên	Thành phố Thái Nguyên	8
05503	Xã Tân Cương	19	Tỉnh Thái Nguyên	Thành phố Thái Nguyên	10
05506	Phường Lương Sơn	19	Tỉnh Thái Nguyên	Thành phố Sông Công	8
05509	Phường Châu Sơn	19	Tỉnh Thái Nguyên	Thành phố Sông Công	8
05512	Phường Mỏ Chè	19	Tỉnh Thái Nguyên	Thành phố Sông Công	8
05515	Phường Cải Đan	19	Tỉnh Thái Nguyên	Thành phố Sông Công	8
05518	Phường Thắng Lợi	19	Tỉnh Thái Nguyên	Thành phố Sông Công	8
05521	Phường Phố Cò	19	Tỉnh Thái Nguyên	Thành phố Sông Công	8
05527	Xã Tân Quang	19	Tỉnh Thái Nguyên	Thành phố Sông Công	10
05528	Phường Bách Quang	19	Tỉnh Thái Nguyên	Thành phố Sông Công	8
05530	Xã Bình Sơn	19	Tỉnh Thái Nguyên	Thành phố Sông Công	10
05533	Xã Bá Xuyên	19	Tỉnh Thái Nguyên	Thành phố Sông Công	10
05536	Thị trấn Chợ Chu	19	Tỉnh Thái Nguyên	Huyện Định Hóa	9
05539	Xã Linh Thông	19	Tỉnh Thái Nguyên	Huyện Định Hóa	10
05542	Xã Lam Vỹ	19	Tỉnh Thái Nguyên	Huyện Định Hóa	10
05545	Xã Quy Kỳ	19	Tỉnh Thái Nguyên	Huyện Định Hóa	10
05548	Xã Tân Thịnh	19	Tỉnh Thái Nguyên	Huyện Định Hóa	10
05551	Xã Kim Phượng	19	Tỉnh Thái Nguyên	Huyện Định Hóa	10
05554	Xã Bảo Linh	19	Tỉnh Thái Nguyên	Huyện Định Hóa	10
05560	Xã Phúc Chu	19	Tỉnh Thái Nguyên	Huyện Định Hóa	10
05563	Xã Tân Dương	19	Tỉnh Thái Nguyên	Huyện Định Hóa	10
05566	Xã Phượng Tiến	19	Tỉnh Thái Nguyên	Huyện Định Hóa	10
05569	Xã Bảo Cường	19	Tỉnh Thái Nguyên	Huyện Định Hóa	10
05572	Xã Đồng Thịnh	19	Tỉnh Thái Nguyên	Huyện Định Hóa	10
05575	Xã Định Biên	19	Tỉnh Thái Nguyên	Huyện Định Hóa	10
05578	Xã Thanh Định	19	Tỉnh Thái Nguyên	Huyện Định Hóa	10
05581	Xã Trung Hội	19	Tỉnh Thái Nguyên	Huyện Định Hóa	10
05584	Xã Trung Lương	19	Tỉnh Thái Nguyên	Huyện Định Hóa	10
05587	Xã Bình Yên	19	Tỉnh Thái Nguyên	Huyện Định Hóa	10
05590	Xã Điềm Mặc	19	Tỉnh Thái Nguyên	Huyện Định Hóa	10
05593	Xã Phú Tiến	19	Tỉnh Thái Nguyên	Huyện Định Hóa	10
05596	Xã Bộc Nhiêu	19	Tỉnh Thái Nguyên	Huyện Định Hóa	10
05599	Xã Sơn Phú	19	Tỉnh Thái Nguyên	Huyện Định Hóa	10
05602	Xã Phú Đình	19	Tỉnh Thái Nguyên	Huyện Định Hóa	10
05605	Xã Bình Thành	19	Tỉnh Thái Nguyên	Huyện Định Hóa	10
05608	Thị trấn Giang Tiên	19	Tỉnh Thái Nguyên	Huyện Phú Lương	9
05611	Thị trấn Đu	19	Tỉnh Thái Nguyên	Huyện Phú Lương	9
05614	Xã Yên Ninh	19	Tỉnh Thái Nguyên	Huyện Phú Lương	10
05617	Xã Yên Trạch	19	Tỉnh Thái Nguyên	Huyện Phú Lương	10
05620	Xã Yên Đổ	19	Tỉnh Thái Nguyên	Huyện Phú Lương	10
05623	Xã Yên Lạc	19	Tỉnh Thái Nguyên	Huyện Phú Lương	10
05626	Xã Ôn Lương	19	Tỉnh Thái Nguyên	Huyện Phú Lương	10
05629	Xã Động Đạt	19	Tỉnh Thái Nguyên	Huyện Phú Lương	10
05632	Xã Phủ Lý	19	Tỉnh Thái Nguyên	Huyện Phú Lương	10
05635	Xã Phú Đô	19	Tỉnh Thái Nguyên	Huyện Phú Lương	10
05638	Xã Hợp Thành	19	Tỉnh Thái Nguyên	Huyện Phú Lương	10
05641	Xã Tức Tranh	19	Tỉnh Thái Nguyên	Huyện Phú Lương	10
05644	Xã Phấn Mễ	19	Tỉnh Thái Nguyên	Huyện Phú Lương	10
05647	Xã Vô Tranh	19	Tỉnh Thái Nguyên	Huyện Phú Lương	10
05650	Xã Cổ Lũng	19	Tỉnh Thái Nguyên	Huyện Phú Lương	10
05653	Xã Sơn Cẩm	19	Tỉnh Thái Nguyên	Thành phố Thái Nguyên	10
05656	Thị trấn Sông Cầu	19	Tỉnh Thái Nguyên	Huyện Đồng Hỷ	9
05659	Phường Chùa Hang	19	Tỉnh Thái Nguyên	Thành phố Thái Nguyên	8
05662	Thị trấn Trại Cau	19	Tỉnh Thái Nguyên	Huyện Đồng Hỷ	9
05665	Xã Văn Lăng	19	Tỉnh Thái Nguyên	Huyện Đồng Hỷ	10
05668	Xã Tân Long	19	Tỉnh Thái Nguyên	Huyện Đồng Hỷ	10
05671	Xã Hòa Bình	19	Tỉnh Thái Nguyên	Huyện Đồng Hỷ	10
05674	Xã Quang Sơn	19	Tỉnh Thái Nguyên	Huyện Đồng Hỷ	10
05677	Xã Minh Lập	19	Tỉnh Thái Nguyên	Huyện Đồng Hỷ	10
05680	Xã Văn Hán	19	Tỉnh Thái Nguyên	Huyện Đồng Hỷ	10
05683	Xã Hóa Trung	19	Tỉnh Thái Nguyên	Huyện Đồng Hỷ	10
05686	Xã Khe Mo	19	Tỉnh Thái Nguyên	Huyện Đồng Hỷ	10
05689	Xã Cây Thị	19	Tỉnh Thái Nguyên	Huyện Đồng Hỷ	10
05692	Thị trấn Hóa Thượng	19	Tỉnh Thái Nguyên	Huyện Đồng Hỷ	9
05695	Xã Cao Ngạn	19	Tỉnh Thái Nguyên	Thành phố Thái Nguyên	10
05698	Xã Hợp Tiến	19	Tỉnh Thái Nguyên	Huyện Đồng Hỷ	10
05701	Xã Linh Sơn	19	Tỉnh Thái Nguyên	Thành phố Thái Nguyên	10
05704	Xã Tân Lợi	19	Tỉnh Thái Nguyên	Huyện Đồng Hỷ	10
05707	Xã Nam Hòa	19	Tỉnh Thái Nguyên	Huyện Đồng Hỷ	10
05710	Phường Đồng Bẩm	19	Tỉnh Thái Nguyên	Thành phố Thái Nguyên	8
05713	Xã Huống Thượng	19	Tỉnh Thái Nguyên	Thành phố Thái Nguyên	10
05716	Thị trấn Đình Cả	19	Tỉnh Thái Nguyên	Huyện Võ Nhai	9
05719	Xã Sảng Mộc	19	Tỉnh Thái Nguyên	Huyện Võ Nhai	10
05722	Xã Nghinh Tường	19	Tỉnh Thái Nguyên	Huyện Võ Nhai	10
05725	Xã Thần Xa	19	Tỉnh Thái Nguyên	Huyện Võ Nhai	10
05728	Xã Vũ Chấn	19	Tỉnh Thái Nguyên	Huyện Võ Nhai	10
05731	Xã Thượng Nung	19	Tỉnh Thái Nguyên	Huyện Võ Nhai	10
05734	Xã Phú Thượng	19	Tỉnh Thái Nguyên	Huyện Võ Nhai	10
05737	Xã Cúc Đường	19	Tỉnh Thái Nguyên	Huyện Võ Nhai	10
05740	Xã La Hiên	19	Tỉnh Thái Nguyên	Huyện Võ Nhai	10
05743	Xã Lâu Thượng	19	Tỉnh Thái Nguyên	Huyện Võ Nhai	10
05746	Xã Tràng Xá	19	Tỉnh Thái Nguyên	Huyện Võ Nhai	10
05749	Xã Phương Giao	19	Tỉnh Thái Nguyên	Huyện Võ Nhai	10
05752	Xã Liên Minh	19	Tỉnh Thái Nguyên	Huyện Võ Nhai	10
05755	Xã Dân Tiến	19	Tỉnh Thái Nguyên	Huyện Võ Nhai	10
05758	Xã Bình Long	19	Tỉnh Thái Nguyên	Huyện Võ Nhai	10
05761	Thị trấn Hùng Sơn	19	Tỉnh Thái Nguyên	Huyện Đại Từ	9
05767	Xã Phúc Lương	19	Tỉnh Thái Nguyên	Huyện Đại Từ	10
05770	Xã Minh Tiến	19	Tỉnh Thái Nguyên	Huyện Đại Từ	10
05773	Xã Yên Lãng	19	Tỉnh Thái Nguyên	Huyện Đại Từ	10
05776	Xã Đức Lương	19	Tỉnh Thái Nguyên	Huyện Đại Từ	10
05779	Xã Phú Cường	19	Tỉnh Thái Nguyên	Huyện Đại Từ	10
05782	Xã Na Mao	19	Tỉnh Thái Nguyên	Huyện Đại Từ	10
05785	Xã Phú Lạc	19	Tỉnh Thái Nguyên	Huyện Đại Từ	10
05788	Xã Tân Linh	19	Tỉnh Thái Nguyên	Huyện Đại Từ	10
05791	Xã Phú Thịnh	19	Tỉnh Thái Nguyên	Huyện Đại Từ	10
05794	Xã Phục Linh	19	Tỉnh Thái Nguyên	Huyện Đại Từ	10
05797	Xã Phú Xuyên	19	Tỉnh Thái Nguyên	Huyện Đại Từ	10
05800	Xã Bản Ngoại	19	Tỉnh Thái Nguyên	Huyện Đại Từ	10
05803	Xã Tiên Hội	19	Tỉnh Thái Nguyên	Huyện Đại Từ	10
05809	Xã Cù Vân	19	Tỉnh Thái Nguyên	Huyện Đại Từ	10
05812	Xã Hà Thượng	19	Tỉnh Thái Nguyên	Huyện Đại Từ	10
05815	Xã La Bằng	19	Tỉnh Thái Nguyên	Huyện Đại Từ	10
05818	Xã Hoàng Nông	19	Tỉnh Thái Nguyên	Huyện Đại Từ	10
05821	Xã Khôi Kỳ	19	Tỉnh Thái Nguyên	Huyện Đại Từ	10
05824	Xã An Khánh	19	Tỉnh Thái Nguyên	Huyện Đại Từ	10
05827	Xã Tân Thái	19	Tỉnh Thái Nguyên	Huyện Đại Từ	10
05830	Xã Bình Thuận	19	Tỉnh Thái Nguyên	Huyện Đại Từ	10
05833	Xã Lục Ba	19	Tỉnh Thái Nguyên	Huyện Đại Từ	10
05836	Xã Mỹ Yên	19	Tỉnh Thái Nguyên	Huyện Đại Từ	10
05839	Xã Vạn Thọ	19	Tỉnh Thái Nguyên	Huyện Đại Từ	10
05842	Xã Văn Yên	19	Tỉnh Thái Nguyên	Huyện Đại Từ	10
05845	Xã Ký Phú	19	Tỉnh Thái Nguyên	Huyện Đại Từ	10
05848	Xã Cát Nê	19	Tỉnh Thái Nguyên	Huyện Đại Từ	10
05851	Thị trấn Quân Chu	19	Tỉnh Thái Nguyên	Huyện Đại Từ	9
05854	Phường Bãi Bông	19	Tỉnh Thái Nguyên	Thành phố Phổ Yên	8
05857	Phường Bắc Sơn	19	Tỉnh Thái Nguyên	Thành phố Phổ Yên	8
05860	Phường Ba Hàng	19	Tỉnh Thái Nguyên	Thành phố Phổ Yên	8
05863	Xã Phúc Tân	19	Tỉnh Thái Nguyên	Thành phố Phổ Yên	10
05866	Xã Phúc Thuận	19	Tỉnh Thái Nguyên	Thành phố Phổ Yên	10
05869	Phường Hồng Tiến	19	Tỉnh Thái Nguyên	Thành phố Phổ Yên	8
05872	Xã Minh Đức	19	Tỉnh Thái Nguyên	Thành phố Phổ Yên	10
05875	Phường Đắc Sơn	19	Tỉnh Thái Nguyên	Thành phố Phổ Yên	8
05878	Phường Đồng Tiến	19	Tỉnh Thái Nguyên	Thành phố Phổ Yên	8
05881	Xã Thành Công	19	Tỉnh Thái Nguyên	Thành phố Phổ Yên	10
05884	Phường Tiên Phong	19	Tỉnh Thái Nguyên	Thành phố Phổ Yên	8
05887	Xã Vạn Phái	19	Tỉnh Thái Nguyên	Thành phố Phổ Yên	10
05890	Phường Nam Tiến	19	Tỉnh Thái Nguyên	Thành phố Phổ Yên	8
05893	Phường Tân Hương	19	Tỉnh Thái Nguyên	Thành phố Phổ Yên	8
05896	Phường Đông Cao	19	Tỉnh Thái Nguyên	Thành phố Phổ Yên	8
05899	Phường Trung Thành	19	Tỉnh Thái Nguyên	Thành phố Phổ Yên	8
05902	Phường Tân Phú	19	Tỉnh Thái Nguyên	Thành phố Phổ Yên	8
05905	Phường Thuận Thành	19	Tỉnh Thái Nguyên	Thành phố Phổ Yên	8
05908	Thị trấn Hương Sơn	19	Tỉnh Thái Nguyên	Huyện Phú Bình	9
05911	Xã Bàn Đạt	19	Tỉnh Thái Nguyên	Huyện Phú Bình	10
05914	Xã Đồng Liên	19	Tỉnh Thái Nguyên	Thành phố Thái Nguyên	10
05917	Xã Tân Khánh	19	Tỉnh Thái Nguyên	Huyện Phú Bình	10
05920	Xã Tân Kim	19	Tỉnh Thái Nguyên	Huyện Phú Bình	10
05923	Xã Tân Thành	19	Tỉnh Thái Nguyên	Huyện Phú Bình	10
05926	Xã Đào Xá	19	Tỉnh Thái Nguyên	Huyện Phú Bình	10
05929	Xã Bảo Lý	19	Tỉnh Thái Nguyên	Huyện Phú Bình	10
05932	Xã Thượng Đình	19	Tỉnh Thái Nguyên	Huyện Phú Bình	10
05935	Xã Tân Hòa	19	Tỉnh Thái Nguyên	Huyện Phú Bình	10
05938	Xã Nhã Lộng	19	Tỉnh Thái Nguyên	Huyện Phú Bình	10
05941	Xã Điềm Thụy	19	Tỉnh Thái Nguyên	Huyện Phú Bình	10
05944	Xã Xuân Phương	19	Tỉnh Thái Nguyên	Huyện Phú Bình	10
05947	Xã Tân Đức	19	Tỉnh Thái Nguyên	Huyện Phú Bình	10
05950	Xã Úc Kỳ	19	Tỉnh Thái Nguyên	Huyện Phú Bình	10
05953	Xã Lương Phú	19	Tỉnh Thái Nguyên	Huyện Phú Bình	10
05956	Xã Nga My	19	Tỉnh Thái Nguyên	Huyện Phú Bình	10
05959	Xã Kha Sơn	19	Tỉnh Thái Nguyên	Huyện Phú Bình	10
05962	Xã Thanh Ninh	19	Tỉnh Thái Nguyên	Huyện Phú Bình	10
05965	Xã Dương Thành	19	Tỉnh Thái Nguyên	Huyện Phú Bình	10
05968	Xã Hà Châu	19	Tỉnh Thái Nguyên	Huyện Phú Bình	10
05971	Phường Hoàng Văn Thụ	20	Tỉnh Lạng Sơn	Thành phố Lạng Sơn	8
05974	Phường Tam Thanh	20	Tỉnh Lạng Sơn	Thành phố Lạng Sơn	8
05977	Phường Vĩnh Trại	20	Tỉnh Lạng Sơn	Thành phố Lạng Sơn	8
05980	Phường Đông Kinh	20	Tỉnh Lạng Sơn	Thành phố Lạng Sơn	8
05983	Phường Chi Lăng	20	Tỉnh Lạng Sơn	Thành phố Lạng Sơn	8
05986	Xã Hoàng Đồng	20	Tỉnh Lạng Sơn	Thành phố Lạng Sơn	10
05989	Xã Quảng Lạc	20	Tỉnh Lạng Sơn	Thành phố Lạng Sơn	10
05992	Xã Mai Pha	20	Tỉnh Lạng Sơn	Thành phố Lạng Sơn	10
05995	Thị trấn Thất Khê	20	Tỉnh Lạng Sơn	Huyện Tràng Định	9
05998	Xã Khánh Long	20	Tỉnh Lạng Sơn	Huyện Tràng Định	10
06001	Xã Đoàn Kết	20	Tỉnh Lạng Sơn	Huyện Tràng Định	10
06004	Xã Quốc Khánh	20	Tỉnh Lạng Sơn	Huyện Tràng Định	10
06007	Xã Vĩnh Tiến	20	Tỉnh Lạng Sơn	Huyện Tràng Định	10
06010	Xã Cao Minh	20	Tỉnh Lạng Sơn	Huyện Tràng Định	10
06013	Xã Chí Minh	20	Tỉnh Lạng Sơn	Huyện Tràng Định	10
06016	Xã Tri Phương	20	Tỉnh Lạng Sơn	Huyện Tràng Định	10
06019	Xã Tân Tiến	20	Tỉnh Lạng Sơn	Huyện Tràng Định	10
06022	Xã Tân Yên	20	Tỉnh Lạng Sơn	Huyện Tràng Định	10
06025	Xã Đội Cấn	20	Tỉnh Lạng Sơn	Huyện Tràng Định	10
06028	Xã Tân Minh	20	Tỉnh Lạng Sơn	Huyện Tràng Định	10
06031	Xã Kim Đồng	20	Tỉnh Lạng Sơn	Huyện Tràng Định	10
06034	Xã Chi Lăng	20	Tỉnh Lạng Sơn	Huyện Tràng Định	10
06037	Xã Trung Thành	20	Tỉnh Lạng Sơn	Huyện Tràng Định	10
06040	Xã Đại Đồng	20	Tỉnh Lạng Sơn	Huyện Tràng Định	10
06043	Xã Đào Viên	20	Tỉnh Lạng Sơn	Huyện Tràng Định	10
06046	Xã Đề Thám	20	Tỉnh Lạng Sơn	Huyện Tràng Định	10
06049	Xã Kháng Chiến	20	Tỉnh Lạng Sơn	Huyện Tràng Định	10
06055	Xã Hùng Sơn	20	Tỉnh Lạng Sơn	Huyện Tràng Định	10
06058	Xã Quốc Việt	20	Tỉnh Lạng Sơn	Huyện Tràng Định	10
06061	Xã Hùng Việt	20	Tỉnh Lạng Sơn	Huyện Tràng Định	10
06067	Xã Hưng Đạo	20	Tỉnh Lạng Sơn	Huyện Bình Gia	10
06070	Xã Vĩnh Yên	20	Tỉnh Lạng Sơn	Huyện Bình Gia	10
06073	Xã Hoa Thám	20	Tỉnh Lạng Sơn	Huyện Bình Gia	10
06076	Xã Quý Hòa	20	Tỉnh Lạng Sơn	Huyện Bình Gia	10
06079	Xã Hồng Phong	20	Tỉnh Lạng Sơn	Huyện Bình Gia	10
06082	Xã Yên Lỗ	20	Tỉnh Lạng Sơn	Huyện Bình Gia	10
06085	Xã Thiện Hòa	20	Tỉnh Lạng Sơn	Huyện Bình Gia	10
06088	Xã Quang Trung	20	Tỉnh Lạng Sơn	Huyện Bình Gia	10
06091	Xã Thiện Thuật	20	Tỉnh Lạng Sơn	Huyện Bình Gia	10
06094	Xã Minh Khai	20	Tỉnh Lạng Sơn	Huyện Bình Gia	10
06097	Xã Thiện Long	20	Tỉnh Lạng Sơn	Huyện Bình Gia	10
06100	Xã Hoàng Văn Thụ	20	Tỉnh Lạng Sơn	Huyện Bình Gia	10
06103	Xã Hòa Bình	20	Tỉnh Lạng Sơn	Huyện Bình Gia	10
06106	Xã Mông Ân	20	Tỉnh Lạng Sơn	Huyện Bình Gia	10
06109	Xã Tân Hòa	20	Tỉnh Lạng Sơn	Huyện Bình Gia	10
06112	Thị trấn Bình Gia	20	Tỉnh Lạng Sơn	Huyện Bình Gia	9
06115	Xã Hồng Thái	20	Tỉnh Lạng Sơn	Huyện Bình Gia	10
06118	Xã Bình La	20	Tỉnh Lạng Sơn	Huyện Bình Gia	10
06121	Xã Tân Văn	20	Tỉnh Lạng Sơn	Huyện Bình Gia	10
06124	Thị trấn Na Sầm	20	Tỉnh Lạng Sơn	Huyện Văn Lãng	9
06127	Xã Trùng Khánh	20	Tỉnh Lạng Sơn	Huyện Văn Lãng	10
06133	Xã Bắc La	20	Tỉnh Lạng Sơn	Huyện Văn Lãng	10
06136	Xã Thụy Hùng	20	Tỉnh Lạng Sơn	Huyện Văn Lãng	10
06139	Xã Bắc Hùng	20	Tỉnh Lạng Sơn	Huyện Văn Lãng	10
06142	Xã Tân Tác	20	Tỉnh Lạng Sơn	Huyện Văn Lãng	10
06148	Xã Thanh Long	20	Tỉnh Lạng Sơn	Huyện Văn Lãng	10
06151	Xã Hội Hoan	20	Tỉnh Lạng Sơn	Huyện Văn Lãng	10
06154	Xã Bắc Việt	20	Tỉnh Lạng Sơn	Huyện Văn Lãng	10
06157	Xã Hoàng Việt	20	Tỉnh Lạng Sơn	Huyện Văn Lãng	10
06160	Xã Gia Miễn	20	Tỉnh Lạng Sơn	Huyện Văn Lãng	10
06163	Xã Thành Hòa	20	Tỉnh Lạng Sơn	Huyện Văn Lãng	10
06166	Xã Tân Thanh	20	Tỉnh Lạng Sơn	Huyện Văn Lãng	10
06172	Xã Tân Mỹ	20	Tỉnh Lạng Sơn	Huyện Văn Lãng	10
06175	Xã Hồng Thái	20	Tỉnh Lạng Sơn	Huyện Văn Lãng	10
06178	Xã Hoàng Văn Thụ	20	Tỉnh Lạng Sơn	Huyện Văn Lãng	10
06181	Xã Nhạc Kỳ	20	Tỉnh Lạng Sơn	Huyện Văn Lãng	10
06184	Thị trấn Đồng Đăng	20	Tỉnh Lạng Sơn	Huyện Cao Lộc	9
06187	Thị trấn Cao Lộc	20	Tỉnh Lạng Sơn	Huyện Cao Lộc	9
06190	Xã Bảo Lâm	20	Tỉnh Lạng Sơn	Huyện Cao Lộc	10
06193	Xã Thanh Lòa	20	Tỉnh Lạng Sơn	Huyện Cao Lộc	10
06196	Xã Cao Lâu	20	Tỉnh Lạng Sơn	Huyện Cao Lộc	10
06199	Xã Thạch Đạn	20	Tỉnh Lạng Sơn	Huyện Cao Lộc	10
06202	Xã Xuất Lễ	20	Tỉnh Lạng Sơn	Huyện Cao Lộc	10
06205	Xã Hồng Phong	20	Tỉnh Lạng Sơn	Huyện Cao Lộc	10
06208	Xã Thụy Hùng	20	Tỉnh Lạng Sơn	Huyện Cao Lộc	10
06211	Xã Lộc Yên	20	Tỉnh Lạng Sơn	Huyện Cao Lộc	10
06214	Xã Phú Xá	20	Tỉnh Lạng Sơn	Huyện Cao Lộc	10
06217	Xã Bình Trung	20	Tỉnh Lạng Sơn	Huyện Cao Lộc	10
06220	Xã Hải Yến	20	Tỉnh Lạng Sơn	Huyện Cao Lộc	10
06223	Xã Hòa Cư	20	Tỉnh Lạng Sơn	Huyện Cao Lộc	10
06226	Xã Hợp Thành	20	Tỉnh Lạng Sơn	Huyện Cao Lộc	10
06232	Xã Công Sơn	20	Tỉnh Lạng Sơn	Huyện Cao Lộc	10
06235	Xã Gia Cát	20	Tỉnh Lạng Sơn	Huyện Cao Lộc	10
06238	Xã Mẫu Sơn	20	Tỉnh Lạng Sơn	Huyện Cao Lộc	10
06241	Xã Xuân Long	20	Tỉnh Lạng Sơn	Huyện Cao Lộc	10
06244	Xã Tân Liên	20	Tỉnh Lạng Sơn	Huyện Cao Lộc	10
06247	Xã Yên Trạch	20	Tỉnh Lạng Sơn	Huyện Cao Lộc	10
06250	Xã Tân Thành	20	Tỉnh Lạng Sơn	Huyện Cao Lộc	10
06253	Thị trấn Văn Quan	20	Tỉnh Lạng Sơn	Huyện Văn Quan	9
06256	Xã Trấn Ninh	20	Tỉnh Lạng Sơn	Huyện Văn Quan	10
06268	Xã Liên Hội	20	Tỉnh Lạng Sơn	Huyện Văn Quan	10
06274	Xã Hòa Bình	20	Tỉnh Lạng Sơn	Huyện Văn Quan	10
06277	Xã Tú Xuyên	20	Tỉnh Lạng Sơn	Huyện Văn Quan	10
06280	Xã Điềm He	20	Tỉnh Lạng Sơn	Huyện Văn Quan	10
06283	Xã An Sơn	20	Tỉnh Lạng Sơn	Huyện Văn Quan	10
06286	Xã Khánh Khê	20	Tỉnh Lạng Sơn	Huyện Văn Quan	10
06292	Xã Lương Năng	20	Tỉnh Lạng Sơn	Huyện Văn Quan	10
06295	Xã Đồng Giáp	20	Tỉnh Lạng Sơn	Huyện Văn Quan	10
06298	Xã Bình Phúc	20	Tỉnh Lạng Sơn	Huyện Văn Quan	10
06301	Xã Tràng Các	20	Tỉnh Lạng Sơn	Huyện Văn Quan	10
06307	Xã Tân Đoàn	20	Tỉnh Lạng Sơn	Huyện Văn Quan	10
06313	Xã Tri Lễ	20	Tỉnh Lạng Sơn	Huyện Văn Quan	10
06316	Xã Tràng Phái	20	Tỉnh Lạng Sơn	Huyện Văn Quan	10
06319	Xã Yên Phúc	20	Tỉnh Lạng Sơn	Huyện Văn Quan	10
06322	Xã Hữu Lễ	20	Tỉnh Lạng Sơn	Huyện Văn Quan	10
06325	Thị trấn Bắc Sơn	20	Tỉnh Lạng Sơn	Huyện Bắc Sơn	9
06328	Xã Long Đống	20	Tỉnh Lạng Sơn	Huyện Bắc Sơn	10
06331	Xã Vạn Thủy	20	Tỉnh Lạng Sơn	Huyện Bắc Sơn	10
06337	Xã Đồng ý	20	Tỉnh Lạng Sơn	Huyện Bắc Sơn	10
06340	Xã Tân Tri	20	Tỉnh Lạng Sơn	Huyện Bắc Sơn	10
06343	Xã Bắc Quỳnh	20	Tỉnh Lạng Sơn	Huyện Bắc Sơn	10
06349	Xã Hưng Vũ	20	Tỉnh Lạng Sơn	Huyện Bắc Sơn	10
06352	Xã Tân Lập	20	Tỉnh Lạng Sơn	Huyện Bắc Sơn	10
06355	Xã Vũ Sơn	20	Tỉnh Lạng Sơn	Huyện Bắc Sơn	10
06358	Xã Chiêu Vũ	20	Tỉnh Lạng Sơn	Huyện Bắc Sơn	10
06361	Xã Tân Hương	20	Tỉnh Lạng Sơn	Huyện Bắc Sơn	10
06364	Xã Chiến Thắng	20	Tỉnh Lạng Sơn	Huyện Bắc Sơn	10
06367	Xã Vũ Lăng	20	Tỉnh Lạng Sơn	Huyện Bắc Sơn	10
06370	Xã Trấn Yên	20	Tỉnh Lạng Sơn	Huyện Bắc Sơn	10
06373	Xã Vũ Lễ	20	Tỉnh Lạng Sơn	Huyện Bắc Sơn	10
06376	Xã Nhất Hòa	20	Tỉnh Lạng Sơn	Huyện Bắc Sơn	10
06379	Xã Tân Thành	20	Tỉnh Lạng Sơn	Huyện Bắc Sơn	10
06382	Xã Nhất Tiến	20	Tỉnh Lạng Sơn	Huyện Bắc Sơn	10
06385	Thị trấn Hữu Lũng	20	Tỉnh Lạng Sơn	Huyện Hữu Lũng	9
06388	Xã Hữu Liên	20	Tỉnh Lạng Sơn	Huyện Hữu Lũng	10
06391	Xã Yên Bình	20	Tỉnh Lạng Sơn	Huyện Hữu Lũng	10
06394	Xã Quyết Thắng	20	Tỉnh Lạng Sơn	Huyện Hữu Lũng	10
06397	Xã Hòa Bình	20	Tỉnh Lạng Sơn	Huyện Hữu Lũng	10
06400	Xã Yên Thịnh	20	Tỉnh Lạng Sơn	Huyện Hữu Lũng	10
06403	Xã Yên Sơn	20	Tỉnh Lạng Sơn	Huyện Hữu Lũng	10
06406	Xã Thiện Tân	20	Tỉnh Lạng Sơn	Huyện Hữu Lũng	10
06412	Xã Yên Vượng	20	Tỉnh Lạng Sơn	Huyện Hữu Lũng	10
06415	Xã Minh Tiến	20	Tỉnh Lạng Sơn	Huyện Hữu Lũng	10
06418	Xã Nhật Tiến	20	Tỉnh Lạng Sơn	Huyện Hữu Lũng	10
06421	Xã Thanh Sơn	20	Tỉnh Lạng Sơn	Huyện Hữu Lũng	10
06424	Xã Đồng Tân	20	Tỉnh Lạng Sơn	Huyện Hữu Lũng	10
06427	Xã Cai Kinh	20	Tỉnh Lạng Sơn	Huyện Hữu Lũng	10
06430	Xã Hòa Lạc	20	Tỉnh Lạng Sơn	Huyện Hữu Lũng	10
06433	Xã Vân Nham	20	Tỉnh Lạng Sơn	Huyện Hữu Lũng	10
06436	Xã Đồng Tiến	20	Tỉnh Lạng Sơn	Huyện Hữu Lũng	10
06442	Xã Tân Thành	20	Tỉnh Lạng Sơn	Huyện Hữu Lũng	10
06445	Xã Hòa Sơn	20	Tỉnh Lạng Sơn	Huyện Hữu Lũng	10
06448	Xã Minh Sơn	20	Tỉnh Lạng Sơn	Huyện Hữu Lũng	10
06451	Xã Hồ Sơn	20	Tỉnh Lạng Sơn	Huyện Hữu Lũng	10
06454	Xã Sơn Hà	20	Tỉnh Lạng Sơn	Huyện Hữu Lũng	10
06457	Xã Minh Hòa	20	Tỉnh Lạng Sơn	Huyện Hữu Lũng	10
06460	Xã Hòa Thắng	20	Tỉnh Lạng Sơn	Huyện Hữu Lũng	10
06463	Thị trấn Đồng Mỏ	20	Tỉnh Lạng Sơn	Huyện Chi Lăng	9
06466	Thị trấn Chi Lăng	20	Tỉnh Lạng Sơn	Huyện Chi Lăng	9
06469	Xã Vân An	20	Tỉnh Lạng Sơn	Huyện Chi Lăng	10
06472	Xã Vân Thủy	20	Tỉnh Lạng Sơn	Huyện Chi Lăng	10
06475	Xã Gia Lộc	20	Tỉnh Lạng Sơn	Huyện Chi Lăng	10
06478	Xã Bắc Thủy	20	Tỉnh Lạng Sơn	Huyện Chi Lăng	10
06481	Xã Chiến Thắng	20	Tỉnh Lạng Sơn	Huyện Chi Lăng	10
06484	Xã Mai Sao	20	Tỉnh Lạng Sơn	Huyện Chi Lăng	10
06487	Xã Bằng Hữu	20	Tỉnh Lạng Sơn	Huyện Chi Lăng	10
06490	Xã Thượng Cường	20	Tỉnh Lạng Sơn	Huyện Chi Lăng	10
06493	Xã Bằng Mạc	20	Tỉnh Lạng Sơn	Huyện Chi Lăng	10
06496	Xã Nhân Lý	20	Tỉnh Lạng Sơn	Huyện Chi Lăng	10
06499	Xã Lâm Sơn	20	Tỉnh Lạng Sơn	Huyện Chi Lăng	10
06502	Xã Liên Sơn	20	Tỉnh Lạng Sơn	Huyện Chi Lăng	10
06505	Xã Vạn Linh	20	Tỉnh Lạng Sơn	Huyện Chi Lăng	10
06508	Xã Hòa Bình	20	Tỉnh Lạng Sơn	Huyện Chi Lăng	10
06514	Xã Hữu Kiên	20	Tỉnh Lạng Sơn	Huyện Chi Lăng	10
06517	Xã Quan Sơn	20	Tỉnh Lạng Sơn	Huyện Chi Lăng	10
06520	Xã Y Tịch	20	Tỉnh Lạng Sơn	Huyện Chi Lăng	10
06523	Xã Chi Lăng	20	Tỉnh Lạng Sơn	Huyện Chi Lăng	10
06526	Thị trấn Na Dương	20	Tỉnh Lạng Sơn	Huyện Lộc Bình	9
06529	Thị trấn Lộc Bình	20	Tỉnh Lạng Sơn	Huyện Lộc Bình	9
06532	Xã Mẫu Sơn	20	Tỉnh Lạng Sơn	Huyện Lộc Bình	10
06541	Xã Yên Khoái	20	Tỉnh Lạng Sơn	Huyện Lộc Bình	10
06544	Xã Khánh Xuân	20	Tỉnh Lạng Sơn	Huyện Lộc Bình	10
06547	Xã Tú Mịch	20	Tỉnh Lạng Sơn	Huyện Lộc Bình	10
06550	Xã Hữu Khánh	20	Tỉnh Lạng Sơn	Huyện Lộc Bình	10
06553	Xã Đồng Bục	20	Tỉnh Lạng Sơn	Huyện Lộc Bình	10
06559	Xã Tam Gia	20	Tỉnh Lạng Sơn	Huyện Lộc Bình	10
06562	Xã Tú Đoạn	20	Tỉnh Lạng Sơn	Huyện Lộc Bình	10
06565	Xã Khuất Xá	20	Tỉnh Lạng Sơn	Huyện Lộc Bình	10
06574	Xã Tĩnh Bắc	20	Tỉnh Lạng Sơn	Huyện Lộc Bình	10
06577	Xã Thống Nhất	20	Tỉnh Lạng Sơn	Huyện Lộc Bình	10
06589	Xã Sàn Viên	20	Tỉnh Lạng Sơn	Huyện Lộc Bình	10
06592	Xã Đông Quan	20	Tỉnh Lạng Sơn	Huyện Lộc Bình	10
06595	Xã Minh Hiệp	20	Tỉnh Lạng Sơn	Huyện Lộc Bình	10
06598	Xã Hữu Lân	20	Tỉnh Lạng Sơn	Huyện Lộc Bình	10
06601	Xã Lợi Bác	20	Tỉnh Lạng Sơn	Huyện Lộc Bình	10
06604	Xã Nam Quan	20	Tỉnh Lạng Sơn	Huyện Lộc Bình	10
06607	Xã Xuân Dương	20	Tỉnh Lạng Sơn	Huyện Lộc Bình	10
06610	Xã Ái Quốc	20	Tỉnh Lạng Sơn	Huyện Lộc Bình	10
06613	Thị trấn Đình Lập	20	Tỉnh Lạng Sơn	Huyện Đình Lập	9
06616	Thị trấn NT Thái Bình	20	Tỉnh Lạng Sơn	Huyện Đình Lập	9
06619	Xã Bắc Xa	20	Tỉnh Lạng Sơn	Huyện Đình Lập	10
06622	Xã Bính Xá	20	Tỉnh Lạng Sơn	Huyện Đình Lập	10
06625	Xã Kiên Mộc	20	Tỉnh Lạng Sơn	Huyện Đình Lập	10
06628	Xã Đình Lập	20	Tỉnh Lạng Sơn	Huyện Đình Lập	10
06631	Xã Thái Bình	20	Tỉnh Lạng Sơn	Huyện Đình Lập	10
06634	Xã Cường Lợi	20	Tỉnh Lạng Sơn	Huyện Đình Lập	10
06637	Xã Châu Sơn	20	Tỉnh Lạng Sơn	Huyện Đình Lập	10
06640	Xã Lâm Ca	20	Tỉnh Lạng Sơn	Huyện Đình Lập	10
06643	Xã Đồng Thắng	20	Tỉnh Lạng Sơn	Huyện Đình Lập	10
06646	Xã Bắc Lãng	20	Tỉnh Lạng Sơn	Huyện Đình Lập	10
06649	Phường Hà Khánh	22	Tỉnh Quảng Ninh	Thành phố Hạ Long	8
06652	Phường Hà Phong	22	Tỉnh Quảng Ninh	Thành phố Hạ Long	8
06655	Phường Hà Khẩu	22	Tỉnh Quảng Ninh	Thành phố Hạ Long	8
06658	Phường Cao Xanh	22	Tỉnh Quảng Ninh	Thành phố Hạ Long	8
06661	Phường Giếng Đáy	22	Tỉnh Quảng Ninh	Thành phố Hạ Long	8
06664	Phường Hà Tu	22	Tỉnh Quảng Ninh	Thành phố Hạ Long	8
06667	Phường Hà Trung	22	Tỉnh Quảng Ninh	Thành phố Hạ Long	8
06670	Phường Hà Lầm	22	Tỉnh Quảng Ninh	Thành phố Hạ Long	8
06673	Phường Bãi Cháy	22	Tỉnh Quảng Ninh	Thành phố Hạ Long	8
06676	Phường Cao Thắng	22	Tỉnh Quảng Ninh	Thành phố Hạ Long	8
06679	Phường Hùng Thắng	22	Tỉnh Quảng Ninh	Thành phố Hạ Long	8
06682	Phường Yết Kiêu	22	Tỉnh Quảng Ninh	Thành phố Hạ Long	8
06685	Phường Trần Hưng Đạo	22	Tỉnh Quảng Ninh	Thành phố Hạ Long	8
06688	Phường Hồng Hải	22	Tỉnh Quảng Ninh	Thành phố Hạ Long	8
06691	Phường Hồng Gai	22	Tỉnh Quảng Ninh	Thành phố Hạ Long	8
06694	Phường Bạch Đằng	22	Tỉnh Quảng Ninh	Thành phố Hạ Long	8
06697	Phường Hồng Hà	22	Tỉnh Quảng Ninh	Thành phố Hạ Long	8
06700	Phường Tuần Châu	22	Tỉnh Quảng Ninh	Thành phố Hạ Long	8
06703	Phường Việt Hưng	22	Tỉnh Quảng Ninh	Thành phố Hạ Long	8
06706	Phường Đại Yên	22	Tỉnh Quảng Ninh	Thành phố Hạ Long	8
06709	Phường Ka Long	22	Tỉnh Quảng Ninh	Thành phố Móng Cái	8
06712	Phường Trần Phú	22	Tỉnh Quảng Ninh	Thành phố Móng Cái	8
06715	Phường Ninh Dương	22	Tỉnh Quảng Ninh	Thành phố Móng Cái	8
06718	Phường Hoà Lạc	22	Tỉnh Quảng Ninh	Thành phố Móng Cái	8
06721	Phường Trà Cổ	22	Tỉnh Quảng Ninh	Thành phố Móng Cái	8
06724	Xã Hải Sơn	22	Tỉnh Quảng Ninh	Thành phố Móng Cái	10
06727	Xã Bắc Sơn	22	Tỉnh Quảng Ninh	Thành phố Móng Cái	10
06730	Xã Hải Đông	22	Tỉnh Quảng Ninh	Thành phố Móng Cái	10
06733	Xã Hải Tiến	22	Tỉnh Quảng Ninh	Thành phố Móng Cái	10
06736	Phường Hải Yên	22	Tỉnh Quảng Ninh	Thành phố Móng Cái	8
06739	Xã Quảng Nghĩa	22	Tỉnh Quảng Ninh	Thành phố Móng Cái	10
06742	Phường Hải Hoà	22	Tỉnh Quảng Ninh	Thành phố Móng Cái	8
06745	Xã Hải Xuân	22	Tỉnh Quảng Ninh	Thành phố Móng Cái	10
06748	Xã Vạn Ninh	22	Tỉnh Quảng Ninh	Thành phố Móng Cái	10
06751	Phường Bình Ngọc	22	Tỉnh Quảng Ninh	Thành phố Móng Cái	8
06754	Xã Vĩnh Trung	22	Tỉnh Quảng Ninh	Thành phố Móng Cái	10
06757	Xã Vĩnh Thực	22	Tỉnh Quảng Ninh	Thành phố Móng Cái	10
06760	Phường Mông Dương	22	Tỉnh Quảng Ninh	Thành phố Cẩm Phả	8
06763	Phường Cửa Ông	22	Tỉnh Quảng Ninh	Thành phố Cẩm Phả	8
06766	Phường Cẩm Sơn	22	Tỉnh Quảng Ninh	Thành phố Cẩm Phả	8
06769	Phường Cẩm Đông	22	Tỉnh Quảng Ninh	Thành phố Cẩm Phả	8
06772	Phường Cẩm Phú	22	Tỉnh Quảng Ninh	Thành phố Cẩm Phả	8
06775	Phường Cẩm Tây	22	Tỉnh Quảng Ninh	Thành phố Cẩm Phả	8
06778	Phường Quang Hanh	22	Tỉnh Quảng Ninh	Thành phố Cẩm Phả	8
06781	Phường Cẩm Thịnh	22	Tỉnh Quảng Ninh	Thành phố Cẩm Phả	8
06784	Phường Cẩm Thủy	22	Tỉnh Quảng Ninh	Thành phố Cẩm Phả	8
06787	Phường Cẩm Thạch	22	Tỉnh Quảng Ninh	Thành phố Cẩm Phả	8
06790	Phường Cẩm Thành	22	Tỉnh Quảng Ninh	Thành phố Cẩm Phả	8
06793	Phường Cẩm Trung	22	Tỉnh Quảng Ninh	Thành phố Cẩm Phả	8
06796	Phường Cẩm Bình	22	Tỉnh Quảng Ninh	Thành phố Cẩm Phả	8
06799	Xã Cộng Hòa	22	Tỉnh Quảng Ninh	Thành phố Cẩm Phả	10
06802	Xã Cẩm Hải	22	Tỉnh Quảng Ninh	Thành phố Cẩm Phả	10
06805	Xã Dương Huy	22	Tỉnh Quảng Ninh	Thành phố Cẩm Phả	10
06808	Phường Vàng Danh	22	Tỉnh Quảng Ninh	Thành phố Uông Bí	8
06811	Phường Thanh Sơn	22	Tỉnh Quảng Ninh	Thành phố Uông Bí	8
06814	Phường Bắc Sơn	22	Tỉnh Quảng Ninh	Thành phố Uông Bí	8
06817	Phường Quang Trung	22	Tỉnh Quảng Ninh	Thành phố Uông Bí	8
06820	Phường Trưng Vương	22	Tỉnh Quảng Ninh	Thành phố Uông Bí	8
06823	Phường Nam Khê	22	Tỉnh Quảng Ninh	Thành phố Uông Bí	8
06826	Phường Yên Thanh	22	Tỉnh Quảng Ninh	Thành phố Uông Bí	8
06829	Xã Thượng Yên Công	22	Tỉnh Quảng Ninh	Thành phố Uông Bí	10
06832	Phường Phương Đông	22	Tỉnh Quảng Ninh	Thành phố Uông Bí	8
06835	Phường Phương Nam	22	Tỉnh Quảng Ninh	Thành phố Uông Bí	8
06838	Thị trấn Bình Liêu	22	Tỉnh Quảng Ninh	Huyện Bình Liêu	9
06841	Xã Hoành Mô	22	Tỉnh Quảng Ninh	Huyện Bình Liêu	10
06844	Xã Đồng Tâm	22	Tỉnh Quảng Ninh	Huyện Bình Liêu	10
06847	Xã Đồng Văn	22	Tỉnh Quảng Ninh	Huyện Bình Liêu	10
06853	Xã Vô Ngại	22	Tỉnh Quảng Ninh	Huyện Bình Liêu	10
06856	Xã Lục Hồn	22	Tỉnh Quảng Ninh	Huyện Bình Liêu	10
06859	Xã Húc Động	22	Tỉnh Quảng Ninh	Huyện Bình Liêu	10
06862	Thị trấn Tiên Yên	22	Tỉnh Quảng Ninh	Huyện Tiên Yên	9
06865	Xã Hà Lâu	22	Tỉnh Quảng Ninh	Huyện Tiên Yên	10
06868	Xã Đại Dực	22	Tỉnh Quảng Ninh	Huyện Tiên Yên	10
06871	Xã Phong Dụ	22	Tỉnh Quảng Ninh	Huyện Tiên Yên	10
06874	Xã Điền Xá	22	Tỉnh Quảng Ninh	Huyện Tiên Yên	10
06877	Xã Đông Ngũ	22	Tỉnh Quảng Ninh	Huyện Tiên Yên	10
06880	Xã Yên Than	22	Tỉnh Quảng Ninh	Huyện Tiên Yên	10
06883	Xã Đông Hải	22	Tỉnh Quảng Ninh	Huyện Tiên Yên	10
06886	Xã Hải Lạng	22	Tỉnh Quảng Ninh	Huyện Tiên Yên	10
06889	Xã Tiên Lãng	22	Tỉnh Quảng Ninh	Huyện Tiên Yên	10
06892	Xã Đồng Rui	22	Tỉnh Quảng Ninh	Huyện Tiên Yên	10
06895	Thị trấn Đầm Hà	22	Tỉnh Quảng Ninh	Huyện Đầm Hà	9
06898	Xã Quảng Lâm	22	Tỉnh Quảng Ninh	Huyện Đầm Hà	10
06901	Xã Quảng An	22	Tỉnh Quảng Ninh	Huyện Đầm Hà	10
06904	Xã Tân Bình	22	Tỉnh Quảng Ninh	Huyện Đầm Hà	10
06910	Xã Dực Yên	22	Tỉnh Quảng Ninh	Huyện Đầm Hà	10
06913	Xã Quảng Tân	22	Tỉnh Quảng Ninh	Huyện Đầm Hà	10
06916	Xã Đầm Hà	22	Tỉnh Quảng Ninh	Huyện Đầm Hà	10
06917	Xã Tân Lập	22	Tỉnh Quảng Ninh	Huyện Đầm Hà	10
06919	Xã Đại Bình	22	Tỉnh Quảng Ninh	Huyện Đầm Hà	10
06922	Thị trấn Quảng Hà	22	Tỉnh Quảng Ninh	Huyện Hải Hà	9
06925	Xã Quảng Đức	22	Tỉnh Quảng Ninh	Huyện Hải Hà	10
06928	Xã Quảng Sơn	22	Tỉnh Quảng Ninh	Huyện Hải Hà	10
06931	Xã Quảng Thành	22	Tỉnh Quảng Ninh	Huyện Hải Hà	10
06937	Xã Quảng Thịnh	22	Tỉnh Quảng Ninh	Huyện Hải Hà	10
06940	Xã Quảng Minh	22	Tỉnh Quảng Ninh	Huyện Hải Hà	10
06943	Xã Quảng Chính	22	Tỉnh Quảng Ninh	Huyện Hải Hà	10
06946	Xã Quảng Long	22	Tỉnh Quảng Ninh	Huyện Hải Hà	10
06949	Xã Đường Hoa	22	Tỉnh Quảng Ninh	Huyện Hải Hà	10
06952	Xã Quảng Phong	22	Tỉnh Quảng Ninh	Huyện Hải Hà	10
06967	Xã Cái Chiên	22	Tỉnh Quảng Ninh	Huyện Hải Hà	10
06970	Thị trấn Ba Chẽ	22	Tỉnh Quảng Ninh	Huyện Ba Chẽ	9
06973	Xã Thanh Sơn	22	Tỉnh Quảng Ninh	Huyện Ba Chẽ	10
06976	Xã Thanh Lâm	22	Tỉnh Quảng Ninh	Huyện Ba Chẽ	10
06979	Xã Đạp Thanh	22	Tỉnh Quảng Ninh	Huyện Ba Chẽ	10
06982	Xã Nam Sơn	22	Tỉnh Quảng Ninh	Huyện Ba Chẽ	10
06985	Xã Lương Mông	22	Tỉnh Quảng Ninh	Huyện Ba Chẽ	10
06988	Xã Đồn Đạc	22	Tỉnh Quảng Ninh	Huyện Ba Chẽ	10
06991	Xã Minh Cầm	22	Tỉnh Quảng Ninh	Huyện Ba Chẽ	10
06994	Thị trấn Cái Rồng	22	Tỉnh Quảng Ninh	Huyện Vân Đồn	9
06997	Xã Đài Xuyên	22	Tỉnh Quảng Ninh	Huyện Vân Đồn	10
07000	Xã Bình Dân	22	Tỉnh Quảng Ninh	Huyện Vân Đồn	10
07003	Xã Vạn Yên	22	Tỉnh Quảng Ninh	Huyện Vân Đồn	10
07006	Xã Minh Châu	22	Tỉnh Quảng Ninh	Huyện Vân Đồn	10
07009	Xã Đoàn Kết	22	Tỉnh Quảng Ninh	Huyện Vân Đồn	10
07012	Xã Hạ Long	22	Tỉnh Quảng Ninh	Huyện Vân Đồn	10
07015	Xã Đông Xá	22	Tỉnh Quảng Ninh	Huyện Vân Đồn	10
07018	Xã Bản Sen	22	Tỉnh Quảng Ninh	Huyện Vân Đồn	10
07021	Xã Thắng Lợi	22	Tỉnh Quảng Ninh	Huyện Vân Đồn	10
07024	Xã Quan Lạn	22	Tỉnh Quảng Ninh	Huyện Vân Đồn	10
07027	Xã Ngọc Vừng	22	Tỉnh Quảng Ninh	Huyện Vân Đồn	10
07030	Phường Hoành Bồ	22	Tỉnh Quảng Ninh	Thành phố Hạ Long	8
07033	Xã Kỳ Thượng	22	Tỉnh Quảng Ninh	Thành phố Hạ Long	10
07036	Xã Đồng Sơn	22	Tỉnh Quảng Ninh	Thành phố Hạ Long	10
07039	Xã Tân Dân	22	Tỉnh Quảng Ninh	Thành phố Hạ Long	10
07042	Xã Đồng Lâm	22	Tỉnh Quảng Ninh	Thành phố Hạ Long	10
07045	Xã Hòa Bình	22	Tỉnh Quảng Ninh	Thành phố Hạ Long	10
07048	Xã Vũ Oai	22	Tỉnh Quảng Ninh	Thành phố Hạ Long	10
07051	Xã Dân Chủ	22	Tỉnh Quảng Ninh	Thành phố Hạ Long	10
07054	Xã Quảng La	22	Tỉnh Quảng Ninh	Thành phố Hạ Long	10
07057	Xã Bằng Cả	22	Tỉnh Quảng Ninh	Thành phố Hạ Long	10
07060	Xã Thống Nhất	22	Tỉnh Quảng Ninh	Thành phố Hạ Long	10
07063	Xã Sơn Dương	22	Tỉnh Quảng Ninh	Thành phố Hạ Long	10
07066	Xã Lê Lợi	22	Tỉnh Quảng Ninh	Thành phố Hạ Long	10
07069	Phường Mạo Khê	22	Tỉnh Quảng Ninh	Thị xã Đông Triều	8
07072	Phường Đông Triều	22	Tỉnh Quảng Ninh	Thị xã Đông Triều	8
07075	Xã An Sinh	22	Tỉnh Quảng Ninh	Thị xã Đông Triều	10
07078	Xã Tràng Lương	22	Tỉnh Quảng Ninh	Thị xã Đông Triều	10
07081	Xã Bình Khê	22	Tỉnh Quảng Ninh	Thị xã Đông Triều	10
07084	Xã Việt Dân	22	Tỉnh Quảng Ninh	Thị xã Đông Triều	10
07087	Xã Tân Việt	22	Tỉnh Quảng Ninh	Thị xã Đông Triều	10
07090	Xã Bình Dương	22	Tỉnh Quảng Ninh	Thị xã Đông Triều	10
07093	Phường Đức Chính	22	Tỉnh Quảng Ninh	Thị xã Đông Triều	8
07096	Phường Tràng An	22	Tỉnh Quảng Ninh	Thị xã Đông Triều	8
07099	Xã Nguyễn Huệ	22	Tỉnh Quảng Ninh	Thị xã Đông Triều	10
07102	Xã Thủy An	22	Tỉnh Quảng Ninh	Thị xã Đông Triều	10
07105	Phường Xuân Sơn	22	Tỉnh Quảng Ninh	Thị xã Đông Triều	8
07108	Xã Hồng Thái Tây	22	Tỉnh Quảng Ninh	Thị xã Đông Triều	10
07111	Xã Hồng Thái Đông	22	Tỉnh Quảng Ninh	Thị xã Đông Triều	10
07114	Phường Hoàng Quế	22	Tỉnh Quảng Ninh	Thị xã Đông Triều	8
07117	Phường Yên Thọ	22	Tỉnh Quảng Ninh	Thị xã Đông Triều	8
07120	Phường Hồng Phong	22	Tỉnh Quảng Ninh	Thị xã Đông Triều	8
07123	Phường Kim Sơn	22	Tỉnh Quảng Ninh	Thị xã Đông Triều	8
07126	Phường Hưng Đạo	22	Tỉnh Quảng Ninh	Thị xã Đông Triều	8
07129	Xã Yên Đức	22	Tỉnh Quảng Ninh	Thị xã Đông Triều	10
07132	Phường Quảng Yên	22	Tỉnh Quảng Ninh	Thị xã Quảng Yên	8
07135	Phường Đông Mai	22	Tỉnh Quảng Ninh	Thị xã Quảng Yên	8
07138	Phường Minh Thành	22	Tỉnh Quảng Ninh	Thị xã Quảng Yên	8
07144	Xã Sông Khoai	22	Tỉnh Quảng Ninh	Thị xã Quảng Yên	10
07147	Xã Hiệp Hòa	22	Tỉnh Quảng Ninh	Thị xã Quảng Yên	10
07150	Phường Cộng Hòa	22	Tỉnh Quảng Ninh	Thị xã Quảng Yên	8
07153	Xã Tiền An	22	Tỉnh Quảng Ninh	Thị xã Quảng Yên	10
07156	Xã Hoàng Tân	22	Tỉnh Quảng Ninh	Thị xã Quảng Yên	10
07159	Phường Tân An	22	Tỉnh Quảng Ninh	Thị xã Quảng Yên	8
07162	Phường Yên Giang	22	Tỉnh Quảng Ninh	Thị xã Quảng Yên	8
07165	Phường Nam Hoà	22	Tỉnh Quảng Ninh	Thị xã Quảng Yên	8
07168	Phường Hà An	22	Tỉnh Quảng Ninh	Thị xã Quảng Yên	8
07171	Xã Cẩm La	22	Tỉnh Quảng Ninh	Thị xã Quảng Yên	10
07174	Phường Phong Hải	22	Tỉnh Quảng Ninh	Thị xã Quảng Yên	8
07177	Phường Yên Hải	22	Tỉnh Quảng Ninh	Thị xã Quảng Yên	8
07180	Xã Liên Hòa	22	Tỉnh Quảng Ninh	Thị xã Quảng Yên	10
07183	Phường Phong Cốc	22	Tỉnh Quảng Ninh	Thị xã Quảng Yên	8
07186	Xã Liên Vị	22	Tỉnh Quảng Ninh	Thị xã Quảng Yên	10
07189	Xã Tiền Phong	22	Tỉnh Quảng Ninh	Thị xã Quảng Yên	10
07192	Thị trấn Cô Tô	22	Tỉnh Quảng Ninh	Huyện Cô Tô	9
07195	Xã Đồng Tiến	22	Tỉnh Quảng Ninh	Huyện Cô Tô	10
07198	Xã Thanh Lân	22	Tỉnh Quảng Ninh	Huyện Cô Tô	10
07201	Phường Thọ Xương	24	Tỉnh Bắc Giang	Thành phố Bắc Giang	8
07204	Phường Trần Nguyên Hãn	24	Tỉnh Bắc Giang	Thành phố Bắc Giang	8
07207	Phường Ngô Quyền	24	Tỉnh Bắc Giang	Thành phố Bắc Giang	8
07210	Phường Hoàng Văn Thụ	24	Tỉnh Bắc Giang	Thành phố Bắc Giang	8
07213	Phường Trần Phú	24	Tỉnh Bắc Giang	Thành phố Bắc Giang	8
07216	Phường Mỹ Độ	24	Tỉnh Bắc Giang	Thành phố Bắc Giang	8
07219	Phường Lê Lợi	24	Tỉnh Bắc Giang	Thành phố Bắc Giang	8
07222	Xã Song Mai	24	Tỉnh Bắc Giang	Thành phố Bắc Giang	10
07225	Phường Xương Giang	24	Tỉnh Bắc Giang	Thành phố Bắc Giang	8
07228	Phường Đa Mai	24	Tỉnh Bắc Giang	Thành phố Bắc Giang	8
07231	Phường Dĩnh Kế	24	Tỉnh Bắc Giang	Thành phố Bắc Giang	8
07243	Xã Đồng Tiến	24	Tỉnh Bắc Giang	Huyện Yên Thế	10
07246	Xã Canh Nậu	24	Tỉnh Bắc Giang	Huyện Yên Thế	10
07249	Xã Xuân Lương	24	Tỉnh Bắc Giang	Huyện Yên Thế	10
07252	Xã Tam Tiến	24	Tỉnh Bắc Giang	Huyện Yên Thế	10
07255	Xã Đồng Vương	24	Tỉnh Bắc Giang	Huyện Yên Thế	10
07258	Xã Đồng Hưu	24	Tỉnh Bắc Giang	Huyện Yên Thế	10
07260	Xã Đồng Tâm	24	Tỉnh Bắc Giang	Huyện Yên Thế	10
07261	Xã Tam Hiệp	24	Tỉnh Bắc Giang	Huyện Yên Thế	10
07264	Xã Tiến Thắng	24	Tỉnh Bắc Giang	Huyện Yên Thế	10
07267	Xã Hồng Kỳ	24	Tỉnh Bắc Giang	Huyện Yên Thế	10
07270	Xã Đồng Lạc	24	Tỉnh Bắc Giang	Huyện Yên Thế	10
07273	Xã Đông Sơn	24	Tỉnh Bắc Giang	Huyện Yên Thế	10
07276	Xã Tân Hiệp	24	Tỉnh Bắc Giang	Huyện Yên Thế	10
07279	Xã Hương Vĩ	24	Tỉnh Bắc Giang	Huyện Yên Thế	10
07282	Xã Đồng Kỳ	24	Tỉnh Bắc Giang	Huyện Yên Thế	10
07285	Xã An Thượng	24	Tỉnh Bắc Giang	Huyện Yên Thế	10
07288	Thị trấn Phồn Xương	24	Tỉnh Bắc Giang	Huyện Yên Thế	9
07291	Xã Tân Sỏi	24	Tỉnh Bắc Giang	Huyện Yên Thế	10
07294	Thị trấn Bố Hạ	24	Tỉnh Bắc Giang	Huyện Yên Thế	9
07303	Xã Lan Giới	24	Tỉnh Bắc Giang	Huyện Tân Yên	10
07306	Thị trấn Nhã Nam	24	Tỉnh Bắc Giang	Huyện Tân Yên	9
07309	Xã Tân Trung	24	Tỉnh Bắc Giang	Huyện Tân Yên	10
07312	Xã Đại Hóa	24	Tỉnh Bắc Giang	Huyện Tân Yên	10
07315	Xã Quang Tiến	24	Tỉnh Bắc Giang	Huyện Tân Yên	10
07318	Xã Phúc Sơn	24	Tỉnh Bắc Giang	Huyện Tân Yên	10
07321	Xã An Dương	24	Tỉnh Bắc Giang	Huyện Tân Yên	10
07324	Xã Phúc Hòa	24	Tỉnh Bắc Giang	Huyện Tân Yên	10
07327	Xã Liên Sơn	24	Tỉnh Bắc Giang	Huyện Tân Yên	10
07330	Xã Hợp Đức	24	Tỉnh Bắc Giang	Huyện Tân Yên	10
07333	Xã Lam Cốt	24	Tỉnh Bắc Giang	Huyện Tân Yên	10
07336	Xã Cao Xá	24	Tỉnh Bắc Giang	Huyện Tân Yên	10
07339	Thị trấn Cao Thượng	24	Tỉnh Bắc Giang	Huyện Tân Yên	9
07342	Xã Việt Ngọc	24	Tỉnh Bắc Giang	Huyện Tân Yên	10
07345	Xã Song Vân	24	Tỉnh Bắc Giang	Huyện Tân Yên	10
07348	Xã Ngọc Châu	24	Tỉnh Bắc Giang	Huyện Tân Yên	10
07351	Xã Ngọc Vân	24	Tỉnh Bắc Giang	Huyện Tân Yên	10
07354	Xã Việt Lập	24	Tỉnh Bắc Giang	Huyện Tân Yên	10
07357	Xã Liên Chung	24	Tỉnh Bắc Giang	Huyện Tân Yên	10
07360	Xã Ngọc Thiện	24	Tỉnh Bắc Giang	Huyện Tân Yên	10
07363	Xã Ngọc Lý	24	Tỉnh Bắc Giang	Huyện Tân Yên	10
07366	Xã Quế Nham	24	Tỉnh Bắc Giang	Huyện Tân Yên	10
07375	Thị trấn Vôi	24	Tỉnh Bắc Giang	Huyện Lạng Giang	9
07378	Xã Nghĩa Hòa	24	Tỉnh Bắc Giang	Huyện Lạng Giang	10
07381	Xã Nghĩa Hưng	24	Tỉnh Bắc Giang	Huyện Lạng Giang	10
07384	Xã Quang Thịnh	24	Tỉnh Bắc Giang	Huyện Lạng Giang	10
07387	Xã Hương Sơn	24	Tỉnh Bắc Giang	Huyện Lạng Giang	10
07390	Xã Đào Mỹ	24	Tỉnh Bắc Giang	Huyện Lạng Giang	10
07393	Xã Tiên Lục	24	Tỉnh Bắc Giang	Huyện Lạng Giang	10
07396	Xã An Hà	24	Tỉnh Bắc Giang	Huyện Lạng Giang	10
07399	Thị trấn Kép	24	Tỉnh Bắc Giang	Huyện Lạng Giang	9
07402	Xã Mỹ Hà	24	Tỉnh Bắc Giang	Huyện Lạng Giang	10
07405	Xã Hương Lạc	24	Tỉnh Bắc Giang	Huyện Lạng Giang	10
07408	Xã Dương Đức	24	Tỉnh Bắc Giang	Huyện Lạng Giang	10
07411	Xã Tân Thanh	24	Tỉnh Bắc Giang	Huyện Lạng Giang	10
07414	Xã Yên Mỹ	24	Tỉnh Bắc Giang	Huyện Lạng Giang	10
07417	Xã Tân Hưng	24	Tỉnh Bắc Giang	Huyện Lạng Giang	10
07420	Xã Mỹ Thái	24	Tỉnh Bắc Giang	Huyện Lạng Giang	10
07426	Xã Xương Lâm	24	Tỉnh Bắc Giang	Huyện Lạng Giang	10
07429	Xã Xuân Hương	24	Tỉnh Bắc Giang	Huyện Lạng Giang	10
07432	Xã Tân Dĩnh	24	Tỉnh Bắc Giang	Huyện Lạng Giang	10
07435	Xã Đại Lâm	24	Tỉnh Bắc Giang	Huyện Lạng Giang	10
07438	Xã Thái Đào	24	Tỉnh Bắc Giang	Huyện Lạng Giang	10
07441	Xã Dĩnh Trì	24	Tỉnh Bắc Giang	Thành phố Bắc Giang	10
07444	Thị trấn Đồi Ngô	24	Tỉnh Bắc Giang	Huyện Lục Nam	9
07450	Xã Đông Hưng	24	Tỉnh Bắc Giang	Huyện Lục Nam	10
07453	Xã Đông Phú	24	Tỉnh Bắc Giang	Huyện Lục Nam	10
07456	Xã Tam Dị	24	Tỉnh Bắc Giang	Huyện Lục Nam	10
07459	Xã Bảo Sơn	24	Tỉnh Bắc Giang	Huyện Lục Nam	10
07462	Xã Bảo Đài	24	Tỉnh Bắc Giang	Huyện Lục Nam	10
07465	Xã Thanh Lâm	24	Tỉnh Bắc Giang	Huyện Lục Nam	10
07468	Xã Tiên Nha	24	Tỉnh Bắc Giang	Huyện Lục Nam	10
07471	Xã Trường Giang	24	Tỉnh Bắc Giang	Huyện Lục Nam	10
07477	Thị trấn Phương Sơn	24	Tỉnh Bắc Giang	Huyện Lục Nam	9
07480	Xã Chu Điện	24	Tỉnh Bắc Giang	Huyện Lục Nam	10
07483	Xã Cương Sơn	24	Tỉnh Bắc Giang	Huyện Lục Nam	10
07486	Xã Nghĩa Phương	24	Tỉnh Bắc Giang	Huyện Lục Nam	10
07489	Xã Vô Tranh	24	Tỉnh Bắc Giang	Huyện Lục Nam	10
07492	Xã Bình Sơn	24	Tỉnh Bắc Giang	Huyện Lục Nam	10
07495	Xã Lan Mẫu	24	Tỉnh Bắc Giang	Huyện Lục Nam	10
07498	Xã Yên Sơn	24	Tỉnh Bắc Giang	Huyện Lục Nam	10
07501	Xã Khám Lạng	24	Tỉnh Bắc Giang	Huyện Lục Nam	10
07504	Xã Huyền Sơn	24	Tỉnh Bắc Giang	Huyện Lục Nam	10
07507	Xã Trường Sơn	24	Tỉnh Bắc Giang	Huyện Lục Nam	10
07510	Xã Lục Sơn	24	Tỉnh Bắc Giang	Huyện Lục Nam	10
07513	Xã Bắc Lũng	24	Tỉnh Bắc Giang	Huyện Lục Nam	10
07516	Xã Vũ Xá	24	Tỉnh Bắc Giang	Huyện Lục Nam	10
07519	Xã Cẩm Lý	24	Tỉnh Bắc Giang	Huyện Lục Nam	10
07522	Xã Đan Hội	24	Tỉnh Bắc Giang	Huyện Lục Nam	10
07525	Thị trấn Chũ	24	Tỉnh Bắc Giang	Huyện Lục Ngạn	9
07528	Xã Cấm Sơn	24	Tỉnh Bắc Giang	Huyện Lục Ngạn	10
07531	Xã Tân Sơn	24	Tỉnh Bắc Giang	Huyện Lục Ngạn	10
07534	Xã Phong Minh	24	Tỉnh Bắc Giang	Huyện Lục Ngạn	10
07537	Xã Phong Vân	24	Tỉnh Bắc Giang	Huyện Lục Ngạn	10
07540	Xã Xa Lý	24	Tỉnh Bắc Giang	Huyện Lục Ngạn	10
07543	Xã Hộ Đáp	24	Tỉnh Bắc Giang	Huyện Lục Ngạn	10
07546	Xã Sơn Hải	24	Tỉnh Bắc Giang	Huyện Lục Ngạn	10
07549	Xã Thanh Hải	24	Tỉnh Bắc Giang	Huyện Lục Ngạn	10
07552	Xã Kiên Lao	24	Tỉnh Bắc Giang	Huyện Lục Ngạn	10
07555	Xã Biên Sơn	24	Tỉnh Bắc Giang	Huyện Lục Ngạn	10
07558	Xã Kiên Thành	24	Tỉnh Bắc Giang	Huyện Lục Ngạn	10
07561	Xã Hồng Giang	24	Tỉnh Bắc Giang	Huyện Lục Ngạn	10
07564	Xã Kim Sơn	24	Tỉnh Bắc Giang	Huyện Lục Ngạn	10
07567	Xã Tân Hoa	24	Tỉnh Bắc Giang	Huyện Lục Ngạn	10
07570	Xã Giáp Sơn	24	Tỉnh Bắc Giang	Huyện Lục Ngạn	10
07573	Xã Biển Động	24	Tỉnh Bắc Giang	Huyện Lục Ngạn	10
07576	Xã Quý Sơn	24	Tỉnh Bắc Giang	Huyện Lục Ngạn	10
07579	Xã Trù Hựu	24	Tỉnh Bắc Giang	Huyện Lục Ngạn	10
07582	Xã Phì Điền	24	Tỉnh Bắc Giang	Huyện Lục Ngạn	10
07588	Xã Tân Quang	24	Tỉnh Bắc Giang	Huyện Lục Ngạn	10
07591	Xã Đồng Cốc	24	Tỉnh Bắc Giang	Huyện Lục Ngạn	10
07594	Xã Tân Lập	24	Tỉnh Bắc Giang	Huyện Lục Ngạn	10
07597	Xã Phú Nhuận	24	Tỉnh Bắc Giang	Huyện Lục Ngạn	10
07600	Xã Mỹ An	24	Tỉnh Bắc Giang	Huyện Lục Ngạn	10
07603	Xã Nam Dương	24	Tỉnh Bắc Giang	Huyện Lục Ngạn	10
07606	Xã Tân Mộc	24	Tỉnh Bắc Giang	Huyện Lục Ngạn	10
07609	Xã Đèo Gia	24	Tỉnh Bắc Giang	Huyện Lục Ngạn	10
07612	Xã Phượng Sơn	24	Tỉnh Bắc Giang	Huyện Lục Ngạn	10
07615	Thị trấn An Châu	24	Tỉnh Bắc Giang	Huyện Sơn Động	9
07616	Thị trấn Tây Yên Tử	24	Tỉnh Bắc Giang	Huyện Sơn Động	9
07621	Xã Vân Sơn	24	Tỉnh Bắc Giang	Huyện Sơn Động	10
07624	Xã Hữu Sản	24	Tỉnh Bắc Giang	Huyện Sơn Động	10
07627	Xã Đại Sơn	24	Tỉnh Bắc Giang	Huyện Sơn Động	10
07630	Xã Phúc Sơn	24	Tỉnh Bắc Giang	Huyện Sơn Động	10
07636	Xã Giáo Liêm	24	Tỉnh Bắc Giang	Huyện Sơn Động	10
07642	Xã Cẩm Đàn	24	Tỉnh Bắc Giang	Huyện Sơn Động	10
07645	Xã An Lạc	24	Tỉnh Bắc Giang	Huyện Sơn Động	10
07648	Xã Vĩnh An	24	Tỉnh Bắc Giang	Huyện Sơn Động	10
07651	Xã Yên Định	24	Tỉnh Bắc Giang	Huyện Sơn Động	10
07654	Xã Lệ Viễn	24	Tỉnh Bắc Giang	Huyện Sơn Động	10
07660	Xã An Bá	24	Tỉnh Bắc Giang	Huyện Sơn Động	10
07663	Xã Tuấn Đạo	24	Tỉnh Bắc Giang	Huyện Sơn Động	10
07666	Xã Dương Hưu	24	Tỉnh Bắc Giang	Huyện Sơn Động	10
07672	Xã Long Sơn	24	Tỉnh Bắc Giang	Huyện Sơn Động	10
07678	Xã Thanh Luận	24	Tỉnh Bắc Giang	Huyện Sơn Động	10
07681	Thị trấn Nham Biền	24	Tỉnh Bắc Giang	Huyện Yên Dũng	9
07682	Thị trấn Tân An	24	Tỉnh Bắc Giang	Huyện Yên Dũng	9
07684	Xã Lão Hộ	24	Tỉnh Bắc Giang	Huyện Yên Dũng	10
07687	Xã Tân Mỹ	24	Tỉnh Bắc Giang	Thành phố Bắc Giang	10
07690	Xã Hương Gián	24	Tỉnh Bắc Giang	Huyện Yên Dũng	10
07696	Xã Đồng Sơn	24	Tỉnh Bắc Giang	Thành phố Bắc Giang	10
07699	Xã Tân Tiến	24	Tỉnh Bắc Giang	Thành phố Bắc Giang	10
07702	Xã Quỳnh Sơn	24	Tỉnh Bắc Giang	Huyện Yên Dũng	10
07705	Xã Song Khê	24	Tỉnh Bắc Giang	Thành phố Bắc Giang	10
07708	Xã Nội Hoàng	24	Tỉnh Bắc Giang	Huyện Yên Dũng	10
07711	Xã Tiền Phong	24	Tỉnh Bắc Giang	Huyện Yên Dũng	10
07714	Xã Xuân Phú	24	Tỉnh Bắc Giang	Huyện Yên Dũng	10
07717	Xã Tân Liễu	24	Tỉnh Bắc Giang	Huyện Yên Dũng	10
07720	Xã Trí Yên	24	Tỉnh Bắc Giang	Huyện Yên Dũng	10
07723	Xã Lãng Sơn	24	Tỉnh Bắc Giang	Huyện Yên Dũng	10
07726	Xã Yên Lư	24	Tỉnh Bắc Giang	Huyện Yên Dũng	10
07729	Xã Tiến Dũng	24	Tỉnh Bắc Giang	Huyện Yên Dũng	10
07735	Xã Đức Giang	24	Tỉnh Bắc Giang	Huyện Yên Dũng	10
07738	Xã Cảnh Thụy	24	Tỉnh Bắc Giang	Huyện Yên Dũng	10
07741	Xã Tư Mại	24	Tỉnh Bắc Giang	Huyện Yên Dũng	10
07747	Xã Đồng Việt	24	Tỉnh Bắc Giang	Huyện Yên Dũng	10
07750	Xã Đồng Phúc	24	Tỉnh Bắc Giang	Huyện Yên Dũng	10
07759	Xã Thượng Lan	24	Tỉnh Bắc Giang	Huyện Việt Yên	10
07762	Xã Việt Tiến	24	Tỉnh Bắc Giang	Huyện Việt Yên	10
07765	Xã Nghĩa Trung	24	Tỉnh Bắc Giang	Huyện Việt Yên	10
07768	Xã Minh Đức	24	Tỉnh Bắc Giang	Huyện Việt Yên	10
07771	Xã Hương Mai	24	Tỉnh Bắc Giang	Huyện Việt Yên	10
07774	Xã Tự Lạn	24	Tỉnh Bắc Giang	Huyện Việt Yên	10
07777	Thị trấn Bích Động	24	Tỉnh Bắc Giang	Huyện Việt Yên	9
07780	Xã Trung Sơn	24	Tỉnh Bắc Giang	Huyện Việt Yên	10
07783	Xã Hồng Thái	24	Tỉnh Bắc Giang	Huyện Việt Yên	10
07786	Xã Tiên Sơn	24	Tỉnh Bắc Giang	Huyện Việt Yên	10
07789	Xã Tăng Tiến	24	Tỉnh Bắc Giang	Huyện Việt Yên	10
07792	Xã Quảng Minh	24	Tỉnh Bắc Giang	Huyện Việt Yên	10
07795	Thị trấn Nếnh	24	Tỉnh Bắc Giang	Huyện Việt Yên	9
07798	Xã Ninh Sơn	24	Tỉnh Bắc Giang	Huyện Việt Yên	10
07801	Xã Vân Trung	24	Tỉnh Bắc Giang	Huyện Việt Yên	10
07804	Xã Vân Hà	24	Tỉnh Bắc Giang	Huyện Việt Yên	10
07807	Xã Quang Châu	24	Tỉnh Bắc Giang	Huyện Việt Yên	10
07813	Xã Đồng Tân	24	Tỉnh Bắc Giang	Huyện Hiệp Hòa	10
07816	Xã Thanh Vân	24	Tỉnh Bắc Giang	Huyện Hiệp Hòa	10
07819	Xã Hoàng Lương	24	Tỉnh Bắc Giang	Huyện Hiệp Hòa	10
07822	Xã Hoàng Vân	24	Tỉnh Bắc Giang	Huyện Hiệp Hòa	10
07825	Xã Hoàng Thanh	24	Tỉnh Bắc Giang	Huyện Hiệp Hòa	10
07828	Xã Hoàng An	24	Tỉnh Bắc Giang	Huyện Hiệp Hòa	10
07831	Xã Ngọc Sơn	24	Tỉnh Bắc Giang	Huyện Hiệp Hòa	10
07834	Xã Thái Sơn	24	Tỉnh Bắc Giang	Huyện Hiệp Hòa	10
07837	Xã Hòa Sơn	24	Tỉnh Bắc Giang	Huyện Hiệp Hòa	10
07840	Thị trấn Thắng	24	Tỉnh Bắc Giang	Huyện Hiệp Hòa	9
07843	Xã Quang Minh	24	Tỉnh Bắc Giang	Huyện Hiệp Hòa	10
07846	Xã Lương Phong	24	Tỉnh Bắc Giang	Huyện Hiệp Hòa	10
07849	Xã Hùng Sơn	24	Tỉnh Bắc Giang	Huyện Hiệp Hòa	10
07852	Xã Đại Thành	24	Tỉnh Bắc Giang	Huyện Hiệp Hòa	10
07855	Xã Thường Thắng	24	Tỉnh Bắc Giang	Huyện Hiệp Hòa	10
07858	Xã Hợp Thịnh	24	Tỉnh Bắc Giang	Huyện Hiệp Hòa	10
07861	Xã Danh Thắng	24	Tỉnh Bắc Giang	Huyện Hiệp Hòa	10
07864	Xã Mai Trung	24	Tỉnh Bắc Giang	Huyện Hiệp Hòa	10
07867	Xã Đoan Bái	24	Tỉnh Bắc Giang	Huyện Hiệp Hòa	10
07870	Thị trấn Bắc Lý	24	Tỉnh Bắc Giang	Huyện Hiệp Hòa	9
07873	Xã Xuân Cẩm	24	Tỉnh Bắc Giang	Huyện Hiệp Hòa	10
07876	Xã Hương Lâm	24	Tỉnh Bắc Giang	Huyện Hiệp Hòa	10
07879	Xã Đông Lỗ	24	Tỉnh Bắc Giang	Huyện Hiệp Hòa	10
07882	Xã Châu Minh	24	Tỉnh Bắc Giang	Huyện Hiệp Hòa	10
07885	Xã Mai Đình	24	Tỉnh Bắc Giang	Huyện Hiệp Hòa	10
07888	Phường Dữu Lâu	25	Tỉnh Phú Thọ	Thành phố Việt Trì	8
07891	Phường Vân Cơ	25	Tỉnh Phú Thọ	Thành phố Việt Trì	8
07894	Phường Nông Trang	25	Tỉnh Phú Thọ	Thành phố Việt Trì	8
07897	Phường Tân Dân	25	Tỉnh Phú Thọ	Thành phố Việt Trì	8
07900	Phường Gia Cẩm	25	Tỉnh Phú Thọ	Thành phố Việt Trì	8
07903	Phường Tiên Cát	25	Tỉnh Phú Thọ	Thành phố Việt Trì	8
07906	Phường Thọ Sơn	25	Tỉnh Phú Thọ	Thành phố Việt Trì	8
07909	Phường Thanh Miếu	25	Tỉnh Phú Thọ	Thành phố Việt Trì	8
07912	Phường Bạch Hạc	25	Tỉnh Phú Thọ	Thành phố Việt Trì	8
07915	Phường Bến Gót	25	Tỉnh Phú Thọ	Thành phố Việt Trì	8
07918	Phường Vân Phú	25	Tỉnh Phú Thọ	Thành phố Việt Trì	8
07921	Xã Phượng Lâu	25	Tỉnh Phú Thọ	Thành phố Việt Trì	10
07924	Xã Thụy Vân	25	Tỉnh Phú Thọ	Thành phố Việt Trì	10
07927	Phường Minh Phương	25	Tỉnh Phú Thọ	Thành phố Việt Trì	8
07930	Xã Trưng Vương	25	Tỉnh Phú Thọ	Thành phố Việt Trì	10
07933	Phường Minh Nông	25	Tỉnh Phú Thọ	Thành phố Việt Trì	8
07936	Xã Sông Lô	25	Tỉnh Phú Thọ	Thành phố Việt Trì	10
07942	Phường Hùng Vương	25	Tỉnh Phú Thọ	Thị xã Phú Thọ	8
07945	Phường Phong Châu	25	Tỉnh Phú Thọ	Thị xã Phú Thọ	8
07948	Phường Âu Cơ	25	Tỉnh Phú Thọ	Thị xã Phú Thọ	8
07951	Xã Hà Lộc	25	Tỉnh Phú Thọ	Thị xã Phú Thọ	10
07954	Xã Phú Hộ	25	Tỉnh Phú Thọ	Thị xã Phú Thọ	10
07957	Xã Văn Lung	25	Tỉnh Phú Thọ	Thị xã Phú Thọ	10
07960	Xã Thanh Minh	25	Tỉnh Phú Thọ	Thị xã Phú Thọ	10
07963	Xã Hà Thạch	25	Tỉnh Phú Thọ	Thị xã Phú Thọ	10
07966	Phường Thanh Vinh	25	Tỉnh Phú Thọ	Thị xã Phú Thọ	8
07969	Thị trấn Đoan Hùng	25	Tỉnh Phú Thọ	Huyện Đoan Hùng	9
07975	Xã Hùng Xuyên	25	Tỉnh Phú Thọ	Huyện Đoan Hùng	10
07981	Xã Bằng Luân	25	Tỉnh Phú Thọ	Huyện Đoan Hùng	10
07984	Xã Vân Du	25	Tỉnh Phú Thọ	Huyện Đoan Hùng	10
07987	Xã Phú Lâm	25	Tỉnh Phú Thọ	Huyện Đoan Hùng	10
07993	Xã Minh Lương	25	Tỉnh Phú Thọ	Huyện Đoan Hùng	10
07996	Xã Bằng Doãn	25	Tỉnh Phú Thọ	Huyện Đoan Hùng	10
07999	Xã Chí Đám	25	Tỉnh Phú Thọ	Huyện Đoan Hùng	10
08005	Xã Phúc Lai	25	Tỉnh Phú Thọ	Huyện Đoan Hùng	10
08008	Xã Ngọc Quan	25	Tỉnh Phú Thọ	Huyện Đoan Hùng	10
08014	Xã Hợp Nhất	25	Tỉnh Phú Thọ	Huyện Đoan Hùng	10
08017	Xã Sóc Đăng	25	Tỉnh Phú Thọ	Huyện Đoan Hùng	10
08023	Xã Tây Cốc	25	Tỉnh Phú Thọ	Huyện Đoan Hùng	10
08026	Xã Yên Kiện	25	Tỉnh Phú Thọ	Huyện Đoan Hùng	10
08029	Xã Hùng Long	25	Tỉnh Phú Thọ	Huyện Đoan Hùng	10
08032	Xã Vụ Quang	25	Tỉnh Phú Thọ	Huyện Đoan Hùng	10
08035	Xã Vân Đồn	25	Tỉnh Phú Thọ	Huyện Đoan Hùng	10
08038	Xã Tiêu Sơn	25	Tỉnh Phú Thọ	Huyện Đoan Hùng	10
08041	Xã Minh Tiến	25	Tỉnh Phú Thọ	Huyện Đoan Hùng	10
08044	Xã Minh Phú	25	Tỉnh Phú Thọ	Huyện Đoan Hùng	10
08047	Xã Chân Mộng	25	Tỉnh Phú Thọ	Huyện Đoan Hùng	10
08050	Xã Ca Đình	25	Tỉnh Phú Thọ	Huyện Đoan Hùng	10
08053	Thị trấn Hạ Hoà	25	Tỉnh Phú Thọ	Huyện Hạ Hoà	9
08056	Xã Đại Phạm	25	Tỉnh Phú Thọ	Huyện Hạ Hoà	10
08062	Xã Đan Thượng	25	Tỉnh Phú Thọ	Huyện Hạ Hoà	10
08065	Xã Hà Lương	25	Tỉnh Phú Thọ	Huyện Hạ Hoà	10
08071	Xã Tứ Hiệp	25	Tỉnh Phú Thọ	Huyện Hạ Hoà	10
08080	Xã Hiền Lương	25	Tỉnh Phú Thọ	Huyện Hạ Hoà	10
08089	Xã Phương Viên	25	Tỉnh Phú Thọ	Huyện Hạ Hoà	10
08092	Xã Gia Điền	25	Tỉnh Phú Thọ	Huyện Hạ Hoà	10
08095	Xã Ấm Hạ	25	Tỉnh Phú Thọ	Huyện Hạ Hoà	10
08104	Xã Hương Xạ	25	Tỉnh Phú Thọ	Huyện Hạ Hoà	10
08110	Xã Xuân Áng	25	Tỉnh Phú Thọ	Huyện Hạ Hoà	10
08113	Xã Yên Kỳ	25	Tỉnh Phú Thọ	Huyện Hạ Hoà	10
08119	Xã Minh Hạc	25	Tỉnh Phú Thọ	Huyện Hạ Hoà	10
08122	Xã Lang Sơn	25	Tỉnh Phú Thọ	Huyện Hạ Hoà	10
08125	Xã Bằng Giã	25	Tỉnh Phú Thọ	Huyện Hạ Hoà	10
08128	Xã Yên Luật	25	Tỉnh Phú Thọ	Huyện Hạ Hoà	10
08131	Xã Vô Tranh	25	Tỉnh Phú Thọ	Huyện Hạ Hoà	10
08134	Xã Văn Lang	25	Tỉnh Phú Thọ	Huyện Hạ Hoà	10
08140	Xã Minh Côi	25	Tỉnh Phú Thọ	Huyện Hạ Hoà	10
08143	Xã Vĩnh Chân	25	Tỉnh Phú Thọ	Huyện Hạ Hoà	10
08152	Thị trấn Thanh Ba	25	Tỉnh Phú Thọ	Huyện Thanh Ba	9
08156	Xã Vân Lĩnh	25	Tỉnh Phú Thọ	Huyện Thanh Ba	10
08158	Xã Đông Lĩnh	25	Tỉnh Phú Thọ	Huyện Thanh Ba	10
08161	Xã Đại An	25	Tỉnh Phú Thọ	Huyện Thanh Ba	10
08164	Xã Hanh Cù	25	Tỉnh Phú Thọ	Huyện Thanh Ba	10
08170	Xã Đồng Xuân	25	Tỉnh Phú Thọ	Huyện Thanh Ba	10
08173	Xã Quảng Yên	25	Tỉnh Phú Thọ	Huyện Thanh Ba	10
08179	Xã Ninh Dân	25	Tỉnh Phú Thọ	Huyện Thanh Ba	10
08194	Xã Võ Lao	25	Tỉnh Phú Thọ	Huyện Thanh Ba	10
08197	Xã Khải Xuân	25	Tỉnh Phú Thọ	Huyện Thanh Ba	10
08200	Xã Mạn Lạn	25	Tỉnh Phú Thọ	Huyện Thanh Ba	10
08203	Xã Hoàng Cương	25	Tỉnh Phú Thọ	Huyện Thanh Ba	10
08206	Xã Chí Tiên	25	Tỉnh Phú Thọ	Huyện Thanh Ba	10
08209	Xã Đông Thành	25	Tỉnh Phú Thọ	Huyện Thanh Ba	10
08215	Xã Sơn Cương	25	Tỉnh Phú Thọ	Huyện Thanh Ba	10
08218	Xã Thanh Hà	25	Tỉnh Phú Thọ	Huyện Thanh Ba	10
08221	Xã Đỗ Sơn	25	Tỉnh Phú Thọ	Huyện Thanh Ba	10
08224	Xã Đỗ Xuyên	25	Tỉnh Phú Thọ	Huyện Thanh Ba	10
08227	Xã Lương Lỗ	25	Tỉnh Phú Thọ	Huyện Thanh Ba	10
08230	Thị trấn Phong Châu	25	Tỉnh Phú Thọ	Huyện Phù Ninh	9
08233	Xã Phú Mỹ	25	Tỉnh Phú Thọ	Huyện Phù Ninh	10
08234	Xã Lệ Mỹ	25	Tỉnh Phú Thọ	Huyện Phù Ninh	10
08236	Xã Liên Hoa	25	Tỉnh Phú Thọ	Huyện Phù Ninh	10
08239	Xã Trạm Thản	25	Tỉnh Phú Thọ	Huyện Phù Ninh	10
08242	Xã Trị Quận	25	Tỉnh Phú Thọ	Huyện Phù Ninh	10
08245	Xã Trung Giáp	25	Tỉnh Phú Thọ	Huyện Phù Ninh	10
08248	Xã Tiên Phú	25	Tỉnh Phú Thọ	Huyện Phù Ninh	10
08251	Xã Hạ Giáp	25	Tỉnh Phú Thọ	Huyện Phù Ninh	10
08254	Xã Bảo Thanh	25	Tỉnh Phú Thọ	Huyện Phù Ninh	10
08257	Xã Phú Lộc	25	Tỉnh Phú Thọ	Huyện Phù Ninh	10
08260	Xã Gia Thanh	25	Tỉnh Phú Thọ	Huyện Phù Ninh	10
08263	Xã Tiên Du	25	Tỉnh Phú Thọ	Huyện Phù Ninh	10
08266	Xã Phú Nham	25	Tỉnh Phú Thọ	Huyện Phù Ninh	10
08272	Xã An Đạo	25	Tỉnh Phú Thọ	Huyện Phù Ninh	10
08275	Xã Bình Phú	25	Tỉnh Phú Thọ	Huyện Phù Ninh	10
08278	Xã Phù Ninh	25	Tỉnh Phú Thọ	Huyện Phù Ninh	10
08281	Xã Kim Đức	25	Tỉnh Phú Thọ	Thành phố Việt Trì	10
08287	Xã Hùng Lô	25	Tỉnh Phú Thọ	Thành phố Việt Trì	10
08290	Thị trấn Yên Lập	25	Tỉnh Phú Thọ	Huyện Yên Lập	9
08293	Xã Mỹ Lung	25	Tỉnh Phú Thọ	Huyện Yên Lập	10
08296	Xã Mỹ Lương	25	Tỉnh Phú Thọ	Huyện Yên Lập	10
08299	Xã Lương Sơn	25	Tỉnh Phú Thọ	Huyện Yên Lập	10
08302	Xã Xuân An	25	Tỉnh Phú Thọ	Huyện Yên Lập	10
08305	Xã Xuân Viên	25	Tỉnh Phú Thọ	Huyện Yên Lập	10
08308	Xã Xuân Thủy	25	Tỉnh Phú Thọ	Huyện Yên Lập	10
08311	Xã Trung Sơn	25	Tỉnh Phú Thọ	Huyện Yên Lập	10
08314	Xã Hưng Long	25	Tỉnh Phú Thọ	Huyện Yên Lập	10
08317	Xã Nga Hoàng	25	Tỉnh Phú Thọ	Huyện Yên Lập	10
08320	Xã Đồng Lạc	25	Tỉnh Phú Thọ	Huyện Yên Lập	10
08323	Xã Thượng Long	25	Tỉnh Phú Thọ	Huyện Yên Lập	10
08326	Xã Đồng Thịnh	25	Tỉnh Phú Thọ	Huyện Yên Lập	10
08329	Xã Phúc Khánh	25	Tỉnh Phú Thọ	Huyện Yên Lập	10
08332	Xã Minh Hòa	25	Tỉnh Phú Thọ	Huyện Yên Lập	10
08335	Xã Ngọc Lập	25	Tỉnh Phú Thọ	Huyện Yên Lập	10
08338	Xã Ngọc Đồng	25	Tỉnh Phú Thọ	Huyện Yên Lập	10
08341	Thị trấn Cẩm Khê	25	Tỉnh Phú Thọ	Huyện Cẩm Khê	9
08344	Xã Tiên Lương	25	Tỉnh Phú Thọ	Huyện Cẩm Khê	10
08347	Xã Tuy Lộc	25	Tỉnh Phú Thọ	Huyện Cẩm Khê	10
08350	Xã Ngô Xá	25	Tỉnh Phú Thọ	Huyện Cẩm Khê	10
08353	Xã Minh Tân	25	Tỉnh Phú Thọ	Huyện Cẩm Khê	10
08356	Xã Phượng Vĩ	25	Tỉnh Phú Thọ	Huyện Cẩm Khê	10
08362	Xã Thụy Liễu	25	Tỉnh Phú Thọ	Huyện Cẩm Khê	10
08374	Xã Tùng Khê	25	Tỉnh Phú Thọ	Huyện Cẩm Khê	10
08377	Xã Tam Sơn	25	Tỉnh Phú Thọ	Huyện Cẩm Khê	10
08380	Xã Văn Bán	25	Tỉnh Phú Thọ	Huyện Cẩm Khê	10
08383	Xã Cấp Dẫn	25	Tỉnh Phú Thọ	Huyện Cẩm Khê	10
08389	Xã Xương Thịnh	25	Tỉnh Phú Thọ	Huyện Cẩm Khê	10
08392	Xã Phú Khê	25	Tỉnh Phú Thọ	Huyện Cẩm Khê	10
08395	Xã Sơn Tình	25	Tỉnh Phú Thọ	Huyện Cẩm Khê	10
08398	Xã Yên Tập	25	Tỉnh Phú Thọ	Huyện Cẩm Khê	10
08401	Xã Hương Lung	25	Tỉnh Phú Thọ	Huyện Cẩm Khê	10
08404	Xã Tạ Xá	25	Tỉnh Phú Thọ	Huyện Cẩm Khê	10
08407	Xã Phú Lạc	25	Tỉnh Phú Thọ	Huyện Cẩm Khê	10
08413	Xã Chương Xá	25	Tỉnh Phú Thọ	Huyện Cẩm Khê	10
08416	Xã Hùng Việt	25	Tỉnh Phú Thọ	Huyện Cẩm Khê	10
08419	Xã Văn Khúc	25	Tỉnh Phú Thọ	Huyện Cẩm Khê	10
08422	Xã Yên Dưỡng	25	Tỉnh Phú Thọ	Huyện Cẩm Khê	10
08428	Xã Điêu Lương	25	Tỉnh Phú Thọ	Huyện Cẩm Khê	10
08431	Xã Đồng Lương	25	Tỉnh Phú Thọ	Huyện Cẩm Khê	10
08434	Thị trấn Hưng Hoá	25	Tỉnh Phú Thọ	Huyện Tam Nông	9
08440	Xã Hiền Quan	25	Tỉnh Phú Thọ	Huyện Tam Nông	10
08443	Xã Bắc Sơn	25	Tỉnh Phú Thọ	Huyện Tam Nông	10
08446	Xã Thanh Uyên	25	Tỉnh Phú Thọ	Huyện Tam Nông	10
08461	Xã Lam Sơn	25	Tỉnh Phú Thọ	Huyện Tam Nông	10
08467	Xã Vạn Xuân	25	Tỉnh Phú Thọ	Huyện Tam Nông	10
08470	Xã Quang Húc	25	Tỉnh Phú Thọ	Huyện Tam Nông	10
08473	Xã Hương Nộn	25	Tỉnh Phú Thọ	Huyện Tam Nông	10
08476	Xã Tề Lễ	25	Tỉnh Phú Thọ	Huyện Tam Nông	10
08479	Xã Thọ Văn	25	Tỉnh Phú Thọ	Huyện Tam Nông	10
08482	Xã Dị Nậu	25	Tỉnh Phú Thọ	Huyện Tam Nông	10
08491	Xã Dân Quyền	25	Tỉnh Phú Thọ	Huyện Tam Nông	10
08494	Thị trấn Lâm Thao	25	Tỉnh Phú Thọ	Huyện Lâm Thao	9
08497	Xã Tiên Kiên	25	Tỉnh Phú Thọ	Huyện Lâm Thao	10
08498	Thị trấn Hùng Sơn	25	Tỉnh Phú Thọ	Huyện Lâm Thao	9
08500	Xã Xuân Lũng	25	Tỉnh Phú Thọ	Huyện Lâm Thao	10
08503	Xã Hy Cương	25	Tỉnh Phú Thọ	Thành phố Việt Trì	10
08506	Xã Chu Hóa	25	Tỉnh Phú Thọ	Thành phố Việt Trì	10
08509	Xã Xuân Huy	25	Tỉnh Phú Thọ	Huyện Lâm Thao	10
08512	Xã Thạch Sơn	25	Tỉnh Phú Thọ	Huyện Lâm Thao	10
08515	Xã Thanh Đình	25	Tỉnh Phú Thọ	Thành phố Việt Trì	10
08518	Xã Sơn Vi	25	Tỉnh Phú Thọ	Huyện Lâm Thao	10
08521	Xã Phùng Nguyên	25	Tỉnh Phú Thọ	Huyện Lâm Thao	10
08527	Xã Cao Xá	25	Tỉnh Phú Thọ	Huyện Lâm Thao	10
08533	Xã Vĩnh Lại	25	Tỉnh Phú Thọ	Huyện Lâm Thao	10
08536	Xã Tứ Xã	25	Tỉnh Phú Thọ	Huyện Lâm Thao	10
08539	Xã Bản Nguyên	25	Tỉnh Phú Thọ	Huyện Lâm Thao	10
08542	Thị trấn Thanh Sơn	25	Tỉnh Phú Thọ	Huyện Thanh Sơn	9
08545	Xã Thu Cúc	25	Tỉnh Phú Thọ	Huyện Tân Sơn	10
08548	Xã Thạch Kiệt	25	Tỉnh Phú Thọ	Huyện Tân Sơn	10
08551	Xã Thu Ngạc	25	Tỉnh Phú Thọ	Huyện Tân Sơn	10
08554	Xã Kiệt Sơn	25	Tỉnh Phú Thọ	Huyện Tân Sơn	10
08557	Xã Đồng Sơn	25	Tỉnh Phú Thọ	Huyện Tân Sơn	10
08560	Xã Lai Đồng	25	Tỉnh Phú Thọ	Huyện Tân Sơn	10
08563	Xã Sơn Hùng	25	Tỉnh Phú Thọ	Huyện Thanh Sơn	10
08566	Xã Tân Phú	25	Tỉnh Phú Thọ	Huyện Tân Sơn	10
08569	Xã Mỹ Thuận	25	Tỉnh Phú Thọ	Huyện Tân Sơn	10
08572	Xã Địch Quả	25	Tỉnh Phú Thọ	Huyện Thanh Sơn	10
08575	Xã Giáp Lai	25	Tỉnh Phú Thọ	Huyện Thanh Sơn	10
08578	Xã Tân Sơn	25	Tỉnh Phú Thọ	Huyện Tân Sơn	10
08581	Xã Thục Luyện	25	Tỉnh Phú Thọ	Huyện Thanh Sơn	10
08584	Xã Võ Miếu	25	Tỉnh Phú Thọ	Huyện Thanh Sơn	10
08587	Xã Thạch Khoán	25	Tỉnh Phú Thọ	Huyện Thanh Sơn	10
08590	Xã Xuân Đài	25	Tỉnh Phú Thọ	Huyện Tân Sơn	10
08593	Xã Minh Đài	25	Tỉnh Phú Thọ	Huyện Tân Sơn	10
08596	Xã Văn Luông	25	Tỉnh Phú Thọ	Huyện Tân Sơn	10
08599	Xã Xuân Sơn	25	Tỉnh Phú Thọ	Huyện Tân Sơn	10
08602	Xã Cự Thắng	25	Tỉnh Phú Thọ	Huyện Thanh Sơn	10
08605	Xã Tất Thắng	25	Tỉnh Phú Thọ	Huyện Thanh Sơn	10
08608	Xã Long Cốc	25	Tỉnh Phú Thọ	Huyện Tân Sơn	10
08611	Xã Văn Miếu	25	Tỉnh Phú Thọ	Huyện Thanh Sơn	10
08614	Xã Cự Đồng	25	Tỉnh Phú Thọ	Huyện Thanh Sơn	10
08617	Xã Kim Thượng	25	Tỉnh Phú Thọ	Huyện Tân Sơn	10
08620	Xã Tam Thanh	25	Tỉnh Phú Thọ	Huyện Tân Sơn	10
08623	Xã Thắng Sơn	25	Tỉnh Phú Thọ	Huyện Thanh Sơn	10
08626	Xã Vinh Tiền	25	Tỉnh Phú Thọ	Huyện Tân Sơn	10
08629	Xã Tân Minh	25	Tỉnh Phú Thọ	Huyện Thanh Sơn	10
08632	Xã Hương Cần	25	Tỉnh Phú Thọ	Huyện Thanh Sơn	10
08635	Xã Khả Cửu	25	Tỉnh Phú Thọ	Huyện Thanh Sơn	10
08638	Xã Đông Cửu	25	Tỉnh Phú Thọ	Huyện Thanh Sơn	10
08641	Xã Tân Lập	25	Tỉnh Phú Thọ	Huyện Thanh Sơn	10
08644	Xã Yên Lãng	25	Tỉnh Phú Thọ	Huyện Thanh Sơn	10
08647	Xã Yên Lương	25	Tỉnh Phú Thọ	Huyện Thanh Sơn	10
08650	Xã Thượng Cửu	25	Tỉnh Phú Thọ	Huyện Thanh Sơn	10
08653	Xã Lương Nha	25	Tỉnh Phú Thọ	Huyện Thanh Sơn	10
08656	Xã Yên Sơn	25	Tỉnh Phú Thọ	Huyện Thanh Sơn	10
08659	Xã Tinh Nhuệ	25	Tỉnh Phú Thọ	Huyện Thanh Sơn	10
08662	Xã Đào Xá	25	Tỉnh Phú Thọ	Huyện Thanh Thuỷ	10
08665	Xã Thạch Đồng	25	Tỉnh Phú Thọ	Huyện Thanh Thuỷ	10
08668	Xã Xuân Lộc	25	Tỉnh Phú Thọ	Huyện Thanh Thuỷ	10
08671	Xã Tân Phương	25	Tỉnh Phú Thọ	Huyện Thanh Thuỷ	10
08674	Thị trấn Thanh Thủy	25	Tỉnh Phú Thọ	Huyện Thanh Thuỷ	9
08677	Xã Sơn Thủy	25	Tỉnh Phú Thọ	Huyện Thanh Thuỷ	10
08680	Xã Bảo Yên	25	Tỉnh Phú Thọ	Huyện Thanh Thuỷ	10
08683	Xã Đoan Hạ	25	Tỉnh Phú Thọ	Huyện Thanh Thuỷ	10
08686	Xã Đồng Trung	25	Tỉnh Phú Thọ	Huyện Thanh Thuỷ	10
08689	Xã Hoàng Xá	25	Tỉnh Phú Thọ	Huyện Thanh Thuỷ	10
08701	Xã Tu Vũ	25	Tỉnh Phú Thọ	Huyện Thanh Thuỷ	10
08707	Phường Tích Sơn	26	Tỉnh Vĩnh Phúc	Thành phố Vĩnh Yên	8
08710	Phường Liên Bảo	26	Tỉnh Vĩnh Phúc	Thành phố Vĩnh Yên	8
08713	Phường Hội Hợp	26	Tỉnh Vĩnh Phúc	Thành phố Vĩnh Yên	8
08716	Phường Đống Đa	26	Tỉnh Vĩnh Phúc	Thành phố Vĩnh Yên	8
08719	Phường Ngô Quyền	26	Tỉnh Vĩnh Phúc	Thành phố Vĩnh Yên	8
08722	Phường Đồng Tâm	26	Tỉnh Vĩnh Phúc	Thành phố Vĩnh Yên	8
08725	Phường Định Trung	26	Tỉnh Vĩnh Phúc	Thành phố Vĩnh Yên	8
08728	Phường Khai Quang	26	Tỉnh Vĩnh Phúc	Thành phố Vĩnh Yên	8
08731	Xã Thanh Trù	26	Tỉnh Vĩnh Phúc	Thành phố Vĩnh Yên	10
08734	Phường Trưng Trắc	26	Tỉnh Vĩnh Phúc	Thành phố Phúc Yên	8
08737	Phường Hùng Vương	26	Tỉnh Vĩnh Phúc	Thành phố Phúc Yên	8
08740	Phường Trưng Nhị	26	Tỉnh Vĩnh Phúc	Thành phố Phúc Yên	8
08743	Phường Phúc Thắng	26	Tỉnh Vĩnh Phúc	Thành phố Phúc Yên	8
08746	Phường Xuân Hoà	26	Tỉnh Vĩnh Phúc	Thành phố Phúc Yên	8
08747	Phường Đồng Xuân	26	Tỉnh Vĩnh Phúc	Thành phố Phúc Yên	8
08749	Xã Ngọc Thanh	26	Tỉnh Vĩnh Phúc	Thành phố Phúc Yên	10
08752	Xã Cao Minh	26	Tỉnh Vĩnh Phúc	Thành phố Phúc Yên	10
08755	Phường Nam Viêm	26	Tỉnh Vĩnh Phúc	Thành phố Phúc Yên	8
08758	Phường Tiền Châu	26	Tỉnh Vĩnh Phúc	Thành phố Phúc Yên	8
08761	Thị trấn Lập Thạch	26	Tỉnh Vĩnh Phúc	Huyện Lập Thạch	9
08764	Xã Quang Sơn	26	Tỉnh Vĩnh Phúc	Huyện Lập Thạch	10
08767	Xã Ngọc Mỹ	26	Tỉnh Vĩnh Phúc	Huyện Lập Thạch	10
08770	Xã Hợp Lý	26	Tỉnh Vĩnh Phúc	Huyện Lập Thạch	10
08773	Xã Lãng Công	26	Tỉnh Vĩnh Phúc	Huyện Sông Lô	10
08776	Xã Quang Yên	26	Tỉnh Vĩnh Phúc	Huyện Sông Lô	10
08779	Xã Bạch Lưu	26	Tỉnh Vĩnh Phúc	Huyện Sông Lô	10
08782	Xã Hải Lựu	26	Tỉnh Vĩnh Phúc	Huyện Sông Lô	10
08785	Xã Bắc Bình	26	Tỉnh Vĩnh Phúc	Huyện Lập Thạch	10
08788	Xã Thái Hòa	26	Tỉnh Vĩnh Phúc	Huyện Lập Thạch	10
08789	Thị trấn Hoa Sơn	26	Tỉnh Vĩnh Phúc	Huyện Lập Thạch	9
08791	Xã Liễn Sơn	26	Tỉnh Vĩnh Phúc	Huyện Lập Thạch	10
08794	Xã Xuân Hòa	26	Tỉnh Vĩnh Phúc	Huyện Lập Thạch	10
08797	Xã Vân Trục	26	Tỉnh Vĩnh Phúc	Huyện Lập Thạch	10
08800	Xã Đồng Quế	26	Tỉnh Vĩnh Phúc	Huyện Sông Lô	10
08803	Xã Nhân Đạo	26	Tỉnh Vĩnh Phúc	Huyện Sông Lô	10
08806	Xã Đôn Nhân	26	Tỉnh Vĩnh Phúc	Huyện Sông Lô	10
08809	Xã Phương Khoan	26	Tỉnh Vĩnh Phúc	Huyện Sông Lô	10
08812	Xã Liên Hòa	26	Tỉnh Vĩnh Phúc	Huyện Lập Thạch	10
08815	Xã Tử Du	26	Tỉnh Vĩnh Phúc	Huyện Lập Thạch	10
08818	Xã Tân Lập	26	Tỉnh Vĩnh Phúc	Huyện Sông Lô	10
08821	Xã Nhạo Sơn	26	Tỉnh Vĩnh Phúc	Huyện Sông Lô	10
08824	Thị trấn Tam Sơn	26	Tỉnh Vĩnh Phúc	Huyện Sông Lô	9
08827	Xã Như Thụy	26	Tỉnh Vĩnh Phúc	Huyện Sông Lô	10
08830	Xã Yên Thạch	26	Tỉnh Vĩnh Phúc	Huyện Sông Lô	10
08833	Xã Bàn Giản	26	Tỉnh Vĩnh Phúc	Huyện Lập Thạch	10
08836	Xã Xuân Lôi	26	Tỉnh Vĩnh Phúc	Huyện Lập Thạch	10
08839	Xã Đồng Ích	26	Tỉnh Vĩnh Phúc	Huyện Lập Thạch	10
08842	Xã Tiên Lữ	26	Tỉnh Vĩnh Phúc	Huyện Lập Thạch	10
08845	Xã Văn Quán	26	Tỉnh Vĩnh Phúc	Huyện Lập Thạch	10
08848	Xã Đồng Thịnh	26	Tỉnh Vĩnh Phúc	Huyện Sông Lô	10
08851	Xã Tứ Yên	26	Tỉnh Vĩnh Phúc	Huyện Sông Lô	10
08854	Xã Đức Bác	26	Tỉnh Vĩnh Phúc	Huyện Sông Lô	10
08857	Xã Đình Chu	26	Tỉnh Vĩnh Phúc	Huyện Lập Thạch	10
08860	Xã Cao Phong	26	Tỉnh Vĩnh Phúc	Huyện Sông Lô	10
08863	Xã Triệu Đề	26	Tỉnh Vĩnh Phúc	Huyện Lập Thạch	10
08866	Xã Sơn Đông	26	Tỉnh Vĩnh Phúc	Huyện Lập Thạch	10
08869	Thị trấn Hợp Hòa	26	Tỉnh Vĩnh Phúc	Huyện Tam Dương	9
08872	Xã Hoàng Hoa	26	Tỉnh Vĩnh Phúc	Huyện Tam Dương	10
08875	Xã Đồng Tĩnh	26	Tỉnh Vĩnh Phúc	Huyện Tam Dương	10
08878	Thị trấn Kim Long	26	Tỉnh Vĩnh Phúc	Huyện Tam Dương	9
08881	Xã Hướng Đạo	26	Tỉnh Vĩnh Phúc	Huyện Tam Dương	10
08884	Xã Đạo Tú	26	Tỉnh Vĩnh Phúc	Huyện Tam Dương	10
08887	Xã An Hòa	26	Tỉnh Vĩnh Phúc	Huyện Tam Dương	10
08890	Xã Thanh Vân	26	Tỉnh Vĩnh Phúc	Huyện Tam Dương	10
08893	Xã Duy Phiên	26	Tỉnh Vĩnh Phúc	Huyện Tam Dương	10
08896	Xã Hoàng Đan	26	Tỉnh Vĩnh Phúc	Huyện Tam Dương	10
08899	Xã Hoàng Lâu	26	Tỉnh Vĩnh Phúc	Huyện Tam Dương	10
08902	Xã Vân Hội	26	Tỉnh Vĩnh Phúc	Huyện Tam Dương	10
08905	Xã Hợp Thịnh	26	Tỉnh Vĩnh Phúc	Huyện Tam Dương	10
08908	Thị trấn Tam Đảo	26	Tỉnh Vĩnh Phúc	Huyện Tam Đảo	9
08911	Thị trấn Hợp Châu	26	Tỉnh Vĩnh Phúc	Huyện Tam Đảo	9
08914	Xã Đạo Trù	26	Tỉnh Vĩnh Phúc	Huyện Tam Đảo	10
08917	Xã Yên Dương	26	Tỉnh Vĩnh Phúc	Huyện Tam Đảo	10
08920	Xã Bồ Lý	26	Tỉnh Vĩnh Phúc	Huyện Tam Đảo	10
08923	Thị trấn Đại Đình	26	Tỉnh Vĩnh Phúc	Huyện Tam Đảo	9
08926	Xã Tam Quan	26	Tỉnh Vĩnh Phúc	Huyện Tam Đảo	10
08929	Xã Hồ Sơn	26	Tỉnh Vĩnh Phúc	Huyện Tam Đảo	10
08932	Xã Minh Quang	26	Tỉnh Vĩnh Phúc	Huyện Tam Đảo	10
08935	Thị trấn Hương Canh	26	Tỉnh Vĩnh Phúc	Huyện Bình Xuyên	9
08936	Thị trấn Gia Khánh	26	Tỉnh Vĩnh Phúc	Huyện Bình Xuyên	9
08938	Xã Trung Mỹ	26	Tỉnh Vĩnh Phúc	Huyện Bình Xuyên	10
08944	Thị trấn Bá Hiến	26	Tỉnh Vĩnh Phúc	Huyện Bình Xuyên	9
08947	Xã Thiện Kế	26	Tỉnh Vĩnh Phúc	Huyện Bình Xuyên	10
08950	Xã Hương Sơn	26	Tỉnh Vĩnh Phúc	Huyện Bình Xuyên	10
08953	Xã Tam Hợp	26	Tỉnh Vĩnh Phúc	Huyện Bình Xuyên	10
08956	Xã Quất Lưu	26	Tỉnh Vĩnh Phúc	Huyện Bình Xuyên	10
08959	Xã Sơn Lôi	26	Tỉnh Vĩnh Phúc	Huyện Bình Xuyên	10
08962	Thị trấn Đạo Đức	26	Tỉnh Vĩnh Phúc	Huyện Bình Xuyên	9
08965	Xã Tân Phong	26	Tỉnh Vĩnh Phúc	Huyện Bình Xuyên	10
08968	Thị trấn Thanh Lãng	26	Tỉnh Vĩnh Phúc	Huyện Bình Xuyên	9
08971	Xã Phú Xuân	26	Tỉnh Vĩnh Phúc	Huyện Bình Xuyên	10
08973	Thị trấn Chi Đông	01	Thành phố Hà Nội	Huyện Mê Linh	9
08974	Xã Đại Thịnh	01	Thành phố Hà Nội	Huyện Mê Linh	10
08977	Xã Kim Hoa	01	Thành phố Hà Nội	Huyện Mê Linh	10
08980	Xã Thạch Đà	01	Thành phố Hà Nội	Huyện Mê Linh	10
08983	Xã Tiến Thắng	01	Thành phố Hà Nội	Huyện Mê Linh	10
08986	Xã Tự Lập	01	Thành phố Hà Nội	Huyện Mê Linh	10
08989	Thị trấn Quang Minh	01	Thành phố Hà Nội	Huyện Mê Linh	9
08992	Xã Thanh Lâm	01	Thành phố Hà Nội	Huyện Mê Linh	10
08995	Xã Tam Đồng	01	Thành phố Hà Nội	Huyện Mê Linh	10
08998	Xã Liên Mạc	01	Thành phố Hà Nội	Huyện Mê Linh	10
09001	Xã Vạn Yên	01	Thành phố Hà Nội	Huyện Mê Linh	10
09004	Xã Chu Phan	01	Thành phố Hà Nội	Huyện Mê Linh	10
09007	Xã Tiến Thịnh	01	Thành phố Hà Nội	Huyện Mê Linh	10
09010	Xã Mê Linh	01	Thành phố Hà Nội	Huyện Mê Linh	10
09013	Xã Văn Khê	01	Thành phố Hà Nội	Huyện Mê Linh	10
09016	Xã Hoàng Kim	01	Thành phố Hà Nội	Huyện Mê Linh	10
09019	Xã Tiền Phong	01	Thành phố Hà Nội	Huyện Mê Linh	10
09022	Xã Tráng Việt	01	Thành phố Hà Nội	Huyện Mê Linh	10
09025	Thị trấn Yên Lạc	26	Tỉnh Vĩnh Phúc	Huyện Yên Lạc	9
09028	Xã Đồng Cương	26	Tỉnh Vĩnh Phúc	Huyện Yên Lạc	10
09031	Xã Đồng Văn	26	Tỉnh Vĩnh Phúc	Huyện Yên Lạc	10
09034	Xã Bình Định	26	Tỉnh Vĩnh Phúc	Huyện Yên Lạc	10
09037	Xã Trung Nguyên	26	Tỉnh Vĩnh Phúc	Huyện Yên Lạc	10
09040	Xã Tề Lỗ	26	Tỉnh Vĩnh Phúc	Huyện Yên Lạc	10
09043	Thị trấn Tam Hồng	26	Tỉnh Vĩnh Phúc	Huyện Yên Lạc	9
09046	Xã Yên Đồng	26	Tỉnh Vĩnh Phúc	Huyện Yên Lạc	10
09049	Xã Văn Tiến	26	Tỉnh Vĩnh Phúc	Huyện Yên Lạc	10
09052	Xã Nguyệt Đức	26	Tỉnh Vĩnh Phúc	Huyện Yên Lạc	10
09055	Xã Yên Phương	26	Tỉnh Vĩnh Phúc	Huyện Yên Lạc	10
09058	Xã Hồng Phương	26	Tỉnh Vĩnh Phúc	Huyện Yên Lạc	10
09061	Xã Trung Kiên	26	Tỉnh Vĩnh Phúc	Huyện Yên Lạc	10
09064	Xã Liên Châu	26	Tỉnh Vĩnh Phúc	Huyện Yên Lạc	10
09067	Xã Đại Tự	26	Tỉnh Vĩnh Phúc	Huyện Yên Lạc	10
09070	Xã Hồng Châu	26	Tỉnh Vĩnh Phúc	Huyện Yên Lạc	10
09073	Xã Trung Hà	26	Tỉnh Vĩnh Phúc	Huyện Yên Lạc	10
09076	Thị trấn Vĩnh Tường	26	Tỉnh Vĩnh Phúc	Huyện Vĩnh Tường	9
09079	Xã Kim Xá	26	Tỉnh Vĩnh Phúc	Huyện Vĩnh Tường	10
09082	Xã Yên Bình	26	Tỉnh Vĩnh Phúc	Huyện Vĩnh Tường	10
09085	Xã Chấn Hưng	26	Tỉnh Vĩnh Phúc	Huyện Vĩnh Tường	10
09088	Xã Nghĩa Hưng	26	Tỉnh Vĩnh Phúc	Huyện Vĩnh Tường	10
09091	Xã Yên Lập	26	Tỉnh Vĩnh Phúc	Huyện Vĩnh Tường	10
09094	Xã Việt Xuân	26	Tỉnh Vĩnh Phúc	Huyện Vĩnh Tường	10
09097	Xã Bồ Sao	26	Tỉnh Vĩnh Phúc	Huyện Vĩnh Tường	10
09100	Xã Đại Đồng	26	Tỉnh Vĩnh Phúc	Huyện Vĩnh Tường	10
09103	Xã Tân Tiến	26	Tỉnh Vĩnh Phúc	Huyện Vĩnh Tường	10
09106	Xã Lũng Hoà	26	Tỉnh Vĩnh Phúc	Huyện Vĩnh Tường	10
09109	Xã Cao Đại	26	Tỉnh Vĩnh Phúc	Huyện Vĩnh Tường	10
09112	Thị trấn Thổ Tang	26	Tỉnh Vĩnh Phúc	Huyện Vĩnh Tường	9
09115	Xã Vĩnh Sơn	26	Tỉnh Vĩnh Phúc	Huyện Vĩnh Tường	10
09118	Xã Bình Dương	26	Tỉnh Vĩnh Phúc	Huyện Vĩnh Tường	10
09124	Xã Tân Phú	26	Tỉnh Vĩnh Phúc	Huyện Vĩnh Tường	10
09127	Xã Thượng Trưng	26	Tỉnh Vĩnh Phúc	Huyện Vĩnh Tường	10
09130	Xã Vũ Di	26	Tỉnh Vĩnh Phúc	Huyện Vĩnh Tường	10
09133	Xã Lý Nhân	26	Tỉnh Vĩnh Phúc	Huyện Vĩnh Tường	10
09136	Xã Tuân Chính	26	Tỉnh Vĩnh Phúc	Huyện Vĩnh Tường	10
09139	Xã Vân Xuân	26	Tỉnh Vĩnh Phúc	Huyện Vĩnh Tường	10
09142	Xã Tam Phúc	26	Tỉnh Vĩnh Phúc	Huyện Vĩnh Tường	10
09145	Thị trấn Tứ Trưng	26	Tỉnh Vĩnh Phúc	Huyện Vĩnh Tường	9
09148	Xã Ngũ Kiên	26	Tỉnh Vĩnh Phúc	Huyện Vĩnh Tường	10
09151	Xã An Tường	26	Tỉnh Vĩnh Phúc	Huyện Vĩnh Tường	10
09154	Xã Vĩnh Thịnh	26	Tỉnh Vĩnh Phúc	Huyện Vĩnh Tường	10
09157	Xã Phú Đa	26	Tỉnh Vĩnh Phúc	Huyện Vĩnh Tường	10
09160	Xã Vĩnh Ninh	26	Tỉnh Vĩnh Phúc	Huyện Vĩnh Tường	10
09163	Phường Vũ Ninh	27	Tỉnh Bắc Ninh	Thành phố Bắc Ninh	8
09166	Phường Đáp Cầu	27	Tỉnh Bắc Ninh	Thành phố Bắc Ninh	8
09169	Phường Thị Cầu	27	Tỉnh Bắc Ninh	Thành phố Bắc Ninh	8
09172	Phường Kinh Bắc	27	Tỉnh Bắc Ninh	Thành phố Bắc Ninh	8
09175	Phường Vệ An	27	Tỉnh Bắc Ninh	Thành phố Bắc Ninh	8
09178	Phường Tiền An	27	Tỉnh Bắc Ninh	Thành phố Bắc Ninh	8
09181	Phường Đại Phúc	27	Tỉnh Bắc Ninh	Thành phố Bắc Ninh	8
09184	Phường Ninh Xá	27	Tỉnh Bắc Ninh	Thành phố Bắc Ninh	8
09187	Phường Suối Hoa	27	Tỉnh Bắc Ninh	Thành phố Bắc Ninh	8
09190	Phường Võ Cường	27	Tỉnh Bắc Ninh	Thành phố Bắc Ninh	8
09193	Thị trấn Chờ	27	Tỉnh Bắc Ninh	Huyện Yên Phong	9
09196	Xã Dũng Liệt	27	Tỉnh Bắc Ninh	Huyện Yên Phong	10
09199	Xã Tam Đa	27	Tỉnh Bắc Ninh	Huyện Yên Phong	10
09202	Xã Tam Giang	27	Tỉnh Bắc Ninh	Huyện Yên Phong	10
09205	Xã Yên Trung	27	Tỉnh Bắc Ninh	Huyện Yên Phong	10
09208	Xã Thụy Hòa	27	Tỉnh Bắc Ninh	Huyện Yên Phong	10
09211	Xã Hòa Tiến	27	Tỉnh Bắc Ninh	Huyện Yên Phong	10
09214	Phường Hòa Long	27	Tỉnh Bắc Ninh	Thành phố Bắc Ninh	8
09217	Xã Đông Tiến	27	Tỉnh Bắc Ninh	Huyện Yên Phong	10
09220	Xã Yên Phụ	27	Tỉnh Bắc Ninh	Huyện Yên Phong	10
09223	Xã Trung Nghĩa	27	Tỉnh Bắc Ninh	Huyện Yên Phong	10
09226	Phường Vạn An	27	Tỉnh Bắc Ninh	Thành phố Bắc Ninh	8
09229	Xã Đông Phong	27	Tỉnh Bắc Ninh	Huyện Yên Phong	10
09232	Xã Long Châu	27	Tỉnh Bắc Ninh	Huyện Yên Phong	10
09235	Phường Khúc Xuyên	27	Tỉnh Bắc Ninh	Thành phố Bắc Ninh	8
09238	Xã Văn Môn	27	Tỉnh Bắc Ninh	Huyện Yên Phong	10
09241	Xã Đông Thọ	27	Tỉnh Bắc Ninh	Huyện Yên Phong	10
09244	Phường Phong Khê	27	Tỉnh Bắc Ninh	Thành phố Bắc Ninh	8
09247	Phường Phố Mới	27	Tỉnh Bắc Ninh	Thị xã Quế Võ	8
09250	Xã Việt Thống	27	Tỉnh Bắc Ninh	Thị xã Quế Võ	10
09253	Phường Đại Xuân	27	Tỉnh Bắc Ninh	Thị xã Quế Võ	8
09256	Phường Kim Chân	27	Tỉnh Bắc Ninh	Thành phố Bắc Ninh	8
09259	Phường Nhân Hòa	27	Tỉnh Bắc Ninh	Thị xã Quế Võ	8
09262	Phường Bằng An	27	Tỉnh Bắc Ninh	Thị xã Quế Võ	8
09265	Phường Phương Liễu	27	Tỉnh Bắc Ninh	Thị xã Quế Võ	8
09268	Phường Quế Tân	27	Tỉnh Bắc Ninh	Thị xã Quế Võ	8
09271	Phường Vân Dương	27	Tỉnh Bắc Ninh	Thành phố Bắc Ninh	8
09274	Phường Phù Lương	27	Tỉnh Bắc Ninh	Thị xã Quế Võ	8
09277	Xã Phù Lãng	27	Tỉnh Bắc Ninh	Thị xã Quế Võ	10
09280	Phường Phượng Mao	27	Tỉnh Bắc Ninh	Thị xã Quế Võ	8
09283	Phường Việt Hùng	27	Tỉnh Bắc Ninh	Thị xã Quế Võ	8
09286	Phường Nam Sơn	27	Tỉnh Bắc Ninh	Thành phố Bắc Ninh	8
09289	Xã Ngọc Xá	27	Tỉnh Bắc Ninh	Thị xã Quế Võ	10
09292	Xã Châu Phong	27	Tỉnh Bắc Ninh	Thị xã Quế Võ	10
09295	Phường Bồng Lai	27	Tỉnh Bắc Ninh	Thị xã Quế Võ	8
09298	Phường Cách Bi	27	Tỉnh Bắc Ninh	Thị xã Quế Võ	8
09301	Xã Đào Viên	27	Tỉnh Bắc Ninh	Thị xã Quế Võ	10
09304	Xã Yên Giả	27	Tỉnh Bắc Ninh	Thị xã Quế Võ	10
09307	Xã Mộ Đạo	27	Tỉnh Bắc Ninh	Thị xã Quế Võ	10
09310	Xã Đức Long	27	Tỉnh Bắc Ninh	Thị xã Quế Võ	10
09313	Xã Chi Lăng	27	Tỉnh Bắc Ninh	Thị xã Quế Võ	10
09316	Xã Hán Quảng	27	Tỉnh Bắc Ninh	Thị xã Quế Võ	10
09319	Thị trấn Lim	27	Tỉnh Bắc Ninh	Huyện Tiên Du	9
09322	Xã Phú Lâm	27	Tỉnh Bắc Ninh	Huyện Tiên Du	10
09325	Phường Khắc Niệm	27	Tỉnh Bắc Ninh	Thành phố Bắc Ninh	8
09328	Xã Nội Duệ	27	Tỉnh Bắc Ninh	Huyện Tiên Du	10
09331	Phường Hạp Lĩnh	27	Tỉnh Bắc Ninh	Thành phố Bắc Ninh	8
09334	Xã Liên Bão	27	Tỉnh Bắc Ninh	Huyện Tiên Du	10
09337	Xã Hiên Vân	27	Tỉnh Bắc Ninh	Huyện Tiên Du	10
09340	Xã Hoàn Sơn	27	Tỉnh Bắc Ninh	Huyện Tiên Du	10
09343	Xã Lạc Vệ	27	Tỉnh Bắc Ninh	Huyện Tiên Du	10
09346	Xã Việt Đoàn	27	Tỉnh Bắc Ninh	Huyện Tiên Du	10
09349	Xã Phật Tích	27	Tỉnh Bắc Ninh	Huyện Tiên Du	10
09352	Xã Tân Chi	27	Tỉnh Bắc Ninh	Huyện Tiên Du	10
09355	Xã Đại Đồng	27	Tỉnh Bắc Ninh	Huyện Tiên Du	10
09358	Xã Tri Phương	27	Tỉnh Bắc Ninh	Huyện Tiên Du	10
09361	Xã Minh Đạo	27	Tỉnh Bắc Ninh	Huyện Tiên Du	10
09364	Xã Cảnh Hưng	27	Tỉnh Bắc Ninh	Huyện Tiên Du	10
09367	Phường Đông Ngàn	27	Tỉnh Bắc Ninh	Thành phố Từ Sơn	8
09370	Phường Tam Sơn	27	Tỉnh Bắc Ninh	Thành phố Từ Sơn	8
09373	Phường Hương Mạc	27	Tỉnh Bắc Ninh	Thành phố Từ Sơn	8
09376	Phường Tương Giang	27	Tỉnh Bắc Ninh	Thành phố Từ Sơn	8
09379	Phường Phù Khê	27	Tỉnh Bắc Ninh	Thành phố Từ Sơn	8
09382	Phường Đồng Kỵ	27	Tỉnh Bắc Ninh	Thành phố Từ Sơn	8
09383	Phường Trang Hạ	27	Tỉnh Bắc Ninh	Thành phố Từ Sơn	8
09385	Phường Đồng Nguyên	27	Tỉnh Bắc Ninh	Thành phố Từ Sơn	8
09388	Phường Châu Khê	27	Tỉnh Bắc Ninh	Thành phố Từ Sơn	8
09391	Phường Tân Hồng	27	Tỉnh Bắc Ninh	Thành phố Từ Sơn	8
09394	Phường Đình Bảng	27	Tỉnh Bắc Ninh	Thành phố Từ Sơn	8
09397	Phường Phù Chẩn	27	Tỉnh Bắc Ninh	Thành phố Từ Sơn	8
09400	Phường Hồ	27	Tỉnh Bắc Ninh	Thị xã Thuận Thành	8
09403	Xã Hoài Thượng	27	Tỉnh Bắc Ninh	Thị xã Thuận Thành	10
09406	Xã Đại Đồng Thành	27	Tỉnh Bắc Ninh	Thị xã Thuận Thành	10
09409	Xã Mão Điền	27	Tỉnh Bắc Ninh	Thị xã Thuận Thành	10
09412	Phường Song Hồ	27	Tỉnh Bắc Ninh	Thị xã Thuận Thành	8
09415	Xã Đình Tổ	27	Tỉnh Bắc Ninh	Thị xã Thuận Thành	10
09418	Phường An Bình	27	Tỉnh Bắc Ninh	Thị xã Thuận Thành	8
09421	Phường Trí Quả	27	Tỉnh Bắc Ninh	Thị xã Thuận Thành	8
09424	Phường Gia Đông	27	Tỉnh Bắc Ninh	Thị xã Thuận Thành	8
09427	Phường Thanh Khương	27	Tỉnh Bắc Ninh	Thị xã Thuận Thành	8
09430	Phường Trạm Lộ	27	Tỉnh Bắc Ninh	Thị xã Thuận Thành	8
09433	Phường Xuân Lâm	27	Tỉnh Bắc Ninh	Thị xã Thuận Thành	8
09436	Phường Hà Mãn	27	Tỉnh Bắc Ninh	Thị xã Thuận Thành	8
09439	Xã Ngũ Thái	27	Tỉnh Bắc Ninh	Thị xã Thuận Thành	10
09442	Xã Nguyệt Đức	27	Tỉnh Bắc Ninh	Thị xã Thuận Thành	10
09445	Phường Ninh Xá	27	Tỉnh Bắc Ninh	Thị xã Thuận Thành	8
09448	Xã Nghĩa Đạo	27	Tỉnh Bắc Ninh	Thị xã Thuận Thành	10
09451	Xã Song Liễu	27	Tỉnh Bắc Ninh	Thị xã Thuận Thành	10
09454	Thị trấn Gia Bình	27	Tỉnh Bắc Ninh	Huyện Gia Bình	9
09457	Xã Vạn Ninh	27	Tỉnh Bắc Ninh	Huyện Gia Bình	10
09460	Xã Thái Bảo	27	Tỉnh Bắc Ninh	Huyện Gia Bình	10
09463	Xã Giang Sơn	27	Tỉnh Bắc Ninh	Huyện Gia Bình	10
09466	Xã Cao Đức	27	Tỉnh Bắc Ninh	Huyện Gia Bình	10
09469	Xã Đại Lai	27	Tỉnh Bắc Ninh	Huyện Gia Bình	10
09472	Xã Song Giang	27	Tỉnh Bắc Ninh	Huyện Gia Bình	10
09475	Xã Bình Dương	27	Tỉnh Bắc Ninh	Huyện Gia Bình	10
09478	Xã Lãng Ngâm	27	Tỉnh Bắc Ninh	Huyện Gia Bình	10
09481	Xã Nhân Thắng	27	Tỉnh Bắc Ninh	Huyện Gia Bình	10
09484	Xã Xuân Lai	27	Tỉnh Bắc Ninh	Huyện Gia Bình	10
09487	Xã Đông Cứu	27	Tỉnh Bắc Ninh	Huyện Gia Bình	10
09490	Xã Đại Bái	27	Tỉnh Bắc Ninh	Huyện Gia Bình	10
09493	Xã Quỳnh Phú	27	Tỉnh Bắc Ninh	Huyện Gia Bình	10
09496	Thị trấn Thứa	27	Tỉnh Bắc Ninh	Huyện Lương Tài	9
09499	Xã An Thịnh	27	Tỉnh Bắc Ninh	Huyện Lương Tài	10
09502	Xã Trung Kênh	27	Tỉnh Bắc Ninh	Huyện Lương Tài	10
09505	Xã Phú Hòa	27	Tỉnh Bắc Ninh	Huyện Lương Tài	10
09508	Xã Mỹ Hương	27	Tỉnh Bắc Ninh	Huyện Lương Tài	10
09511	Xã Tân Lãng	27	Tỉnh Bắc Ninh	Huyện Lương Tài	10
09514	Xã Quảng Phú	27	Tỉnh Bắc Ninh	Huyện Lương Tài	10
09517	Xã Trừng Xá	27	Tỉnh Bắc Ninh	Huyện Lương Tài	10
09520	Xã Lai Hạ	27	Tỉnh Bắc Ninh	Huyện Lương Tài	10
09523	Xã Trung Chính	27	Tỉnh Bắc Ninh	Huyện Lương Tài	10
09526	Xã Minh Tân	27	Tỉnh Bắc Ninh	Huyện Lương Tài	10
09529	Xã Bình Định	27	Tỉnh Bắc Ninh	Huyện Lương Tài	10
09532	Xã Phú Lương	27	Tỉnh Bắc Ninh	Huyện Lương Tài	10
09535	Xã Lâm Thao	27	Tỉnh Bắc Ninh	Huyện Lương Tài	10
09538	Phường Nguyễn Trãi	01	Thành phố Hà Nội	Quận Hà Đông	8
09541	Phường Mộ Lao	01	Thành phố Hà Nội	Quận Hà Đông	8
09542	Phường Văn Quán	01	Thành phố Hà Nội	Quận Hà Đông	8
09544	Phường Vạn Phúc	01	Thành phố Hà Nội	Quận Hà Đông	8
09547	Phường Yết Kiêu	01	Thành phố Hà Nội	Quận Hà Đông	8
09550	Phường Quang Trung	01	Thành phố Hà Nội	Quận Hà Đông	8
09551	Phường La Khê	01	Thành phố Hà Nội	Quận Hà Đông	8
09552	Phường Phú La	01	Thành phố Hà Nội	Quận Hà Đông	8
09553	Phường Phúc La	01	Thành phố Hà Nội	Quận Hà Đông	8
09556	Phường Hà Cầu	01	Thành phố Hà Nội	Quận Hà Đông	8
09562	Phường Yên Nghĩa	01	Thành phố Hà Nội	Quận Hà Đông	8
09565	Phường Kiến Hưng	01	Thành phố Hà Nội	Quận Hà Đông	8
09568	Phường Phú Lãm	01	Thành phố Hà Nội	Quận Hà Đông	8
09571	Phường Phú Lương	01	Thành phố Hà Nội	Quận Hà Đông	8
09574	Phường Lê Lợi	01	Thành phố Hà Nội	Thị xã Sơn Tây	8
09577	Phường Phú Thịnh	01	Thành phố Hà Nội	Thị xã Sơn Tây	8
09580	Phường Ngô Quyền	01	Thành phố Hà Nội	Thị xã Sơn Tây	8
09583	Phường Quang Trung	01	Thành phố Hà Nội	Thị xã Sơn Tây	8
09586	Phường Sơn Lộc	01	Thành phố Hà Nội	Thị xã Sơn Tây	8
09589	Phường Xuân Khanh	01	Thành phố Hà Nội	Thị xã Sơn Tây	8
09592	Xã Đường Lâm	01	Thành phố Hà Nội	Thị xã Sơn Tây	10
09595	Phường Viên Sơn	01	Thành phố Hà Nội	Thị xã Sơn Tây	8
09598	Xã Xuân Sơn	01	Thành phố Hà Nội	Thị xã Sơn Tây	10
09601	Phường Trung Hưng	01	Thành phố Hà Nội	Thị xã Sơn Tây	8
09604	Xã Thanh Mỹ	01	Thành phố Hà Nội	Thị xã Sơn Tây	10
09607	Phường Trung Sơn Trầm	01	Thành phố Hà Nội	Thị xã Sơn Tây	8
09610	Xã Kim Sơn	01	Thành phố Hà Nội	Thị xã Sơn Tây	10
09613	Xã Sơn Đông	01	Thành phố Hà Nội	Thị xã Sơn Tây	10
09616	Xã Cổ Đông	01	Thành phố Hà Nội	Thị xã Sơn Tây	10
09619	Thị trấn Tây Đằng	01	Thành phố Hà Nội	Huyện Ba Vì	9
09625	Xã Phú Cường	01	Thành phố Hà Nội	Huyện Ba Vì	10
09628	Xã Cổ Đô	01	Thành phố Hà Nội	Huyện Ba Vì	10
09631	Xã Tản Hồng	01	Thành phố Hà Nội	Huyện Ba Vì	10
09634	Xã Vạn Thắng	01	Thành phố Hà Nội	Huyện Ba Vì	10
09637	Xã Châu Sơn	01	Thành phố Hà Nội	Huyện Ba Vì	10
09640	Xã Phong Vân	01	Thành phố Hà Nội	Huyện Ba Vì	10
09643	Xã Phú Đông	01	Thành phố Hà Nội	Huyện Ba Vì	10
09646	Xã Phú Phương	01	Thành phố Hà Nội	Huyện Ba Vì	10
09649	Xã Phú Châu	01	Thành phố Hà Nội	Huyện Ba Vì	10
09652	Xã Thái Hòa	01	Thành phố Hà Nội	Huyện Ba Vì	10
09655	Xã Đồng Thái	01	Thành phố Hà Nội	Huyện Ba Vì	10
09658	Xã Phú Sơn	01	Thành phố Hà Nội	Huyện Ba Vì	10
09661	Xã Minh Châu	01	Thành phố Hà Nội	Huyện Ba Vì	10
09664	Xã Vật Lại	01	Thành phố Hà Nội	Huyện Ba Vì	10
09667	Xã Chu Minh	01	Thành phố Hà Nội	Huyện Ba Vì	10
09670	Xã Tòng Bạt	01	Thành phố Hà Nội	Huyện Ba Vì	10
09673	Xã Cẩm Lĩnh	01	Thành phố Hà Nội	Huyện Ba Vì	10
09676	Xã Sơn Đà	01	Thành phố Hà Nội	Huyện Ba Vì	10
09679	Xã Đông Quang	01	Thành phố Hà Nội	Huyện Ba Vì	10
09682	Xã Tiên Phong	01	Thành phố Hà Nội	Huyện Ba Vì	10
09685	Xã Thụy An	01	Thành phố Hà Nội	Huyện Ba Vì	10
09688	Xã Cam Thượng	01	Thành phố Hà Nội	Huyện Ba Vì	10
09691	Xã Thuần Mỹ	01	Thành phố Hà Nội	Huyện Ba Vì	10
09694	Xã Tản Lĩnh	01	Thành phố Hà Nội	Huyện Ba Vì	10
09697	Xã Ba Trại	01	Thành phố Hà Nội	Huyện Ba Vì	10
09700	Xã Minh Quang	01	Thành phố Hà Nội	Huyện Ba Vì	10
09703	Xã Ba Vì	01	Thành phố Hà Nội	Huyện Ba Vì	10
09706	Xã Vân Hòa	01	Thành phố Hà Nội	Huyện Ba Vì	10
09709	Xã Yên Bài	01	Thành phố Hà Nội	Huyện Ba Vì	10
09712	Xã Khánh Thượng	01	Thành phố Hà Nội	Huyện Ba Vì	10
09715	Thị trấn Phúc Thọ	01	Thành phố Hà Nội	Huyện Phúc Thọ	9
09718	Xã Vân Hà	01	Thành phố Hà Nội	Huyện Phúc Thọ	10
09721	Xã Vân Phúc	01	Thành phố Hà Nội	Huyện Phúc Thọ	10
09724	Xã Vân Nam	01	Thành phố Hà Nội	Huyện Phúc Thọ	10
09727	Xã Xuân Đình	01	Thành phố Hà Nội	Huyện Phúc Thọ	10
09733	Xã Sen Phương	01	Thành phố Hà Nội	Huyện Phúc Thọ	10
09739	Xã Võng Xuyên	01	Thành phố Hà Nội	Huyện Phúc Thọ	10
09742	Xã Thọ Lộc	01	Thành phố Hà Nội	Huyện Phúc Thọ	10
09745	Xã Long Xuyên	01	Thành phố Hà Nội	Huyện Phúc Thọ	10
09748	Xã Thượng Cốc	01	Thành phố Hà Nội	Huyện Phúc Thọ	10
09751	Xã Hát Môn	01	Thành phố Hà Nội	Huyện Phúc Thọ	10
09754	Xã Tích Giang	01	Thành phố Hà Nội	Huyện Phúc Thọ	10
09757	Xã Thanh Đa	01	Thành phố Hà Nội	Huyện Phúc Thọ	10
09760	Xã Trạch Mỹ Lộc	01	Thành phố Hà Nội	Huyện Phúc Thọ	10
09763	Xã Phúc Hòa	01	Thành phố Hà Nội	Huyện Phúc Thọ	10
09766	Xã Ngọc Tảo	01	Thành phố Hà Nội	Huyện Phúc Thọ	10
09769	Xã Phụng Thượng	01	Thành phố Hà Nội	Huyện Phúc Thọ	10
09772	Xã Tam Thuấn	01	Thành phố Hà Nội	Huyện Phúc Thọ	10
09775	Xã Tam Hiệp	01	Thành phố Hà Nội	Huyện Phúc Thọ	10
09778	Xã Hiệp Thuận	01	Thành phố Hà Nội	Huyện Phúc Thọ	10
09781	Xã Liên Hiệp	01	Thành phố Hà Nội	Huyện Phúc Thọ	10
09784	Thị trấn Phùng	01	Thành phố Hà Nội	Huyện Đan Phượng	9
09787	Xã Trung Châu	01	Thành phố Hà Nội	Huyện Đan Phượng	10
09790	Xã Thọ An	01	Thành phố Hà Nội	Huyện Đan Phượng	10
09793	Xã Thọ Xuân	01	Thành phố Hà Nội	Huyện Đan Phượng	10
09796	Xã Hồng Hà	01	Thành phố Hà Nội	Huyện Đan Phượng	10
09799	Xã Liên Hồng	01	Thành phố Hà Nội	Huyện Đan Phượng	10
09802	Xã Liên Hà	01	Thành phố Hà Nội	Huyện Đan Phượng	10
09805	Xã Hạ Mỗ	01	Thành phố Hà Nội	Huyện Đan Phượng	10
09808	Xã Liên Trung	01	Thành phố Hà Nội	Huyện Đan Phượng	10
09811	Xã Phương Đình	01	Thành phố Hà Nội	Huyện Đan Phượng	10
09814	Xã Thượng Mỗ	01	Thành phố Hà Nội	Huyện Đan Phượng	10
09817	Xã Tân Hội	01	Thành phố Hà Nội	Huyện Đan Phượng	10
09820	Xã Tân Lập	01	Thành phố Hà Nội	Huyện Đan Phượng	10
09823	Xã Đan Phượng	01	Thành phố Hà Nội	Huyện Đan Phượng	10
09826	Xã Đồng Tháp	01	Thành phố Hà Nội	Huyện Đan Phượng	10
09829	Xã Song Phượng	01	Thành phố Hà Nội	Huyện Đan Phượng	10
09832	Thị trấn Trạm Trôi	01	Thành phố Hà Nội	Huyện Hoài Đức	9
09835	Xã Đức Thượng	01	Thành phố Hà Nội	Huyện Hoài Đức	10
09838	Xã Minh Khai	01	Thành phố Hà Nội	Huyện Hoài Đức	10
09841	Xã Dương Liễu	01	Thành phố Hà Nội	Huyện Hoài Đức	10
09844	Xã Di Trạch	01	Thành phố Hà Nội	Huyện Hoài Đức	10
09847	Xã Đức Giang	01	Thành phố Hà Nội	Huyện Hoài Đức	10
09850	Xã Cát Quế	01	Thành phố Hà Nội	Huyện Hoài Đức	10
09853	Xã Kim Chung	01	Thành phố Hà Nội	Huyện Hoài Đức	10
09856	Xã Yên Sở	01	Thành phố Hà Nội	Huyện Hoài Đức	10
09859	Xã Sơn Đồng	01	Thành phố Hà Nội	Huyện Hoài Đức	10
09862	Xã Vân Canh	01	Thành phố Hà Nội	Huyện Hoài Đức	10
09865	Xã Đắc Sở	01	Thành phố Hà Nội	Huyện Hoài Đức	10
09868	Xã Lại Yên	01	Thành phố Hà Nội	Huyện Hoài Đức	10
09871	Xã Tiền Yên	01	Thành phố Hà Nội	Huyện Hoài Đức	10
09874	Xã Song Phương	01	Thành phố Hà Nội	Huyện Hoài Đức	10
09877	Xã An Khánh	01	Thành phố Hà Nội	Huyện Hoài Đức	10
09880	Xã An Thượng	01	Thành phố Hà Nội	Huyện Hoài Đức	10
09883	Xã Vân Côn	01	Thành phố Hà Nội	Huyện Hoài Đức	10
09886	Phường Dương Nội	01	Thành phố Hà Nội	Quận Hà Đông	8
09889	Xã La Phù	01	Thành phố Hà Nội	Huyện Hoài Đức	10
09892	Xã Đông La	01	Thành phố Hà Nội	Huyện Hoài Đức	10
09895	Thị trấn Quốc Oai	01	Thành phố Hà Nội	Huyện Quốc Oai	9
09898	Xã Sài Sơn	01	Thành phố Hà Nội	Huyện Quốc Oai	10
09901	Xã Phượng Cách	01	Thành phố Hà Nội	Huyện Quốc Oai	10
09904	Xã Yên Sơn	01	Thành phố Hà Nội	Huyện Quốc Oai	10
09907	Xã Ngọc Liệp	01	Thành phố Hà Nội	Huyện Quốc Oai	10
09910	Xã Ngọc Mỹ	01	Thành phố Hà Nội	Huyện Quốc Oai	10
09913	Xã Liệp Tuyết	01	Thành phố Hà Nội	Huyện Quốc Oai	10
09916	Xã Thạch Thán	01	Thành phố Hà Nội	Huyện Quốc Oai	10
09919	Xã Đồng Quang	01	Thành phố Hà Nội	Huyện Quốc Oai	10
09922	Xã Phú Cát	01	Thành phố Hà Nội	Huyện Quốc Oai	10
09925	Xã Tuyết Nghĩa	01	Thành phố Hà Nội	Huyện Quốc Oai	10
09928	Xã Nghĩa Hương	01	Thành phố Hà Nội	Huyện Quốc Oai	10
09931	Xã Cộng Hòa	01	Thành phố Hà Nội	Huyện Quốc Oai	10
09934	Xã Tân Phú	01	Thành phố Hà Nội	Huyện Quốc Oai	10
09937	Xã Đại Thành	01	Thành phố Hà Nội	Huyện Quốc Oai	10
09940	Xã Phú Mãn	01	Thành phố Hà Nội	Huyện Quốc Oai	10
09943	Xã Cấn Hữu	01	Thành phố Hà Nội	Huyện Quốc Oai	10
09946	Xã Tân Hòa	01	Thành phố Hà Nội	Huyện Quốc Oai	10
09949	Xã Hòa Thạch	01	Thành phố Hà Nội	Huyện Quốc Oai	10
09952	Xã Đông Yên	01	Thành phố Hà Nội	Huyện Quốc Oai	10
09955	Thị trấn Liên Quan	01	Thành phố Hà Nội	Huyện Thạch Thất	9
09958	Xã Đại Đồng	01	Thành phố Hà Nội	Huyện Thạch Thất	10
09961	Xã Cẩm Yên	01	Thành phố Hà Nội	Huyện Thạch Thất	10
09964	Xã Lại Thượng	01	Thành phố Hà Nội	Huyện Thạch Thất	10
09967	Xã Phú Kim	01	Thành phố Hà Nội	Huyện Thạch Thất	10
09970	Xã Hương Ngải	01	Thành phố Hà Nội	Huyện Thạch Thất	10
09973	Xã Canh Nậu	01	Thành phố Hà Nội	Huyện Thạch Thất	10
09976	Xã Kim Quan	01	Thành phố Hà Nội	Huyện Thạch Thất	10
09979	Xã Dị Nậu	01	Thành phố Hà Nội	Huyện Thạch Thất	10
09982	Xã Bình Yên	01	Thành phố Hà Nội	Huyện Thạch Thất	10
09985	Xã Chàng Sơn	01	Thành phố Hà Nội	Huyện Thạch Thất	10
09988	Xã Thạch Hoà	01	Thành phố Hà Nội	Huyện Thạch Thất	10
09991	Xã Cần Kiệm	01	Thành phố Hà Nội	Huyện Thạch Thất	10
09994	Xã Hữu Bằng	01	Thành phố Hà Nội	Huyện Thạch Thất	10
09997	Xã Phùng Xá	01	Thành phố Hà Nội	Huyện Thạch Thất	10
10000	Xã Tân Xã	01	Thành phố Hà Nội	Huyện Thạch Thất	10
10003	Xã Thạch Xá	01	Thành phố Hà Nội	Huyện Thạch Thất	10
10006	Xã Bình Phú	01	Thành phố Hà Nội	Huyện Thạch Thất	10
10009	Xã Hạ Bằng	01	Thành phố Hà Nội	Huyện Thạch Thất	10
10012	Xã Đồng Trúc	01	Thành phố Hà Nội	Huyện Thạch Thất	10
10015	Thị trấn Chúc Sơn	01	Thành phố Hà Nội	Huyện Chương Mỹ	9
10018	Thị trấn Xuân Mai	01	Thành phố Hà Nội	Huyện Chương Mỹ	9
10021	Xã Phụng Châu	01	Thành phố Hà Nội	Huyện Chương Mỹ	10
10024	Xã Tiên Phương	01	Thành phố Hà Nội	Huyện Chương Mỹ	10
10027	Xã Đông Sơn	01	Thành phố Hà Nội	Huyện Chương Mỹ	10
10030	Xã Đông Phương Yên	01	Thành phố Hà Nội	Huyện Chương Mỹ	10
10033	Xã Phú Nghĩa	01	Thành phố Hà Nội	Huyện Chương Mỹ	10
10039	Xã Trường Yên	01	Thành phố Hà Nội	Huyện Chương Mỹ	10
10042	Xã Ngọc Hòa	01	Thành phố Hà Nội	Huyện Chương Mỹ	10
10045	Xã Thủy Xuân Tiên	01	Thành phố Hà Nội	Huyện Chương Mỹ	10
10048	Xã Thanh Bình	01	Thành phố Hà Nội	Huyện Chương Mỹ	10
10051	Xã Trung Hòa	01	Thành phố Hà Nội	Huyện Chương Mỹ	10
10054	Xã Đại Yên	01	Thành phố Hà Nội	Huyện Chương Mỹ	10
10057	Xã Thụy Hương	01	Thành phố Hà Nội	Huyện Chương Mỹ	10
10060	Xã Tốt Động	01	Thành phố Hà Nội	Huyện Chương Mỹ	10
10063	Xã Lam Điền	01	Thành phố Hà Nội	Huyện Chương Mỹ	10
10066	Xã Tân Tiến	01	Thành phố Hà Nội	Huyện Chương Mỹ	10
10069	Xã Nam Phương Tiến	01	Thành phố Hà Nội	Huyện Chương Mỹ	10
10072	Xã Hợp Đồng	01	Thành phố Hà Nội	Huyện Chương Mỹ	10
10075	Xã Hoàng Văn Thụ	01	Thành phố Hà Nội	Huyện Chương Mỹ	10
10078	Xã Hoàng Diệu	01	Thành phố Hà Nội	Huyện Chương Mỹ	10
10081	Xã Hữu Văn	01	Thành phố Hà Nội	Huyện Chương Mỹ	10
10084	Xã Quảng Bị	01	Thành phố Hà Nội	Huyện Chương Mỹ	10
10087	Xã Mỹ Lương	01	Thành phố Hà Nội	Huyện Chương Mỹ	10
10090	Xã Thượng Vực	01	Thành phố Hà Nội	Huyện Chương Mỹ	10
10093	Xã Hồng Phong	01	Thành phố Hà Nội	Huyện Chương Mỹ	10
10096	Xã Đồng Phú	01	Thành phố Hà Nội	Huyện Chương Mỹ	10
10099	Xã Trần Phú	01	Thành phố Hà Nội	Huyện Chương Mỹ	10
10102	Xã Văn Võ	01	Thành phố Hà Nội	Huyện Chương Mỹ	10
10105	Xã Đồng Lạc	01	Thành phố Hà Nội	Huyện Chương Mỹ	10
10108	Xã Hòa Chính	01	Thành phố Hà Nội	Huyện Chương Mỹ	10
10111	Xã Phú Nam An	01	Thành phố Hà Nội	Huyện Chương Mỹ	10
10114	Thị trấn Kim Bài	01	Thành phố Hà Nội	Huyện Thanh Oai	9
10117	Phường Đồng Mai	01	Thành phố Hà Nội	Quận Hà Đông	8
10120	Xã Cự Khê	01	Thành phố Hà Nội	Huyện Thanh Oai	10
10123	Phường Biên Giang	01	Thành phố Hà Nội	Quận Hà Đông	8
10126	Xã Bích Hòa	01	Thành phố Hà Nội	Huyện Thanh Oai	10
10129	Xã Mỹ Hưng	01	Thành phố Hà Nội	Huyện Thanh Oai	10
10132	Xã Cao Viên	01	Thành phố Hà Nội	Huyện Thanh Oai	10
10135	Xã Bình Minh	01	Thành phố Hà Nội	Huyện Thanh Oai	10
10138	Xã Tam Hưng	01	Thành phố Hà Nội	Huyện Thanh Oai	10
10141	Xã Thanh Cao	01	Thành phố Hà Nội	Huyện Thanh Oai	10
10144	Xã Thanh Thùy	01	Thành phố Hà Nội	Huyện Thanh Oai	10
10147	Xã Thanh Mai	01	Thành phố Hà Nội	Huyện Thanh Oai	10
10150	Xã Thanh Văn	01	Thành phố Hà Nội	Huyện Thanh Oai	10
10153	Xã Đỗ Động	01	Thành phố Hà Nội	Huyện Thanh Oai	10
10156	Xã Kim An	01	Thành phố Hà Nội	Huyện Thanh Oai	10
10159	Xã Kim Thư	01	Thành phố Hà Nội	Huyện Thanh Oai	10
10162	Xã Phương Trung	01	Thành phố Hà Nội	Huyện Thanh Oai	10
10165	Xã Tân Ước	01	Thành phố Hà Nội	Huyện Thanh Oai	10
10168	Xã Dân Hòa	01	Thành phố Hà Nội	Huyện Thanh Oai	10
10171	Xã Liên Châu	01	Thành phố Hà Nội	Huyện Thanh Oai	10
10174	Xã Cao Dương	01	Thành phố Hà Nội	Huyện Thanh Oai	10
10177	Xã Xuân Dương	01	Thành phố Hà Nội	Huyện Thanh Oai	10
10180	Xã Hồng Dương	01	Thành phố Hà Nội	Huyện Thanh Oai	10
10183	Thị trấn Thường Tín	01	Thành phố Hà Nội	Huyện Thường Tín	9
10186	Xã Ninh Sở	01	Thành phố Hà Nội	Huyện Thường Tín	10
10189	Xã Nhị Khê	01	Thành phố Hà Nội	Huyện Thường Tín	10
10192	Xã Duyên Thái	01	Thành phố Hà Nội	Huyện Thường Tín	10
10195	Xã Khánh Hà	01	Thành phố Hà Nội	Huyện Thường Tín	10
10198	Xã Hòa Bình	01	Thành phố Hà Nội	Huyện Thường Tín	10
10201	Xã Văn Bình	01	Thành phố Hà Nội	Huyện Thường Tín	10
10204	Xã Hiền Giang	01	Thành phố Hà Nội	Huyện Thường Tín	10
10207	Xã Hồng Vân	01	Thành phố Hà Nội	Huyện Thường Tín	10
10210	Xã Vân Tảo	01	Thành phố Hà Nội	Huyện Thường Tín	10
10213	Xã Liên Phương	01	Thành phố Hà Nội	Huyện Thường Tín	10
10216	Xã Văn Phú	01	Thành phố Hà Nội	Huyện Thường Tín	10
10219	Xã Tự Nhiên	01	Thành phố Hà Nội	Huyện Thường Tín	10
10222	Xã Tiền Phong	01	Thành phố Hà Nội	Huyện Thường Tín	10
10225	Xã Hà Hồi	01	Thành phố Hà Nội	Huyện Thường Tín	10
10228	Xã Thư Phú	01	Thành phố Hà Nội	Huyện Thường Tín	10
10231	Xã Nguyễn Trãi	01	Thành phố Hà Nội	Huyện Thường Tín	10
10234	Xã Quất Động	01	Thành phố Hà Nội	Huyện Thường Tín	10
10237	Xã Chương Dương	01	Thành phố Hà Nội	Huyện Thường Tín	10
10240	Xã Tân Minh	01	Thành phố Hà Nội	Huyện Thường Tín	10
10243	Xã Lê Lợi	01	Thành phố Hà Nội	Huyện Thường Tín	10
10246	Xã Thắng Lợi	01	Thành phố Hà Nội	Huyện Thường Tín	10
10249	Xã Dũng Tiến	01	Thành phố Hà Nội	Huyện Thường Tín	10
10252	Xã Thống Nhất	01	Thành phố Hà Nội	Huyện Thường Tín	10
10255	Xã Nghiêm Xuyên	01	Thành phố Hà Nội	Huyện Thường Tín	10
10258	Xã Tô Hiệu	01	Thành phố Hà Nội	Huyện Thường Tín	10
10261	Xã Văn Tự	01	Thành phố Hà Nội	Huyện Thường Tín	10
10264	Xã Vạn Điểm	01	Thành phố Hà Nội	Huyện Thường Tín	10
10267	Xã Minh Cường	01	Thành phố Hà Nội	Huyện Thường Tín	10
10270	Thị trấn Phú Minh	01	Thành phố Hà Nội	Huyện Phú Xuyên	9
10273	Thị trấn Phú Xuyên	01	Thành phố Hà Nội	Huyện Phú Xuyên	9
10276	Xã Hồng Minh	01	Thành phố Hà Nội	Huyện Phú Xuyên	10
10279	Xã Phượng Dực	01	Thành phố Hà Nội	Huyện Phú Xuyên	10
10282	Xã Nam Tiến	01	Thành phố Hà Nội	Huyện Phú Xuyên	10
10288	Xã Tri Trung	01	Thành phố Hà Nội	Huyện Phú Xuyên	10
10291	Xã Đại Thắng	01	Thành phố Hà Nội	Huyện Phú Xuyên	10
10294	Xã Phú Túc	01	Thành phố Hà Nội	Huyện Phú Xuyên	10
10297	Xã Văn Hoàng	01	Thành phố Hà Nội	Huyện Phú Xuyên	10
10300	Xã Hồng Thái	01	Thành phố Hà Nội	Huyện Phú Xuyên	10
10303	Xã Hoàng Long	01	Thành phố Hà Nội	Huyện Phú Xuyên	10
10306	Xã Quang Trung	01	Thành phố Hà Nội	Huyện Phú Xuyên	10
10309	Xã Nam Phong	01	Thành phố Hà Nội	Huyện Phú Xuyên	10
10312	Xã Nam Triều	01	Thành phố Hà Nội	Huyện Phú Xuyên	10
10315	Xã Tân Dân	01	Thành phố Hà Nội	Huyện Phú Xuyên	10
10318	Xã Sơn Hà	01	Thành phố Hà Nội	Huyện Phú Xuyên	10
10321	Xã Chuyên Mỹ	01	Thành phố Hà Nội	Huyện Phú Xuyên	10
10324	Xã Khai Thái	01	Thành phố Hà Nội	Huyện Phú Xuyên	10
10327	Xã Phúc Tiến	01	Thành phố Hà Nội	Huyện Phú Xuyên	10
10330	Xã Vân Từ	01	Thành phố Hà Nội	Huyện Phú Xuyên	10
10333	Xã Tri Thủy	01	Thành phố Hà Nội	Huyện Phú Xuyên	10
10336	Xã Đại Xuyên	01	Thành phố Hà Nội	Huyện Phú Xuyên	10
10339	Xã Phú Yên	01	Thành phố Hà Nội	Huyện Phú Xuyên	10
10342	Xã Bạch Hạ	01	Thành phố Hà Nội	Huyện Phú Xuyên	10
10345	Xã Quang Lãng	01	Thành phố Hà Nội	Huyện Phú Xuyên	10
10348	Xã Châu Can	01	Thành phố Hà Nội	Huyện Phú Xuyên	10
10351	Xã Minh Tân	01	Thành phố Hà Nội	Huyện Phú Xuyên	10
10354	Thị trấn Vân Đình	01	Thành phố Hà Nội	Huyện Ứng Hòa	9
10357	Xã Viên An	01	Thành phố Hà Nội	Huyện Ứng Hòa	10
10360	Xã Viên Nội	01	Thành phố Hà Nội	Huyện Ứng Hòa	10
10363	Xã Hoa Sơn	01	Thành phố Hà Nội	Huyện Ứng Hòa	10
10366	Xã Quảng Phú Cầu	01	Thành phố Hà Nội	Huyện Ứng Hòa	10
10369	Xã Trường Thịnh	01	Thành phố Hà Nội	Huyện Ứng Hòa	10
10372	Xã Cao Thành	01	Thành phố Hà Nội	Huyện Ứng Hòa	10
10375	Xã Liên Bạt	01	Thành phố Hà Nội	Huyện Ứng Hòa	10
10378	Xã Sơn Công	01	Thành phố Hà Nội	Huyện Ứng Hòa	10
10381	Xã Đồng Tiến	01	Thành phố Hà Nội	Huyện Ứng Hòa	10
10384	Xã Phương Tú	01	Thành phố Hà Nội	Huyện Ứng Hòa	10
10387	Xã Trung Tú	01	Thành phố Hà Nội	Huyện Ứng Hòa	10
10390	Xã Đồng Tân	01	Thành phố Hà Nội	Huyện Ứng Hòa	10
10393	Xã Tảo Dương Văn	01	Thành phố Hà Nội	Huyện Ứng Hòa	10
10396	Xã Vạn Thái	01	Thành phố Hà Nội	Huyện Ứng Hòa	10
10399	Xã Minh Đức	01	Thành phố Hà Nội	Huyện Ứng Hòa	10
10402	Xã Hòa Lâm	01	Thành phố Hà Nội	Huyện Ứng Hòa	10
10405	Xã Hòa Xá	01	Thành phố Hà Nội	Huyện Ứng Hòa	10
10408	Xã Trầm Lộng	01	Thành phố Hà Nội	Huyện Ứng Hòa	10
10411	Xã Kim Đường	01	Thành phố Hà Nội	Huyện Ứng Hòa	10
10414	Xã Hòa Nam	01	Thành phố Hà Nội	Huyện Ứng Hòa	10
10417	Xã Hòa Phú	01	Thành phố Hà Nội	Huyện Ứng Hòa	10
10420	Xã Đội Bình	01	Thành phố Hà Nội	Huyện Ứng Hòa	10
10423	Xã Đại Hùng	01	Thành phố Hà Nội	Huyện Ứng Hòa	10
10426	Xã Đông Lỗ	01	Thành phố Hà Nội	Huyện Ứng Hòa	10
10429	Xã Phù Lưu	01	Thành phố Hà Nội	Huyện Ứng Hòa	10
10432	Xã Đại Cường	01	Thành phố Hà Nội	Huyện Ứng Hòa	10
10435	Xã Lưu Hoàng	01	Thành phố Hà Nội	Huyện Ứng Hòa	10
10438	Xã Hồng Quang	01	Thành phố Hà Nội	Huyện Ứng Hòa	10
10441	Thị trấn Đại Nghĩa	01	Thành phố Hà Nội	Huyện Mỹ Đức	9
10444	Xã Đồng Tâm	01	Thành phố Hà Nội	Huyện Mỹ Đức	10
10447	Xã Thượng Lâm	01	Thành phố Hà Nội	Huyện Mỹ Đức	10
10450	Xã Tuy Lai	01	Thành phố Hà Nội	Huyện Mỹ Đức	10
10453	Xã Phúc Lâm	01	Thành phố Hà Nội	Huyện Mỹ Đức	10
10456	Xã Mỹ Thành	01	Thành phố Hà Nội	Huyện Mỹ Đức	10
10459	Xã Bột Xuyên	01	Thành phố Hà Nội	Huyện Mỹ Đức	10
10462	Xã An Mỹ	01	Thành phố Hà Nội	Huyện Mỹ Đức	10
10465	Xã Hồng Sơn	01	Thành phố Hà Nội	Huyện Mỹ Đức	10
10468	Xã Lê Thanh	01	Thành phố Hà Nội	Huyện Mỹ Đức	10
10471	Xã Xuy Xá	01	Thành phố Hà Nội	Huyện Mỹ Đức	10
10474	Xã Phùng Xá	01	Thành phố Hà Nội	Huyện Mỹ Đức	10
10477	Xã Phù Lưu Tế	01	Thành phố Hà Nội	Huyện Mỹ Đức	10
10480	Xã Đại Hưng	01	Thành phố Hà Nội	Huyện Mỹ Đức	10
10483	Xã Vạn Kim	01	Thành phố Hà Nội	Huyện Mỹ Đức	10
10486	Xã Đốc Tín	01	Thành phố Hà Nội	Huyện Mỹ Đức	10
10489	Xã Hương Sơn	01	Thành phố Hà Nội	Huyện Mỹ Đức	10
10492	Xã Hùng Tiến	01	Thành phố Hà Nội	Huyện Mỹ Đức	10
10495	Xã An Tiến	01	Thành phố Hà Nội	Huyện Mỹ Đức	10
10498	Xã Hợp Tiến	01	Thành phố Hà Nội	Huyện Mỹ Đức	10
10501	Xã Hợp Thanh	01	Thành phố Hà Nội	Huyện Mỹ Đức	10
10504	Xã An Phú	01	Thành phố Hà Nội	Huyện Mỹ Đức	10
10507	Phường Cẩm Thượng	30	Tỉnh Hải Dương	Thành phố Hải Dương	8
10510	Phường Bình Hàn	30	Tỉnh Hải Dương	Thành phố Hải Dương	8
10513	Phường Ngọc Châu	30	Tỉnh Hải Dương	Thành phố Hải Dương	8
10514	Phường Nhị Châu	30	Tỉnh Hải Dương	Thành phố Hải Dương	8
10516	Phường Quang Trung	30	Tỉnh Hải Dương	Thành phố Hải Dương	8
10519	Phường Nguyễn Trãi	30	Tỉnh Hải Dương	Thành phố Hải Dương	8
10522	Phường Phạm Ngũ Lão	30	Tỉnh Hải Dương	Thành phố Hải Dương	8
10525	Phường Trần Hưng Đạo	30	Tỉnh Hải Dương	Thành phố Hải Dương	8
10528	Phường Trần Phú	30	Tỉnh Hải Dương	Thành phố Hải Dương	8
10531	Phường Thanh Bình	30	Tỉnh Hải Dương	Thành phố Hải Dương	8
10532	Phường Tân Bình	30	Tỉnh Hải Dương	Thành phố Hải Dương	8
10534	Phường Lê Thanh Nghị	30	Tỉnh Hải Dương	Thành phố Hải Dương	8
10537	Phường Hải Tân	30	Tỉnh Hải Dương	Thành phố Hải Dương	8
10540	Phường Tứ Minh	30	Tỉnh Hải Dương	Thành phố Hải Dương	8
10543	Phường Việt Hoà	30	Tỉnh Hải Dương	Thành phố Hải Dương	8
10546	Phường Phả Lại	30	Tỉnh Hải Dương	Thành phố Chí Linh	8
10549	Phường Sao Đỏ	30	Tỉnh Hải Dương	Thành phố Chí Linh	8
10552	Phường Bến Tắm	30	Tỉnh Hải Dương	Thành phố Chí Linh	8
10555	Xã Hoàng Hoa Thám	30	Tỉnh Hải Dương	Thành phố Chí Linh	10
10558	Xã Bắc An	30	Tỉnh Hải Dương	Thành phố Chí Linh	10
10561	Xã Hưng Đạo	30	Tỉnh Hải Dương	Thành phố Chí Linh	10
10564	Xã Lê Lợi	30	Tỉnh Hải Dương	Thành phố Chí Linh	10
10567	Phường Hoàng Tiến	30	Tỉnh Hải Dương	Thành phố Chí Linh	8
10570	Phường Cộng Hoà	30	Tỉnh Hải Dương	Thành phố Chí Linh	8
10573	Phường Hoàng Tân	30	Tỉnh Hải Dương	Thành phố Chí Linh	8
10576	Phường Cổ Thành	30	Tỉnh Hải Dương	Thành phố Chí Linh	8
10579	Phường Văn An	30	Tỉnh Hải Dương	Thành phố Chí Linh	8
10582	Phường Chí Minh	30	Tỉnh Hải Dương	Thành phố Chí Linh	8
10585	Phường Văn Đức	30	Tỉnh Hải Dương	Thành phố Chí Linh	8
10588	Phường Thái Học	30	Tỉnh Hải Dương	Thành phố Chí Linh	8
10591	Xã Nhân Huệ	30	Tỉnh Hải Dương	Thành phố Chí Linh	10
10594	Phường An Lạc	30	Tỉnh Hải Dương	Thành phố Chí Linh	8
10600	Phường Đồng Lạc	30	Tỉnh Hải Dương	Thành phố Chí Linh	8
10603	Phường Tân Dân	30	Tỉnh Hải Dương	Thành phố Chí Linh	8
10606	Thị trấn Nam Sách	30	Tỉnh Hải Dương	Huyện Nam Sách	9
10609	Xã Nam Hưng	30	Tỉnh Hải Dương	Huyện Nam Sách	10
10612	Xã Nam Tân	30	Tỉnh Hải Dương	Huyện Nam Sách	10
10615	Xã Hợp Tiến	30	Tỉnh Hải Dương	Huyện Nam Sách	10
10618	Xã Hiệp Cát	30	Tỉnh Hải Dương	Huyện Nam Sách	10
10621	Xã Thanh Quang	30	Tỉnh Hải Dương	Huyện Nam Sách	10
10624	Xã Quốc Tuấn	30	Tỉnh Hải Dương	Huyện Nam Sách	10
10627	Xã Nam Chính	30	Tỉnh Hải Dương	Huyện Nam Sách	10
10630	Xã An Bình	30	Tỉnh Hải Dương	Huyện Nam Sách	10
10633	Xã Nam Trung	30	Tỉnh Hải Dương	Huyện Nam Sách	10
10636	Xã An Sơn	30	Tỉnh Hải Dương	Huyện Nam Sách	10
10639	Xã Cộng Hòa	30	Tỉnh Hải Dương	Huyện Nam Sách	10
10642	Xã Thái Tân	30	Tỉnh Hải Dương	Huyện Nam Sách	10
10645	Xã An Lâm	30	Tỉnh Hải Dương	Huyện Nam Sách	10
10648	Xã Phú Điền	30	Tỉnh Hải Dương	Huyện Nam Sách	10
10651	Xã Nam Hồng	30	Tỉnh Hải Dương	Huyện Nam Sách	10
10654	Xã Hồng Phong	30	Tỉnh Hải Dương	Huyện Nam Sách	10
10657	Xã Đồng Lạc	30	Tỉnh Hải Dương	Huyện Nam Sách	10
10660	Phường Ái Quốc	30	Tỉnh Hải Dương	Thành phố Hải Dương	8
10663	Xã An Thượng	30	Tỉnh Hải Dương	Thành phố Hải Dương	10
10666	Xã Minh Tân	30	Tỉnh Hải Dương	Huyện Nam Sách	10
10672	Phường Nam Đồng	30	Tỉnh Hải Dương	Thành phố Hải Dương	8
10675	Phường An Lưu	30	Tỉnh Hải Dương	Thị xã Kinh Môn	8
10678	Xã Bạch Đằng	30	Tỉnh Hải Dương	Thị xã Kinh Môn	10
10681	Phường Thất Hùng	30	Tỉnh Hải Dương	Thị xã Kinh Môn	8
10684	Xã Lê Ninh	30	Tỉnh Hải Dương	Thị xã Kinh Môn	10
10687	Xã Hoành Sơn	30	Tỉnh Hải Dương	Thị xã Kinh Môn	10
10693	Phường Phạm Thái	30	Tỉnh Hải Dương	Thị xã Kinh Môn	8
10696	Phường Duy Tân	30	Tỉnh Hải Dương	Thị xã Kinh Môn	8
10699	Phường Tân Dân	30	Tỉnh Hải Dương	Thị xã Kinh Môn	8
10702	Phường Minh Tân	30	Tỉnh Hải Dương	Thị xã Kinh Môn	8
10705	Xã Quang Thành	30	Tỉnh Hải Dương	Thị xã Kinh Môn	10
10708	Xã Hiệp Hòa	30	Tỉnh Hải Dương	Thị xã Kinh Môn	10
10714	Phường Phú Thứ	30	Tỉnh Hải Dương	Thị xã Kinh Môn	8
10717	Xã Thăng Long	30	Tỉnh Hải Dương	Thị xã Kinh Môn	10
10720	Xã Lạc Long	30	Tỉnh Hải Dương	Thị xã Kinh Môn	10
10723	Phường An Sinh	30	Tỉnh Hải Dương	Thị xã Kinh Môn	8
10726	Phường Hiệp Sơn	30	Tỉnh Hải Dương	Thị xã Kinh Môn	8
10729	Xã Thượng Quận	30	Tỉnh Hải Dương	Thị xã Kinh Môn	10
10732	Phường An Phụ	30	Tỉnh Hải Dương	Thị xã Kinh Môn	8
10735	Phường Hiệp An	30	Tỉnh Hải Dương	Thị xã Kinh Môn	8
10738	Phường Long Xuyên	30	Tỉnh Hải Dương	Thị xã Kinh Môn	8
10741	Phường Thái Thịnh	30	Tỉnh Hải Dương	Thị xã Kinh Môn	8
10744	Phường Hiến Thành	30	Tỉnh Hải Dương	Thị xã Kinh Môn	8
10747	Xã Minh Hòa	30	Tỉnh Hải Dương	Thị xã Kinh Môn	10
10750	Thị trấn Phú Thái	30	Tỉnh Hải Dương	Huyện Kim Thành	9
10753	Xã Lai Vu	30	Tỉnh Hải Dương	Huyện Kim Thành	10
10756	Xã Cộng Hòa	30	Tỉnh Hải Dương	Huyện Kim Thành	10
10759	Xã Thượng Vũ	30	Tỉnh Hải Dương	Huyện Kim Thành	10
10762	Xã Cổ Dũng	30	Tỉnh Hải Dương	Huyện Kim Thành	10
10768	Xã Tuấn Việt	30	Tỉnh Hải Dương	Huyện Kim Thành	10
10771	Xã Kim Xuyên	30	Tỉnh Hải Dương	Huyện Kim Thành	10
10774	Xã Phúc Thành A	30	Tỉnh Hải Dương	Huyện Kim Thành	10
10777	Xã Ngũ Phúc	30	Tỉnh Hải Dương	Huyện Kim Thành	10
10780	Xã Kim Anh	30	Tỉnh Hải Dương	Huyện Kim Thành	10
10783	Xã Kim Liên	30	Tỉnh Hải Dương	Huyện Kim Thành	10
10786	Xã Kim Tân	30	Tỉnh Hải Dương	Huyện Kim Thành	10
10792	Xã Kim Đính	30	Tỉnh Hải Dương	Huyện Kim Thành	10
10798	Xã Bình Dân	30	Tỉnh Hải Dương	Huyện Kim Thành	10
10801	Xã Tam Kỳ	30	Tỉnh Hải Dương	Huyện Kim Thành	10
10804	Xã Đồng Cẩm	30	Tỉnh Hải Dương	Huyện Kim Thành	10
10807	Xã Liên Hòa	30	Tỉnh Hải Dương	Huyện Kim Thành	10
10810	Xã Đại Đức	30	Tỉnh Hải Dương	Huyện Kim Thành	10
10813	Thị trấn Thanh Hà	30	Tỉnh Hải Dương	Huyện Thanh Hà	9
10816	Xã Hồng Lạc	30	Tỉnh Hải Dương	Huyện Thanh Hà	10
10819	Xã Việt Hồng	30	Tỉnh Hải Dương	Huyện Thanh Hà	10
10822	Xã Quyết Thắng	30	Tỉnh Hải Dương	Thành phố Hải Dương	10
10825	Xã Tân Việt	30	Tỉnh Hải Dương	Huyện Thanh Hà	10
10828	Xã Cẩm Chế	30	Tỉnh Hải Dương	Huyện Thanh Hà	10
10831	Xã Thanh An	30	Tỉnh Hải Dương	Huyện Thanh Hà	10
10834	Xã Thanh Lang	30	Tỉnh Hải Dương	Huyện Thanh Hà	10
10837	Xã Tiền Tiến	30	Tỉnh Hải Dương	Thành phố Hải Dương	10
10840	Xã Tân An	30	Tỉnh Hải Dương	Huyện Thanh Hà	10
10843	Xã Liên Mạc	30	Tỉnh Hải Dương	Huyện Thanh Hà	10
10846	Xã Thanh Hải	30	Tỉnh Hải Dương	Huyện Thanh Hà	10
10849	Xã Thanh Khê	30	Tỉnh Hải Dương	Huyện Thanh Hà	10
10852	Xã Thanh Xá	30	Tỉnh Hải Dương	Huyện Thanh Hà	10
10855	Xã Thanh Xuân	30	Tỉnh Hải Dương	Huyện Thanh Hà	10
10861	Xã Thanh Thủy	30	Tỉnh Hải Dương	Huyện Thanh Hà	10
10864	Xã An Phượng	30	Tỉnh Hải Dương	Huyện Thanh Hà	10
10867	Xã Thanh Sơn	30	Tỉnh Hải Dương	Huyện Thanh Hà	10
10876	Xã Thanh Quang	30	Tỉnh Hải Dương	Huyện Thanh Hà	10
10879	Xã Thanh Hồng	30	Tỉnh Hải Dương	Huyện Thanh Hà	10
10882	Xã Thanh Cường	30	Tỉnh Hải Dương	Huyện Thanh Hà	10
10885	Xã Vĩnh Lập	30	Tỉnh Hải Dương	Huyện Thanh Hà	10
10888	Thị trấn Cẩm Giang	30	Tỉnh Hải Dương	Huyện Cẩm Giàng	9
10891	Thị trấn Lai Cách	30	Tỉnh Hải Dương	Huyện Cẩm Giàng	9
10894	Xã Cẩm Hưng	30	Tỉnh Hải Dương	Huyện Cẩm Giàng	10
10897	Xã Cẩm Hoàng	30	Tỉnh Hải Dương	Huyện Cẩm Giàng	10
10900	Xã Cẩm Văn	30	Tỉnh Hải Dương	Huyện Cẩm Giàng	10
10903	Xã Ngọc Liên	30	Tỉnh Hải Dương	Huyện Cẩm Giàng	10
10906	Xã Thạch Lỗi	30	Tỉnh Hải Dương	Huyện Cẩm Giàng	10
10909	Xã Cẩm Vũ	30	Tỉnh Hải Dương	Huyện Cẩm Giàng	10
10912	Xã Đức Chính	30	Tỉnh Hải Dương	Huyện Cẩm Giàng	10
10918	Xã Định Sơn	30	Tỉnh Hải Dương	Huyện Cẩm Giàng	10
10924	Xã Lương Điền	30	Tỉnh Hải Dương	Huyện Cẩm Giàng	10
10927	Xã Cao An	30	Tỉnh Hải Dương	Huyện Cẩm Giàng	10
10930	Xã Tân Trường	30	Tỉnh Hải Dương	Huyện Cẩm Giàng	10
10933	Xã Cẩm Phúc	30	Tỉnh Hải Dương	Huyện Cẩm Giàng	10
10936	Xã Cẩm Điền	30	Tỉnh Hải Dương	Huyện Cẩm Giàng	10
10939	Xã Cẩm Đông	30	Tỉnh Hải Dương	Huyện Cẩm Giàng	10
10942	Xã Cẩm Đoài	30	Tỉnh Hải Dương	Huyện Cẩm Giàng	10
10945	Thị trấn Kẻ Sặt	30	Tỉnh Hải Dương	Huyện Bình Giang	9
10951	Xã Vĩnh Hưng	30	Tỉnh Hải Dương	Huyện Bình Giang	10
10954	Xã Hùng Thắng	30	Tỉnh Hải Dương	Huyện Bình Giang	10
10960	Xã Vĩnh Hồng	30	Tỉnh Hải Dương	Huyện Bình Giang	10
10963	Xã Long Xuyên	30	Tỉnh Hải Dương	Huyện Bình Giang	10
10966	Xã Tân Việt	30	Tỉnh Hải Dương	Huyện Bình Giang	10
10969	Xã Thúc Kháng	30	Tỉnh Hải Dương	Huyện Bình Giang	10
10972	Xã Tân Hồng	30	Tỉnh Hải Dương	Huyện Bình Giang	10
10975	Xã Bình Minh	30	Tỉnh Hải Dương	Huyện Bình Giang	10
10978	Xã Hồng Khê	30	Tỉnh Hải Dương	Huyện Bình Giang	10
10981	Xã Thái Học	30	Tỉnh Hải Dương	Huyện Bình Giang	10
10984	Xã Cổ Bì	30	Tỉnh Hải Dương	Huyện Bình Giang	10
10987	Xã Nhân Quyền	30	Tỉnh Hải Dương	Huyện Bình Giang	10
10990	Xã Thái Dương	30	Tỉnh Hải Dương	Huyện Bình Giang	10
10993	Xã Thái Hòa	30	Tỉnh Hải Dương	Huyện Bình Giang	10
10996	Xã Bình Xuyên	30	Tỉnh Hải Dương	Huyện Bình Giang	10
10999	Thị trấn Gia Lộc	30	Tỉnh Hải Dương	Huyện Gia Lộc	9
11002	Phường Thạch Khôi	30	Tỉnh Hải Dương	Thành phố Hải Dương	8
11005	Xã Liên Hồng	30	Tỉnh Hải Dương	Thành phố Hải Dương	10
11008	Xã Thống Nhất	30	Tỉnh Hải Dương	Huyện Gia Lộc	10
11011	Phường Tân Hưng	30	Tỉnh Hải Dương	Thành phố Hải Dương	8
11017	Xã Gia Xuyên	30	Tỉnh Hải Dương	Thành phố Hải Dương	10
11020	Xã Yết Kiêu	30	Tỉnh Hải Dương	Huyện Gia Lộc	10
11029	Xã Gia Tân	30	Tỉnh Hải Dương	Huyện Gia Lộc	10
11032	Xã Tân Tiến	30	Tỉnh Hải Dương	Huyện Gia Lộc	10
11035	Xã Gia Khánh	30	Tỉnh Hải Dương	Huyện Gia Lộc	10
11038	Xã Gia Lương	30	Tỉnh Hải Dương	Huyện Gia Lộc	10
11041	Xã Lê Lợi	30	Tỉnh Hải Dương	Huyện Gia Lộc	10
11044	Xã Toàn Thắng	30	Tỉnh Hải Dương	Huyện Gia Lộc	10
11047	Xã Hoàng Diệu	30	Tỉnh Hải Dương	Huyện Gia Lộc	10
11050	Xã Hồng Hưng	30	Tỉnh Hải Dương	Huyện Gia Lộc	10
11053	Xã Phạm Trấn	30	Tỉnh Hải Dương	Huyện Gia Lộc	10
11056	Xã Đoàn Thượng	30	Tỉnh Hải Dương	Huyện Gia Lộc	10
11059	Xã Thống Kênh	30	Tỉnh Hải Dương	Huyện Gia Lộc	10
11062	Xã Quang Minh	30	Tỉnh Hải Dương	Huyện Gia Lộc	10
11065	Xã Đồng Quang	30	Tỉnh Hải Dương	Huyện Gia Lộc	10
11068	Xã Nhật Tân	30	Tỉnh Hải Dương	Huyện Gia Lộc	10
11071	Xã Đức Xương	30	Tỉnh Hải Dương	Huyện Gia Lộc	10
11074	Thị trấn Tứ Kỳ	30	Tỉnh Hải Dương	Huyện Tứ Kỳ	9
11077	Xã Ngọc Sơn	30	Tỉnh Hải Dương	Thành phố Hải Dương	10
11083	Xã Đại Sơn	30	Tỉnh Hải Dương	Huyện Tứ Kỳ	10
11086	Xã Hưng Đạo	30	Tỉnh Hải Dương	Huyện Tứ Kỳ	10
11089	Xã Ngọc Kỳ	30	Tỉnh Hải Dương	Huyện Tứ Kỳ	10
11092	Xã Bình Lăng	30	Tỉnh Hải Dương	Huyện Tứ Kỳ	10
11095	Xã Chí Minh	30	Tỉnh Hải Dương	Huyện Tứ Kỳ	10
11098	Xã Tái Sơn	30	Tỉnh Hải Dương	Huyện Tứ Kỳ	10
11101	Xã Quang Phục	30	Tỉnh Hải Dương	Huyện Tứ Kỳ	10
11110	Xã Dân Chủ	30	Tỉnh Hải Dương	Huyện Tứ Kỳ	10
11113	Xã Tân Kỳ	30	Tỉnh Hải Dương	Huyện Tứ Kỳ	10
11116	Xã Quang Khải	30	Tỉnh Hải Dương	Huyện Tứ Kỳ	10
11119	Xã Đại Hợp	30	Tỉnh Hải Dương	Huyện Tứ Kỳ	10
11122	Xã Quảng Nghiệp	30	Tỉnh Hải Dương	Huyện Tứ Kỳ	10
11125	Xã An Thanh	30	Tỉnh Hải Dương	Huyện Tứ Kỳ	10
11128	Xã Minh Đức	30	Tỉnh Hải Dương	Huyện Tứ Kỳ	10
11131	Xã Văn Tố	30	Tỉnh Hải Dương	Huyện Tứ Kỳ	10
11134	Xã Quang Trung	30	Tỉnh Hải Dương	Huyện Tứ Kỳ	10
11137	Xã Phượng Kỳ	30	Tỉnh Hải Dương	Huyện Tứ Kỳ	10
11140	Xã Cộng Lạc	30	Tỉnh Hải Dương	Huyện Tứ Kỳ	10
11143	Xã Tiên Động	30	Tỉnh Hải Dương	Huyện Tứ Kỳ	10
11146	Xã Nguyên Giáp	30	Tỉnh Hải Dương	Huyện Tứ Kỳ	10
11149	Xã Hà Kỳ	30	Tỉnh Hải Dương	Huyện Tứ Kỳ	10
11152	Xã Hà Thanh	30	Tỉnh Hải Dương	Huyện Tứ Kỳ	10
11155	Thị trấn Ninh Giang	30	Tỉnh Hải Dương	Huyện Ninh Giang	9
11161	Xã Ứng Hoè	30	Tỉnh Hải Dương	Huyện Ninh Giang	10
11164	Xã Nghĩa An	30	Tỉnh Hải Dương	Huyện Ninh Giang	10
11167	Xã Hồng Đức	30	Tỉnh Hải Dương	Huyện Ninh Giang	10
11173	Xã An Đức	30	Tỉnh Hải Dương	Huyện Ninh Giang	10
11176	Xã Vạn Phúc	30	Tỉnh Hải Dương	Huyện Ninh Giang	10
11179	Xã Tân Hương	30	Tỉnh Hải Dương	Huyện Ninh Giang	10
11185	Xã Vĩnh Hòa	30	Tỉnh Hải Dương	Huyện Ninh Giang	10
11188	Xã Đông Xuyên	30	Tỉnh Hải Dương	Huyện Ninh Giang	10
11197	Xã Tân Phong	30	Tỉnh Hải Dương	Huyện Ninh Giang	10
11200	Xã Ninh Hải	30	Tỉnh Hải Dương	Huyện Ninh Giang	10
11203	Xã Đồng Tâm	30	Tỉnh Hải Dương	Huyện Ninh Giang	10
11206	Xã Tân Quang	30	Tỉnh Hải Dương	Huyện Ninh Giang	10
11209	Xã Kiến Quốc	30	Tỉnh Hải Dương	Huyện Ninh Giang	10
11215	Xã Hồng Dụ	30	Tỉnh Hải Dương	Huyện Ninh Giang	10
11218	Xã Văn Hội	30	Tỉnh Hải Dương	Huyện Ninh Giang	10
11224	Xã Hồng Phong	30	Tỉnh Hải Dương	Huyện Ninh Giang	10
11227	Xã Hiệp Lực	30	Tỉnh Hải Dương	Huyện Ninh Giang	10
11230	Xã Hồng Phúc	30	Tỉnh Hải Dương	Huyện Ninh Giang	10
11233	Xã Hưng Long	30	Tỉnh Hải Dương	Huyện Ninh Giang	10
11239	Thị trấn Thanh Miện	30	Tỉnh Hải Dương	Huyện Thanh Miện	9
11242	Xã Thanh Tùng	30	Tỉnh Hải Dương	Huyện Thanh Miện	10
11245	Xã Phạm Kha	30	Tỉnh Hải Dương	Huyện Thanh Miện	10
11248	Xã Ngô Quyền	30	Tỉnh Hải Dương	Huyện Thanh Miện	10
11251	Xã Đoàn Tùng	30	Tỉnh Hải Dương	Huyện Thanh Miện	10
11254	Xã Hồng Quang	30	Tỉnh Hải Dương	Huyện Thanh Miện	10
11257	Xã Tân Trào	30	Tỉnh Hải Dương	Huyện Thanh Miện	10
11260	Xã Lam Sơn	30	Tỉnh Hải Dương	Huyện Thanh Miện	10
11263	Xã Đoàn Kết	30	Tỉnh Hải Dương	Huyện Thanh Miện	10
11266	Xã Lê Hồng	30	Tỉnh Hải Dương	Huyện Thanh Miện	10
11269	Xã Tứ Cường	30	Tỉnh Hải Dương	Huyện Thanh Miện	10
11275	Xã Ngũ Hùng	30	Tỉnh Hải Dương	Huyện Thanh Miện	10
11278	Xã Cao Thắng	30	Tỉnh Hải Dương	Huyện Thanh Miện	10
11281	Xã Chi Lăng Bắc	30	Tỉnh Hải Dương	Huyện Thanh Miện	10
11284	Xã Chi Lăng Nam	30	Tỉnh Hải Dương	Huyện Thanh Miện	10
11287	Xã Thanh Giang	30	Tỉnh Hải Dương	Huyện Thanh Miện	10
11293	Xã Hồng Phong	30	Tỉnh Hải Dương	Huyện Thanh Miện	10
11296	Phường Quán Toan	31	Thành phố Hải Phòng	Quận Hồng Bàng	8
11299	Phường Hùng Vương	31	Thành phố Hải Phòng	Quận Hồng Bàng	8
11302	Phường Sở Dầu	31	Thành phố Hải Phòng	Quận Hồng Bàng	8
11305	Phường Thượng Lý	31	Thành phố Hải Phòng	Quận Hồng Bàng	8
11308	Phường Hạ Lý	31	Thành phố Hải Phòng	Quận Hồng Bàng	8
11311	Phường Minh Khai	31	Thành phố Hải Phòng	Quận Hồng Bàng	8
11314	Phường Trại Chuối	31	Thành phố Hải Phòng	Quận Hồng Bàng	8
11320	Phường Hoàng Văn Thụ	31	Thành phố Hải Phòng	Quận Hồng Bàng	8
11323	Phường Phan Bội Châu	31	Thành phố Hải Phòng	Quận Hồng Bàng	8
11329	Phường Máy Chai	31	Thành phố Hải Phòng	Quận Ngô Quyền	8
11332	Phường Máy Tơ	31	Thành phố Hải Phòng	Quận Ngô Quyền	8
11335	Phường Vạn Mỹ	31	Thành phố Hải Phòng	Quận Ngô Quyền	8
11338	Phường Cầu Tre	31	Thành phố Hải Phòng	Quận Ngô Quyền	8
11341	Phường Lạc Viên	31	Thành phố Hải Phòng	Quận Ngô Quyền	8
11344	Phường Cầu Đất	31	Thành phố Hải Phòng	Quận Ngô Quyền	8
11347	Phường Gia Viên	31	Thành phố Hải Phòng	Quận Ngô Quyền	8
11350	Phường Đông Khê	31	Thành phố Hải Phòng	Quận Ngô Quyền	8
11356	Phường Lê Lợi	31	Thành phố Hải Phòng	Quận Ngô Quyền	8
11359	Phường Đằng Giang	31	Thành phố Hải Phòng	Quận Ngô Quyền	8
11362	Phường Lạch Tray	31	Thành phố Hải Phòng	Quận Ngô Quyền	8
11365	Phường Đổng Quốc Bình	31	Thành phố Hải Phòng	Quận Ngô Quyền	8
11368	Phường Cát Dài	31	Thành phố Hải Phòng	Quận Lê Chân	8
11371	Phường An Biên	31	Thành phố Hải Phòng	Quận Lê Chân	8
11374	Phường Lam Sơn	31	Thành phố Hải Phòng	Quận Lê Chân	8
11377	Phường An Dương	31	Thành phố Hải Phòng	Quận Lê Chân	8
11380	Phường Trần Nguyên Hãn	31	Thành phố Hải Phòng	Quận Lê Chân	8
11383	Phường Hồ Nam	31	Thành phố Hải Phòng	Quận Lê Chân	8
11386	Phường Trại Cau	31	Thành phố Hải Phòng	Quận Lê Chân	8
11389	Phường Dư Hàng	31	Thành phố Hải Phòng	Quận Lê Chân	8
11392	Phường Hàng Kênh	31	Thành phố Hải Phòng	Quận Lê Chân	8
11395	Phường Đông Hải	31	Thành phố Hải Phòng	Quận Lê Chân	8
11398	Phường Niệm Nghĩa	31	Thành phố Hải Phòng	Quận Lê Chân	8
11401	Phường Nghĩa Xá	31	Thành phố Hải Phòng	Quận Lê Chân	8
11404	Phường Dư Hàng Kênh	31	Thành phố Hải Phòng	Quận Lê Chân	8
11405	Phường Kênh Dương	31	Thành phố Hải Phòng	Quận Lê Chân	8
11407	Phường Vĩnh Niệm	31	Thành phố Hải Phòng	Quận Lê Chân	8
11410	Phường Đông Hải 1	31	Thành phố Hải Phòng	Quận Hải An	8
11411	Phường Đông Hải 2	31	Thành phố Hải Phòng	Quận Hải An	8
11413	Phường Đằng Lâm	31	Thành phố Hải Phòng	Quận Hải An	8
11414	Phường Thành Tô	31	Thành phố Hải Phòng	Quận Hải An	8
11416	Phường Đằng Hải	31	Thành phố Hải Phòng	Quận Hải An	8
11419	Phường Nam Hải	31	Thành phố Hải Phòng	Quận Hải An	8
11422	Phường Cát Bi	31	Thành phố Hải Phòng	Quận Hải An	8
11425	Phường Tràng Cát	31	Thành phố Hải Phòng	Quận Hải An	8
11428	Phường Quán Trữ	31	Thành phố Hải Phòng	Quận Kiến An	8
11429	Phường Lãm Hà	31	Thành phố Hải Phòng	Quận Kiến An	8
11431	Phường Đồng Hoà	31	Thành phố Hải Phòng	Quận Kiến An	8
11434	Phường Bắc Sơn	31	Thành phố Hải Phòng	Quận Kiến An	8
11437	Phường Nam Sơn	31	Thành phố Hải Phòng	Quận Kiến An	8
11440	Phường Ngọc Sơn	31	Thành phố Hải Phòng	Quận Kiến An	8
11443	Phường Trần Thành Ngọ	31	Thành phố Hải Phòng	Quận Kiến An	8
11446	Phường Văn Đẩu	31	Thành phố Hải Phòng	Quận Kiến An	8
11449	Phường Phù Liễn	31	Thành phố Hải Phòng	Quận Kiến An	8
11452	Phường Tràng Minh	31	Thành phố Hải Phòng	Quận Kiến An	8
11455	Phường Ngọc Xuyên	31	Thành phố Hải Phòng	Quận Đồ Sơn	8
11458	Phường Hải Sơn	31	Thành phố Hải Phòng	Quận Đồ Sơn	8
11461	Phường Vạn Hương	31	Thành phố Hải Phòng	Quận Đồ Sơn	8
11465	Phường Minh Đức	31	Thành phố Hải Phòng	Quận Đồ Sơn	8
11467	Phường Bàng La	31	Thành phố Hải Phòng	Quận Đồ Sơn	8
11470	Thị trấn Núi Đèo	31	Thành phố Hải Phòng	Huyện Thuỷ Nguyên	9
11473	Thị trấn Minh Đức	31	Thành phố Hải Phòng	Huyện Thuỷ Nguyên	9
11476	Xã Lại Xuân	31	Thành phố Hải Phòng	Huyện Thuỷ Nguyên	10
11479	Xã An Sơn	31	Thành phố Hải Phòng	Huyện Thuỷ Nguyên	10
11482	Xã Kỳ Sơn	31	Thành phố Hải Phòng	Huyện Thuỷ Nguyên	10
11485	Xã Liên Khê	31	Thành phố Hải Phòng	Huyện Thuỷ Nguyên	10
11488	Xã Lưu Kiếm	31	Thành phố Hải Phòng	Huyện Thuỷ Nguyên	10
11491	Xã Lưu Kỳ	31	Thành phố Hải Phòng	Huyện Thuỷ Nguyên	10
11494	Xã Gia Minh	31	Thành phố Hải Phòng	Huyện Thuỷ Nguyên	10
11497	Xã Gia Đức	31	Thành phố Hải Phòng	Huyện Thuỷ Nguyên	10
11500	Xã Minh Tân	31	Thành phố Hải Phòng	Huyện Thuỷ Nguyên	10
11503	Xã Phù Ninh	31	Thành phố Hải Phòng	Huyện Thuỷ Nguyên	10
11506	Xã Quảng Thanh	31	Thành phố Hải Phòng	Huyện Thuỷ Nguyên	10
11509	Xã Chính Mỹ	31	Thành phố Hải Phòng	Huyện Thuỷ Nguyên	10
11512	Xã Kênh Giang	31	Thành phố Hải Phòng	Huyện Thuỷ Nguyên	10
11515	Xã Hợp Thành	31	Thành phố Hải Phòng	Huyện Thuỷ Nguyên	10
11518	Xã Cao Nhân	31	Thành phố Hải Phòng	Huyện Thuỷ Nguyên	10
11521	Xã Mỹ Đồng	31	Thành phố Hải Phòng	Huyện Thuỷ Nguyên	10
11524	Xã Đông Sơn	31	Thành phố Hải Phòng	Huyện Thuỷ Nguyên	10
11527	Xã Hoà Bình	31	Thành phố Hải Phòng	Huyện Thuỷ Nguyên	10
11530	Xã Trung Hà	31	Thành phố Hải Phòng	Huyện Thuỷ Nguyên	10
11533	Xã An Lư	31	Thành phố Hải Phòng	Huyện Thuỷ Nguyên	10
11536	Xã Thuỷ Triều	31	Thành phố Hải Phòng	Huyện Thuỷ Nguyên	10
11539	Xã Ngũ Lão	31	Thành phố Hải Phòng	Huyện Thuỷ Nguyên	10
11542	Xã Phục Lễ	31	Thành phố Hải Phòng	Huyện Thuỷ Nguyên	10
11545	Xã Tam Hưng	31	Thành phố Hải Phòng	Huyện Thuỷ Nguyên	10
11548	Xã Phả Lễ	31	Thành phố Hải Phòng	Huyện Thuỷ Nguyên	10
11551	Xã Lập Lễ	31	Thành phố Hải Phòng	Huyện Thuỷ Nguyên	10
11554	Xã Kiền Bái	31	Thành phố Hải Phòng	Huyện Thuỷ Nguyên	10
11557	Xã Thiên Hương	31	Thành phố Hải Phòng	Huyện Thuỷ Nguyên	10
11560	Xã Thuỷ Sơn	31	Thành phố Hải Phòng	Huyện Thuỷ Nguyên	10
11563	Xã Thuỷ Đường	31	Thành phố Hải Phòng	Huyện Thuỷ Nguyên	10
11566	Xã Hoàng Động	31	Thành phố Hải Phòng	Huyện Thuỷ Nguyên	10
11569	Xã Lâm Động	31	Thành phố Hải Phòng	Huyện Thuỷ Nguyên	10
11572	Xã Hoa Động	31	Thành phố Hải Phòng	Huyện Thuỷ Nguyên	10
11575	Xã Tân Dương	31	Thành phố Hải Phòng	Huyện Thuỷ Nguyên	10
11578	Xã Dương Quan	31	Thành phố Hải Phòng	Huyện Thuỷ Nguyên	10
11581	Thị trấn An Dương	31	Thành phố Hải Phòng	Huyện An Dương	9
11584	Xã Lê Thiện	31	Thành phố Hải Phòng	Huyện An Dương	10
11587	Xã Đại Bản	31	Thành phố Hải Phòng	Huyện An Dương	10
11590	Xã An Hoà	31	Thành phố Hải Phòng	Huyện An Dương	10
11593	Xã Hồng Phong	31	Thành phố Hải Phòng	Huyện An Dương	10
11596	Xã Tân Tiến	31	Thành phố Hải Phòng	Huyện An Dương	10
11599	Xã An Hưng	31	Thành phố Hải Phòng	Huyện An Dương	10
11602	Xã An Hồng	31	Thành phố Hải Phòng	Huyện An Dương	10
11605	Xã Bắc Sơn	31	Thành phố Hải Phòng	Huyện An Dương	10
11608	Xã Nam Sơn	31	Thành phố Hải Phòng	Huyện An Dương	10
11611	Xã Lê Lợi	31	Thành phố Hải Phòng	Huyện An Dương	10
11614	Xã Đặng Cương	31	Thành phố Hải Phòng	Huyện An Dương	10
11617	Xã Đồng Thái	31	Thành phố Hải Phòng	Huyện An Dương	10
11620	Xã Quốc Tuấn	31	Thành phố Hải Phòng	Huyện An Dương	10
11623	Xã An Đồng	31	Thành phố Hải Phòng	Huyện An Dương	10
11626	Xã Hồng Thái	31	Thành phố Hải Phòng	Huyện An Dương	10
11629	Thị trấn An Lão	31	Thành phố Hải Phòng	Huyện An Lão	9
11632	Xã Bát Trang	31	Thành phố Hải Phòng	Huyện An Lão	10
11635	Xã Trường Thọ	31	Thành phố Hải Phòng	Huyện An Lão	10
11638	Xã Trường Thành	31	Thành phố Hải Phòng	Huyện An Lão	10
11641	Xã An Tiến	31	Thành phố Hải Phòng	Huyện An Lão	10
11644	Xã Quang Hưng	31	Thành phố Hải Phòng	Huyện An Lão	10
11647	Xã Quang Trung	31	Thành phố Hải Phòng	Huyện An Lão	10
11650	Xã Quốc Tuấn	31	Thành phố Hải Phòng	Huyện An Lão	10
11653	Xã An Thắng	31	Thành phố Hải Phòng	Huyện An Lão	10
11656	Thị trấn Trường Sơn	31	Thành phố Hải Phòng	Huyện An Lão	9
11659	Xã Tân Dân	31	Thành phố Hải Phòng	Huyện An Lão	10
11662	Xã Thái Sơn	31	Thành phố Hải Phòng	Huyện An Lão	10
11665	Xã Tân Viên	31	Thành phố Hải Phòng	Huyện An Lão	10
11668	Xã Mỹ Đức	31	Thành phố Hải Phòng	Huyện An Lão	10
11671	Xã Chiến Thắng	31	Thành phố Hải Phòng	Huyện An Lão	10
11674	Xã An Thọ	31	Thành phố Hải Phòng	Huyện An Lão	10
11677	Xã An Thái	31	Thành phố Hải Phòng	Huyện An Lão	10
11680	Thị trấn Núi Đối	31	Thành phố Hải Phòng	Huyện Kiến Thuỵ	9
11683	Phường Đa Phúc	31	Thành phố Hải Phòng	Quận Dương Kinh	8
11686	Phường Hưng Đạo	31	Thành phố Hải Phòng	Quận Dương Kinh	8
11689	Phường Anh Dũng	31	Thành phố Hải Phòng	Quận Dương Kinh	8
11692	Phường Hải Thành	31	Thành phố Hải Phòng	Quận Dương Kinh	8
11695	Xã Đông Phương	31	Thành phố Hải Phòng	Huyện Kiến Thuỵ	10
11698	Xã Thuận Thiên	31	Thành phố Hải Phòng	Huyện Kiến Thuỵ	10
11701	Xã Hữu Bằng	31	Thành phố Hải Phòng	Huyện Kiến Thuỵ	10
11704	Xã Đại Đồng	31	Thành phố Hải Phòng	Huyện Kiến Thuỵ	10
11707	Phường Hoà Nghĩa	31	Thành phố Hải Phòng	Quận Dương Kinh	8
11710	Xã Ngũ Phúc	31	Thành phố Hải Phòng	Huyện Kiến Thuỵ	10
11713	Xã Kiến Quốc	31	Thành phố Hải Phòng	Huyện Kiến Thuỵ	10
11716	Xã Du Lễ	31	Thành phố Hải Phòng	Huyện Kiến Thuỵ	10
11719	Xã Thuỵ Hương	31	Thành phố Hải Phòng	Huyện Kiến Thuỵ	10
11722	Xã Thanh Sơn	31	Thành phố Hải Phòng	Huyện Kiến Thuỵ	10
11725	Xã Minh Tân	31	Thành phố Hải Phòng	Huyện Kiến Thuỵ	10
11728	Xã Đại Hà	31	Thành phố Hải Phòng	Huyện Kiến Thuỵ	10
11731	Xã Ngũ Đoan	31	Thành phố Hải Phòng	Huyện Kiến Thuỵ	10
11734	Xã Tân Phong	31	Thành phố Hải Phòng	Huyện Kiến Thuỵ	10
11737	Phường Hợp Đức	31	Thành phố Hải Phòng	Quận Đồ Sơn	8
11740	Phường Tân Thành	31	Thành phố Hải Phòng	Quận Dương Kinh	8
11743	Xã Tân Trào	31	Thành phố Hải Phòng	Huyện Kiến Thuỵ	10
11746	Xã Đoàn Xá	31	Thành phố Hải Phòng	Huyện Kiến Thuỵ	10
11749	Xã Tú Sơn	31	Thành phố Hải Phòng	Huyện Kiến Thuỵ	10
11752	Xã Đại Hợp	31	Thành phố Hải Phòng	Huyện Kiến Thuỵ	10
11755	Thị trấn Tiên Lãng	31	Thành phố Hải Phòng	Huyện Tiên Lãng	9
11758	Xã Đại Thắng	31	Thành phố Hải Phòng	Huyện Tiên Lãng	10
11761	Xã Tiên Cường	31	Thành phố Hải Phòng	Huyện Tiên Lãng	10
11764	Xã Tự Cường	31	Thành phố Hải Phòng	Huyện Tiên Lãng	10
11770	Xã Quyết Tiến	31	Thành phố Hải Phòng	Huyện Tiên Lãng	10
11773	Xã Khởi Nghĩa	31	Thành phố Hải Phòng	Huyện Tiên Lãng	10
11776	Xã Tiên Thanh	31	Thành phố Hải Phòng	Huyện Tiên Lãng	10
11779	Xã Cấp Tiến	31	Thành phố Hải Phòng	Huyện Tiên Lãng	10
11782	Xã Kiến Thiết	31	Thành phố Hải Phòng	Huyện Tiên Lãng	10
11785	Xã Đoàn Lập	31	Thành phố Hải Phòng	Huyện Tiên Lãng	10
11788	Xã Bạch Đằng	31	Thành phố Hải Phòng	Huyện Tiên Lãng	10
11791	Xã Quang Phục	31	Thành phố Hải Phòng	Huyện Tiên Lãng	10
11794	Xã Toàn Thắng	31	Thành phố Hải Phòng	Huyện Tiên Lãng	10
11797	Xã Tiên Thắng	31	Thành phố Hải Phòng	Huyện Tiên Lãng	10
11800	Xã Tiên Minh	31	Thành phố Hải Phòng	Huyện Tiên Lãng	10
11803	Xã Bắc Hưng	31	Thành phố Hải Phòng	Huyện Tiên Lãng	10
11806	Xã Nam Hưng	31	Thành phố Hải Phòng	Huyện Tiên Lãng	10
11809	Xã Hùng Thắng	31	Thành phố Hải Phòng	Huyện Tiên Lãng	10
11812	Xã Tây Hưng	31	Thành phố Hải Phòng	Huyện Tiên Lãng	10
11815	Xã Đông Hưng	31	Thành phố Hải Phòng	Huyện Tiên Lãng	10
11821	Xã Vinh Quang	31	Thành phố Hải Phòng	Huyện Tiên Lãng	10
11824	Thị trấn Vĩnh Bảo	31	Thành phố Hải Phòng	Huyện Vĩnh Bảo	9
11827	Xã Dũng Tiến	31	Thành phố Hải Phòng	Huyện Vĩnh Bảo	10
11830	Xã Giang Biên	31	Thành phố Hải Phòng	Huyện Vĩnh Bảo	10
11833	Xã Thắng Thuỷ	31	Thành phố Hải Phòng	Huyện Vĩnh Bảo	10
11836	Xã Trung Lập	31	Thành phố Hải Phòng	Huyện Vĩnh Bảo	10
11839	Xã Việt Tiến	31	Thành phố Hải Phòng	Huyện Vĩnh Bảo	10
11842	Xã Vĩnh An	31	Thành phố Hải Phòng	Huyện Vĩnh Bảo	10
11845	Xã Vĩnh Long	31	Thành phố Hải Phòng	Huyện Vĩnh Bảo	10
11848	Xã Hiệp Hoà	31	Thành phố Hải Phòng	Huyện Vĩnh Bảo	10
11851	Xã Hùng Tiến	31	Thành phố Hải Phòng	Huyện Vĩnh Bảo	10
11854	Xã An Hoà	31	Thành phố Hải Phòng	Huyện Vĩnh Bảo	10
11857	Xã Tân Hưng	31	Thành phố Hải Phòng	Huyện Vĩnh Bảo	10
11860	Xã Tân Liên	31	Thành phố Hải Phòng	Huyện Vĩnh Bảo	10
11863	Xã Nhân Hoà	31	Thành phố Hải Phòng	Huyện Vĩnh Bảo	10
11866	Xã Tam Đa	31	Thành phố Hải Phòng	Huyện Vĩnh Bảo	10
11869	Xã Hưng Nhân	31	Thành phố Hải Phòng	Huyện Vĩnh Bảo	10
11872	Xã Vinh Quang	31	Thành phố Hải Phòng	Huyện Vĩnh Bảo	10
11875	Xã Đồng Minh	31	Thành phố Hải Phòng	Huyện Vĩnh Bảo	10
11878	Xã Thanh Lương	31	Thành phố Hải Phòng	Huyện Vĩnh Bảo	10
11881	Xã Liên Am	31	Thành phố Hải Phòng	Huyện Vĩnh Bảo	10
11884	Xã Lý Học	31	Thành phố Hải Phòng	Huyện Vĩnh Bảo	10
11887	Xã Tam Cường	31	Thành phố Hải Phòng	Huyện Vĩnh Bảo	10
11890	Xã Hoà Bình	31	Thành phố Hải Phòng	Huyện Vĩnh Bảo	10
11893	Xã Tiền Phong	31	Thành phố Hải Phòng	Huyện Vĩnh Bảo	10
11896	Xã Vĩnh Phong	31	Thành phố Hải Phòng	Huyện Vĩnh Bảo	10
11899	Xã Cộng Hiền	31	Thành phố Hải Phòng	Huyện Vĩnh Bảo	10
11902	Xã Cao Minh	31	Thành phố Hải Phòng	Huyện Vĩnh Bảo	10
11905	Xã Cổ Am	31	Thành phố Hải Phòng	Huyện Vĩnh Bảo	10
11908	Xã Vĩnh Tiến	31	Thành phố Hải Phòng	Huyện Vĩnh Bảo	10
11911	Xã Trấn Dương	31	Thành phố Hải Phòng	Huyện Vĩnh Bảo	10
11914	Thị trấn Cát Bà	31	Thành phố Hải Phòng	Huyện Cát Hải	9
11917	Thị trấn Cát Hải	31	Thành phố Hải Phòng	Huyện Cát Hải	9
11920	Xã Nghĩa Lộ	31	Thành phố Hải Phòng	Huyện Cát Hải	10
11923	Xã Đồng Bài	31	Thành phố Hải Phòng	Huyện Cát Hải	10
11926	Xã Hoàng Châu	31	Thành phố Hải Phòng	Huyện Cát Hải	10
11929	Xã Văn Phong	31	Thành phố Hải Phòng	Huyện Cát Hải	10
11932	Xã Phù Long	31	Thành phố Hải Phòng	Huyện Cát Hải	10
11935	Xã Gia Luận	31	Thành phố Hải Phòng	Huyện Cát Hải	10
11938	Xã Hiền Hào	31	Thành phố Hải Phòng	Huyện Cát Hải	10
11941	Xã Trân Châu	31	Thành phố Hải Phòng	Huyện Cát Hải	10
11944	Xã Việt Hải	31	Thành phố Hải Phòng	Huyện Cát Hải	10
11947	Xã Xuân Đám	31	Thành phố Hải Phòng	Huyện Cát Hải	10
11950	Phường Lam Sơn	33	Tỉnh Hưng Yên	Thành phố Hưng Yên	8
11953	Phường Hiến Nam	33	Tỉnh Hưng Yên	Thành phố Hưng Yên	8
11956	Phường An Tảo	33	Tỉnh Hưng Yên	Thành phố Hưng Yên	8
11959	Phường Lê Lợi	33	Tỉnh Hưng Yên	Thành phố Hưng Yên	8
11962	Phường Minh Khai	33	Tỉnh Hưng Yên	Thành phố Hưng Yên	8
11965	Phường Quang Trung	33	Tỉnh Hưng Yên	Thành phố Hưng Yên	8
11968	Phường Hồng Châu	33	Tỉnh Hưng Yên	Thành phố Hưng Yên	8
11971	Xã Trung Nghĩa	33	Tỉnh Hưng Yên	Thành phố Hưng Yên	10
11974	Xã Liên Phương	33	Tỉnh Hưng Yên	Thành phố Hưng Yên	10
11977	Xã Hồng Nam	33	Tỉnh Hưng Yên	Thành phố Hưng Yên	10
11980	Xã Quảng Châu	33	Tỉnh Hưng Yên	Thành phố Hưng Yên	10
11983	Xã Bảo Khê	33	Tỉnh Hưng Yên	Thành phố Hưng Yên	10
11986	Thị trấn Như Quỳnh	33	Tỉnh Hưng Yên	Huyện Văn Lâm	9
11989	Xã Lạc Đạo	33	Tỉnh Hưng Yên	Huyện Văn Lâm	10
11992	Xã Chỉ Đạo	33	Tỉnh Hưng Yên	Huyện Văn Lâm	10
11995	Xã Đại Đồng	33	Tỉnh Hưng Yên	Huyện Văn Lâm	10
11998	Xã Việt Hưng	33	Tỉnh Hưng Yên	Huyện Văn Lâm	10
12001	Xã Tân Quang	33	Tỉnh Hưng Yên	Huyện Văn Lâm	10
12004	Xã Đình Dù	33	Tỉnh Hưng Yên	Huyện Văn Lâm	10
12007	Xã Minh Hải	33	Tỉnh Hưng Yên	Huyện Văn Lâm	10
12010	Xã Lương Tài	33	Tỉnh Hưng Yên	Huyện Văn Lâm	10
12013	Xã Trưng Trắc	33	Tỉnh Hưng Yên	Huyện Văn Lâm	10
12016	Xã Lạc Hồng	33	Tỉnh Hưng Yên	Huyện Văn Lâm	10
12019	Thị trấn Văn Giang	33	Tỉnh Hưng Yên	Huyện Văn Giang	9
12022	Xã Xuân Quan	33	Tỉnh Hưng Yên	Huyện Văn Giang	10
12025	Xã Cửu Cao	33	Tỉnh Hưng Yên	Huyện Văn Giang	10
12028	Xã Phụng Công	33	Tỉnh Hưng Yên	Huyện Văn Giang	10
12031	Xã Nghĩa Trụ	33	Tỉnh Hưng Yên	Huyện Văn Giang	10
12034	Xã Long Hưng	33	Tỉnh Hưng Yên	Huyện Văn Giang	10
12037	Xã Vĩnh Khúc	33	Tỉnh Hưng Yên	Huyện Văn Giang	10
12040	Xã Liên Nghĩa	33	Tỉnh Hưng Yên	Huyện Văn Giang	10
12043	Xã Tân Tiến	33	Tỉnh Hưng Yên	Huyện Văn Giang	10
12046	Xã Thắng Lợi	33	Tỉnh Hưng Yên	Huyện Văn Giang	10
12049	Xã Mễ Sở	33	Tỉnh Hưng Yên	Huyện Văn Giang	10
12052	Thị trấn Yên Mỹ	33	Tỉnh Hưng Yên	Huyện Yên Mỹ	9
12055	Xã Giai Phạm	33	Tỉnh Hưng Yên	Huyện Yên Mỹ	10
12058	Xã Nghĩa Hiệp	33	Tỉnh Hưng Yên	Huyện Yên Mỹ	10
12061	Xã Đồng Than	33	Tỉnh Hưng Yên	Huyện Yên Mỹ	10
12064	Xã Ngọc Long	33	Tỉnh Hưng Yên	Huyện Yên Mỹ	10
12067	Xã Liêu Xá	33	Tỉnh Hưng Yên	Huyện Yên Mỹ	10
12070	Xã Hoàn Long	33	Tỉnh Hưng Yên	Huyện Yên Mỹ	10
12073	Xã Tân Lập	33	Tỉnh Hưng Yên	Huyện Yên Mỹ	10
12076	Xã Thanh Long	33	Tỉnh Hưng Yên	Huyện Yên Mỹ	10
12079	Xã Yên Phú	33	Tỉnh Hưng Yên	Huyện Yên Mỹ	10
12082	Xã Việt Cường	33	Tỉnh Hưng Yên	Huyện Yên Mỹ	10
12085	Xã Trung Hòa	33	Tỉnh Hưng Yên	Huyện Yên Mỹ	10
12088	Xã Yên Hòa	33	Tỉnh Hưng Yên	Huyện Yên Mỹ	10
12091	Xã Minh Châu	33	Tỉnh Hưng Yên	Huyện Yên Mỹ	10
12094	Xã Trung Hưng	33	Tỉnh Hưng Yên	Huyện Yên Mỹ	10
12097	Xã Lý Thường Kiệt	33	Tỉnh Hưng Yên	Huyện Yên Mỹ	10
12100	Xã Tân Việt	33	Tỉnh Hưng Yên	Huyện Yên Mỹ	10
12103	Phường Bần Yên Nhân	33	Tỉnh Hưng Yên	Thị xã Mỹ Hào	8
12106	Phường Phan Đình Phùng	33	Tỉnh Hưng Yên	Thị xã Mỹ Hào	8
12109	Xã Cẩm Xá	33	Tỉnh Hưng Yên	Thị xã Mỹ Hào	10
12112	Xã Dương Quang	33	Tỉnh Hưng Yên	Thị xã Mỹ Hào	10
12115	Xã Hòa Phong	33	Tỉnh Hưng Yên	Thị xã Mỹ Hào	10
12118	Phường Nhân Hòa	33	Tỉnh Hưng Yên	Thị xã Mỹ Hào	8
12121	Phường Dị Sử	33	Tỉnh Hưng Yên	Thị xã Mỹ Hào	8
12124	Phường Bạch Sam	33	Tỉnh Hưng Yên	Thị xã Mỹ Hào	8
12127	Phường Minh Đức	33	Tỉnh Hưng Yên	Thị xã Mỹ Hào	8
12130	Phường Phùng Chí Kiên	33	Tỉnh Hưng Yên	Thị xã Mỹ Hào	8
12133	Xã Xuân Dục	33	Tỉnh Hưng Yên	Thị xã Mỹ Hào	10
12136	Xã Ngọc Lâm	33	Tỉnh Hưng Yên	Thị xã Mỹ Hào	10
12139	Xã Hưng Long	33	Tỉnh Hưng Yên	Thị xã Mỹ Hào	10
12142	Thị trấn Ân Thi	33	Tỉnh Hưng Yên	Huyện Ân Thi	9
12145	Xã Phù Ủng	33	Tỉnh Hưng Yên	Huyện Ân Thi	10
12148	Xã Bắc Sơn	33	Tỉnh Hưng Yên	Huyện Ân Thi	10
12151	Xã Bãi Sậy	33	Tỉnh Hưng Yên	Huyện Ân Thi	10
12154	Xã Đào Dương	33	Tỉnh Hưng Yên	Huyện Ân Thi	10
12157	Xã Tân Phúc	33	Tỉnh Hưng Yên	Huyện Ân Thi	10
12160	Xã Vân Du	33	Tỉnh Hưng Yên	Huyện Ân Thi	10
12163	Xã Quang Vinh	33	Tỉnh Hưng Yên	Huyện Ân Thi	10
12166	Xã Xuân Trúc	33	Tỉnh Hưng Yên	Huyện Ân Thi	10
12169	Xã Hoàng Hoa Thám	33	Tỉnh Hưng Yên	Huyện Ân Thi	10
12172	Xã Quảng Lãng	33	Tỉnh Hưng Yên	Huyện Ân Thi	10
12175	Xã Văn Nhuệ	33	Tỉnh Hưng Yên	Huyện Ân Thi	10
12178	Xã Đặng Lễ	33	Tỉnh Hưng Yên	Huyện Ân Thi	10
12181	Xã Cẩm Ninh	33	Tỉnh Hưng Yên	Huyện Ân Thi	10
12184	Xã Nguyễn Trãi	33	Tỉnh Hưng Yên	Huyện Ân Thi	10
12187	Xã Đa Lộc	33	Tỉnh Hưng Yên	Huyện Ân Thi	10
12190	Xã Hồ Tùng Mậu	33	Tỉnh Hưng Yên	Huyện Ân Thi	10
12193	Xã Tiền Phong	33	Tỉnh Hưng Yên	Huyện Ân Thi	10
12196	Xã Hồng Vân	33	Tỉnh Hưng Yên	Huyện Ân Thi	10
12199	Xã Hồng Quang	33	Tỉnh Hưng Yên	Huyện Ân Thi	10
12202	Xã Hạ Lễ	33	Tỉnh Hưng Yên	Huyện Ân Thi	10
12205	Thị trấn Khoái Châu	33	Tỉnh Hưng Yên	Huyện Khoái Châu	9
12208	Xã Đông Tảo	33	Tỉnh Hưng Yên	Huyện Khoái Châu	10
12211	Xã Bình Minh	33	Tỉnh Hưng Yên	Huyện Khoái Châu	10
12214	Xã Dạ Trạch	33	Tỉnh Hưng Yên	Huyện Khoái Châu	10
12217	Xã Hàm Tử	33	Tỉnh Hưng Yên	Huyện Khoái Châu	10
12220	Xã Ông Đình	33	Tỉnh Hưng Yên	Huyện Khoái Châu	10
12223	Xã Tân Dân	33	Tỉnh Hưng Yên	Huyện Khoái Châu	10
12226	Xã Tứ Dân	33	Tỉnh Hưng Yên	Huyện Khoái Châu	10
12229	Xã An Vĩ	33	Tỉnh Hưng Yên	Huyện Khoái Châu	10
12232	Xã Đông Kết	33	Tỉnh Hưng Yên	Huyện Khoái Châu	10
12235	Xã Bình Kiều	33	Tỉnh Hưng Yên	Huyện Khoái Châu	10
12238	Xã Dân Tiến	33	Tỉnh Hưng Yên	Huyện Khoái Châu	10
12241	Xã Đồng Tiến	33	Tỉnh Hưng Yên	Huyện Khoái Châu	10
12244	Xã Hồng Tiến	33	Tỉnh Hưng Yên	Huyện Khoái Châu	10
12247	Xã Tân Châu	33	Tỉnh Hưng Yên	Huyện Khoái Châu	10
12250	Xã Liên Khê	33	Tỉnh Hưng Yên	Huyện Khoái Châu	10
12253	Xã Phùng Hưng	33	Tỉnh Hưng Yên	Huyện Khoái Châu	10
12256	Xã Việt Hòa	33	Tỉnh Hưng Yên	Huyện Khoái Châu	10
12259	Xã Đông Ninh	33	Tỉnh Hưng Yên	Huyện Khoái Châu	10
12262	Xã Đại Tập	33	Tỉnh Hưng Yên	Huyện Khoái Châu	10
12265	Xã Chí Tân	33	Tỉnh Hưng Yên	Huyện Khoái Châu	10
12268	Xã Đại Hưng	33	Tỉnh Hưng Yên	Huyện Khoái Châu	10
12271	Xã Thuần Hưng	33	Tỉnh Hưng Yên	Huyện Khoái Châu	10
12274	Xã Thành Công	33	Tỉnh Hưng Yên	Huyện Khoái Châu	10
12277	Xã Nhuế Dương	33	Tỉnh Hưng Yên	Huyện Khoái Châu	10
12280	Thị trấn Lương Bằng	33	Tỉnh Hưng Yên	Huyện Kim Động	9
12283	Xã Nghĩa Dân	33	Tỉnh Hưng Yên	Huyện Kim Động	10
12286	Xã Toàn Thắng	33	Tỉnh Hưng Yên	Huyện Kim Động	10
12289	Xã Vĩnh Xá	33	Tỉnh Hưng Yên	Huyện Kim Động	10
12292	Xã Phạm Ngũ Lão	33	Tỉnh Hưng Yên	Huyện Kim Động	10
12295	Xã Thọ Vinh	33	Tỉnh Hưng Yên	Huyện Kim Động	10
12298	Xã Đồng Thanh	33	Tỉnh Hưng Yên	Huyện Kim Động	10
12301	Xã Song Mai	33	Tỉnh Hưng Yên	Huyện Kim Động	10
12304	Xã Chính Nghĩa	33	Tỉnh Hưng Yên	Huyện Kim Động	10
12307	Xã Nhân La	33	Tỉnh Hưng Yên	Huyện Kim Động	10
12310	Xã Phú Thịnh	33	Tỉnh Hưng Yên	Huyện Kim Động	10
12313	Xã Mai Động	33	Tỉnh Hưng Yên	Huyện Kim Động	10
12316	Xã Đức Hợp	33	Tỉnh Hưng Yên	Huyện Kim Động	10
12319	Xã Hùng An	33	Tỉnh Hưng Yên	Huyện Kim Động	10
12322	Xã Ngọc Thanh	33	Tỉnh Hưng Yên	Huyện Kim Động	10
12325	Xã Vũ Xá	33	Tỉnh Hưng Yên	Huyện Kim Động	10
12328	Xã Hiệp Cường	33	Tỉnh Hưng Yên	Huyện Kim Động	10
12331	Xã Phú Cường	33	Tỉnh Hưng Yên	Thành phố Hưng Yên	10
12334	Xã Hùng Cường	33	Tỉnh Hưng Yên	Thành phố Hưng Yên	10
12337	Thị trấn Vương	33	Tỉnh Hưng Yên	Huyện Tiên Lữ	9
12340	Xã Hưng Đạo	33	Tỉnh Hưng Yên	Huyện Tiên Lữ	10
12343	Xã Ngô Quyền	33	Tỉnh Hưng Yên	Huyện Tiên Lữ	10
12346	Xã Nhật Tân	33	Tỉnh Hưng Yên	Huyện Tiên Lữ	10
12349	Xã Dị Chế	33	Tỉnh Hưng Yên	Huyện Tiên Lữ	10
12352	Xã Lệ Xá	33	Tỉnh Hưng Yên	Huyện Tiên Lữ	10
12355	Xã An Viên	33	Tỉnh Hưng Yên	Huyện Tiên Lữ	10
12358	Xã Đức Thắng	33	Tỉnh Hưng Yên	Huyện Tiên Lữ	10
12361	Xã Trung Dũng	33	Tỉnh Hưng Yên	Huyện Tiên Lữ	10
12364	Xã Hải Triều	33	Tỉnh Hưng Yên	Huyện Tiên Lữ	10
12367	Xã Thủ Sỹ	33	Tỉnh Hưng Yên	Huyện Tiên Lữ	10
12370	Xã Thiện Phiến	33	Tỉnh Hưng Yên	Huyện Tiên Lữ	10
12373	Xã Thụy Lôi	33	Tỉnh Hưng Yên	Huyện Tiên Lữ	10
12376	Xã Cương Chính	33	Tỉnh Hưng Yên	Huyện Tiên Lữ	10
12379	Xã Minh Phượng	33	Tỉnh Hưng Yên	Huyện Tiên Lữ	10
12382	Xã Phương Chiểu	33	Tỉnh Hưng Yên	Thành phố Hưng Yên	10
12385	Xã Tân Hưng	33	Tỉnh Hưng Yên	Thành phố Hưng Yên	10
12388	Xã Hoàng Hanh	33	Tỉnh Hưng Yên	Thành phố Hưng Yên	10
12391	Thị trấn Trần Cao	33	Tỉnh Hưng Yên	Huyện Phù Cừ	9
12394	Xã Minh Tân	33	Tỉnh Hưng Yên	Huyện Phù Cừ	10
12397	Xã Phan Sào Nam	33	Tỉnh Hưng Yên	Huyện Phù Cừ	10
12400	Xã Quang Hưng	33	Tỉnh Hưng Yên	Huyện Phù Cừ	10
12403	Xã Minh Hoàng	33	Tỉnh Hưng Yên	Huyện Phù Cừ	10
12406	Xã Đoàn Đào	33	Tỉnh Hưng Yên	Huyện Phù Cừ	10
12409	Xã Tống Phan	33	Tỉnh Hưng Yên	Huyện Phù Cừ	10
12412	Xã Đình Cao	33	Tỉnh Hưng Yên	Huyện Phù Cừ	10
12415	Xã Nhật Quang	33	Tỉnh Hưng Yên	Huyện Phù Cừ	10
12418	Xã Tiền Tiến	33	Tỉnh Hưng Yên	Huyện Phù Cừ	10
12421	Xã Tam Đa	33	Tỉnh Hưng Yên	Huyện Phù Cừ	10
12424	Xã Minh Tiến	33	Tỉnh Hưng Yên	Huyện Phù Cừ	10
12427	Xã Nguyên Hòa	33	Tỉnh Hưng Yên	Huyện Phù Cừ	10
12430	Xã Tống Trân	33	Tỉnh Hưng Yên	Huyện Phù Cừ	10
12433	Phường Lê Hồng Phong	34	Tỉnh Thái Bình	Thành phố Thái Bình	8
12436	Phường Bồ Xuyên	34	Tỉnh Thái Bình	Thành phố Thái Bình	8
12439	Phường Đề Thám	34	Tỉnh Thái Bình	Thành phố Thái Bình	8
12442	Phường Kỳ Bá	34	Tỉnh Thái Bình	Thành phố Thái Bình	8
12445	Phường Quang Trung	34	Tỉnh Thái Bình	Thành phố Thái Bình	8
12448	Phường Phú Khánh	34	Tỉnh Thái Bình	Thành phố Thái Bình	8
12451	Phường Tiền Phong	34	Tỉnh Thái Bình	Thành phố Thái Bình	8
12452	Phường Trần Hưng Đạo	34	Tỉnh Thái Bình	Thành phố Thái Bình	8
12454	Phường Trần Lãm	34	Tỉnh Thái Bình	Thành phố Thái Bình	8
12457	Xã Đông Hòa	34	Tỉnh Thái Bình	Thành phố Thái Bình	10
12460	Phường Hoàng Diệu	34	Tỉnh Thái Bình	Thành phố Thái Bình	8
12463	Xã Phú Xuân	34	Tỉnh Thái Bình	Thành phố Thái Bình	10
12466	Xã Vũ Phúc	34	Tỉnh Thái Bình	Thành phố Thái Bình	10
12469	Xã Vũ Chính	34	Tỉnh Thái Bình	Thành phố Thái Bình	10
12472	Thị trấn Quỳnh Côi	34	Tỉnh Thái Bình	Huyện Quỳnh Phụ	9
12475	Xã An Khê	34	Tỉnh Thái Bình	Huyện Quỳnh Phụ	10
12478	Xã An Đồng	34	Tỉnh Thái Bình	Huyện Quỳnh Phụ	10
12481	Xã Quỳnh Hoa	34	Tỉnh Thái Bình	Huyện Quỳnh Phụ	10
12484	Xã Quỳnh Lâm	34	Tỉnh Thái Bình	Huyện Quỳnh Phụ	10
12487	Xã Quỳnh Thọ	34	Tỉnh Thái Bình	Huyện Quỳnh Phụ	10
12490	Xã An Hiệp	34	Tỉnh Thái Bình	Huyện Quỳnh Phụ	10
12493	Xã Quỳnh Hoàng	34	Tỉnh Thái Bình	Huyện Quỳnh Phụ	10
12496	Xã Quỳnh Giao	34	Tỉnh Thái Bình	Huyện Quỳnh Phụ	10
12499	Xã An Thái	34	Tỉnh Thái Bình	Huyện Quỳnh Phụ	10
12502	Xã An Cầu	34	Tỉnh Thái Bình	Huyện Quỳnh Phụ	10
12505	Xã Quỳnh Hồng	34	Tỉnh Thái Bình	Huyện Quỳnh Phụ	10
12508	Xã Quỳnh Khê	34	Tỉnh Thái Bình	Huyện Quỳnh Phụ	10
12511	Xã Quỳnh Minh	34	Tỉnh Thái Bình	Huyện Quỳnh Phụ	10
12514	Xã An Ninh	34	Tỉnh Thái Bình	Huyện Quỳnh Phụ	10
12517	Xã Quỳnh Ngọc	34	Tỉnh Thái Bình	Huyện Quỳnh Phụ	10
12520	Xã Quỳnh Hải	34	Tỉnh Thái Bình	Huyện Quỳnh Phụ	10
12523	Thị trấn An Bài	34	Tỉnh Thái Bình	Huyện Quỳnh Phụ	9
12526	Xã An Ấp	34	Tỉnh Thái Bình	Huyện Quỳnh Phụ	10
12529	Xã Quỳnh Hội	34	Tỉnh Thái Bình	Huyện Quỳnh Phụ	10
12532	Xã Châu Sơn	34	Tỉnh Thái Bình	Huyện Quỳnh Phụ	10
12535	Xã Quỳnh Mỹ	34	Tỉnh Thái Bình	Huyện Quỳnh Phụ	10
12538	Xã An Quí	34	Tỉnh Thái Bình	Huyện Quỳnh Phụ	10
12541	Xã An Thanh	34	Tỉnh Thái Bình	Huyện Quỳnh Phụ	10
12547	Xã An Vũ	34	Tỉnh Thái Bình	Huyện Quỳnh Phụ	10
12550	Xã An Lễ	34	Tỉnh Thái Bình	Huyện Quỳnh Phụ	10
12553	Xã Quỳnh Hưng	34	Tỉnh Thái Bình	Huyện Quỳnh Phụ	10
12556	Xã Quỳnh Bảo	34	Tỉnh Thái Bình	Huyện Quỳnh Phụ	10
12559	Xã An Mỹ	34	Tỉnh Thái Bình	Huyện Quỳnh Phụ	10
12562	Xã Quỳnh Nguyên	34	Tỉnh Thái Bình	Huyện Quỳnh Phụ	10
12565	Xã An Vinh	34	Tỉnh Thái Bình	Huyện Quỳnh Phụ	10
12568	Xã Quỳnh Xá	34	Tỉnh Thái Bình	Huyện Quỳnh Phụ	10
12571	Xã An Dục	34	Tỉnh Thái Bình	Huyện Quỳnh Phụ	10
12574	Xã Đông Hải	34	Tỉnh Thái Bình	Huyện Quỳnh Phụ	10
12577	Xã Quỳnh Trang	34	Tỉnh Thái Bình	Huyện Quỳnh Phụ	10
12580	Xã An Tràng	34	Tỉnh Thái Bình	Huyện Quỳnh Phụ	10
12583	Xã Đồng Tiến	34	Tỉnh Thái Bình	Huyện Quỳnh Phụ	10
12586	Thị trấn Hưng Hà	34	Tỉnh Thái Bình	Huyện Hưng Hà	9
12589	Xã Điệp Nông	34	Tỉnh Thái Bình	Huyện Hưng Hà	10
12592	Xã Tân Lễ	34	Tỉnh Thái Bình	Huyện Hưng Hà	10
12595	Xã Cộng Hòa	34	Tỉnh Thái Bình	Huyện Hưng Hà	10
12598	Xã Dân Chủ	34	Tỉnh Thái Bình	Huyện Hưng Hà	10
12601	Xã Canh Tân	34	Tỉnh Thái Bình	Huyện Hưng Hà	10
12604	Xã Hòa Tiến	34	Tỉnh Thái Bình	Huyện Hưng Hà	10
12607	Xã Hùng Dũng	34	Tỉnh Thái Bình	Huyện Hưng Hà	10
12610	Xã Tân Tiến	34	Tỉnh Thái Bình	Huyện Hưng Hà	10
12613	Thị trấn Hưng Nhân	34	Tỉnh Thái Bình	Huyện Hưng Hà	9
12616	Xã Đoan Hùng	34	Tỉnh Thái Bình	Huyện Hưng Hà	10
12619	Xã Duyên Hải	34	Tỉnh Thái Bình	Huyện Hưng Hà	10
12622	Xã Tân Hòa	34	Tỉnh Thái Bình	Huyện Hưng Hà	10
12625	Xã Văn Cẩm	34	Tỉnh Thái Bình	Huyện Hưng Hà	10
12628	Xã Bắc Sơn	34	Tỉnh Thái Bình	Huyện Hưng Hà	10
12631	Xã Đông Đô	34	Tỉnh Thái Bình	Huyện Hưng Hà	10
12634	Xã Phúc Khánh	34	Tỉnh Thái Bình	Huyện Hưng Hà	10
12637	Xã Liên Hiệp	34	Tỉnh Thái Bình	Huyện Hưng Hà	10
12640	Xã Tây Đô	34	Tỉnh Thái Bình	Huyện Hưng Hà	10
12643	Xã Thống Nhất	34	Tỉnh Thái Bình	Huyện Hưng Hà	10
12646	Xã Tiến Đức	34	Tỉnh Thái Bình	Huyện Hưng Hà	10
12649	Xã Thái Hưng	34	Tỉnh Thái Bình	Huyện Hưng Hà	10
12652	Xã Thái Phương	34	Tỉnh Thái Bình	Huyện Hưng Hà	10
12655	Xã Hòa Bình	34	Tỉnh Thái Bình	Huyện Hưng Hà	10
12656	Xã Chi Lăng	34	Tỉnh Thái Bình	Huyện Hưng Hà	10
12658	Xã Minh Khai	34	Tỉnh Thái Bình	Huyện Hưng Hà	10
12661	Xã Hồng An	34	Tỉnh Thái Bình	Huyện Hưng Hà	10
12664	Xã Kim Chung	34	Tỉnh Thái Bình	Huyện Hưng Hà	10
12667	Xã Hồng Lĩnh	34	Tỉnh Thái Bình	Huyện Hưng Hà	10
12670	Xã Minh Tân	34	Tỉnh Thái Bình	Huyện Hưng Hà	10
12673	Xã Văn Lang	34	Tỉnh Thái Bình	Huyện Hưng Hà	10
12676	Xã Độc Lập	34	Tỉnh Thái Bình	Huyện Hưng Hà	10
12679	Xã Chí Hòa	34	Tỉnh Thái Bình	Huyện Hưng Hà	10
12682	Xã Minh Hòa	34	Tỉnh Thái Bình	Huyện Hưng Hà	10
12685	Xã Hồng Minh	34	Tỉnh Thái Bình	Huyện Hưng Hà	10
12688	Thị trấn Đông Hưng	34	Tỉnh Thái Bình	Huyện Đông Hưng	9
12691	Xã Đô Lương	34	Tỉnh Thái Bình	Huyện Đông Hưng	10
12694	Xã Đông Phương	34	Tỉnh Thái Bình	Huyện Đông Hưng	10
12697	Xã Liên Giang	34	Tỉnh Thái Bình	Huyện Đông Hưng	10
12700	Xã An Châu	34	Tỉnh Thái Bình	Huyện Đông Hưng	10
12703	Xã Đông Sơn	34	Tỉnh Thái Bình	Huyện Đông Hưng	10
12706	Xã Đông Cường	34	Tỉnh Thái Bình	Huyện Đông Hưng	10
12709	Xã Phú Lương	34	Tỉnh Thái Bình	Huyện Đông Hưng	10
12712	Xã Mê Linh	34	Tỉnh Thái Bình	Huyện Đông Hưng	10
12715	Xã Lô Giang	34	Tỉnh Thái Bình	Huyện Đông Hưng	10
12718	Xã Đông La	34	Tỉnh Thái Bình	Huyện Đông Hưng	10
12721	Xã Minh Tân	34	Tỉnh Thái Bình	Huyện Đông Hưng	10
12724	Xã Đông Xá	34	Tỉnh Thái Bình	Huyện Đông Hưng	10
12727	Xã Chương Dương	34	Tỉnh Thái Bình	Huyện Đông Hưng	10
12730	Xã Nguyên Xá	34	Tỉnh Thái Bình	Huyện Đông Hưng	10
12733	Xã Phong Châu	34	Tỉnh Thái Bình	Huyện Đông Hưng	10
12736	Xã Hợp Tiến	34	Tỉnh Thái Bình	Huyện Đông Hưng	10
12739	Xã Hồng Việt	34	Tỉnh Thái Bình	Huyện Đông Hưng	10
12745	Xã Hà Giang	34	Tỉnh Thái Bình	Huyện Đông Hưng	10
12748	Xã Đông Kinh	34	Tỉnh Thái Bình	Huyện Đông Hưng	10
12751	Xã Đông Hợp	34	Tỉnh Thái Bình	Huyện Đông Hưng	10
12754	Xã Thăng Long	34	Tỉnh Thái Bình	Huyện Đông Hưng	10
12757	Xã Đông Các	34	Tỉnh Thái Bình	Huyện Đông Hưng	10
12760	Xã Phú Châu	34	Tỉnh Thái Bình	Huyện Đông Hưng	10
12763	Xã Liên Hoa	34	Tỉnh Thái Bình	Huyện Đông Hưng	10
12769	Xã Đông Tân	34	Tỉnh Thái Bình	Huyện Đông Hưng	10
12772	Xã Đông Vinh	34	Tỉnh Thái Bình	Huyện Đông Hưng	10
12775	Xã Đông Động	34	Tỉnh Thái Bình	Huyện Đông Hưng	10
12778	Xã Hồng Bạch	34	Tỉnh Thái Bình	Huyện Đông Hưng	10
12784	Xã Trọng Quan	34	Tỉnh Thái Bình	Huyện Đông Hưng	10
12790	Xã Hồng Giang	34	Tỉnh Thái Bình	Huyện Đông Hưng	10
12793	Xã Đông Quan	34	Tỉnh Thái Bình	Huyện Đông Hưng	10
12796	Xã Đông Quang	34	Tỉnh Thái Bình	Huyện Đông Hưng	10
12799	Xã Đông Xuân	34	Tỉnh Thái Bình	Huyện Đông Hưng	10
12802	Xã Đông Á	34	Tỉnh Thái Bình	Huyện Đông Hưng	10
12808	Xã Đông Hoàng	34	Tỉnh Thái Bình	Huyện Đông Hưng	10
12811	Xã Đông Dương	34	Tỉnh Thái Bình	Huyện Đông Hưng	10
12817	Xã Đông Mỹ	34	Tỉnh Thái Bình	Thành phố Thái Bình	10
12820	Xã Đông Thọ	34	Tỉnh Thái Bình	Thành phố Thái Bình	10
12823	Xã Minh Phú	34	Tỉnh Thái Bình	Huyện Đông Hưng	10
12826	Thị trấn Diêm Điền	34	Tỉnh Thái Bình	Huyện Thái Thụy	9
12832	Xã Thụy Trường	34	Tỉnh Thái Bình	Huyện Thái Thụy	10
12841	Xã Hồng Dũng	34	Tỉnh Thái Bình	Huyện Thái Thụy	10
12844	Xã Thụy Quỳnh	34	Tỉnh Thái Bình	Huyện Thái Thụy	10
12847	Xã An Tân	34	Tỉnh Thái Bình	Huyện Thái Thụy	10
12850	Xã Thụy Ninh	34	Tỉnh Thái Bình	Huyện Thái Thụy	10
12853	Xã Thụy Hưng	34	Tỉnh Thái Bình	Huyện Thái Thụy	10
12856	Xã Thụy Việt	34	Tỉnh Thái Bình	Huyện Thái Thụy	10
12859	Xã Thụy Văn	34	Tỉnh Thái Bình	Huyện Thái Thụy	10
12862	Xã Thụy Xuân	34	Tỉnh Thái Bình	Huyện Thái Thụy	10
12865	Xã Dương Phúc	34	Tỉnh Thái Bình	Huyện Thái Thụy	10
12868	Xã Thụy Trình	34	Tỉnh Thái Bình	Huyện Thái Thụy	10
12871	Xã Thụy Bình	34	Tỉnh Thái Bình	Huyện Thái Thụy	10
12874	Xã Thụy Chính	34	Tỉnh Thái Bình	Huyện Thái Thụy	10
12877	Xã Thụy Dân	34	Tỉnh Thái Bình	Huyện Thái Thụy	10
12880	Xã Thụy Hải	34	Tỉnh Thái Bình	Huyện Thái Thụy	10
12889	Xã Thụy Liên	34	Tỉnh Thái Bình	Huyện Thái Thụy	10
12892	Xã Thụy Duyên	34	Tỉnh Thái Bình	Huyện Thái Thụy	10
12898	Xã Thụy Thanh	34	Tỉnh Thái Bình	Huyện Thái Thụy	10
12901	Xã Thụy Sơn	34	Tỉnh Thái Bình	Huyện Thái Thụy	10
12904	Xã Thụy Phong	34	Tỉnh Thái Bình	Huyện Thái Thụy	10
12907	Xã Thái Thượng	34	Tỉnh Thái Bình	Huyện Thái Thụy	10
12910	Xã Thái Nguyên	34	Tỉnh Thái Bình	Huyện Thái Thụy	10
12916	Xã Dương Hồng Thủy	34	Tỉnh Thái Bình	Huyện Thái Thụy	10
12919	Xã Thái Giang	34	Tỉnh Thái Bình	Huyện Thái Thụy	10
12922	Xã Hòa An	34	Tỉnh Thái Bình	Huyện Thái Thụy	10
12925	Xã Sơn Hà	34	Tỉnh Thái Bình	Huyện Thái Thụy	10
12934	Xã Thái Phúc	34	Tỉnh Thái Bình	Huyện Thái Thụy	10
12937	Xã Thái Hưng	34	Tỉnh Thái Bình	Huyện Thái Thụy	10
12940	Xã Thái Đô	34	Tỉnh Thái Bình	Huyện Thái Thụy	10
12943	Xã Thái Xuyên	34	Tỉnh Thái Bình	Huyện Thái Thụy	10
12949	Xã Mỹ Lộc	34	Tỉnh Thái Bình	Huyện Thái Thụy	10
12958	Xã Tân Học	34	Tỉnh Thái Bình	Huyện Thái Thụy	10
12961	Xã Thái Thịnh	34	Tỉnh Thái Bình	Huyện Thái Thụy	10
12964	Xã Thuần Thành	34	Tỉnh Thái Bình	Huyện Thái Thụy	10
12967	Xã Thái Thọ	34	Tỉnh Thái Bình	Huyện Thái Thụy	10
12970	Thị trấn Tiền Hải	34	Tỉnh Thái Bình	Huyện Tiền Hải	9
12976	Xã Đông Trà	34	Tỉnh Thái Bình	Huyện Tiền Hải	10
12979	Xã Đông Long	34	Tỉnh Thái Bình	Huyện Tiền Hải	10
12982	Xã Đông Quí	34	Tỉnh Thái Bình	Huyện Tiền Hải	10
12985	Xã Vũ Lăng	34	Tỉnh Thái Bình	Huyện Tiền Hải	10
12988	Xã Đông Xuyên	34	Tỉnh Thái Bình	Huyện Tiền Hải	10
12991	Xã Tây Lương	34	Tỉnh Thái Bình	Huyện Tiền Hải	10
12994	Xã Tây Ninh	34	Tỉnh Thái Bình	Huyện Tiền Hải	10
12997	Xã Đông Trung	34	Tỉnh Thái Bình	Huyện Tiền Hải	10
13000	Xã Đông Hoàng	34	Tỉnh Thái Bình	Huyện Tiền Hải	10
13003	Xã Đông Minh	34	Tỉnh Thái Bình	Huyện Tiền Hải	10
13009	Xã Đông Phong	34	Tỉnh Thái Bình	Huyện Tiền Hải	10
13012	Xã An Ninh	34	Tỉnh Thái Bình	Huyện Tiền Hải	10
13018	Xã Đông Cơ	34	Tỉnh Thái Bình	Huyện Tiền Hải	10
13021	Xã Tây Giang	34	Tỉnh Thái Bình	Huyện Tiền Hải	10
13024	Xã Đông Lâm	34	Tỉnh Thái Bình	Huyện Tiền Hải	10
13027	Xã Phương Công	34	Tỉnh Thái Bình	Huyện Tiền Hải	10
13030	Xã Tây Phong	34	Tỉnh Thái Bình	Huyện Tiền Hải	10
13033	Xã Tây Tiến	34	Tỉnh Thái Bình	Huyện Tiền Hải	10
13036	Xã Nam Cường	34	Tỉnh Thái Bình	Huyện Tiền Hải	10
13039	Xã Vân Trường	34	Tỉnh Thái Bình	Huyện Tiền Hải	10
13042	Xã Nam Thắng	34	Tỉnh Thái Bình	Huyện Tiền Hải	10
13045	Xã Nam Chính	34	Tỉnh Thái Bình	Huyện Tiền Hải	10
13048	Xã Bắc Hải	34	Tỉnh Thái Bình	Huyện Tiền Hải	10
13051	Xã Nam Thịnh	34	Tỉnh Thái Bình	Huyện Tiền Hải	10
13054	Xã Nam Hà	34	Tỉnh Thái Bình	Huyện Tiền Hải	10
13057	Xã Nam Thanh	34	Tỉnh Thái Bình	Huyện Tiền Hải	10
13060	Xã Nam Trung	34	Tỉnh Thái Bình	Huyện Tiền Hải	10
13063	Xã Nam Hồng	34	Tỉnh Thái Bình	Huyện Tiền Hải	10
13066	Xã Nam Hưng	34	Tỉnh Thái Bình	Huyện Tiền Hải	10
13069	Xã Nam Hải	34	Tỉnh Thái Bình	Huyện Tiền Hải	10
13072	Xã Nam Phú	34	Tỉnh Thái Bình	Huyện Tiền Hải	10
13075	Thị trấn Kiến Xương	34	Tỉnh Thái Bình	Huyện Kiến Xương	9
13078	Xã Trà Giang	34	Tỉnh Thái Bình	Huyện Kiến Xương	10
13081	Xã Quốc Tuấn	34	Tỉnh Thái Bình	Huyện Kiến Xương	10
13084	Xã Vũ Đông	34	Tỉnh Thái Bình	Thành phố Thái Bình	10
13087	Xã An Bình	34	Tỉnh Thái Bình	Huyện Kiến Xương	10
13090	Xã Tây Sơn	34	Tỉnh Thái Bình	Huyện Kiến Xương	10
13093	Xã Hồng Thái	34	Tỉnh Thái Bình	Huyện Kiến Xương	10
13096	Xã Bình Nguyên	34	Tỉnh Thái Bình	Huyện Kiến Xương	10
13102	Xã Lê Lợi	34	Tỉnh Thái Bình	Huyện Kiến Xương	10
13108	Xã Vũ Lạc	34	Tỉnh Thái Bình	Thành phố Thái Bình	10
13111	Xã Vũ Lễ	34	Tỉnh Thái Bình	Huyện Kiến Xương	10
13114	Xã Thanh Tân	34	Tỉnh Thái Bình	Huyện Kiến Xương	10
13117	Xã Thượng Hiền	34	Tỉnh Thái Bình	Huyện Kiến Xương	10
13120	Xã Nam Cao	34	Tỉnh Thái Bình	Huyện Kiến Xương	10
13123	Xã Đình Phùng	34	Tỉnh Thái Bình	Huyện Kiến Xương	10
13126	Xã Vũ Ninh	34	Tỉnh Thái Bình	Huyện Kiến Xương	10
13129	Xã Vũ An	34	Tỉnh Thái Bình	Huyện Kiến Xương	10
13132	Xã Quang Lịch	34	Tỉnh Thái Bình	Huyện Kiến Xương	10
13135	Xã Hòa Bình	34	Tỉnh Thái Bình	Huyện Kiến Xương	10
13138	Xã Bình Minh	34	Tỉnh Thái Bình	Huyện Kiến Xương	10
13141	Xã Vũ Quí	34	Tỉnh Thái Bình	Huyện Kiến Xương	10
13144	Xã Quang Bình	34	Tỉnh Thái Bình	Huyện Kiến Xương	10
13150	Xã Vũ Trung	34	Tỉnh Thái Bình	Huyện Kiến Xương	10
13153	Xã Vũ Thắng	34	Tỉnh Thái Bình	Huyện Kiến Xương	10
13156	Xã Vũ Công	34	Tỉnh Thái Bình	Huyện Kiến Xương	10
13159	Xã Vũ Hòa	34	Tỉnh Thái Bình	Huyện Kiến Xương	10
13162	Xã Quang Minh	34	Tỉnh Thái Bình	Huyện Kiến Xương	10
13165	Xã Quang Trung	34	Tỉnh Thái Bình	Huyện Kiến Xương	10
13171	Xã Minh Quang	34	Tỉnh Thái Bình	Huyện Kiến Xương	10
13174	Xã Vũ Bình	34	Tỉnh Thái Bình	Huyện Kiến Xương	10
13177	Xã Minh Tân	34	Tỉnh Thái Bình	Huyện Kiến Xương	10
13180	Xã Nam Bình	34	Tỉnh Thái Bình	Huyện Kiến Xương	10
13183	Xã Bình Thanh	34	Tỉnh Thái Bình	Huyện Kiến Xương	10
13186	Xã Bình Định	34	Tỉnh Thái Bình	Huyện Kiến Xương	10
13189	Xã Hồng Tiến	34	Tỉnh Thái Bình	Huyện Kiến Xương	10
13192	Thị trấn Vũ Thư	34	Tỉnh Thái Bình	Huyện Vũ Thư	9
13195	Xã Hồng Lý	34	Tỉnh Thái Bình	Huyện Vũ Thư	10
13198	Xã Đồng Thanh	34	Tỉnh Thái Bình	Huyện Vũ Thư	10
13201	Xã Xuân Hòa	34	Tỉnh Thái Bình	Huyện Vũ Thư	10
13204	Xã Hiệp Hòa	34	Tỉnh Thái Bình	Huyện Vũ Thư	10
13207	Xã Phúc Thành	34	Tỉnh Thái Bình	Huyện Vũ Thư	10
13210	Xã Tân Phong	34	Tỉnh Thái Bình	Huyện Vũ Thư	10
13213	Xã Song Lãng	34	Tỉnh Thái Bình	Huyện Vũ Thư	10
13216	Xã Tân Hòa	34	Tỉnh Thái Bình	Huyện Vũ Thư	10
13219	Xã Việt Hùng	34	Tỉnh Thái Bình	Huyện Vũ Thư	10
13222	Xã Minh Lãng	34	Tỉnh Thái Bình	Huyện Vũ Thư	10
13225	Xã Tân Bình	34	Tỉnh Thái Bình	Thành phố Thái Bình	10
13228	Xã Minh Khai	34	Tỉnh Thái Bình	Huyện Vũ Thư	10
13231	Xã Dũng Nghĩa	34	Tỉnh Thái Bình	Huyện Vũ Thư	10
13234	Xã Minh Quang	34	Tỉnh Thái Bình	Huyện Vũ Thư	10
13237	Xã Tam Quang	34	Tỉnh Thái Bình	Huyện Vũ Thư	10
13240	Xã Tân Lập	34	Tỉnh Thái Bình	Huyện Vũ Thư	10
13243	Xã Bách Thuận	34	Tỉnh Thái Bình	Huyện Vũ Thư	10
13246	Xã Tự Tân	34	Tỉnh Thái Bình	Huyện Vũ Thư	10
13249	Xã Song An	34	Tỉnh Thái Bình	Huyện Vũ Thư	10
13252	Xã Trung An	34	Tỉnh Thái Bình	Huyện Vũ Thư	10
13255	Xã Vũ Hội	34	Tỉnh Thái Bình	Huyện Vũ Thư	10
13258	Xã Hòa Bình	34	Tỉnh Thái Bình	Huyện Vũ Thư	10
13261	Xã Nguyên Xá	34	Tỉnh Thái Bình	Huyện Vũ Thư	10
13264	Xã Việt Thuận	34	Tỉnh Thái Bình	Huyện Vũ Thư	10
13267	Xã Vũ Vinh	34	Tỉnh Thái Bình	Huyện Vũ Thư	10
13270	Xã Vũ Đoài	34	Tỉnh Thái Bình	Huyện Vũ Thư	10
13273	Xã Vũ Tiến	34	Tỉnh Thái Bình	Huyện Vũ Thư	10
13276	Xã Vũ Vân	34	Tỉnh Thái Bình	Huyện Vũ Thư	10
13279	Xã Duy Nhất	34	Tỉnh Thái Bình	Huyện Vũ Thư	10
13282	Xã Hồng Phong	34	Tỉnh Thái Bình	Huyện Vũ Thư	10
13285	Phường Quang Trung	35	Tỉnh Hà Nam	Thành phố Phủ Lý	8
13288	Phường Lương Khánh Thiện	35	Tỉnh Hà Nam	Thành phố Phủ Lý	8
13291	Phường Lê Hồng Phong	35	Tỉnh Hà Nam	Thành phố Phủ Lý	8
13294	Phường Minh Khai	35	Tỉnh Hà Nam	Thành phố Phủ Lý	8
13297	Phường Hai Bà Trưng	35	Tỉnh Hà Nam	Thành phố Phủ Lý	8
13300	Phường Trần Hưng Đạo	35	Tỉnh Hà Nam	Thành phố Phủ Lý	8
13303	Phường Lam Hạ	35	Tỉnh Hà Nam	Thành phố Phủ Lý	8
13306	Xã Phù Vân	35	Tỉnh Hà Nam	Thành phố Phủ Lý	10
13309	Phường Liêm Chính	35	Tỉnh Hà Nam	Thành phố Phủ Lý	8
13312	Xã Liêm Chung	35	Tỉnh Hà Nam	Thành phố Phủ Lý	10
13315	Phường Thanh Châu	35	Tỉnh Hà Nam	Thành phố Phủ Lý	8
13318	Phường Châu Sơn	35	Tỉnh Hà Nam	Thành phố Phủ Lý	8
13321	Phường Đồng Văn	35	Tỉnh Hà Nam	Thị xã Duy Tiên	8
13324	Phường Hòa Mạc	35	Tỉnh Hà Nam	Thị xã Duy Tiên	8
13327	Xã Mộc Bắc	35	Tỉnh Hà Nam	Thị xã Duy Tiên	10
13330	Phường Châu Giang	35	Tỉnh Hà Nam	Thị xã Duy Tiên	8
13333	Phường Bạch Thượng	35	Tỉnh Hà Nam	Thị xã Duy Tiên	8
13336	Phường Duy Minh	35	Tỉnh Hà Nam	Thị xã Duy Tiên	8
13339	Xã Mộc Nam	35	Tỉnh Hà Nam	Thị xã Duy Tiên	10
13342	Phường Duy Hải	35	Tỉnh Hà Nam	Thị xã Duy Tiên	8
13345	Xã Chuyên Ngoại	35	Tỉnh Hà Nam	Thị xã Duy Tiên	10
13348	Phường Yên Bắc	35	Tỉnh Hà Nam	Thị xã Duy Tiên	8
13351	Xã Trác Văn	35	Tỉnh Hà Nam	Thị xã Duy Tiên	10
13354	Phường Tiên Nội	35	Tỉnh Hà Nam	Thị xã Duy Tiên	8
13357	Phường Hoàng Đông	35	Tỉnh Hà Nam	Thị xã Duy Tiên	8
13360	Xã Yên Nam	35	Tỉnh Hà Nam	Thị xã Duy Tiên	10
13363	Xã Tiên Ngoại	35	Tỉnh Hà Nam	Thị xã Duy Tiên	10
13366	Xã Tiên Tân	35	Tỉnh Hà Nam	Thành phố Phủ Lý	10
13369	Xã Tiên Sơn	35	Tỉnh Hà Nam	Thị xã Duy Tiên	10
13372	Xã Tiên Hiệp	35	Tỉnh Hà Nam	Thành phố Phủ Lý	10
13381	Xã Tiên Hải	35	Tỉnh Hà Nam	Thành phố Phủ Lý	10
13384	Thị trấn Quế	35	Tỉnh Hà Nam	Huyện Kim Bảng	9
13387	Xã Nguyễn Úy	35	Tỉnh Hà Nam	Huyện Kim Bảng	10
13390	Xã Đại Cương	35	Tỉnh Hà Nam	Huyện Kim Bảng	10
13393	Xã Lê Hồ	35	Tỉnh Hà Nam	Huyện Kim Bảng	10
13396	Xã Tượng Lĩnh	35	Tỉnh Hà Nam	Huyện Kim Bảng	10
13399	Xã Nhật Tựu	35	Tỉnh Hà Nam	Huyện Kim Bảng	10
13402	Xã Nhật Tân	35	Tỉnh Hà Nam	Huyện Kim Bảng	10
13405	Xã Đồng Hóa	35	Tỉnh Hà Nam	Huyện Kim Bảng	10
13408	Xã Hoàng Tây	35	Tỉnh Hà Nam	Huyện Kim Bảng	10
13411	Xã Tân Sơn	35	Tỉnh Hà Nam	Huyện Kim Bảng	10
13414	Xã Thụy Lôi	35	Tỉnh Hà Nam	Huyện Kim Bảng	10
13417	Xã Văn Xá	35	Tỉnh Hà Nam	Huyện Kim Bảng	10
13420	Xã Khả Phong	35	Tỉnh Hà Nam	Huyện Kim Bảng	10
13423	Xã Ngọc Sơn	35	Tỉnh Hà Nam	Huyện Kim Bảng	10
13426	Xã Kim Bình	35	Tỉnh Hà Nam	Thành phố Phủ Lý	10
13429	Thị trấn Ba Sao	35	Tỉnh Hà Nam	Huyện Kim Bảng	9
13432	Xã Liên Sơn	35	Tỉnh Hà Nam	Huyện Kim Bảng	10
13435	Xã Thi Sơn	35	Tỉnh Hà Nam	Huyện Kim Bảng	10
13438	Xã Thanh Sơn	35	Tỉnh Hà Nam	Huyện Kim Bảng	10
13441	Thị trấn Kiện Khê	35	Tỉnh Hà Nam	Huyện Thanh Liêm	9
13444	Xã Liêm Tuyền	35	Tỉnh Hà Nam	Thành phố Phủ Lý	10
13447	Xã Liêm Tiết	35	Tỉnh Hà Nam	Thành phố Phủ Lý	10
13450	Xã Liêm Phong	35	Tỉnh Hà Nam	Huyện Thanh Liêm	10
13453	Xã Thanh Hà	35	Tỉnh Hà Nam	Huyện Thanh Liêm	10
13456	Xã Liêm Cần	35	Tỉnh Hà Nam	Huyện Thanh Liêm	10
13459	Phường Thanh Tuyền	35	Tỉnh Hà Nam	Thành phố Phủ Lý	8
13465	Xã Liêm Thuận	35	Tỉnh Hà Nam	Huyện Thanh Liêm	10
13468	Xã Thanh Thủy	35	Tỉnh Hà Nam	Huyện Thanh Liêm	10
13471	Xã Thanh Phong	35	Tỉnh Hà Nam	Huyện Thanh Liêm	10
13474	Thị trấn Tân Thanh	35	Tỉnh Hà Nam	Huyện Thanh Liêm	9
13477	Xã Thanh Tân	35	Tỉnh Hà Nam	Huyện Thanh Liêm	10
13480	Xã Liêm Túc	35	Tỉnh Hà Nam	Huyện Thanh Liêm	10
13483	Xã Liêm Sơn	35	Tỉnh Hà Nam	Huyện Thanh Liêm	10
13486	Xã Thanh Hương	35	Tỉnh Hà Nam	Huyện Thanh Liêm	10
13489	Xã Thanh Nghị	35	Tỉnh Hà Nam	Huyện Thanh Liêm	10
13492	Xã Thanh Tâm	35	Tỉnh Hà Nam	Huyện Thanh Liêm	10
13495	Xã Thanh Nguyên	35	Tỉnh Hà Nam	Huyện Thanh Liêm	10
13498	Xã Thanh Hải	35	Tỉnh Hà Nam	Huyện Thanh Liêm	10
13501	Thị trấn Bình Mỹ	35	Tỉnh Hà Nam	Huyện Bình Lục	9
13504	Xã Bình Nghĩa	35	Tỉnh Hà Nam	Huyện Bình Lục	10
13507	Xã Đinh Xá	35	Tỉnh Hà Nam	Thành phố Phủ Lý	10
13510	Xã Tràng An	35	Tỉnh Hà Nam	Huyện Bình Lục	10
13513	Xã Trịnh Xá	35	Tỉnh Hà Nam	Thành phố Phủ Lý	10
13516	Xã Đồng Du	35	Tỉnh Hà Nam	Huyện Bình Lục	10
13519	Xã Ngọc Lũ	35	Tỉnh Hà Nam	Huyện Bình Lục	10
13522	Xã Hưng Công	35	Tỉnh Hà Nam	Huyện Bình Lục	10
13525	Xã Đồn Xá	35	Tỉnh Hà Nam	Huyện Bình Lục	10
13528	Xã An Ninh	35	Tỉnh Hà Nam	Huyện Bình Lục	10
13531	Xã Bồ Đề	35	Tỉnh Hà Nam	Huyện Bình Lục	10
13534	Xã Bối Cầu	35	Tỉnh Hà Nam	Huyện Bình Lục	10
13540	Xã An Nội	35	Tỉnh Hà Nam	Huyện Bình Lục	10
13543	Xã Vũ Bản	35	Tỉnh Hà Nam	Huyện Bình Lục	10
13546	Xã Trung Lương	35	Tỉnh Hà Nam	Huyện Bình Lục	10
13552	Xã An Đổ	35	Tỉnh Hà Nam	Huyện Bình Lục	10
13555	Xã La Sơn	35	Tỉnh Hà Nam	Huyện Bình Lục	10
13558	Xã Tiêu Động	35	Tỉnh Hà Nam	Huyện Bình Lục	10
13561	Xã An Lão	35	Tỉnh Hà Nam	Huyện Bình Lục	10
13567	Xã Hợp Lý	35	Tỉnh Hà Nam	Huyện Lý Nhân	10
13570	Xã Nguyên Lý	35	Tỉnh Hà Nam	Huyện Lý Nhân	10
13573	Xã Chính Lý	35	Tỉnh Hà Nam	Huyện Lý Nhân	10
13576	Xã Chân Lý	35	Tỉnh Hà Nam	Huyện Lý Nhân	10
13579	Xã Đạo Lý	35	Tỉnh Hà Nam	Huyện Lý Nhân	10
13582	Xã Công Lý	35	Tỉnh Hà Nam	Huyện Lý Nhân	10
13585	Xã Văn Lý	35	Tỉnh Hà Nam	Huyện Lý Nhân	10
13588	Xã Bắc Lý	35	Tỉnh Hà Nam	Huyện Lý Nhân	10
13591	Xã Đức Lý	35	Tỉnh Hà Nam	Huyện Lý Nhân	10
13594	Xã Trần Hưng Đạo	35	Tỉnh Hà Nam	Huyện Lý Nhân	10
13597	Thị trấn Vĩnh Trụ	35	Tỉnh Hà Nam	Huyện Lý Nhân	9
13600	Xã Nhân Thịnh	35	Tỉnh Hà Nam	Huyện Lý Nhân	10
13606	Xã Nhân Khang	35	Tỉnh Hà Nam	Huyện Lý Nhân	10
13609	Xã Nhân Mỹ	35	Tỉnh Hà Nam	Huyện Lý Nhân	10
13612	Xã Nhân Nghĩa	35	Tỉnh Hà Nam	Huyện Lý Nhân	10
13615	Xã Nhân Chính	35	Tỉnh Hà Nam	Huyện Lý Nhân	10
13618	Xã Nhân Bình	35	Tỉnh Hà Nam	Huyện Lý Nhân	10
13621	Xã Phú Phúc	35	Tỉnh Hà Nam	Huyện Lý Nhân	10
13624	Xã Xuân Khê	35	Tỉnh Hà Nam	Huyện Lý Nhân	10
13627	Xã Tiến Thắng	35	Tỉnh Hà Nam	Huyện Lý Nhân	10
13630	Xã Hòa Hậu	35	Tỉnh Hà Nam	Huyện Lý Nhân	10
13633	Phường Hạ Long	36	Tỉnh Nam Định	Thành phố Nam Định	8
13636	Phường Trần Tế Xương	36	Tỉnh Nam Định	Thành phố Nam Định	8
13639	Phường Vị Hoàng	36	Tỉnh Nam Định	Thành phố Nam Định	8
13642	Phường Vị Xuyên	36	Tỉnh Nam Định	Thành phố Nam Định	8
13645	Phường Quang Trung	36	Tỉnh Nam Định	Thành phố Nam Định	8
13648	Phường Cửa Bắc	36	Tỉnh Nam Định	Thành phố Nam Định	8
13651	Phường Nguyễn Du	36	Tỉnh Nam Định	Thành phố Nam Định	8
13654	Phường Bà Triệu	36	Tỉnh Nam Định	Thành phố Nam Định	8
13657	Phường Trường Thi	36	Tỉnh Nam Định	Thành phố Nam Định	8
13660	Phường Phan Đình Phùng	36	Tỉnh Nam Định	Thành phố Nam Định	8
13663	Phường Ngô Quyền	36	Tỉnh Nam Định	Thành phố Nam Định	8
13666	Phường Trần Hưng Đạo	36	Tỉnh Nam Định	Thành phố Nam Định	8
13669	Phường Trần Đăng Ninh	36	Tỉnh Nam Định	Thành phố Nam Định	8
13672	Phường Năng Tĩnh	36	Tỉnh Nam Định	Thành phố Nam Định	8
13675	Phường Văn Miếu	36	Tỉnh Nam Định	Thành phố Nam Định	8
13678	Phường Trần Quang Khải	36	Tỉnh Nam Định	Thành phố Nam Định	8
13681	Phường Thống Nhất	36	Tỉnh Nam Định	Thành phố Nam Định	8
13684	Phường Lộc Hạ	36	Tỉnh Nam Định	Thành phố Nam Định	8
13687	Phường Lộc Vượng	36	Tỉnh Nam Định	Thành phố Nam Định	8
13690	Phường Cửa Nam	36	Tỉnh Nam Định	Thành phố Nam Định	8
13693	Phường Lộc Hòa	36	Tỉnh Nam Định	Thành phố Nam Định	8
13696	Xã Nam Phong	36	Tỉnh Nam Định	Thành phố Nam Định	10
13699	Phường Mỹ Xá	36	Tỉnh Nam Định	Thành phố Nam Định	8
13702	Xã Lộc An	36	Tỉnh Nam Định	Thành phố Nam Định	10
13705	Xã Nam Vân	36	Tỉnh Nam Định	Thành phố Nam Định	10
13708	Thị trấn Mỹ Lộc	36	Tỉnh Nam Định	Huyện Mỹ Lộc	9
13711	Xã Mỹ Hà	36	Tỉnh Nam Định	Huyện Mỹ Lộc	10
13714	Xã Mỹ Tiến	36	Tỉnh Nam Định	Huyện Mỹ Lộc	10
13717	Xã Mỹ Thắng	36	Tỉnh Nam Định	Huyện Mỹ Lộc	10
13720	Xã Mỹ Trung	36	Tỉnh Nam Định	Huyện Mỹ Lộc	10
13723	Xã Mỹ Tân	36	Tỉnh Nam Định	Huyện Mỹ Lộc	10
13726	Xã Mỹ Phúc	36	Tỉnh Nam Định	Huyện Mỹ Lộc	10
13729	Xã Mỹ Hưng	36	Tỉnh Nam Định	Huyện Mỹ Lộc	10
13732	Xã Mỹ Thuận	36	Tỉnh Nam Định	Huyện Mỹ Lộc	10
13735	Xã Mỹ Thịnh	36	Tỉnh Nam Định	Huyện Mỹ Lộc	10
13738	Xã Mỹ Thành	36	Tỉnh Nam Định	Huyện Mỹ Lộc	10
13741	Thị trấn Gôi	36	Tỉnh Nam Định	Huyện Vụ Bản	9
13744	Xã Minh Thuận	36	Tỉnh Nam Định	Huyện Vụ Bản	10
13747	Xã Hiển Khánh	36	Tỉnh Nam Định	Huyện Vụ Bản	10
13750	Xã Tân Khánh	36	Tỉnh Nam Định	Huyện Vụ Bản	10
13753	Xã Hợp Hưng	36	Tỉnh Nam Định	Huyện Vụ Bản	10
13756	Xã Đại An	36	Tỉnh Nam Định	Huyện Vụ Bản	10
13759	Xã Tân Thành	36	Tỉnh Nam Định	Huyện Vụ Bản	10
13762	Xã Cộng Hòa	36	Tỉnh Nam Định	Huyện Vụ Bản	10
13765	Xã Trung Thành	36	Tỉnh Nam Định	Huyện Vụ Bản	10
13768	Xã Quang Trung	36	Tỉnh Nam Định	Huyện Vụ Bản	10
13771	Xã Minh Tân	36	Tỉnh Nam Định	Huyện Vụ Bản	10
13774	Xã Liên Bảo	36	Tỉnh Nam Định	Huyện Vụ Bản	10
13777	Xã Thành Lợi	36	Tỉnh Nam Định	Huyện Vụ Bản	10
13780	Xã Kim Thái	36	Tỉnh Nam Định	Huyện Vụ Bản	10
13783	Xã Liên Minh	36	Tỉnh Nam Định	Huyện Vụ Bản	10
13786	Xã Đại Thắng	36	Tỉnh Nam Định	Huyện Vụ Bản	10
13789	Xã Tam Thanh	36	Tỉnh Nam Định	Huyện Vụ Bản	10
13792	Xã Vĩnh Hào	36	Tỉnh Nam Định	Huyện Vụ Bản	10
13795	Thị trấn Lâm	36	Tỉnh Nam Định	Huyện Ý Yên	9
13798	Xã Yên Trung	36	Tỉnh Nam Định	Huyện Ý Yên	10
13801	Xã Yên Thành	36	Tỉnh Nam Định	Huyện Ý Yên	10
13804	Xã Yên Tân	36	Tỉnh Nam Định	Huyện Ý Yên	10
13807	Xã Yên Lợi	36	Tỉnh Nam Định	Huyện Ý Yên	10
13810	Xã Yên Thọ	36	Tỉnh Nam Định	Huyện Ý Yên	10
13813	Xã Yên Nghĩa	36	Tỉnh Nam Định	Huyện Ý Yên	10
13816	Xã Yên Minh	36	Tỉnh Nam Định	Huyện Ý Yên	10
13819	Xã Yên Phương	36	Tỉnh Nam Định	Huyện Ý Yên	10
13822	Xã Yên Chính	36	Tỉnh Nam Định	Huyện Ý Yên	10
13825	Xã Yên Bình	36	Tỉnh Nam Định	Huyện Ý Yên	10
13828	Xã Yên Phú	36	Tỉnh Nam Định	Huyện Ý Yên	10
13831	Xã Yên Mỹ	36	Tỉnh Nam Định	Huyện Ý Yên	10
13834	Xã Yên Dương	36	Tỉnh Nam Định	Huyện Ý Yên	10
13840	Xã Yên Hưng	36	Tỉnh Nam Định	Huyện Ý Yên	10
13843	Xã Yên Khánh	36	Tỉnh Nam Định	Huyện Ý Yên	10
13846	Xã Yên Phong	36	Tỉnh Nam Định	Huyện Ý Yên	10
13849	Xã Yên Ninh	36	Tỉnh Nam Định	Huyện Ý Yên	10
13852	Xã Yên Lương	36	Tỉnh Nam Định	Huyện Ý Yên	10
13855	Xã Yên Hồng	36	Tỉnh Nam Định	Huyện Ý Yên	10
13858	Xã Yên Quang	36	Tỉnh Nam Định	Huyện Ý Yên	10
13861	Xã Yên Tiến	36	Tỉnh Nam Định	Huyện Ý Yên	10
13864	Xã Yên Thắng	36	Tỉnh Nam Định	Huyện Ý Yên	10
13867	Xã Yên Phúc	36	Tỉnh Nam Định	Huyện Ý Yên	10
13870	Xã Yên Cường	36	Tỉnh Nam Định	Huyện Ý Yên	10
13873	Xã Yên Lộc	36	Tỉnh Nam Định	Huyện Ý Yên	10
13876	Xã Yên Bằng	36	Tỉnh Nam Định	Huyện Ý Yên	10
13879	Xã Yên Đồng	36	Tỉnh Nam Định	Huyện Ý Yên	10
13882	Xã Yên Khang	36	Tỉnh Nam Định	Huyện Ý Yên	10
13885	Xã Yên Nhân	36	Tỉnh Nam Định	Huyện Ý Yên	10
13888	Xã Yên Trị	36	Tỉnh Nam Định	Huyện Ý Yên	10
13891	Thị trấn Liễu Đề	36	Tỉnh Nam Định	Huyện Nghĩa Hưng	9
13894	Thị trấn Rạng Đông	36	Tỉnh Nam Định	Huyện Nghĩa Hưng	9
13897	Xã Nghĩa Đồng	36	Tỉnh Nam Định	Huyện Nghĩa Hưng	10
13900	Xã Nghĩa Thịnh	36	Tỉnh Nam Định	Huyện Nghĩa Hưng	10
13903	Xã Nghĩa Minh	36	Tỉnh Nam Định	Huyện Nghĩa Hưng	10
13906	Xã Nghĩa Thái	36	Tỉnh Nam Định	Huyện Nghĩa Hưng	10
13909	Xã Hoàng Nam	36	Tỉnh Nam Định	Huyện Nghĩa Hưng	10
13912	Xã Nghĩa Châu	36	Tỉnh Nam Định	Huyện Nghĩa Hưng	10
13915	Xã Nghĩa Trung	36	Tỉnh Nam Định	Huyện Nghĩa Hưng	10
13918	Xã Nghĩa Sơn	36	Tỉnh Nam Định	Huyện Nghĩa Hưng	10
13921	Xã Nghĩa Lạc	36	Tỉnh Nam Định	Huyện Nghĩa Hưng	10
13924	Xã Nghĩa Hồng	36	Tỉnh Nam Định	Huyện Nghĩa Hưng	10
13927	Xã Nghĩa Phong	36	Tỉnh Nam Định	Huyện Nghĩa Hưng	10
13930	Xã Nghĩa Phú	36	Tỉnh Nam Định	Huyện Nghĩa Hưng	10
13933	Xã Nghĩa Bình	36	Tỉnh Nam Định	Huyện Nghĩa Hưng	10
13936	Thị trấn Quỹ Nhất	36	Tỉnh Nam Định	Huyện Nghĩa Hưng	9
13939	Xã Nghĩa Tân	36	Tỉnh Nam Định	Huyện Nghĩa Hưng	10
13942	Xã Nghĩa Hùng	36	Tỉnh Nam Định	Huyện Nghĩa Hưng	10
13945	Xã Nghĩa Lâm	36	Tỉnh Nam Định	Huyện Nghĩa Hưng	10
13948	Xã Nghĩa Thành	36	Tỉnh Nam Định	Huyện Nghĩa Hưng	10
13951	Xã Phúc Thắng	36	Tỉnh Nam Định	Huyện Nghĩa Hưng	10
13954	Xã Nghĩa Lợi	36	Tỉnh Nam Định	Huyện Nghĩa Hưng	10
13957	Xã Nghĩa Hải	36	Tỉnh Nam Định	Huyện Nghĩa Hưng	10
13963	Xã Nam Điền	36	Tỉnh Nam Định	Huyện Nghĩa Hưng	10
13966	Thị trấn Nam Giang	36	Tỉnh Nam Định	Huyện Nam Trực	9
13969	Xã Nam Mỹ	36	Tỉnh Nam Định	Huyện Nam Trực	10
13972	Xã Điền Xá	36	Tỉnh Nam Định	Huyện Nam Trực	10
13975	Xã Nghĩa An	36	Tỉnh Nam Định	Huyện Nam Trực	10
13978	Xã Nam Thắng	36	Tỉnh Nam Định	Huyện Nam Trực	10
13981	Xã Nam Toàn	36	Tỉnh Nam Định	Huyện Nam Trực	10
13984	Xã Hồng Quang	36	Tỉnh Nam Định	Huyện Nam Trực	10
13987	Xã Tân Thịnh	36	Tỉnh Nam Định	Huyện Nam Trực	10
13990	Xã Nam Cường	36	Tỉnh Nam Định	Huyện Nam Trực	10
13993	Xã Nam Hồng	36	Tỉnh Nam Định	Huyện Nam Trực	10
13996	Xã Nam Hùng	36	Tỉnh Nam Định	Huyện Nam Trực	10
13999	Xã Nam Hoa	36	Tỉnh Nam Định	Huyện Nam Trực	10
14002	Xã Nam Dương	36	Tỉnh Nam Định	Huyện Nam Trực	10
14005	Xã Nam Thanh	36	Tỉnh Nam Định	Huyện Nam Trực	10
14008	Xã Nam Lợi	36	Tỉnh Nam Định	Huyện Nam Trực	10
14011	Xã Bình Minh	36	Tỉnh Nam Định	Huyện Nam Trực	10
14014	Xã Đồng Sơn	36	Tỉnh Nam Định	Huyện Nam Trực	10
14017	Xã Nam Tiến	36	Tỉnh Nam Định	Huyện Nam Trực	10
14020	Xã Nam Hải	36	Tỉnh Nam Định	Huyện Nam Trực	10
14023	Xã Nam Thái	36	Tỉnh Nam Định	Huyện Nam Trực	10
14026	Thị trấn Cổ Lễ	36	Tỉnh Nam Định	Huyện Trực Ninh	9
14029	Xã Phương Định	36	Tỉnh Nam Định	Huyện Trực Ninh	10
14032	Xã Trực Chính	36	Tỉnh Nam Định	Huyện Trực Ninh	10
14035	Xã Trung Đông	36	Tỉnh Nam Định	Huyện Trực Ninh	10
14038	Xã Liêm Hải	36	Tỉnh Nam Định	Huyện Trực Ninh	10
14041	Xã Trực Tuấn	36	Tỉnh Nam Định	Huyện Trực Ninh	10
14044	Xã Việt Hùng	36	Tỉnh Nam Định	Huyện Trực Ninh	10
14047	Xã Trực Đạo	36	Tỉnh Nam Định	Huyện Trực Ninh	10
14050	Xã Trực Hưng	36	Tỉnh Nam Định	Huyện Trực Ninh	10
14053	Xã Trực Nội	36	Tỉnh Nam Định	Huyện Trực Ninh	10
14056	Thị trấn Cát Thành	36	Tỉnh Nam Định	Huyện Trực Ninh	9
14059	Xã Trực Thanh	36	Tỉnh Nam Định	Huyện Trực Ninh	10
14062	Xã Trực Khang	36	Tỉnh Nam Định	Huyện Trực Ninh	10
14065	Xã Trực Thuận	36	Tỉnh Nam Định	Huyện Trực Ninh	10
14068	Xã Trực Mỹ	36	Tỉnh Nam Định	Huyện Trực Ninh	10
14071	Xã Trực Đại	36	Tỉnh Nam Định	Huyện Trực Ninh	10
14074	Xã Trực Cường	36	Tỉnh Nam Định	Huyện Trực Ninh	10
14077	Thị trấn Ninh Cường	36	Tỉnh Nam Định	Huyện Trực Ninh	9
14080	Xã Trực Thái	36	Tỉnh Nam Định	Huyện Trực Ninh	10
14083	Xã Trực Hùng	36	Tỉnh Nam Định	Huyện Trực Ninh	10
14086	Xã Trực Thắng	36	Tỉnh Nam Định	Huyện Trực Ninh	10
14089	Thị trấn Xuân Trường	36	Tỉnh Nam Định	Huyện Xuân Trường	9
14092	Xã Xuân Châu	36	Tỉnh Nam Định	Huyện Xuân Trường	10
14095	Xã Xuân Hồng	36	Tỉnh Nam Định	Huyện Xuân Trường	10
14098	Xã Xuân Thành	36	Tỉnh Nam Định	Huyện Xuân Trường	10
14101	Xã Xuân Thượng	36	Tỉnh Nam Định	Huyện Xuân Trường	10
14104	Xã Xuân Phong	36	Tỉnh Nam Định	Huyện Xuân Trường	10
14107	Xã Xuân Đài	36	Tỉnh Nam Định	Huyện Xuân Trường	10
14110	Xã Xuân Tân	36	Tỉnh Nam Định	Huyện Xuân Trường	10
14113	Xã Xuân Thủy	36	Tỉnh Nam Định	Huyện Xuân Trường	10
14116	Xã Xuân Ngọc	36	Tỉnh Nam Định	Huyện Xuân Trường	10
14119	Xã Xuân Bắc	36	Tỉnh Nam Định	Huyện Xuân Trường	10
14122	Xã Xuân Phương	36	Tỉnh Nam Định	Huyện Xuân Trường	10
14125	Xã Thọ Nghiệp	36	Tỉnh Nam Định	Huyện Xuân Trường	10
14128	Xã Xuân Phú	36	Tỉnh Nam Định	Huyện Xuân Trường	10
14131	Xã Xuân Trung	36	Tỉnh Nam Định	Huyện Xuân Trường	10
14134	Xã Xuân Vinh	36	Tỉnh Nam Định	Huyện Xuân Trường	10
14137	Xã Xuân Kiên	36	Tỉnh Nam Định	Huyện Xuân Trường	10
14140	Xã Xuân Tiến	36	Tỉnh Nam Định	Huyện Xuân Trường	10
14143	Xã Xuân Ninh	36	Tỉnh Nam Định	Huyện Xuân Trường	10
14146	Xã Xuân Hòa	36	Tỉnh Nam Định	Huyện Xuân Trường	10
14149	Thị trấn Ngô Đồng	36	Tỉnh Nam Định	Huyện Giao Thủy	9
14152	Thị trấn Quất Lâm	36	Tỉnh Nam Định	Huyện Giao Thủy	9
14155	Xã Giao Hương	36	Tỉnh Nam Định	Huyện Giao Thủy	10
14158	Xã Hồng Thuận	36	Tỉnh Nam Định	Huyện Giao Thủy	10
14161	Xã Giao Thiện	36	Tỉnh Nam Định	Huyện Giao Thủy	10
14164	Xã Giao Thanh	36	Tỉnh Nam Định	Huyện Giao Thủy	10
14167	Xã Hoành Sơn	36	Tỉnh Nam Định	Huyện Giao Thủy	10
14170	Xã Bình Hòa	36	Tỉnh Nam Định	Huyện Giao Thủy	10
14173	Xã Giao Tiến	36	Tỉnh Nam Định	Huyện Giao Thủy	10
14176	Xã Giao Hà	36	Tỉnh Nam Định	Huyện Giao Thủy	10
14179	Xã Giao Nhân	36	Tỉnh Nam Định	Huyện Giao Thủy	10
14182	Xã Giao An	36	Tỉnh Nam Định	Huyện Giao Thủy	10
14185	Xã Giao Lạc	36	Tỉnh Nam Định	Huyện Giao Thủy	10
14188	Xã Giao Châu	36	Tỉnh Nam Định	Huyện Giao Thủy	10
14191	Xã Giao Tân	36	Tỉnh Nam Định	Huyện Giao Thủy	10
14194	Xã Giao Yến	36	Tỉnh Nam Định	Huyện Giao Thủy	10
14197	Xã Giao Xuân	36	Tỉnh Nam Định	Huyện Giao Thủy	10
14200	Xã Giao Thịnh	36	Tỉnh Nam Định	Huyện Giao Thủy	10
14203	Xã Giao Hải	36	Tỉnh Nam Định	Huyện Giao Thủy	10
14206	Xã Bạch Long	36	Tỉnh Nam Định	Huyện Giao Thủy	10
14209	Xã Giao Long	36	Tỉnh Nam Định	Huyện Giao Thủy	10
14212	Xã Giao Phong	36	Tỉnh Nam Định	Huyện Giao Thủy	10
14215	Thị trấn Yên Định	36	Tỉnh Nam Định	Huyện Hải Hậu	9
14218	Thị trấn Cồn	36	Tỉnh Nam Định	Huyện Hải Hậu	9
14221	Thị trấn Thịnh Long	36	Tỉnh Nam Định	Huyện Hải Hậu	9
14224	Xã Hải Nam	36	Tỉnh Nam Định	Huyện Hải Hậu	10
14227	Xã Hải Trung	36	Tỉnh Nam Định	Huyện Hải Hậu	10
14230	Xã Hải Vân	36	Tỉnh Nam Định	Huyện Hải Hậu	10
14233	Xã Hải Minh	36	Tỉnh Nam Định	Huyện Hải Hậu	10
14236	Xã Hải Anh	36	Tỉnh Nam Định	Huyện Hải Hậu	10
14239	Xã Hải Hưng	36	Tỉnh Nam Định	Huyện Hải Hậu	10
14242	Xã Hải Bắc	36	Tỉnh Nam Định	Huyện Hải Hậu	10
14245	Xã Hải Phúc	36	Tỉnh Nam Định	Huyện Hải Hậu	10
14248	Xã Hải Thanh	36	Tỉnh Nam Định	Huyện Hải Hậu	10
14251	Xã Hải Hà	36	Tỉnh Nam Định	Huyện Hải Hậu	10
14254	Xã Hải Long	36	Tỉnh Nam Định	Huyện Hải Hậu	10
14257	Xã Hải Phương	36	Tỉnh Nam Định	Huyện Hải Hậu	10
14260	Xã Hải Đường	36	Tỉnh Nam Định	Huyện Hải Hậu	10
14263	Xã Hải Lộc	36	Tỉnh Nam Định	Huyện Hải Hậu	10
14266	Xã Hải Quang	36	Tỉnh Nam Định	Huyện Hải Hậu	10
14269	Xã Hải Đông	36	Tỉnh Nam Định	Huyện Hải Hậu	10
14272	Xã Hải Sơn	36	Tỉnh Nam Định	Huyện Hải Hậu	10
14275	Xã Hải Tân	36	Tỉnh Nam Định	Huyện Hải Hậu	10
14281	Xã Hải Phong	36	Tỉnh Nam Định	Huyện Hải Hậu	10
14284	Xã Hải An	36	Tỉnh Nam Định	Huyện Hải Hậu	10
14287	Xã Hải Tây	36	Tỉnh Nam Định	Huyện Hải Hậu	10
14290	Xã Hải Lý	36	Tỉnh Nam Định	Huyện Hải Hậu	10
14293	Xã Hải Phú	36	Tỉnh Nam Định	Huyện Hải Hậu	10
14296	Xã Hải Giang	36	Tỉnh Nam Định	Huyện Hải Hậu	10
14299	Xã Hải Cường	36	Tỉnh Nam Định	Huyện Hải Hậu	10
14302	Xã Hải Ninh	36	Tỉnh Nam Định	Huyện Hải Hậu	10
14305	Xã Hải Chính	36	Tỉnh Nam Định	Huyện Hải Hậu	10
14308	Xã Hải Xuân	36	Tỉnh Nam Định	Huyện Hải Hậu	10
14311	Xã Hải Châu	36	Tỉnh Nam Định	Huyện Hải Hậu	10
14314	Xã Hải Triều	36	Tỉnh Nam Định	Huyện Hải Hậu	10
14317	Xã Hải Hòa	36	Tỉnh Nam Định	Huyện Hải Hậu	10
14320	Phường Đông Thành	37	Tỉnh Ninh Bình	Thành phố Ninh Bình	8
14323	Phường Tân Thành	37	Tỉnh Ninh Bình	Thành phố Ninh Bình	8
14326	Phường Thanh Bình	37	Tỉnh Ninh Bình	Thành phố Ninh Bình	8
14329	Phường Vân Giang	37	Tỉnh Ninh Bình	Thành phố Ninh Bình	8
14332	Phường Bích Đào	37	Tỉnh Ninh Bình	Thành phố Ninh Bình	8
14335	Phường Phúc Thành	37	Tỉnh Ninh Bình	Thành phố Ninh Bình	8
14338	Phường Nam Bình	37	Tỉnh Ninh Bình	Thành phố Ninh Bình	8
14341	Phường Nam Thành	37	Tỉnh Ninh Bình	Thành phố Ninh Bình	8
14344	Phường Ninh Khánh	37	Tỉnh Ninh Bình	Thành phố Ninh Bình	8
14347	Xã Ninh Nhất	37	Tỉnh Ninh Bình	Thành phố Ninh Bình	10
14350	Xã Ninh Tiến	37	Tỉnh Ninh Bình	Thành phố Ninh Bình	10
14353	Xã Ninh Phúc	37	Tỉnh Ninh Bình	Thành phố Ninh Bình	10
14356	Phường Ninh Sơn	37	Tỉnh Ninh Bình	Thành phố Ninh Bình	8
14359	Phường Ninh Phong	37	Tỉnh Ninh Bình	Thành phố Ninh Bình	8
14362	Phường Bắc Sơn	37	Tỉnh Ninh Bình	Thành phố Tam Điệp	8
14365	Phường Trung Sơn	37	Tỉnh Ninh Bình	Thành phố Tam Điệp	8
14368	Phường Nam Sơn	37	Tỉnh Ninh Bình	Thành phố Tam Điệp	8
14369	Phường Tây Sơn	37	Tỉnh Ninh Bình	Thành phố Tam Điệp	8
14371	Xã Yên Sơn	37	Tỉnh Ninh Bình	Thành phố Tam Điệp	10
14374	Phường Yên Bình	37	Tỉnh Ninh Bình	Thành phố Tam Điệp	8
14375	Phường Tân Bình	37	Tỉnh Ninh Bình	Thành phố Tam Điệp	8
14377	Xã Quang Sơn	37	Tỉnh Ninh Bình	Thành phố Tam Điệp	10
14380	Xã Đông Sơn	37	Tỉnh Ninh Bình	Thành phố Tam Điệp	10
14383	Thị trấn Nho Quan	37	Tỉnh Ninh Bình	Huyện Nho Quan	9
14386	Xã Xích Thổ	37	Tỉnh Ninh Bình	Huyện Nho Quan	10
14389	Xã Gia Lâm	37	Tỉnh Ninh Bình	Huyện Nho Quan	10
14392	Xã Gia Sơn	37	Tỉnh Ninh Bình	Huyện Nho Quan	10
14395	Xã Thạch Bình	37	Tỉnh Ninh Bình	Huyện Nho Quan	10
14398	Xã Gia Thủy	37	Tỉnh Ninh Bình	Huyện Nho Quan	10
14401	Xã Gia Tường	37	Tỉnh Ninh Bình	Huyện Nho Quan	10
14404	Xã Cúc Phương	37	Tỉnh Ninh Bình	Huyện Nho Quan	10
14407	Xã Phú Sơn	37	Tỉnh Ninh Bình	Huyện Nho Quan	10
14410	Xã Đức Long	37	Tỉnh Ninh Bình	Huyện Nho Quan	10
14413	Xã Lạc Vân	37	Tỉnh Ninh Bình	Huyện Nho Quan	10
14416	Xã Đồng Phong	37	Tỉnh Ninh Bình	Huyện Nho Quan	10
14419	Xã Yên Quang	37	Tỉnh Ninh Bình	Huyện Nho Quan	10
14422	Xã Lạng Phong	37	Tỉnh Ninh Bình	Huyện Nho Quan	10
14425	Xã Thượng Hòa	37	Tỉnh Ninh Bình	Huyện Nho Quan	10
14428	Xã Văn Phong	37	Tỉnh Ninh Bình	Huyện Nho Quan	10
14431	Xã Văn Phương	37	Tỉnh Ninh Bình	Huyện Nho Quan	10
14434	Xã Thanh Lạc	37	Tỉnh Ninh Bình	Huyện Nho Quan	10
14437	Xã Sơn Lai	37	Tỉnh Ninh Bình	Huyện Nho Quan	10
14440	Xã Sơn Thành	37	Tỉnh Ninh Bình	Huyện Nho Quan	10
14443	Xã Văn Phú	37	Tỉnh Ninh Bình	Huyện Nho Quan	10
14446	Xã Phú Lộc	37	Tỉnh Ninh Bình	Huyện Nho Quan	10
14449	Xã Kỳ Phú	37	Tỉnh Ninh Bình	Huyện Nho Quan	10
14452	Xã Quỳnh Lưu	37	Tỉnh Ninh Bình	Huyện Nho Quan	10
14455	Xã Sơn Hà	37	Tỉnh Ninh Bình	Huyện Nho Quan	10
14458	Xã Phú Long	37	Tỉnh Ninh Bình	Huyện Nho Quan	10
14461	Xã Quảng Lạc	37	Tỉnh Ninh Bình	Huyện Nho Quan	10
14464	Thị trấn Me	37	Tỉnh Ninh Bình	Huyện Gia Viễn	9
14467	Xã Gia Hòa	37	Tỉnh Ninh Bình	Huyện Gia Viễn	10
14470	Xã Gia Hưng	37	Tỉnh Ninh Bình	Huyện Gia Viễn	10
14473	Xã Liên Sơn	37	Tỉnh Ninh Bình	Huyện Gia Viễn	10
14476	Xã Gia Thanh	37	Tỉnh Ninh Bình	Huyện Gia Viễn	10
14479	Xã Gia Vân	37	Tỉnh Ninh Bình	Huyện Gia Viễn	10
14482	Xã Gia Phú	37	Tỉnh Ninh Bình	Huyện Gia Viễn	10
14485	Xã Gia Xuân	37	Tỉnh Ninh Bình	Huyện Gia Viễn	10
14488	Xã Gia Lập	37	Tỉnh Ninh Bình	Huyện Gia Viễn	10
14491	Xã Gia Vượng	37	Tỉnh Ninh Bình	Huyện Gia Viễn	10
14494	Xã Gia Trấn	37	Tỉnh Ninh Bình	Huyện Gia Viễn	10
14497	Xã Gia Thịnh	37	Tỉnh Ninh Bình	Huyện Gia Viễn	10
14500	Xã Gia Phương	37	Tỉnh Ninh Bình	Huyện Gia Viễn	10
14503	Xã Gia Tân	37	Tỉnh Ninh Bình	Huyện Gia Viễn	10
14506	Xã Gia Thắng	37	Tỉnh Ninh Bình	Huyện Gia Viễn	10
14509	Xã Gia Trung	37	Tỉnh Ninh Bình	Huyện Gia Viễn	10
14512	Xã Gia Minh	37	Tỉnh Ninh Bình	Huyện Gia Viễn	10
14515	Xã Gia Lạc	37	Tỉnh Ninh Bình	Huyện Gia Viễn	10
14518	Xã Gia Tiến	37	Tỉnh Ninh Bình	Huyện Gia Viễn	10
14521	Xã Gia Sinh	37	Tỉnh Ninh Bình	Huyện Gia Viễn	10
14524	Xã Gia Phong	37	Tỉnh Ninh Bình	Huyện Gia Viễn	10
14527	Thị trấn Thiên Tôn	37	Tỉnh Ninh Bình	Huyện Hoa Lư	9
14530	Xã Ninh Giang	37	Tỉnh Ninh Bình	Huyện Hoa Lư	10
14533	Xã Trường Yên	37	Tỉnh Ninh Bình	Huyện Hoa Lư	10
14536	Xã Ninh Khang	37	Tỉnh Ninh Bình	Huyện Hoa Lư	10
14539	Xã Ninh Mỹ	37	Tỉnh Ninh Bình	Huyện Hoa Lư	10
14542	Xã Ninh Hòa	37	Tỉnh Ninh Bình	Huyện Hoa Lư	10
14545	Xã Ninh Xuân	37	Tỉnh Ninh Bình	Huyện Hoa Lư	10
14548	Xã Ninh Hải	37	Tỉnh Ninh Bình	Huyện Hoa Lư	10
14551	Xã Ninh Thắng	37	Tỉnh Ninh Bình	Huyện Hoa Lư	10
14554	Xã Ninh Vân	37	Tỉnh Ninh Bình	Huyện Hoa Lư	10
14557	Xã Ninh An	37	Tỉnh Ninh Bình	Huyện Hoa Lư	10
14560	Thị trấn Yên Ninh	37	Tỉnh Ninh Bình	Huyện Yên Khánh	9
14563	Xã Khánh Tiên	37	Tỉnh Ninh Bình	Huyện Yên Khánh	10
14566	Xã Khánh Phú	37	Tỉnh Ninh Bình	Huyện Yên Khánh	10
14569	Xã Khánh Hòa	37	Tỉnh Ninh Bình	Huyện Yên Khánh	10
14572	Xã Khánh Lợi	37	Tỉnh Ninh Bình	Huyện Yên Khánh	10
14575	Xã Khánh An	37	Tỉnh Ninh Bình	Huyện Yên Khánh	10
14578	Xã Khánh Cường	37	Tỉnh Ninh Bình	Huyện Yên Khánh	10
14581	Xã Khánh Cư	37	Tỉnh Ninh Bình	Huyện Yên Khánh	10
14584	Xã Khánh Thiện	37	Tỉnh Ninh Bình	Huyện Yên Khánh	10
14587	Xã Khánh Hải	37	Tỉnh Ninh Bình	Huyện Yên Khánh	10
14590	Xã Khánh Trung	37	Tỉnh Ninh Bình	Huyện Yên Khánh	10
14593	Xã Khánh Mậu	37	Tỉnh Ninh Bình	Huyện Yên Khánh	10
14596	Xã Khánh Vân	37	Tỉnh Ninh Bình	Huyện Yên Khánh	10
14599	Xã Khánh Hội	37	Tỉnh Ninh Bình	Huyện Yên Khánh	10
14602	Xã Khánh Công	37	Tỉnh Ninh Bình	Huyện Yên Khánh	10
14608	Xã Khánh Thành	37	Tỉnh Ninh Bình	Huyện Yên Khánh	10
14611	Xã Khánh Nhạc	37	Tỉnh Ninh Bình	Huyện Yên Khánh	10
14614	Xã Khánh Thủy	37	Tỉnh Ninh Bình	Huyện Yên Khánh	10
14617	Xã Khánh Hồng	37	Tỉnh Ninh Bình	Huyện Yên Khánh	10
14620	Thị trấn Phát Diệm	37	Tỉnh Ninh Bình	Huyện Kim Sơn	9
14623	Thị trấn Bình Minh	37	Tỉnh Ninh Bình	Huyện Kim Sơn	9
14629	Xã Hồi Ninh	37	Tỉnh Ninh Bình	Huyện Kim Sơn	10
14632	Xã Xuân Chính	37	Tỉnh Ninh Bình	Huyện Kim Sơn	10
14635	Xã Kim Định	37	Tỉnh Ninh Bình	Huyện Kim Sơn	10
14638	Xã Ân Hòa	37	Tỉnh Ninh Bình	Huyện Kim Sơn	10
14641	Xã Hùng Tiến	37	Tỉnh Ninh Bình	Huyện Kim Sơn	10
14647	Xã Quang Thiện	37	Tỉnh Ninh Bình	Huyện Kim Sơn	10
14650	Xã Như Hòa	37	Tỉnh Ninh Bình	Huyện Kim Sơn	10
14653	Xã Chất Bình	37	Tỉnh Ninh Bình	Huyện Kim Sơn	10
14656	Xã Đồng Hướng	37	Tỉnh Ninh Bình	Huyện Kim Sơn	10
14659	Xã Kim Chính	37	Tỉnh Ninh Bình	Huyện Kim Sơn	10
14662	Xã Thượng Kiệm	37	Tỉnh Ninh Bình	Huyện Kim Sơn	10
14665	Xã Lưu Phương	37	Tỉnh Ninh Bình	Huyện Kim Sơn	10
14668	Xã Tân Thành	37	Tỉnh Ninh Bình	Huyện Kim Sơn	10
14671	Xã Yên Lộc	37	Tỉnh Ninh Bình	Huyện Kim Sơn	10
14674	Xã Lai Thành	37	Tỉnh Ninh Bình	Huyện Kim Sơn	10
14677	Xã Định Hóa	37	Tỉnh Ninh Bình	Huyện Kim Sơn	10
14680	Xã Văn Hải	37	Tỉnh Ninh Bình	Huyện Kim Sơn	10
14683	Xã Kim Tân	37	Tỉnh Ninh Bình	Huyện Kim Sơn	10
14686	Xã Kim Mỹ	37	Tỉnh Ninh Bình	Huyện Kim Sơn	10
14689	Xã Cồn Thoi	37	Tỉnh Ninh Bình	Huyện Kim Sơn	10
14692	Xã Kim Hải	37	Tỉnh Ninh Bình	Huyện Kim Sơn	10
14695	Xã Kim Trung	37	Tỉnh Ninh Bình	Huyện Kim Sơn	10
14698	Xã Kim Đông	37	Tỉnh Ninh Bình	Huyện Kim Sơn	10
14701	Thị trấn Yên Thịnh	37	Tỉnh Ninh Bình	Huyện Yên Mô	9
14704	Xã Khánh Thượng	37	Tỉnh Ninh Bình	Huyện Yên Mô	10
14707	Xã Khánh Dương	37	Tỉnh Ninh Bình	Huyện Yên Mô	10
14710	Xã Mai Sơn	37	Tỉnh Ninh Bình	Huyện Yên Mô	10
14713	Xã Khánh Thịnh	37	Tỉnh Ninh Bình	Huyện Yên Mô	10
14719	Xã Yên Phong	37	Tỉnh Ninh Bình	Huyện Yên Mô	10
14722	Xã Yên Hòa	37	Tỉnh Ninh Bình	Huyện Yên Mô	10
14725	Xã Yên Thắng	37	Tỉnh Ninh Bình	Huyện Yên Mô	10
14728	Xã Yên Từ	37	Tỉnh Ninh Bình	Huyện Yên Mô	10
14731	Xã Yên Hưng	37	Tỉnh Ninh Bình	Huyện Yên Mô	10
14734	Xã Yên Thành	37	Tỉnh Ninh Bình	Huyện Yên Mô	10
14737	Xã Yên Nhân	37	Tỉnh Ninh Bình	Huyện Yên Mô	10
14740	Xã Yên Mỹ	37	Tỉnh Ninh Bình	Huyện Yên Mô	10
14743	Xã Yên Mạc	37	Tỉnh Ninh Bình	Huyện Yên Mô	10
14746	Xã Yên Đồng	37	Tỉnh Ninh Bình	Huyện Yên Mô	10
14749	Xã Yên Thái	37	Tỉnh Ninh Bình	Huyện Yên Mô	10
14752	Xã Yên Lâm	37	Tỉnh Ninh Bình	Huyện Yên Mô	10
14755	Phường Hàm Rồng	38	Tỉnh Thanh Hóa	Thành phố Thanh Hóa	8
14758	Phường Đông Thọ	38	Tỉnh Thanh Hóa	Thành phố Thanh Hóa	8
14761	Phường Nam Ngạn	38	Tỉnh Thanh Hóa	Thành phố Thanh Hóa	8
14764	Phường Trường Thi	38	Tỉnh Thanh Hóa	Thành phố Thanh Hóa	8
14767	Phường Điện Biên	38	Tỉnh Thanh Hóa	Thành phố Thanh Hóa	8
14770	Phường Phú Sơn	38	Tỉnh Thanh Hóa	Thành phố Thanh Hóa	8
14773	Phường Lam Sơn	38	Tỉnh Thanh Hóa	Thành phố Thanh Hóa	8
14776	Phường Ba Đình	38	Tỉnh Thanh Hóa	Thành phố Thanh Hóa	8
14779	Phường Ngọc Trạo	38	Tỉnh Thanh Hóa	Thành phố Thanh Hóa	8
14782	Phường Đông Vệ	38	Tỉnh Thanh Hóa	Thành phố Thanh Hóa	8
14785	Phường Đông Sơn	38	Tỉnh Thanh Hóa	Thành phố Thanh Hóa	8
14788	Phường Tân Sơn	38	Tỉnh Thanh Hóa	Thành phố Thanh Hóa	8
14791	Phường Đông Cương	38	Tỉnh Thanh Hóa	Thành phố Thanh Hóa	8
14794	Phường Đông Hương	38	Tỉnh Thanh Hóa	Thành phố Thanh Hóa	8
14797	Phường Đông Hải	38	Tỉnh Thanh Hóa	Thành phố Thanh Hóa	8
14800	Phường Quảng Hưng	38	Tỉnh Thanh Hóa	Thành phố Thanh Hóa	8
14803	Phường Quảng Thắng	38	Tỉnh Thanh Hóa	Thành phố Thanh Hóa	8
14806	Phường Quảng Thành	38	Tỉnh Thanh Hóa	Thành phố Thanh Hóa	8
14809	Phường Bắc Sơn	38	Tỉnh Thanh Hóa	Thị xã Bỉm Sơn	8
14812	Phường Ba Đình	38	Tỉnh Thanh Hóa	Thị xã Bỉm Sơn	8
14815	Phường Lam Sơn	38	Tỉnh Thanh Hóa	Thị xã Bỉm Sơn	8
14818	Phường Ngọc Trạo	38	Tỉnh Thanh Hóa	Thị xã Bỉm Sơn	8
14821	Phường Đông Sơn	38	Tỉnh Thanh Hóa	Thị xã Bỉm Sơn	8
14823	Phường Phú Sơn	38	Tỉnh Thanh Hóa	Thị xã Bỉm Sơn	8
14824	Xã Quang Trung	38	Tỉnh Thanh Hóa	Thị xã Bỉm Sơn	10
14830	Phường Trung Sơn	38	Tỉnh Thanh Hóa	Thành phố Sầm Sơn	8
14833	Phường Bắc Sơn	38	Tỉnh Thanh Hóa	Thành phố Sầm Sơn	8
14836	Phường Trường Sơn	38	Tỉnh Thanh Hóa	Thành phố Sầm Sơn	8
14839	Phường Quảng Cư	38	Tỉnh Thanh Hóa	Thành phố Sầm Sơn	8
14842	Phường Quảng Tiến	38	Tỉnh Thanh Hóa	Thành phố Sầm Sơn	8
14845	Thị trấn Mường Lát	38	Tỉnh Thanh Hóa	Huyện Mường Lát	9
14848	Xã Tam Chung	38	Tỉnh Thanh Hóa	Huyện Mường Lát	10
14854	Xã Mường Lý	38	Tỉnh Thanh Hóa	Huyện Mường Lát	10
14857	Xã Trung Lý	38	Tỉnh Thanh Hóa	Huyện Mường Lát	10
14860	Xã Quang Chiểu	38	Tỉnh Thanh Hóa	Huyện Mường Lát	10
14863	Xã Pù Nhi	38	Tỉnh Thanh Hóa	Huyện Mường Lát	10
14864	Xã Nhi Sơn	38	Tỉnh Thanh Hóa	Huyện Mường Lát	10
14866	Xã Mường Chanh	38	Tỉnh Thanh Hóa	Huyện Mường Lát	10
14869	Thị trấn Hồi Xuân	38	Tỉnh Thanh Hóa	Huyện Quan Hóa	9
14872	Xã Thành Sơn	38	Tỉnh Thanh Hóa	Huyện Quan Hóa	10
14875	Xã Trung Sơn	38	Tỉnh Thanh Hóa	Huyện Quan Hóa	10
14878	Xã Phú Thanh	38	Tỉnh Thanh Hóa	Huyện Quan Hóa	10
14881	Xã Trung Thành	38	Tỉnh Thanh Hóa	Huyện Quan Hóa	10
14884	Xã Phú Lệ	38	Tỉnh Thanh Hóa	Huyện Quan Hóa	10
14887	Xã Phú Sơn	38	Tỉnh Thanh Hóa	Huyện Quan Hóa	10
14890	Xã Phú Xuân	38	Tỉnh Thanh Hóa	Huyện Quan Hóa	10
14896	Xã Hiền Chung	38	Tỉnh Thanh Hóa	Huyện Quan Hóa	10
14899	Xã Hiền Kiệt	38	Tỉnh Thanh Hóa	Huyện Quan Hóa	10
14902	Xã Nam Tiến	38	Tỉnh Thanh Hóa	Huyện Quan Hóa	10
14908	Xã Thiên Phủ	38	Tỉnh Thanh Hóa	Huyện Quan Hóa	10
14911	Xã Phú Nghiêm	38	Tỉnh Thanh Hóa	Huyện Quan Hóa	10
14914	Xã Nam Xuân	38	Tỉnh Thanh Hóa	Huyện Quan Hóa	10
14917	Xã Nam Động	38	Tỉnh Thanh Hóa	Huyện Quan Hóa	10
14923	Thị trấn Cành Nàng	38	Tỉnh Thanh Hóa	Huyện Bá Thước	9
14926	Xã Điền Thượng	38	Tỉnh Thanh Hóa	Huyện Bá Thước	10
14929	Xã Điền Hạ	38	Tỉnh Thanh Hóa	Huyện Bá Thước	10
14932	Xã Điền Quang	38	Tỉnh Thanh Hóa	Huyện Bá Thước	10
14935	Xã Điền Trung	38	Tỉnh Thanh Hóa	Huyện Bá Thước	10
14938	Xã Thành Sơn	38	Tỉnh Thanh Hóa	Huyện Bá Thước	10
14941	Xã Lương Ngoại	38	Tỉnh Thanh Hóa	Huyện Bá Thước	10
14944	Xã Ái Thượng	38	Tỉnh Thanh Hóa	Huyện Bá Thước	10
14947	Xã Lương Nội	38	Tỉnh Thanh Hóa	Huyện Bá Thước	10
14950	Xã Điền Lư	38	Tỉnh Thanh Hóa	Huyện Bá Thước	10
14953	Xã Lương Trung	38	Tỉnh Thanh Hóa	Huyện Bá Thước	10
14956	Xã Lũng Niêm	38	Tỉnh Thanh Hóa	Huyện Bá Thước	10
14959	Xã Lũng Cao	38	Tỉnh Thanh Hóa	Huyện Bá Thước	10
14962	Xã Hạ Trung	38	Tỉnh Thanh Hóa	Huyện Bá Thước	10
14965	Xã Cổ Lũng	38	Tỉnh Thanh Hóa	Huyện Bá Thước	10
14968	Xã Thành Lâm	38	Tỉnh Thanh Hóa	Huyện Bá Thước	10
14971	Xã Ban Công	38	Tỉnh Thanh Hóa	Huyện Bá Thước	10
14974	Xã Kỳ Tân	38	Tỉnh Thanh Hóa	Huyện Bá Thước	10
14977	Xã Văn Nho	38	Tỉnh Thanh Hóa	Huyện Bá Thước	10
14980	Xã Thiết Ống	38	Tỉnh Thanh Hóa	Huyện Bá Thước	10
14986	Xã Thiết Kế	38	Tỉnh Thanh Hóa	Huyện Bá Thước	10
14995	Xã Trung Xuân	38	Tỉnh Thanh Hóa	Huyện Quan Sơn	10
14998	Xã Trung Thượng	38	Tỉnh Thanh Hóa	Huyện Quan Sơn	10
14999	Xã Trung Tiến	38	Tỉnh Thanh Hóa	Huyện Quan Sơn	10
15001	Xã Trung Hạ	38	Tỉnh Thanh Hóa	Huyện Quan Sơn	10
15004	Xã Sơn Hà	38	Tỉnh Thanh Hóa	Huyện Quan Sơn	10
15007	Xã Tam Thanh	38	Tỉnh Thanh Hóa	Huyện Quan Sơn	10
15010	Xã Sơn Thủy	38	Tỉnh Thanh Hóa	Huyện Quan Sơn	10
15013	Xã Na Mèo	38	Tỉnh Thanh Hóa	Huyện Quan Sơn	10
15016	Thị trấn Sơn Lư	38	Tỉnh Thanh Hóa	Huyện Quan Sơn	9
15019	Xã Tam Lư	38	Tỉnh Thanh Hóa	Huyện Quan Sơn	10
15022	Xã Sơn Điện	38	Tỉnh Thanh Hóa	Huyện Quan Sơn	10
15025	Xã Mường Mìn	38	Tỉnh Thanh Hóa	Huyện Quan Sơn	10
15031	Xã Yên Khương	38	Tỉnh Thanh Hóa	Huyện Lang Chánh	10
15034	Xã Yên Thắng	38	Tỉnh Thanh Hóa	Huyện Lang Chánh	10
15037	Xã Trí Nang	38	Tỉnh Thanh Hóa	Huyện Lang Chánh	10
15040	Xã Giao An	38	Tỉnh Thanh Hóa	Huyện Lang Chánh	10
15043	Xã Giao Thiện	38	Tỉnh Thanh Hóa	Huyện Lang Chánh	10
15046	Xã Tân Phúc	38	Tỉnh Thanh Hóa	Huyện Lang Chánh	10
15049	Xã Tam Văn	38	Tỉnh Thanh Hóa	Huyện Lang Chánh	10
15052	Xã Lâm Phú	38	Tỉnh Thanh Hóa	Huyện Lang Chánh	10
15055	Thị trấn Lang Chánh	38	Tỉnh Thanh Hóa	Huyện Lang Chánh	9
15058	Xã Đồng Lương	38	Tỉnh Thanh Hóa	Huyện Lang Chánh	10
15061	Thị trấn Ngọc Lặc	38	Tỉnh Thanh Hóa	Huyện Ngọc Lặc	9
15064	Xã Lam Sơn	38	Tỉnh Thanh Hóa	Huyện Ngọc Lặc	10
15067	Xã Mỹ Tân	38	Tỉnh Thanh Hóa	Huyện Ngọc Lặc	10
15070	Xã Thúy Sơn	38	Tỉnh Thanh Hóa	Huyện Ngọc Lặc	10
15073	Xã Thạch Lập	38	Tỉnh Thanh Hóa	Huyện Ngọc Lặc	10
15076	Xã Vân Âm	38	Tỉnh Thanh Hóa	Huyện Ngọc Lặc	10
15079	Xã Cao Ngọc	38	Tỉnh Thanh Hóa	Huyện Ngọc Lặc	10
15085	Xã Quang Trung	38	Tỉnh Thanh Hóa	Huyện Ngọc Lặc	10
15088	Xã Đồng Thịnh	38	Tỉnh Thanh Hóa	Huyện Ngọc Lặc	10
15091	Xã Ngọc Liên	38	Tỉnh Thanh Hóa	Huyện Ngọc Lặc	10
15094	Xã Ngọc Sơn	38	Tỉnh Thanh Hóa	Huyện Ngọc Lặc	10
15097	Xã Lộc Thịnh	38	Tỉnh Thanh Hóa	Huyện Ngọc Lặc	10
15100	Xã Cao Thịnh	38	Tỉnh Thanh Hóa	Huyện Ngọc Lặc	10
15103	Xã Ngọc Trung	38	Tỉnh Thanh Hóa	Huyện Ngọc Lặc	10
15106	Xã Phùng Giáo	38	Tỉnh Thanh Hóa	Huyện Ngọc Lặc	10
15109	Xã Phùng Minh	38	Tỉnh Thanh Hóa	Huyện Ngọc Lặc	10
15112	Xã Phúc Thịnh	38	Tỉnh Thanh Hóa	Huyện Ngọc Lặc	10
15115	Xã Nguyệt Ấn	38	Tỉnh Thanh Hóa	Huyện Ngọc Lặc	10
15118	Xã Kiên Thọ	38	Tỉnh Thanh Hóa	Huyện Ngọc Lặc	10
15121	Xã Minh Tiến	38	Tỉnh Thanh Hóa	Huyện Ngọc Lặc	10
15124	Xã Minh Sơn	38	Tỉnh Thanh Hóa	Huyện Ngọc Lặc	10
15127	Thị trấn Phong Sơn	38	Tỉnh Thanh Hóa	Huyện Cẩm Thủy	9
15133	Xã Cẩm Thành	38	Tỉnh Thanh Hóa	Huyện Cẩm Thủy	10
15136	Xã Cẩm Quý	38	Tỉnh Thanh Hóa	Huyện Cẩm Thủy	10
15139	Xã Cẩm Lương	38	Tỉnh Thanh Hóa	Huyện Cẩm Thủy	10
15142	Xã Cẩm Thạch	38	Tỉnh Thanh Hóa	Huyện Cẩm Thủy	10
15145	Xã Cẩm Liên	38	Tỉnh Thanh Hóa	Huyện Cẩm Thủy	10
15148	Xã Cẩm Giang	38	Tỉnh Thanh Hóa	Huyện Cẩm Thủy	10
15151	Xã Cẩm Bình	38	Tỉnh Thanh Hóa	Huyện Cẩm Thủy	10
15154	Xã Cẩm Tú	38	Tỉnh Thanh Hóa	Huyện Cẩm Thủy	10
15160	Xã Cẩm Châu	38	Tỉnh Thanh Hóa	Huyện Cẩm Thủy	10
15163	Xã Cẩm Tâm	38	Tỉnh Thanh Hóa	Huyện Cẩm Thủy	10
15169	Xã Cẩm Ngọc	38	Tỉnh Thanh Hóa	Huyện Cẩm Thủy	10
15172	Xã Cẩm Long	38	Tỉnh Thanh Hóa	Huyện Cẩm Thủy	10
15175	Xã Cẩm Yên	38	Tỉnh Thanh Hóa	Huyện Cẩm Thủy	10
15178	Xã Cẩm Tân	38	Tỉnh Thanh Hóa	Huyện Cẩm Thủy	10
15181	Xã Cẩm Phú	38	Tỉnh Thanh Hóa	Huyện Cẩm Thủy	10
15184	Xã Cẩm Vân	38	Tỉnh Thanh Hóa	Huyện Cẩm Thủy	10
15187	Thị trấn Kim Tân	38	Tỉnh Thanh Hóa	Huyện Thạch Thành	9
15190	Thị trấn Vân Du	38	Tỉnh Thanh Hóa	Huyện Thạch Thành	9
15196	Xã Thạch Lâm	38	Tỉnh Thanh Hóa	Huyện Thạch Thành	10
15199	Xã Thạch Quảng	38	Tỉnh Thanh Hóa	Huyện Thạch Thành	10
15202	Xã Thạch Tượng	38	Tỉnh Thanh Hóa	Huyện Thạch Thành	10
15205	Xã Thạch Cẩm	38	Tỉnh Thanh Hóa	Huyện Thạch Thành	10
15208	Xã Thạch Sơn	38	Tỉnh Thanh Hóa	Huyện Thạch Thành	10
15211	Xã Thạch Bình	38	Tỉnh Thanh Hóa	Huyện Thạch Thành	10
15214	Xã Thạch Định	38	Tỉnh Thanh Hóa	Huyện Thạch Thành	10
15217	Xã Thạch Đồng	38	Tỉnh Thanh Hóa	Huyện Thạch Thành	10
15220	Xã Thạch Long	38	Tỉnh Thanh Hóa	Huyện Thạch Thành	10
15223	Xã Thành Mỹ	38	Tỉnh Thanh Hóa	Huyện Thạch Thành	10
15226	Xã Thành Yên	38	Tỉnh Thanh Hóa	Huyện Thạch Thành	10
15229	Xã Thành Vinh	38	Tỉnh Thanh Hóa	Huyện Thạch Thành	10
15232	Xã Thành Minh	38	Tỉnh Thanh Hóa	Huyện Thạch Thành	10
15235	Xã Thành Công	38	Tỉnh Thanh Hóa	Huyện Thạch Thành	10
15238	Xã Thành Tân	38	Tỉnh Thanh Hóa	Huyện Thạch Thành	10
15241	Xã Thành Trực	38	Tỉnh Thanh Hóa	Huyện Thạch Thành	10
15247	Xã Thành Tâm	38	Tỉnh Thanh Hóa	Huyện Thạch Thành	10
15250	Xã Thành An	38	Tỉnh Thanh Hóa	Huyện Thạch Thành	10
15253	Xã Thành Thọ	38	Tỉnh Thanh Hóa	Huyện Thạch Thành	10
15256	Xã Thành Tiến	38	Tỉnh Thanh Hóa	Huyện Thạch Thành	10
15259	Xã Thành Long	38	Tỉnh Thanh Hóa	Huyện Thạch Thành	10
15265	Xã Thành Hưng	38	Tỉnh Thanh Hóa	Huyện Thạch Thành	10
15268	Xã Ngọc Trạo	38	Tỉnh Thanh Hóa	Huyện Thạch Thành	10
15271	Thị trấn Hà Trung	38	Tỉnh Thanh Hóa	Huyện Hà Trung	9
15274	Xã Hà Long	38	Tỉnh Thanh Hóa	Huyện Hà Trung	10
15277	Xã Hà Vinh	38	Tỉnh Thanh Hóa	Huyện Hà Trung	10
15280	Xã Hà Bắc	38	Tỉnh Thanh Hóa	Huyện Hà Trung	10
15283	Xã Hoạt Giang	38	Tỉnh Thanh Hóa	Huyện Hà Trung	10
15286	Xã Yên Dương	38	Tỉnh Thanh Hóa	Huyện Hà Trung	10
15292	Xã Hà Giang	38	Tỉnh Thanh Hóa	Huyện Hà Trung	10
15298	Xã Lĩnh Toại	38	Tỉnh Thanh Hóa	Huyện Hà Trung	10
15304	Xã Hà Ngọc	38	Tỉnh Thanh Hóa	Huyện Hà Trung	10
15307	Xã Yến Sơn	38	Tỉnh Thanh Hóa	Huyện Hà Trung	10
15313	Xã Hà Sơn	38	Tỉnh Thanh Hóa	Huyện Hà Trung	10
15316	Xã Hà Lĩnh	38	Tỉnh Thanh Hóa	Huyện Hà Trung	10
15319	Xã Hà Đông	38	Tỉnh Thanh Hóa	Huyện Hà Trung	10
15322	Xã Hà Tân	38	Tỉnh Thanh Hóa	Huyện Hà Trung	10
15325	Xã Hà Tiến	38	Tỉnh Thanh Hóa	Huyện Hà Trung	10
15328	Xã Hà Bình	38	Tỉnh Thanh Hóa	Huyện Hà Trung	10
15331	Xã Hà Lai	38	Tỉnh Thanh Hóa	Huyện Hà Trung	10
15334	Xã Hà Châu	38	Tỉnh Thanh Hóa	Huyện Hà Trung	10
15340	Xã Hà Thái	38	Tỉnh Thanh Hóa	Huyện Hà Trung	10
15343	Xã Hà Hải	38	Tỉnh Thanh Hóa	Huyện Hà Trung	10
15349	Thị trấn Vĩnh Lộc	38	Tỉnh Thanh Hóa	Huyện Vĩnh Lộc	9
15352	Xã Vĩnh Quang	38	Tỉnh Thanh Hóa	Huyện Vĩnh Lộc	10
15355	Xã Vĩnh Yên	38	Tỉnh Thanh Hóa	Huyện Vĩnh Lộc	10
15358	Xã Vĩnh Tiến	38	Tỉnh Thanh Hóa	Huyện Vĩnh Lộc	10
15361	Xã Vĩnh Long	38	Tỉnh Thanh Hóa	Huyện Vĩnh Lộc	10
15364	Xã Vĩnh Phúc	38	Tỉnh Thanh Hóa	Huyện Vĩnh Lộc	10
15367	Xã Vĩnh Hưng	38	Tỉnh Thanh Hóa	Huyện Vĩnh Lộc	10
15376	Xã Vĩnh Hòa	38	Tỉnh Thanh Hóa	Huyện Vĩnh Lộc	10
15379	Xã Vĩnh Hùng	38	Tỉnh Thanh Hóa	Huyện Vĩnh Lộc	10
15382	Xã Minh Tân	38	Tỉnh Thanh Hóa	Huyện Vĩnh Lộc	10
15385	Xã Ninh Khang	38	Tỉnh Thanh Hóa	Huyện Vĩnh Lộc	10
15388	Xã Vĩnh Thịnh	38	Tỉnh Thanh Hóa	Huyện Vĩnh Lộc	10
15391	Xã Vĩnh An	38	Tỉnh Thanh Hóa	Huyện Vĩnh Lộc	10
15397	Thị trấn Thống Nhất	38	Tỉnh Thanh Hóa	Huyện Yên Định	9
15403	Thị trấn Yên Lâm	38	Tỉnh Thanh Hóa	Huyện Yên Định	9
15406	Xã Yên Tâm	38	Tỉnh Thanh Hóa	Huyện Yên Định	10
15409	Xã Yên Phú	38	Tỉnh Thanh Hóa	Huyện Yên Định	10
15412	Thị trấn Quý Lộc	38	Tỉnh Thanh Hóa	Huyện Yên Định	9
15415	Xã Yên Thọ	38	Tỉnh Thanh Hóa	Huyện Yên Định	10
15418	Xã Yên Trung	38	Tỉnh Thanh Hóa	Huyện Yên Định	10
15421	Xã Yên Trường	38	Tỉnh Thanh Hóa	Huyện Yên Định	10
15427	Xã Yên Phong	38	Tỉnh Thanh Hóa	Huyện Yên Định	10
15430	Xã Yên Thái	38	Tỉnh Thanh Hóa	Huyện Yên Định	10
15433	Xã Yên Hùng	38	Tỉnh Thanh Hóa	Huyện Yên Định	10
15436	Xã Yên Thịnh	38	Tỉnh Thanh Hóa	Huyện Yên Định	10
15439	Xã Yên Ninh	38	Tỉnh Thanh Hóa	Huyện Yên Định	10
15442	Xã Yên Lạc	38	Tỉnh Thanh Hóa	Huyện Yên Định	10
15445	Xã Định Tăng	38	Tỉnh Thanh Hóa	Huyện Yên Định	10
15448	Xã Định Hòa	38	Tỉnh Thanh Hóa	Huyện Yên Định	10
15451	Xã Định Thành	38	Tỉnh Thanh Hóa	Huyện Yên Định	10
15454	Xã Định Công	38	Tỉnh Thanh Hóa	Huyện Yên Định	10
15457	Xã Định Tân	38	Tỉnh Thanh Hóa	Huyện Yên Định	10
15460	Xã Định Tiến	38	Tỉnh Thanh Hóa	Huyện Yên Định	10
15463	Xã Định Long	38	Tỉnh Thanh Hóa	Huyện Yên Định	10
15466	Xã Định Liên	38	Tỉnh Thanh Hóa	Huyện Yên Định	10
15469	Thị trấn Quán Lào	38	Tỉnh Thanh Hóa	Huyện Yên Định	9
15472	Xã Định Hưng	38	Tỉnh Thanh Hóa	Huyện Yên Định	10
15475	Xã Định Hải	38	Tỉnh Thanh Hóa	Huyện Yên Định	10
15478	Xã Định Bình	38	Tỉnh Thanh Hóa	Huyện Yên Định	10
15493	Xã Xuân Hồng	38	Tỉnh Thanh Hóa	Huyện Thọ Xuân	10
15499	Thị trấn Thọ Xuân	38	Tỉnh Thanh Hóa	Huyện Thọ Xuân	9
15502	Xã Bắc Lương	38	Tỉnh Thanh Hóa	Huyện Thọ Xuân	10
15505	Xã Nam Giang	38	Tỉnh Thanh Hóa	Huyện Thọ Xuân	10
15508	Xã Xuân Phong	38	Tỉnh Thanh Hóa	Huyện Thọ Xuân	10
15511	Xã Thọ Lộc	38	Tỉnh Thanh Hóa	Huyện Thọ Xuân	10
15514	Xã Xuân Trường	38	Tỉnh Thanh Hóa	Huyện Thọ Xuân	10
15517	Xã Xuân Hòa	38	Tỉnh Thanh Hóa	Huyện Thọ Xuân	10
15520	Xã Thọ Hải	38	Tỉnh Thanh Hóa	Huyện Thọ Xuân	10
15523	Xã Tây Hồ	38	Tỉnh Thanh Hóa	Huyện Thọ Xuân	10
15526	Xã Xuân Giang	38	Tỉnh Thanh Hóa	Huyện Thọ Xuân	10
15532	Xã Xuân Sinh	38	Tỉnh Thanh Hóa	Huyện Thọ Xuân	10
15535	Xã Xuân Hưng	38	Tỉnh Thanh Hóa	Huyện Thọ Xuân	10
15538	Xã Thọ Diên	38	Tỉnh Thanh Hóa	Huyện Thọ Xuân	10
15541	Xã Thọ Lâm	38	Tỉnh Thanh Hóa	Huyện Thọ Xuân	10
15544	Xã Thọ Xương	38	Tỉnh Thanh Hóa	Huyện Thọ Xuân	10
15547	Xã Xuân Bái	38	Tỉnh Thanh Hóa	Huyện Thọ Xuân	10
15550	Xã Xuân Phú	38	Tỉnh Thanh Hóa	Huyện Thọ Xuân	10
15553	Thị trấn Sao Vàng	38	Tỉnh Thanh Hóa	Huyện Thọ Xuân	9
15556	Thị trấn Lam Sơn	38	Tỉnh Thanh Hóa	Huyện Thọ Xuân	9
15559	Xã Xuân Thiên	38	Tỉnh Thanh Hóa	Huyện Thọ Xuân	10
15565	Xã Thuận Minh	38	Tỉnh Thanh Hóa	Huyện Thọ Xuân	10
15568	Xã Thọ Lập	38	Tỉnh Thanh Hóa	Huyện Thọ Xuân	10
15571	Xã Quảng Phú	38	Tỉnh Thanh Hóa	Huyện Thọ Xuân	10
15574	Xã Xuân Tín	38	Tỉnh Thanh Hóa	Huyện Thọ Xuân	10
15577	Xã Phú Xuân	38	Tỉnh Thanh Hóa	Huyện Thọ Xuân	10
15583	Xã Xuân Lai	38	Tỉnh Thanh Hóa	Huyện Thọ Xuân	10
15586	Xã Xuân Lập	38	Tỉnh Thanh Hóa	Huyện Thọ Xuân	10
15592	Xã Xuân Minh	38	Tỉnh Thanh Hóa	Huyện Thọ Xuân	10
15598	Xã Trường Xuân	38	Tỉnh Thanh Hóa	Huyện Thọ Xuân	10
15607	Xã Bát Mọt	38	Tỉnh Thanh Hóa	Huyện Thường Xuân	10
15610	Xã Yên Nhân	38	Tỉnh Thanh Hóa	Huyện Thường Xuân	10
15619	Xã Xuân Lẹ	38	Tỉnh Thanh Hóa	Huyện Thường Xuân	10
15622	Xã Vạn Xuân	38	Tỉnh Thanh Hóa	Huyện Thường Xuân	10
15628	Xã Lương Sơn	38	Tỉnh Thanh Hóa	Huyện Thường Xuân	10
15631	Xã Xuân Cao	38	Tỉnh Thanh Hóa	Huyện Thường Xuân	10
15634	Xã Luận Thành	38	Tỉnh Thanh Hóa	Huyện Thường Xuân	10
15637	Xã Luận Khê	38	Tỉnh Thanh Hóa	Huyện Thường Xuân	10
15640	Xã Xuân Thắng	38	Tỉnh Thanh Hóa	Huyện Thường Xuân	10
15643	Xã Xuân Lộc	38	Tỉnh Thanh Hóa	Huyện Thường Xuân	10
15646	Thị trấn Thường Xuân	38	Tỉnh Thanh Hóa	Huyện Thường Xuân	9
15649	Xã Xuân Dương	38	Tỉnh Thanh Hóa	Huyện Thường Xuân	10
15652	Xã Thọ Thanh	38	Tỉnh Thanh Hóa	Huyện Thường Xuân	10
15655	Xã Ngọc Phụng	38	Tỉnh Thanh Hóa	Huyện Thường Xuân	10
15658	Xã Xuân Chinh	38	Tỉnh Thanh Hóa	Huyện Thường Xuân	10
15661	Xã Tân Thành	38	Tỉnh Thanh Hóa	Huyện Thường Xuân	10
15664	Thị trấn Triệu Sơn	38	Tỉnh Thanh Hóa	Huyện Triệu Sơn	9
15667	Xã Thọ Sơn	38	Tỉnh Thanh Hóa	Huyện Triệu Sơn	10
15670	Xã Thọ Bình	38	Tỉnh Thanh Hóa	Huyện Triệu Sơn	10
15673	Xã Thọ Tiến	38	Tỉnh Thanh Hóa	Huyện Triệu Sơn	10
15676	Xã Hợp Lý	38	Tỉnh Thanh Hóa	Huyện Triệu Sơn	10
15679	Xã Hợp Tiến	38	Tỉnh Thanh Hóa	Huyện Triệu Sơn	10
15682	Xã Hợp Thành	38	Tỉnh Thanh Hóa	Huyện Triệu Sơn	10
15685	Xã Triệu Thành	38	Tỉnh Thanh Hóa	Huyện Triệu Sơn	10
15688	Xã Hợp Thắng	38	Tỉnh Thanh Hóa	Huyện Triệu Sơn	10
15691	Xã Minh Sơn	38	Tỉnh Thanh Hóa	Huyện Triệu Sơn	10
15700	Xã Dân Lực	38	Tỉnh Thanh Hóa	Huyện Triệu Sơn	10
15703	Xã Dân Lý	38	Tỉnh Thanh Hóa	Huyện Triệu Sơn	10
15706	Xã Dân Quyền	38	Tỉnh Thanh Hóa	Huyện Triệu Sơn	10
15709	Xã An Nông	38	Tỉnh Thanh Hóa	Huyện Triệu Sơn	10
15712	Xã Văn Sơn	38	Tỉnh Thanh Hóa	Huyện Triệu Sơn	10
15715	Xã Thái Hòa	38	Tỉnh Thanh Hóa	Huyện Triệu Sơn	10
15718	Thị trấn Nưa	38	Tỉnh Thanh Hóa	Huyện Triệu Sơn	9
15721	Xã Đồng Lợi	38	Tỉnh Thanh Hóa	Huyện Triệu Sơn	10
15724	Xã Đồng Tiến	38	Tỉnh Thanh Hóa	Huyện Triệu Sơn	10
15727	Xã Đồng Thắng	38	Tỉnh Thanh Hóa	Huyện Triệu Sơn	10
15730	Xã Tiến Nông	38	Tỉnh Thanh Hóa	Huyện Triệu Sơn	10
15733	Xã Khuyến Nông	38	Tỉnh Thanh Hóa	Huyện Triệu Sơn	10
15736	Xã Xuân Thịnh	38	Tỉnh Thanh Hóa	Huyện Triệu Sơn	10
15739	Xã Xuân Lộc	38	Tỉnh Thanh Hóa	Huyện Triệu Sơn	10
15742	Xã Thọ Dân	38	Tỉnh Thanh Hóa	Huyện Triệu Sơn	10
15745	Xã Xuân Thọ	38	Tỉnh Thanh Hóa	Huyện Triệu Sơn	10
15748	Xã Thọ Tân	38	Tỉnh Thanh Hóa	Huyện Triệu Sơn	10
15751	Xã Thọ Ngọc	38	Tỉnh Thanh Hóa	Huyện Triệu Sơn	10
15754	Xã Thọ Cường	38	Tỉnh Thanh Hóa	Huyện Triệu Sơn	10
15757	Xã Thọ Phú	38	Tỉnh Thanh Hóa	Huyện Triệu Sơn	10
15760	Xã Thọ Vực	38	Tỉnh Thanh Hóa	Huyện Triệu Sơn	10
15763	Xã Thọ Thế	38	Tỉnh Thanh Hóa	Huyện Triệu Sơn	10
15766	Xã Nông Trường	38	Tỉnh Thanh Hóa	Huyện Triệu Sơn	10
15769	Xã Bình Sơn	38	Tỉnh Thanh Hóa	Huyện Triệu Sơn	10
15772	Thị trấn Thiệu Hóa	38	Tỉnh Thanh Hóa	Huyện Thiệu Hóa	9
15775	Xã Thiệu Ngọc	38	Tỉnh Thanh Hóa	Huyện Thiệu Hóa	10
15778	Xã Thiệu Vũ	38	Tỉnh Thanh Hóa	Huyện Thiệu Hóa	10
15781	Xã Thiệu Phúc	38	Tỉnh Thanh Hóa	Huyện Thiệu Hóa	10
15784	Xã Thiệu Tiến	38	Tỉnh Thanh Hóa	Huyện Thiệu Hóa	10
15787	Xã Thiệu Công	38	Tỉnh Thanh Hóa	Huyện Thiệu Hóa	10
15790	Xã Thiệu Phú	38	Tỉnh Thanh Hóa	Huyện Thiệu Hóa	10
15793	Xã Thiệu Long	38	Tỉnh Thanh Hóa	Huyện Thiệu Hóa	10
15796	Xã Thiệu Giang	38	Tỉnh Thanh Hóa	Huyện Thiệu Hóa	10
15799	Xã Thiệu Duy	38	Tỉnh Thanh Hóa	Huyện Thiệu Hóa	10
15802	Xã Thiệu Nguyên	38	Tỉnh Thanh Hóa	Huyện Thiệu Hóa	10
15805	Xã Thiệu Hợp	38	Tỉnh Thanh Hóa	Huyện Thiệu Hóa	10
15808	Xã Thiệu Thịnh	38	Tỉnh Thanh Hóa	Huyện Thiệu Hóa	10
15811	Xã Thiệu Quang	38	Tỉnh Thanh Hóa	Huyện Thiệu Hóa	10
15814	Xã Thiệu Thành	38	Tỉnh Thanh Hóa	Huyện Thiệu Hóa	10
15817	Xã Thiệu Toán	38	Tỉnh Thanh Hóa	Huyện Thiệu Hóa	10
15820	Xã Thiệu Chính	38	Tỉnh Thanh Hóa	Huyện Thiệu Hóa	10
15823	Xã Thiệu Hòa	38	Tỉnh Thanh Hóa	Huyện Thiệu Hóa	10
15829	Xã Minh Tâm	38	Tỉnh Thanh Hóa	Huyện Thiệu Hóa	10
15832	Xã Thiệu Viên	38	Tỉnh Thanh Hóa	Huyện Thiệu Hóa	10
15835	Xã Thiệu Lý	38	Tỉnh Thanh Hóa	Huyện Thiệu Hóa	10
15838	Xã Thiệu Vận	38	Tỉnh Thanh Hóa	Huyện Thiệu Hóa	10
15841	Xã Thiệu Trung	38	Tỉnh Thanh Hóa	Huyện Thiệu Hóa	10
15847	Xã Tân Châu	38	Tỉnh Thanh Hóa	Huyện Thiệu Hóa	10
15850	Xã Thiệu Vân	38	Tỉnh Thanh Hóa	Thành phố Thanh Hóa	10
15853	Xã Thiệu Giao	38	Tỉnh Thanh Hóa	Huyện Thiệu Hóa	10
15856	Phường Thiệu Khánh	38	Tỉnh Thanh Hóa	Thành phố Thanh Hóa	8
15859	Phường Thiệu Dương	38	Tỉnh Thanh Hóa	Thành phố Thanh Hóa	8
15865	Thị trấn Bút Sơn	38	Tỉnh Thanh Hóa	Huyện Hoằng Hóa	9
15871	Xã Hoằng Giang	38	Tỉnh Thanh Hóa	Huyện Hoằng Hóa	10
15877	Xã Hoằng Xuân	38	Tỉnh Thanh Hóa	Huyện Hoằng Hóa	10
15880	Xã Hoằng Phượng	38	Tỉnh Thanh Hóa	Huyện Hoằng Hóa	10
15883	Xã Hoằng Phú	38	Tỉnh Thanh Hóa	Huyện Hoằng Hóa	10
15886	Xã Hoằng Quỳ	38	Tỉnh Thanh Hóa	Huyện Hoằng Hóa	10
15889	Xã Hoằng Kim	38	Tỉnh Thanh Hóa	Huyện Hoằng Hóa	10
15892	Xã Hoằng Trung	38	Tỉnh Thanh Hóa	Huyện Hoằng Hóa	10
15895	Xã Hoằng Trinh	38	Tỉnh Thanh Hóa	Huyện Hoằng Hóa	10
15901	Xã Hoằng Sơn	38	Tỉnh Thanh Hóa	Huyện Hoằng Hóa	10
15907	Xã Hoằng Cát	38	Tỉnh Thanh Hóa	Huyện Hoằng Hóa	10
15910	Xã Hoằng Xuyên	38	Tỉnh Thanh Hóa	Huyện Hoằng Hóa	10
15913	Phường Tào Xuyên	38	Tỉnh Thanh Hóa	Thành phố Thanh Hóa	8
15916	Xã Hoằng Quý	38	Tỉnh Thanh Hóa	Huyện Hoằng Hóa	10
15919	Xã Hoằng Hợp	38	Tỉnh Thanh Hóa	Huyện Hoằng Hóa	10
15922	Phường Long Anh	38	Tỉnh Thanh Hóa	Thành phố Thanh Hóa	8
15925	Xã Hoằng Quang	38	Tỉnh Thanh Hóa	Thành phố Thanh Hóa	10
15928	Xã Hoằng Đức	38	Tỉnh Thanh Hóa	Huyện Hoằng Hóa	10
15937	Xã Hoằng Hà	38	Tỉnh Thanh Hóa	Huyện Hoằng Hóa	10
15940	Xã Hoằng Đạt	38	Tỉnh Thanh Hóa	Huyện Hoằng Hóa	10
15946	Xã Hoằng Đạo	38	Tỉnh Thanh Hóa	Huyện Hoằng Hóa	10
15949	Xã Hoằng Thắng	38	Tỉnh Thanh Hóa	Huyện Hoằng Hóa	10
15952	Xã Hoằng Đồng	38	Tỉnh Thanh Hóa	Huyện Hoằng Hóa	10
15955	Xã Hoằng Thái	38	Tỉnh Thanh Hóa	Huyện Hoằng Hóa	10
15958	Xã Hoằng Thịnh	38	Tỉnh Thanh Hóa	Huyện Hoằng Hóa	10
15961	Xã Hoằng Thành	38	Tỉnh Thanh Hóa	Huyện Hoằng Hóa	10
15964	Xã Hoằng Lộc	38	Tỉnh Thanh Hóa	Huyện Hoằng Hóa	10
15967	Xã Hoằng Trạch	38	Tỉnh Thanh Hóa	Huyện Hoằng Hóa	10
15970	Xã Hoằng Đại	38	Tỉnh Thanh Hóa	Thành phố Thanh Hóa	10
15973	Xã Hoằng Phong	38	Tỉnh Thanh Hóa	Huyện Hoằng Hóa	10
15976	Xã Hoằng Lưu	38	Tỉnh Thanh Hóa	Huyện Hoằng Hóa	10
15979	Xã Hoằng Châu	38	Tỉnh Thanh Hóa	Huyện Hoằng Hóa	10
15982	Xã Hoằng Tân	38	Tỉnh Thanh Hóa	Huyện Hoằng Hóa	10
15985	Xã Hoằng Yến	38	Tỉnh Thanh Hóa	Huyện Hoằng Hóa	10
15988	Xã Hoằng Tiến	38	Tỉnh Thanh Hóa	Huyện Hoằng Hóa	10
15991	Xã Hoằng Hải	38	Tỉnh Thanh Hóa	Huyện Hoằng Hóa	10
15994	Xã Hoằng Ngọc	38	Tỉnh Thanh Hóa	Huyện Hoằng Hóa	10
15997	Xã Hoằng Đông	38	Tỉnh Thanh Hóa	Huyện Hoằng Hóa	10
16000	Xã Hoằng Thanh	38	Tỉnh Thanh Hóa	Huyện Hoằng Hóa	10
16003	Xã Hoằng Phụ	38	Tỉnh Thanh Hóa	Huyện Hoằng Hóa	10
16006	Xã Hoằng Trường	38	Tỉnh Thanh Hóa	Huyện Hoằng Hóa	10
16012	Thị trấn Hậu Lộc	38	Tỉnh Thanh Hóa	Huyện Hậu Lộc	9
16015	Xã Đồng Lộc	38	Tỉnh Thanh Hóa	Huyện Hậu Lộc	10
16018	Xã Đại Lộc	38	Tỉnh Thanh Hóa	Huyện Hậu Lộc	10
16021	Xã Triệu Lộc	38	Tỉnh Thanh Hóa	Huyện Hậu Lộc	10
16027	Xã Tiến Lộc	38	Tỉnh Thanh Hóa	Huyện Hậu Lộc	10
16030	Xã Lộc Sơn	38	Tỉnh Thanh Hóa	Huyện Hậu Lộc	10
16033	Xã Cầu Lộc	38	Tỉnh Thanh Hóa	Huyện Hậu Lộc	10
16036	Xã Thành Lộc	38	Tỉnh Thanh Hóa	Huyện Hậu Lộc	10
16039	Xã Tuy Lộc	38	Tỉnh Thanh Hóa	Huyện Hậu Lộc	10
16042	Xã Phong Lộc	38	Tỉnh Thanh Hóa	Huyện Hậu Lộc	10
16045	Xã Mỹ Lộc	38	Tỉnh Thanh Hóa	Huyện Hậu Lộc	10
16048	Xã Thuần Lộc	38	Tỉnh Thanh Hóa	Huyện Hậu Lộc	10
16057	Xã Xuân Lộc	38	Tỉnh Thanh Hóa	Huyện Hậu Lộc	10
16063	Xã Hoa Lộc	38	Tỉnh Thanh Hóa	Huyện Hậu Lộc	10
16066	Xã Liên Lộc	38	Tỉnh Thanh Hóa	Huyện Hậu Lộc	10
16069	Xã Quang Lộc	38	Tỉnh Thanh Hóa	Huyện Hậu Lộc	10
16072	Xã Phú Lộc	38	Tỉnh Thanh Hóa	Huyện Hậu Lộc	10
16075	Xã Hòa Lộc	38	Tỉnh Thanh Hóa	Huyện Hậu Lộc	10
16078	Xã Minh Lộc	38	Tỉnh Thanh Hóa	Huyện Hậu Lộc	10
16081	Xã Hưng Lộc	38	Tỉnh Thanh Hóa	Huyện Hậu Lộc	10
16084	Xã Hải Lộc	38	Tỉnh Thanh Hóa	Huyện Hậu Lộc	10
16087	Xã Đa Lộc	38	Tỉnh Thanh Hóa	Huyện Hậu Lộc	10
16090	Xã Ngư Lộc	38	Tỉnh Thanh Hóa	Huyện Hậu Lộc	10
16093	Thị trấn Nga Sơn	38	Tỉnh Thanh Hóa	Huyện Nga Sơn	9
16096	Xã Ba Đình	38	Tỉnh Thanh Hóa	Huyện Nga Sơn	10
16099	Xã Nga Vịnh	38	Tỉnh Thanh Hóa	Huyện Nga Sơn	10
16102	Xã Nga Văn	38	Tỉnh Thanh Hóa	Huyện Nga Sơn	10
16105	Xã Nga Thiện	38	Tỉnh Thanh Hóa	Huyện Nga Sơn	10
16108	Xã Nga Tiến	38	Tỉnh Thanh Hóa	Huyện Nga Sơn	10
16114	Xã Nga Phượng	38	Tỉnh Thanh Hóa	Huyện Nga Sơn	10
16117	Xã Nga Trung	38	Tỉnh Thanh Hóa	Huyện Nga Sơn	10
16120	Xã Nga Bạch	38	Tỉnh Thanh Hóa	Huyện Nga Sơn	10
16123	Xã Nga Thanh	38	Tỉnh Thanh Hóa	Huyện Nga Sơn	10
16132	Xã Nga Yên	38	Tỉnh Thanh Hóa	Huyện Nga Sơn	10
16135	Xã Nga Giáp	38	Tỉnh Thanh Hóa	Huyện Nga Sơn	10
16138	Xã Nga Hải	38	Tỉnh Thanh Hóa	Huyện Nga Sơn	10
16141	Xã Nga Thành	38	Tỉnh Thanh Hóa	Huyện Nga Sơn	10
16144	Xã Nga An	38	Tỉnh Thanh Hóa	Huyện Nga Sơn	10
16147	Xã Nga Phú	38	Tỉnh Thanh Hóa	Huyện Nga Sơn	10
16150	Xã Nga Điền	38	Tỉnh Thanh Hóa	Huyện Nga Sơn	10
16153	Xã Nga Tân	38	Tỉnh Thanh Hóa	Huyện Nga Sơn	10
16156	Xã Nga Thủy	38	Tỉnh Thanh Hóa	Huyện Nga Sơn	10
16159	Xã Nga Liên	38	Tỉnh Thanh Hóa	Huyện Nga Sơn	10
16162	Xã Nga Thái	38	Tỉnh Thanh Hóa	Huyện Nga Sơn	10
16165	Xã Nga Thạch	38	Tỉnh Thanh Hóa	Huyện Nga Sơn	10
16168	Xã Nga Thắng	38	Tỉnh Thanh Hóa	Huyện Nga Sơn	10
16171	Xã Nga Trường	38	Tỉnh Thanh Hóa	Huyện Nga Sơn	10
16174	Thị trấn Yên Cát	38	Tỉnh Thanh Hóa	Huyện Như Xuân	9
16177	Xã Bãi Trành	38	Tỉnh Thanh Hóa	Huyện Như Xuân	10
16180	Xã Xuân Hòa	38	Tỉnh Thanh Hóa	Huyện Như Xuân	10
16183	Xã Xuân Bình	38	Tỉnh Thanh Hóa	Huyện Như Xuân	10
16186	Xã Hóa Quỳ	38	Tỉnh Thanh Hóa	Huyện Như Xuân	10
16195	Xã Cát Vân	38	Tỉnh Thanh Hóa	Huyện Như Xuân	10
16198	Xã Cát Tân	38	Tỉnh Thanh Hóa	Huyện Như Xuân	10
16201	Xã Tân Bình	38	Tỉnh Thanh Hóa	Huyện Như Xuân	10
16204	Xã Bình Lương	38	Tỉnh Thanh Hóa	Huyện Như Xuân	10
16207	Xã Thanh Quân	38	Tỉnh Thanh Hóa	Huyện Như Xuân	10
16210	Xã Thanh Xuân	38	Tỉnh Thanh Hóa	Huyện Như Xuân	10
16213	Xã Thanh Hòa	38	Tỉnh Thanh Hóa	Huyện Như Xuân	10
16216	Xã Thanh Phong	38	Tỉnh Thanh Hóa	Huyện Như Xuân	10
16219	Xã Thanh Lâm	38	Tỉnh Thanh Hóa	Huyện Như Xuân	10
16222	Xã Thanh Sơn	38	Tỉnh Thanh Hóa	Huyện Như Xuân	10
16225	Xã Thượng Ninh	38	Tỉnh Thanh Hóa	Huyện Như Xuân	10
16228	Thị trấn Bến Sung	38	Tỉnh Thanh Hóa	Huyện Như Thanh	9
16231	Xã Cán Khê	38	Tỉnh Thanh Hóa	Huyện Như Thanh	10
16234	Xã Xuân Du	38	Tỉnh Thanh Hóa	Huyện Như Thanh	10
16240	Xã Phượng Nghi	38	Tỉnh Thanh Hóa	Huyện Như Thanh	10
16243	Xã Mậu Lâm	38	Tỉnh Thanh Hóa	Huyện Như Thanh	10
16246	Xã Xuân Khang	38	Tỉnh Thanh Hóa	Huyện Như Thanh	10
16249	Xã Phú Nhuận	38	Tỉnh Thanh Hóa	Huyện Như Thanh	10
16252	Xã Hải Long	38	Tỉnh Thanh Hóa	Huyện Như Thanh	10
16258	Xã Xuân Thái	38	Tỉnh Thanh Hóa	Huyện Như Thanh	10
16261	Xã Xuân Phúc	38	Tỉnh Thanh Hóa	Huyện Như Thanh	10
16264	Xã Yên Thọ	38	Tỉnh Thanh Hóa	Huyện Như Thanh	10
16267	Xã Yên Lạc	38	Tỉnh Thanh Hóa	Huyện Như Thanh	10
16273	Xã Thanh Tân	38	Tỉnh Thanh Hóa	Huyện Như Thanh	10
16276	Xã Thanh Kỳ	38	Tỉnh Thanh Hóa	Huyện Như Thanh	10
16279	Thị trấn Nông Cống	38	Tỉnh Thanh Hóa	Huyện Nông Cống	9
16282	Xã Tân Phúc	38	Tỉnh Thanh Hóa	Huyện Nông Cống	10
16285	Xã Tân Thọ	38	Tỉnh Thanh Hóa	Huyện Nông Cống	10
16288	Xã Hoàng Sơn	38	Tỉnh Thanh Hóa	Huyện Nông Cống	10
16291	Xã Tân Khang	38	Tỉnh Thanh Hóa	Huyện Nông Cống	10
16294	Xã Hoàng Giang	38	Tỉnh Thanh Hóa	Huyện Nông Cống	10
16297	Xã Trung Chính	38	Tỉnh Thanh Hóa	Huyện Nông Cống	10
16303	Xã Trung Thành	38	Tỉnh Thanh Hóa	Huyện Nông Cống	10
16309	Xã Tế Thắng	38	Tỉnh Thanh Hóa	Huyện Nông Cống	10
16315	Xã Tế Lợi	38	Tỉnh Thanh Hóa	Huyện Nông Cống	10
16318	Xã Tế Nông	38	Tỉnh Thanh Hóa	Huyện Nông Cống	10
16321	Xã Minh Nghĩa	38	Tỉnh Thanh Hóa	Huyện Nông Cống	10
16324	Xã Minh Khôi	38	Tỉnh Thanh Hóa	Huyện Nông Cống	10
16327	Xã Vạn Hòa	38	Tỉnh Thanh Hóa	Huyện Nông Cống	10
16330	Xã Trường Trung	38	Tỉnh Thanh Hóa	Huyện Nông Cống	10
16333	Xã Vạn Thắng	38	Tỉnh Thanh Hóa	Huyện Nông Cống	10
16336	Xã Trường Giang	38	Tỉnh Thanh Hóa	Huyện Nông Cống	10
16339	Xã Vạn Thiện	38	Tỉnh Thanh Hóa	Huyện Nông Cống	10
16342	Xã Thăng Long	38	Tỉnh Thanh Hóa	Huyện Nông Cống	10
16345	Xã Trường Minh	38	Tỉnh Thanh Hóa	Huyện Nông Cống	10
16348	Xã Trường Sơn	38	Tỉnh Thanh Hóa	Huyện Nông Cống	10
16351	Xã Thăng Bình	38	Tỉnh Thanh Hóa	Huyện Nông Cống	10
16354	Xã Công Liêm	38	Tỉnh Thanh Hóa	Huyện Nông Cống	10
16357	Xã Tượng Văn	38	Tỉnh Thanh Hóa	Huyện Nông Cống	10
16360	Xã Thăng Thọ	38	Tỉnh Thanh Hóa	Huyện Nông Cống	10
16363	Xã Tượng Lĩnh	38	Tỉnh Thanh Hóa	Huyện Nông Cống	10
16366	Xã Tượng Sơn	38	Tỉnh Thanh Hóa	Huyện Nông Cống	10
16369	Xã Công Chính	38	Tỉnh Thanh Hóa	Huyện Nông Cống	10
16375	Xã Yên Mỹ	38	Tỉnh Thanh Hóa	Huyện Nông Cống	10
16378	Thị trấn Rừng Thông	38	Tỉnh Thanh Hóa	Huyện Đông Sơn	9
16381	Xã Đông Hoàng	38	Tỉnh Thanh Hóa	Huyện Đông Sơn	10
16384	Xã Đông Ninh	38	Tỉnh Thanh Hóa	Huyện Đông Sơn	10
16390	Xã Đông Hòa	38	Tỉnh Thanh Hóa	Huyện Đông Sơn	10
16393	Xã Đông Yên	38	Tỉnh Thanh Hóa	Huyện Đông Sơn	10
16396	Phường Đông Lĩnh	38	Tỉnh Thanh Hóa	Thành phố Thanh Hóa	8
16399	Xã Đông Minh	38	Tỉnh Thanh Hóa	Huyện Đông Sơn	10
16402	Xã Đông Thanh	38	Tỉnh Thanh Hóa	Huyện Đông Sơn	10
16405	Xã Đông Tiến	38	Tỉnh Thanh Hóa	Huyện Đông Sơn	10
16408	Xã Đông Khê	38	Tỉnh Thanh Hóa	Huyện Đông Sơn	10
16414	Xã Đông Thịnh	38	Tỉnh Thanh Hóa	Huyện Đông Sơn	10
16417	Xã Đông Văn	38	Tỉnh Thanh Hóa	Huyện Đông Sơn	10
16420	Xã Đông Phú	38	Tỉnh Thanh Hóa	Huyện Đông Sơn	10
16423	Xã Đông Nam	38	Tỉnh Thanh Hóa	Huyện Đông Sơn	10
16426	Xã Đông Quang	38	Tỉnh Thanh Hóa	Huyện Đông Sơn	10
16429	Xã Đông Vinh	38	Tỉnh Thanh Hóa	Thành phố Thanh Hóa	10
16432	Phường Đông Tân	38	Tỉnh Thanh Hóa	Thành phố Thanh Hóa	8
16435	Phường An Hưng	38	Tỉnh Thanh Hóa	Thành phố Thanh Hóa	8
16438	Thị trấn Tân Phong	38	Tỉnh Thanh Hóa	Huyện Quảng Xương	9
16441	Phường Quảng Thịnh	38	Tỉnh Thanh Hóa	Thành phố Thanh Hóa	8
16447	Xã Quảng Trạch	38	Tỉnh Thanh Hóa	Huyện Quảng Xương	10
16453	Xã Quảng Đức	38	Tỉnh Thanh Hóa	Huyện Quảng Xương	10
16456	Xã Quảng Định	38	Tỉnh Thanh Hóa	Huyện Quảng Xương	10
16459	Phường Quảng Đông	38	Tỉnh Thanh Hóa	Thành phố Thanh Hóa	8
16462	Xã Quảng Nhân	38	Tỉnh Thanh Hóa	Huyện Quảng Xương	10
16465	Xã Quảng Ninh	38	Tỉnh Thanh Hóa	Huyện Quảng Xương	10
16468	Xã Quảng Bình	38	Tỉnh Thanh Hóa	Huyện Quảng Xương	10
16471	Xã Quảng Hợp	38	Tỉnh Thanh Hóa	Huyện Quảng Xương	10
16474	Xã Quảng Văn	38	Tỉnh Thanh Hóa	Huyện Quảng Xương	10
16477	Xã Quảng Long	38	Tỉnh Thanh Hóa	Huyện Quảng Xương	10
16480	Xã Quảng Yên	38	Tỉnh Thanh Hóa	Huyện Quảng Xương	10
16483	Xã Quảng Hòa	38	Tỉnh Thanh Hóa	Huyện Quảng Xương	10
16489	Xã Quảng Khê	38	Tỉnh Thanh Hóa	Huyện Quảng Xương	10
16492	Xã Quảng Trung	38	Tỉnh Thanh Hóa	Huyện Quảng Xương	10
16495	Xã Quảng Chính	38	Tỉnh Thanh Hóa	Huyện Quảng Xương	10
16498	Xã Quảng Ngọc	38	Tỉnh Thanh Hóa	Huyện Quảng Xương	10
16501	Xã Quảng Trường	38	Tỉnh Thanh Hóa	Huyện Quảng Xương	10
16507	Phường Quảng Cát	38	Tỉnh Thanh Hóa	Thành phố Thanh Hóa	8
16510	Xã Quảng Phúc	38	Tỉnh Thanh Hóa	Huyện Quảng Xương	10
16513	Xã Quảng Minh	38	Tỉnh Thanh Hóa	Thành phố Sầm Sơn	10
16516	Xã Quảng Hùng	38	Tỉnh Thanh Hóa	Thành phố Sầm Sơn	10
16519	Xã Quảng Giao	38	Tỉnh Thanh Hóa	Huyện Quảng Xương	10
16522	Phường Quảng Phú	38	Tỉnh Thanh Hóa	Thành phố Thanh Hóa	8
16525	Phường Quảng Tâm	38	Tỉnh Thanh Hóa	Thành phố Thanh Hóa	8
16528	Phường Quảng Thọ	38	Tỉnh Thanh Hóa	Thành phố Sầm Sơn	8
16531	Phường Quảng Châu	38	Tỉnh Thanh Hóa	Thành phố Sầm Sơn	8
16534	Phường Quảng Vinh	38	Tỉnh Thanh Hóa	Thành phố Sầm Sơn	8
16537	Xã Quảng Đại	38	Tỉnh Thanh Hóa	Thành phố Sầm Sơn	10
16540	Xã Quảng Hải	38	Tỉnh Thanh Hóa	Huyện Quảng Xương	10
16543	Xã Quảng Lưu	38	Tỉnh Thanh Hóa	Huyện Quảng Xương	10
16546	Xã Quảng Lộc	38	Tỉnh Thanh Hóa	Huyện Quảng Xương	10
16549	Xã Tiên Trang	38	Tỉnh Thanh Hóa	Huyện Quảng Xương	10
16552	Xã Quảng Nham	38	Tỉnh Thanh Hóa	Huyện Quảng Xương	10
16555	Xã Quảng Thạch	38	Tỉnh Thanh Hóa	Huyện Quảng Xương	10
16558	Xã Quảng Thái	38	Tỉnh Thanh Hóa	Huyện Quảng Xương	10
16561	Phường Hải Hòa	38	Tỉnh Thanh Hóa	Thị xã Nghi Sơn	8
16564	Phường Hải Châu	38	Tỉnh Thanh Hóa	Thị xã Nghi Sơn	8
16567	Xã Thanh Thủy	38	Tỉnh Thanh Hóa	Thị xã Nghi Sơn	10
16570	Xã Thanh Sơn	38	Tỉnh Thanh Hóa	Thị xã Nghi Sơn	10
16576	Phường Hải Ninh	38	Tỉnh Thanh Hóa	Thị xã Nghi Sơn	8
16579	Xã Anh Sơn	38	Tỉnh Thanh Hóa	Thị xã Nghi Sơn	10
16582	Xã Ngọc Lĩnh	38	Tỉnh Thanh Hóa	Thị xã Nghi Sơn	10
16585	Phường Hải An	38	Tỉnh Thanh Hóa	Thị xã Nghi Sơn	8
16591	Xã Các Sơn	38	Tỉnh Thanh Hóa	Thị xã Nghi Sơn	10
16594	Phường Tân Dân	38	Tỉnh Thanh Hóa	Thị xã Nghi Sơn	8
16597	Phường Hải Lĩnh	38	Tỉnh Thanh Hóa	Thị xã Nghi Sơn	8
16600	Xã Định Hải	38	Tỉnh Thanh Hóa	Thị xã Nghi Sơn	10
16603	Xã Phú Sơn	38	Tỉnh Thanh Hóa	Thị xã Nghi Sơn	10
16606	Phường Ninh Hải	38	Tỉnh Thanh Hóa	Thị xã Nghi Sơn	8
16609	Phường Nguyên Bình	38	Tỉnh Thanh Hóa	Thị xã Nghi Sơn	8
16612	Xã Hải Nhân	38	Tỉnh Thanh Hóa	Thị xã Nghi Sơn	10
16618	Phường Bình Minh	38	Tỉnh Thanh Hóa	Thị xã Nghi Sơn	8
16621	Phường Hải Thanh	38	Tỉnh Thanh Hóa	Thị xã Nghi Sơn	8
16624	Xã Phú Lâm	38	Tỉnh Thanh Hóa	Thị xã Nghi Sơn	10
16627	Phường Xuân Lâm	38	Tỉnh Thanh Hóa	Thị xã Nghi Sơn	8
16630	Phường Trúc Lâm	38	Tỉnh Thanh Hóa	Thị xã Nghi Sơn	8
16633	Phường Hải Bình	38	Tỉnh Thanh Hóa	Thị xã Nghi Sơn	8
16636	Xã Tân Trường	38	Tỉnh Thanh Hóa	Thị xã Nghi Sơn	10
16639	Xã Tùng Lâm	38	Tỉnh Thanh Hóa	Thị xã Nghi Sơn	10
16642	Phường Tĩnh Hải	38	Tỉnh Thanh Hóa	Thị xã Nghi Sơn	8
16645	Phường Mai Lâm	38	Tỉnh Thanh Hóa	Thị xã Nghi Sơn	8
16648	Xã Trường Lâm	38	Tỉnh Thanh Hóa	Thị xã Nghi Sơn	10
16651	Xã Hải Yến	38	Tỉnh Thanh Hóa	Thị xã Nghi Sơn	10
16654	Phường Hải Thượng	38	Tỉnh Thanh Hóa	Thị xã Nghi Sơn	8
16657	Xã Nghi Sơn	38	Tỉnh Thanh Hóa	Thị xã Nghi Sơn	10
16660	Xã Hải Hà	38	Tỉnh Thanh Hóa	Thị xã Nghi Sơn	10
16663	Phường Đông Vĩnh	40	Tỉnh Nghệ An	Thành phố Vinh	8
16666	Phường Hà Huy Tập	40	Tỉnh Nghệ An	Thành phố Vinh	8
16669	Phường Lê Lợi	40	Tỉnh Nghệ An	Thành phố Vinh	8
16670	Phường Quán Bàu	40	Tỉnh Nghệ An	Thành phố Vinh	8
16672	Phường Hưng Bình	40	Tỉnh Nghệ An	Thành phố Vinh	8
16673	Phường Hưng Phúc	40	Tỉnh Nghệ An	Thành phố Vinh	8
16675	Phường Hưng Dũng	40	Tỉnh Nghệ An	Thành phố Vinh	8
16678	Phường Cửa Nam	40	Tỉnh Nghệ An	Thành phố Vinh	8
16681	Phường Quang Trung	40	Tỉnh Nghệ An	Thành phố Vinh	8
16684	Phường Đội Cung	40	Tỉnh Nghệ An	Thành phố Vinh	8
16687	Phường Lê Mao	40	Tỉnh Nghệ An	Thành phố Vinh	8
16690	Phường Trường Thi	40	Tỉnh Nghệ An	Thành phố Vinh	8
16693	Phường Bến Thủy	40	Tỉnh Nghệ An	Thành phố Vinh	8
16696	Phường Hồng Sơn	40	Tỉnh Nghệ An	Thành phố Vinh	8
16699	Phường Trung Đô	40	Tỉnh Nghệ An	Thành phố Vinh	8
16702	Xã Nghi Phú	40	Tỉnh Nghệ An	Thành phố Vinh	10
16705	Xã Hưng Đông	40	Tỉnh Nghệ An	Thành phố Vinh	10
16708	Xã Hưng Lộc	40	Tỉnh Nghệ An	Thành phố Vinh	10
16711	Xã Hưng Hòa	40	Tỉnh Nghệ An	Thành phố Vinh	10
16714	Phường Vinh Tân	40	Tỉnh Nghệ An	Thành phố Vinh	8
16717	Phường Nghi Thuỷ	40	Tỉnh Nghệ An	Thị xã Cửa Lò	8
16720	Phường Nghi Tân	40	Tỉnh Nghệ An	Thị xã Cửa Lò	8
16723	Phường Thu Thuỷ	40	Tỉnh Nghệ An	Thị xã Cửa Lò	8
16726	Phường Nghi Hòa	40	Tỉnh Nghệ An	Thị xã Cửa Lò	8
16729	Phường Nghi Hải	40	Tỉnh Nghệ An	Thị xã Cửa Lò	8
16732	Phường Nghi Hương	40	Tỉnh Nghệ An	Thị xã Cửa Lò	8
16735	Phường Nghi Thu	40	Tỉnh Nghệ An	Thị xã Cửa Lò	8
16738	Thị trấn Kim Sơn	40	Tỉnh Nghệ An	Huyện Quế Phong	9
16741	Xã Thông Thụ	40	Tỉnh Nghệ An	Huyện Quế Phong	10
16744	Xã Đồng Văn	40	Tỉnh Nghệ An	Huyện Quế Phong	10
16747	Xã Hạnh Dịch	40	Tỉnh Nghệ An	Huyện Quế Phong	10
16750	Xã Tiền Phong	40	Tỉnh Nghệ An	Huyện Quế Phong	10
16753	Xã Nậm Giải	40	Tỉnh Nghệ An	Huyện Quế Phong	10
16756	Xã Tri Lễ	40	Tỉnh Nghệ An	Huyện Quế Phong	10
16759	Xã Châu Kim	40	Tỉnh Nghệ An	Huyện Quế Phong	10
16763	Xã Mường Nọc	40	Tỉnh Nghệ An	Huyện Quế Phong	10
16765	Xã Châu Thôn	40	Tỉnh Nghệ An	Huyện Quế Phong	10
16768	Xã Nậm Nhoóng	40	Tỉnh Nghệ An	Huyện Quế Phong	10
16771	Xã Quang Phong	40	Tỉnh Nghệ An	Huyện Quế Phong	10
16774	Xã Căm Muộn	40	Tỉnh Nghệ An	Huyện Quế Phong	10
16777	Thị trấn Tân Lạc	40	Tỉnh Nghệ An	Huyện Quỳ Châu	9
16780	Xã Châu Bính	40	Tỉnh Nghệ An	Huyện Quỳ Châu	10
16783	Xã Châu Thuận	40	Tỉnh Nghệ An	Huyện Quỳ Châu	10
16786	Xã Châu Hội	40	Tỉnh Nghệ An	Huyện Quỳ Châu	10
16789	Xã Châu Nga	40	Tỉnh Nghệ An	Huyện Quỳ Châu	10
16792	Xã Châu Tiến	40	Tỉnh Nghệ An	Huyện Quỳ Châu	10
16795	Xã Châu Hạnh	40	Tỉnh Nghệ An	Huyện Quỳ Châu	10
16798	Xã Châu Thắng	40	Tỉnh Nghệ An	Huyện Quỳ Châu	10
16801	Xã Châu Phong	40	Tỉnh Nghệ An	Huyện Quỳ Châu	10
16804	Xã Châu Bình	40	Tỉnh Nghệ An	Huyện Quỳ Châu	10
16807	Xã Châu Hoàn	40	Tỉnh Nghệ An	Huyện Quỳ Châu	10
16810	Xã Diên Lãm	40	Tỉnh Nghệ An	Huyện Quỳ Châu	10
16813	Thị trấn Mường Xén	40	Tỉnh Nghệ An	Huyện Kỳ Sơn	9
16816	Xã Mỹ Lý	40	Tỉnh Nghệ An	Huyện Kỳ Sơn	10
16819	Xã Bắc Lý	40	Tỉnh Nghệ An	Huyện Kỳ Sơn	10
16822	Xã Keng Đu	40	Tỉnh Nghệ An	Huyện Kỳ Sơn	10
16825	Xã Đoọc Mạy	40	Tỉnh Nghệ An	Huyện Kỳ Sơn	10
16828	Xã Huồi Tụ	40	Tỉnh Nghệ An	Huyện Kỳ Sơn	10
16831	Xã Mường Lống	40	Tỉnh Nghệ An	Huyện Kỳ Sơn	10
16834	Xã Na Loi	40	Tỉnh Nghệ An	Huyện Kỳ Sơn	10
16837	Xã Nậm Cắn	40	Tỉnh Nghệ An	Huyện Kỳ Sơn	10
16840	Xã Bảo Nam	40	Tỉnh Nghệ An	Huyện Kỳ Sơn	10
16843	Xã Phà Đánh	40	Tỉnh Nghệ An	Huyện Kỳ Sơn	10
16846	Xã Bảo Thắng	40	Tỉnh Nghệ An	Huyện Kỳ Sơn	10
16849	Xã Hữu Lập	40	Tỉnh Nghệ An	Huyện Kỳ Sơn	10
16852	Xã Tà Cạ	40	Tỉnh Nghệ An	Huyện Kỳ Sơn	10
16855	Xã Chiêu Lưu	40	Tỉnh Nghệ An	Huyện Kỳ Sơn	10
16858	Xã Mường Típ	40	Tỉnh Nghệ An	Huyện Kỳ Sơn	10
16861	Xã Hữu Kiệm	40	Tỉnh Nghệ An	Huyện Kỳ Sơn	10
16864	Xã Tây Sơn	40	Tỉnh Nghệ An	Huyện Kỳ Sơn	10
16867	Xã Mường Ải	40	Tỉnh Nghệ An	Huyện Kỳ Sơn	10
16870	Xã Na Ngoi	40	Tỉnh Nghệ An	Huyện Kỳ Sơn	10
16873	Xã Nậm Càn	40	Tỉnh Nghệ An	Huyện Kỳ Sơn	10
16876	Thị trấn Thạch Giám	40	Tỉnh Nghệ An	Huyện Tương Dương	9
16879	Xã Mai Sơn	40	Tỉnh Nghệ An	Huyện Tương Dương	10
16882	Xã Nhôn Mai	40	Tỉnh Nghệ An	Huyện Tương Dương	10
16885	Xã Hữu Khuông	40	Tỉnh Nghệ An	Huyện Tương Dương	10
16900	Xã Yên Tĩnh	40	Tỉnh Nghệ An	Huyện Tương Dương	10
16903	Xã Nga My	40	Tỉnh Nghệ An	Huyện Tương Dương	10
16904	Xã Xiêng My	40	Tỉnh Nghệ An	Huyện Tương Dương	10
16906	Xã Lưỡng Minh	40	Tỉnh Nghệ An	Huyện Tương Dương	10
16909	Xã Yên Hòa	40	Tỉnh Nghệ An	Huyện Tương Dương	10
16912	Xã Yên Na	40	Tỉnh Nghệ An	Huyện Tương Dương	10
16915	Xã Lưu Kiền	40	Tỉnh Nghệ An	Huyện Tương Dương	10
16921	Xã Xá Lượng	40	Tỉnh Nghệ An	Huyện Tương Dương	10
16924	Xã Tam Thái	40	Tỉnh Nghệ An	Huyện Tương Dương	10
16927	Xã Tam Đình	40	Tỉnh Nghệ An	Huyện Tương Dương	10
16930	Xã Yên Thắng	40	Tỉnh Nghệ An	Huyện Tương Dương	10
16933	Xã Tam Quang	40	Tỉnh Nghệ An	Huyện Tương Dương	10
16936	Xã Tam Hợp	40	Tỉnh Nghệ An	Huyện Tương Dương	10
16939	Phường Hoà Hiếu	40	Tỉnh Nghệ An	Thị xã Thái Hoà	8
16941	Thị trấn Nghĩa Đàn	40	Tỉnh Nghệ An	Huyện Nghĩa Đàn	9
16942	Xã Nghĩa Mai	40	Tỉnh Nghệ An	Huyện Nghĩa Đàn	10
16945	Xã Nghĩa Yên	40	Tỉnh Nghệ An	Huyện Nghĩa Đàn	10
16948	Xã Nghĩa Lạc	40	Tỉnh Nghệ An	Huyện Nghĩa Đàn	10
16951	Xã Nghĩa Lâm	40	Tỉnh Nghệ An	Huyện Nghĩa Đàn	10
16954	Xã Nghĩa Sơn	40	Tỉnh Nghệ An	Huyện Nghĩa Đàn	10
16957	Xã Nghĩa Lợi	40	Tỉnh Nghệ An	Huyện Nghĩa Đàn	10
16960	Xã Nghĩa Bình	40	Tỉnh Nghệ An	Huyện Nghĩa Đàn	10
16963	Xã Nghĩa Thọ	40	Tỉnh Nghệ An	Huyện Nghĩa Đàn	10
16966	Xã Nghĩa Minh	40	Tỉnh Nghệ An	Huyện Nghĩa Đàn	10
16969	Xã Nghĩa Phú	40	Tỉnh Nghệ An	Huyện Nghĩa Đàn	10
16972	Xã Nghĩa Hưng	40	Tỉnh Nghệ An	Huyện Nghĩa Đàn	10
16975	Xã Nghĩa Hồng	40	Tỉnh Nghệ An	Huyện Nghĩa Đàn	10
16978	Xã Nghĩa Thịnh	40	Tỉnh Nghệ An	Huyện Nghĩa Đàn	10
16981	Xã Nghĩa Trung	40	Tỉnh Nghệ An	Huyện Nghĩa Đàn	10
16984	Xã Nghĩa Hội	40	Tỉnh Nghệ An	Huyện Nghĩa Đàn	10
16987	Xã Nghĩa Thành	40	Tỉnh Nghệ An	Huyện Nghĩa Đàn	10
16993	Phường Quang Phong	40	Tỉnh Nghệ An	Thị xã Thái Hoà	8
16994	Phường Quang Tiến	40	Tỉnh Nghệ An	Thị xã Thái Hoà	8
16996	Xã Nghĩa Hiếu	40	Tỉnh Nghệ An	Huyện Nghĩa Đàn	10
17003	Phường Long Sơn	40	Tỉnh Nghệ An	Thị xã Thái Hoà	8
17005	Xã Nghĩa Tiến	40	Tỉnh Nghệ An	Thị xã Thái Hoà	10
17008	Xã Nghĩa Mỹ	40	Tỉnh Nghệ An	Thị xã Thái Hoà	10
17011	Xã Tây Hiếu	40	Tỉnh Nghệ An	Thị xã Thái Hoà	10
17014	Xã Nghĩa Thuận	40	Tỉnh Nghệ An	Thị xã Thái Hoà	10
17017	Xã Đông Hiếu	40	Tỉnh Nghệ An	Thị xã Thái Hoà	10
17020	Xã Nghĩa Đức	40	Tỉnh Nghệ An	Huyện Nghĩa Đàn	10
17023	Xã Nghĩa An	40	Tỉnh Nghệ An	Huyện Nghĩa Đàn	10
17026	Xã Nghĩa Long	40	Tỉnh Nghệ An	Huyện Nghĩa Đàn	10
17029	Xã Nghĩa Lộc	40	Tỉnh Nghệ An	Huyện Nghĩa Đàn	10
17032	Xã Nghĩa Khánh	40	Tỉnh Nghệ An	Huyện Nghĩa Đàn	10
17035	Thị trấn Quỳ Hợp	40	Tỉnh Nghệ An	Huyện Quỳ Hợp	9
17038	Xã Yên Hợp	40	Tỉnh Nghệ An	Huyện Quỳ Hợp	10
17041	Xã Châu Tiến	40	Tỉnh Nghệ An	Huyện Quỳ Hợp	10
17044	Xã Châu Hồng	40	Tỉnh Nghệ An	Huyện Quỳ Hợp	10
17047	Xã Đồng Hợp	40	Tỉnh Nghệ An	Huyện Quỳ Hợp	10
17050	Xã Châu Thành	40	Tỉnh Nghệ An	Huyện Quỳ Hợp	10
17053	Xã Liên Hợp	40	Tỉnh Nghệ An	Huyện Quỳ Hợp	10
17056	Xã Châu Lộc	40	Tỉnh Nghệ An	Huyện Quỳ Hợp	10
17059	Xã Tam Hợp	40	Tỉnh Nghệ An	Huyện Quỳ Hợp	10
17062	Xã Châu Cường	40	Tỉnh Nghệ An	Huyện Quỳ Hợp	10
17065	Xã Châu Quang	40	Tỉnh Nghệ An	Huyện Quỳ Hợp	10
17068	Xã Thọ Hợp	40	Tỉnh Nghệ An	Huyện Quỳ Hợp	10
17071	Xã Minh Hợp	40	Tỉnh Nghệ An	Huyện Quỳ Hợp	10
17074	Xã Nghĩa Xuân	40	Tỉnh Nghệ An	Huyện Quỳ Hợp	10
17077	Xã Châu Thái	40	Tỉnh Nghệ An	Huyện Quỳ Hợp	10
17080	Xã Châu Đình	40	Tỉnh Nghệ An	Huyện Quỳ Hợp	10
17083	Xã Văn Lợi	40	Tỉnh Nghệ An	Huyện Quỳ Hợp	10
17086	Xã Nam Sơn	40	Tỉnh Nghệ An	Huyện Quỳ Hợp	10
17089	Xã Châu Lý	40	Tỉnh Nghệ An	Huyện Quỳ Hợp	10
17092	Xã Hạ Sơn	40	Tỉnh Nghệ An	Huyện Quỳ Hợp	10
17095	Xã Bắc Sơn	40	Tỉnh Nghệ An	Huyện Quỳ Hợp	10
17098	Thị trấn Cầu Giát	40	Tỉnh Nghệ An	Huyện Quỳnh Lưu	9
17101	Xã Quỳnh Thắng	40	Tỉnh Nghệ An	Huyện Quỳnh Lưu	10
17104	Xã Quỳnh Vinh	40	Tỉnh Nghệ An	Thị xã Hoàng Mai	10
17107	Xã Quỳnh Lộc	40	Tỉnh Nghệ An	Thị xã Hoàng Mai	10
17110	Phường Quỳnh Thiện	40	Tỉnh Nghệ An	Thị xã Hoàng Mai	8
17113	Xã Quỳnh Lập	40	Tỉnh Nghệ An	Thị xã Hoàng Mai	10
17116	Xã Quỳnh Trang	40	Tỉnh Nghệ An	Thị xã Hoàng Mai	10
17119	Xã Quỳnh Tân	40	Tỉnh Nghệ An	Huyện Quỳnh Lưu	10
17122	Xã Quỳnh Châu	40	Tỉnh Nghệ An	Huyện Quỳnh Lưu	10
17125	Phường Mai Hùng	40	Tỉnh Nghệ An	Thị xã Hoàng Mai	8
17128	Phường Quỳnh Dị	40	Tỉnh Nghệ An	Thị xã Hoàng Mai	8
17131	Phường Quỳnh Xuân	40	Tỉnh Nghệ An	Thị xã Hoàng Mai	8
17134	Phường Quỳnh Phương	40	Tỉnh Nghệ An	Thị xã Hoàng Mai	8
17137	Xã Quỳnh Liên	40	Tỉnh Nghệ An	Thị xã Hoàng Mai	10
17140	Xã Tân Sơn	40	Tỉnh Nghệ An	Huyện Quỳnh Lưu	10
17143	Xã Quỳnh Văn	40	Tỉnh Nghệ An	Huyện Quỳnh Lưu	10
17146	Xã Ngọc Sơn	40	Tỉnh Nghệ An	Huyện Quỳnh Lưu	10
17149	Xã Quỳnh Tam	40	Tỉnh Nghệ An	Huyện Quỳnh Lưu	10
17152	Xã Quỳnh Hoa	40	Tỉnh Nghệ An	Huyện Quỳnh Lưu	10
17155	Xã Quỳnh Thạch	40	Tỉnh Nghệ An	Huyện Quỳnh Lưu	10
17158	Xã Quỳnh Bảng	40	Tỉnh Nghệ An	Huyện Quỳnh Lưu	10
17161	Xã Quỳnh Mỹ	40	Tỉnh Nghệ An	Huyện Quỳnh Lưu	10
17164	Xã Quỳnh Thanh	40	Tỉnh Nghệ An	Huyện Quỳnh Lưu	10
17167	Xã Quỳnh Hậu	40	Tỉnh Nghệ An	Huyện Quỳnh Lưu	10
17170	Xã Quỳnh Lâm	40	Tỉnh Nghệ An	Huyện Quỳnh Lưu	10
17173	Xã Quỳnh Đôi	40	Tỉnh Nghệ An	Huyện Quỳnh Lưu	10
17176	Xã Quỳnh Lương	40	Tỉnh Nghệ An	Huyện Quỳnh Lưu	10
17179	Xã Quỳnh Hồng	40	Tỉnh Nghệ An	Huyện Quỳnh Lưu	10
17182	Xã Quỳnh Yên	40	Tỉnh Nghệ An	Huyện Quỳnh Lưu	10
17185	Xã Quỳnh Bá	40	Tỉnh Nghệ An	Huyện Quỳnh Lưu	10
17188	Xã Quỳnh Minh	40	Tỉnh Nghệ An	Huyện Quỳnh Lưu	10
17191	Xã Quỳnh Diễn	40	Tỉnh Nghệ An	Huyện Quỳnh Lưu	10
17194	Xã Quỳnh Hưng	40	Tỉnh Nghệ An	Huyện Quỳnh Lưu	10
17197	Xã Quỳnh Giang	40	Tỉnh Nghệ An	Huyện Quỳnh Lưu	10
17200	Xã Quỳnh Ngọc	40	Tỉnh Nghệ An	Huyện Quỳnh Lưu	10
17203	Xã Quỳnh Nghĩa	40	Tỉnh Nghệ An	Huyện Quỳnh Lưu	10
17206	Xã An Hòa	40	Tỉnh Nghệ An	Huyện Quỳnh Lưu	10
17209	Xã Tiến Thủy	40	Tỉnh Nghệ An	Huyện Quỳnh Lưu	10
17212	Xã Sơn Hải	40	Tỉnh Nghệ An	Huyện Quỳnh Lưu	10
17215	Xã Quỳnh Thọ	40	Tỉnh Nghệ An	Huyện Quỳnh Lưu	10
17218	Xã Quỳnh Thuận	40	Tỉnh Nghệ An	Huyện Quỳnh Lưu	10
17221	Xã Quỳnh Long	40	Tỉnh Nghệ An	Huyện Quỳnh Lưu	10
17224	Xã Tân Thắng	40	Tỉnh Nghệ An	Huyện Quỳnh Lưu	10
17227	Thị trấn Con Cuông	40	Tỉnh Nghệ An	Huyện Con Cuông	9
17230	Xã Bình Chuẩn	40	Tỉnh Nghệ An	Huyện Con Cuông	10
17233	Xã Lạng Khê	40	Tỉnh Nghệ An	Huyện Con Cuông	10
17236	Xã Cam Lâm	40	Tỉnh Nghệ An	Huyện Con Cuông	10
17239	Xã Thạch Ngàn	40	Tỉnh Nghệ An	Huyện Con Cuông	10
17242	Xã Đôn Phục	40	Tỉnh Nghệ An	Huyện Con Cuông	10
17245	Xã Mậu Đức	40	Tỉnh Nghệ An	Huyện Con Cuông	10
17248	Xã Châu Khê	40	Tỉnh Nghệ An	Huyện Con Cuông	10
17251	Xã Chi Khê	40	Tỉnh Nghệ An	Huyện Con Cuông	10
17254	Xã Bồng Khê	40	Tỉnh Nghệ An	Huyện Con Cuông	10
17257	Xã Yên Khê	40	Tỉnh Nghệ An	Huyện Con Cuông	10
17260	Xã Lục Dạ	40	Tỉnh Nghệ An	Huyện Con Cuông	10
17263	Xã Môn Sơn	40	Tỉnh Nghệ An	Huyện Con Cuông	10
17266	Thị trấn Tân Kỳ	40	Tỉnh Nghệ An	Huyện Tân Kỳ	9
17269	Xã Tân Hợp	40	Tỉnh Nghệ An	Huyện Tân Kỳ	10
17272	Xã Tân Phú	40	Tỉnh Nghệ An	Huyện Tân Kỳ	10
17275	Xã Tân Xuân	40	Tỉnh Nghệ An	Huyện Tân Kỳ	10
17278	Xã Giai Xuân	40	Tỉnh Nghệ An	Huyện Tân Kỳ	10
17281	Xã Nghĩa Bình	40	Tỉnh Nghệ An	Huyện Tân Kỳ	10
17284	Xã Nghĩa Đồng	40	Tỉnh Nghệ An	Huyện Tân Kỳ	10
17287	Xã Đồng Văn	40	Tỉnh Nghệ An	Huyện Tân Kỳ	10
17290	Xã Nghĩa Thái	40	Tỉnh Nghệ An	Huyện Tân Kỳ	10
17293	Xã Nghĩa Hợp	40	Tỉnh Nghệ An	Huyện Tân Kỳ	10
17296	Xã Nghĩa Hoàn	40	Tỉnh Nghệ An	Huyện Tân Kỳ	10
17299	Xã Nghĩa Phúc	40	Tỉnh Nghệ An	Huyện Tân Kỳ	10
17302	Xã Tiên Kỳ	40	Tỉnh Nghệ An	Huyện Tân Kỳ	10
17305	Xã Tân An	40	Tỉnh Nghệ An	Huyện Tân Kỳ	10
17308	Xã Nghĩa Dũng	40	Tỉnh Nghệ An	Huyện Tân Kỳ	10
17311	Xã Tân Long	40	Tỉnh Nghệ An	Huyện Tân Kỳ	10
17314	Xã Kỳ Sơn	40	Tỉnh Nghệ An	Huyện Tân Kỳ	10
17317	Xã Hương Sơn	40	Tỉnh Nghệ An	Huyện Tân Kỳ	10
17320	Xã Kỳ Tân	40	Tỉnh Nghệ An	Huyện Tân Kỳ	10
17323	Xã Phú Sơn	40	Tỉnh Nghệ An	Huyện Tân Kỳ	10
17325	Xã Tân Hương	40	Tỉnh Nghệ An	Huyện Tân Kỳ	10
17326	Xã Nghĩa Hành	40	Tỉnh Nghệ An	Huyện Tân Kỳ	10
17329	Thị trấn Anh Sơn	40	Tỉnh Nghệ An	Huyện Anh Sơn	9
17332	Xã Thọ Sơn	40	Tỉnh Nghệ An	Huyện Anh Sơn	10
17335	Xã Thành Sơn	40	Tỉnh Nghệ An	Huyện Anh Sơn	10
17338	Xã Bình Sơn	40	Tỉnh Nghệ An	Huyện Anh Sơn	10
17341	Xã Tam Sơn	40	Tỉnh Nghệ An	Huyện Anh Sơn	10
17344	Xã Đỉnh Sơn	40	Tỉnh Nghệ An	Huyện Anh Sơn	10
17347	Xã Hùng Sơn	40	Tỉnh Nghệ An	Huyện Anh Sơn	10
17350	Xã Cẩm Sơn	40	Tỉnh Nghệ An	Huyện Anh Sơn	10
17353	Xã Đức Sơn	40	Tỉnh Nghệ An	Huyện Anh Sơn	10
17356	Xã Tường Sơn	40	Tỉnh Nghệ An	Huyện Anh Sơn	10
17357	Xã Hoa Sơn	40	Tỉnh Nghệ An	Huyện Anh Sơn	10
17359	Xã Tào Sơn	40	Tỉnh Nghệ An	Huyện Anh Sơn	10
17362	Xã Vĩnh Sơn	40	Tỉnh Nghệ An	Huyện Anh Sơn	10
17365	Xã Lạng Sơn	40	Tỉnh Nghệ An	Huyện Anh Sơn	10
17368	Xã Hội Sơn	40	Tỉnh Nghệ An	Huyện Anh Sơn	10
17371	Xã Thạch Sơn	40	Tỉnh Nghệ An	Huyện Anh Sơn	10
17374	Xã Phúc Sơn	40	Tỉnh Nghệ An	Huyện Anh Sơn	10
17377	Xã Long Sơn	40	Tỉnh Nghệ An	Huyện Anh Sơn	10
17380	Xã Khai Sơn	40	Tỉnh Nghệ An	Huyện Anh Sơn	10
17383	Xã Lĩnh Sơn	40	Tỉnh Nghệ An	Huyện Anh Sơn	10
17386	Xã Cao Sơn	40	Tỉnh Nghệ An	Huyện Anh Sơn	10
17389	Thị trấn Diễn Châu	40	Tỉnh Nghệ An	Huyện Diễn Châu	9
17392	Xã Diễn Lâm	40	Tỉnh Nghệ An	Huyện Diễn Châu	10
17395	Xã Diễn Đoài	40	Tỉnh Nghệ An	Huyện Diễn Châu	10
17398	Xã Diễn Trường	40	Tỉnh Nghệ An	Huyện Diễn Châu	10
17401	Xã Diễn Yên	40	Tỉnh Nghệ An	Huyện Diễn Châu	10
17404	Xã Diễn Hoàng	40	Tỉnh Nghệ An	Huyện Diễn Châu	10
17407	Xã Diễn Hùng	40	Tỉnh Nghệ An	Huyện Diễn Châu	10
17410	Xã Diễn Mỹ	40	Tỉnh Nghệ An	Huyện Diễn Châu	10
17413	Xã Diễn Hồng	40	Tỉnh Nghệ An	Huyện Diễn Châu	10
17416	Xã Diễn Phong	40	Tỉnh Nghệ An	Huyện Diễn Châu	10
17419	Xã Diễn Hải	40	Tỉnh Nghệ An	Huyện Diễn Châu	10
17422	Xã Diễn Tháp	40	Tỉnh Nghệ An	Huyện Diễn Châu	10
17425	Xã Diễn Liên	40	Tỉnh Nghệ An	Huyện Diễn Châu	10
17428	Xã Diễn Vạn	40	Tỉnh Nghệ An	Huyện Diễn Châu	10
17431	Xã Diễn Kim	40	Tỉnh Nghệ An	Huyện Diễn Châu	10
17434	Xã Diễn Kỷ	40	Tỉnh Nghệ An	Huyện Diễn Châu	10
17437	Xã Diễn Xuân	40	Tỉnh Nghệ An	Huyện Diễn Châu	10
17440	Xã Diễn Thái	40	Tỉnh Nghệ An	Huyện Diễn Châu	10
17443	Xã Diễn Đồng	40	Tỉnh Nghệ An	Huyện Diễn Châu	10
17446	Xã Diễn Bích	40	Tỉnh Nghệ An	Huyện Diễn Châu	10
17449	Xã Diễn Hạnh	40	Tỉnh Nghệ An	Huyện Diễn Châu	10
17452	Xã Diễn Ngọc	40	Tỉnh Nghệ An	Huyện Diễn Châu	10
17455	Xã Diễn Quảng	40	Tỉnh Nghệ An	Huyện Diễn Châu	10
17458	Xã Diễn Nguyên	40	Tỉnh Nghệ An	Huyện Diễn Châu	10
17461	Xã Diễn Hoa	40	Tỉnh Nghệ An	Huyện Diễn Châu	10
17464	Xã Diễn Thành	40	Tỉnh Nghệ An	Huyện Diễn Châu	10
17467	Xã Diễn Phúc	40	Tỉnh Nghệ An	Huyện Diễn Châu	10
17476	Xã Diễn Cát	40	Tỉnh Nghệ An	Huyện Diễn Châu	10
17479	Xã Diễn Thịnh	40	Tỉnh Nghệ An	Huyện Diễn Châu	10
17482	Xã Diễn Tân	40	Tỉnh Nghệ An	Huyện Diễn Châu	10
17485	Xã Minh Châu	40	Tỉnh Nghệ An	Huyện Diễn Châu	10
17488	Xã Diễn Thọ	40	Tỉnh Nghệ An	Huyện Diễn Châu	10
17491	Xã Diễn Lợi	40	Tỉnh Nghệ An	Huyện Diễn Châu	10
17494	Xã Diễn Lộc	40	Tỉnh Nghệ An	Huyện Diễn Châu	10
17497	Xã Diễn Trung	40	Tỉnh Nghệ An	Huyện Diễn Châu	10
17500	Xã Diễn An	40	Tỉnh Nghệ An	Huyện Diễn Châu	10
17503	Xã Diễn Phú	40	Tỉnh Nghệ An	Huyện Diễn Châu	10
17506	Thị trấn Yên Thành	40	Tỉnh Nghệ An	Huyện Yên Thành	9
17509	Xã Mã Thành	40	Tỉnh Nghệ An	Huyện Yên Thành	10
17510	Xã Tiến Thành	40	Tỉnh Nghệ An	Huyện Yên Thành	10
17512	Xã Lăng Thành	40	Tỉnh Nghệ An	Huyện Yên Thành	10
17515	Xã Tân Thành	40	Tỉnh Nghệ An	Huyện Yên Thành	10
17518	Xã Đức Thành	40	Tỉnh Nghệ An	Huyện Yên Thành	10
17521	Xã Kim Thành	40	Tỉnh Nghệ An	Huyện Yên Thành	10
17524	Xã Hậu Thành	40	Tỉnh Nghệ An	Huyện Yên Thành	10
17525	Xã Hùng Thành	40	Tỉnh Nghệ An	Huyện Yên Thành	10
17527	Xã Đô Thành	40	Tỉnh Nghệ An	Huyện Yên Thành	10
17530	Xã Thọ Thành	40	Tỉnh Nghệ An	Huyện Yên Thành	10
17533	Xã Quang Thành	40	Tỉnh Nghệ An	Huyện Yên Thành	10
17536	Xã Tây Thành	40	Tỉnh Nghệ An	Huyện Yên Thành	10
17539	Xã Phúc Thành	40	Tỉnh Nghệ An	Huyện Yên Thành	10
17542	Xã Hồng Thành	40	Tỉnh Nghệ An	Huyện Yên Thành	10
17545	Xã Đồng Thành	40	Tỉnh Nghệ An	Huyện Yên Thành	10
17548	Xã Phú Thành	40	Tỉnh Nghệ An	Huyện Yên Thành	10
17551	Xã Hoa Thành	40	Tỉnh Nghệ An	Huyện Yên Thành	10
17554	Xã Tăng Thành	40	Tỉnh Nghệ An	Huyện Yên Thành	10
17557	Xã Văn Thành	40	Tỉnh Nghệ An	Huyện Yên Thành	10
17560	Xã Thịnh Thành	40	Tỉnh Nghệ An	Huyện Yên Thành	10
17563	Xã Hợp Thành	40	Tỉnh Nghệ An	Huyện Yên Thành	10
17566	Xã Xuân Thành	40	Tỉnh Nghệ An	Huyện Yên Thành	10
17569	Xã Bắc Thành	40	Tỉnh Nghệ An	Huyện Yên Thành	10
17572	Xã Nhân Thành	40	Tỉnh Nghệ An	Huyện Yên Thành	10
17575	Xã Trung Thành	40	Tỉnh Nghệ An	Huyện Yên Thành	10
17578	Xã Long Thành	40	Tỉnh Nghệ An	Huyện Yên Thành	10
17581	Xã Minh Thành	40	Tỉnh Nghệ An	Huyện Yên Thành	10
17584	Xã Nam Thành	40	Tỉnh Nghệ An	Huyện Yên Thành	10
17587	Xã Vĩnh Thành	40	Tỉnh Nghệ An	Huyện Yên Thành	10
17590	Xã Lý Thành	40	Tỉnh Nghệ An	Huyện Yên Thành	10
17593	Xã Khánh Thành	40	Tỉnh Nghệ An	Huyện Yên Thành	10
17596	Xã Viên Thành	40	Tỉnh Nghệ An	Huyện Yên Thành	10
17599	Xã Đại Thành	40	Tỉnh Nghệ An	Huyện Yên Thành	10
17602	Xã Liên Thành	40	Tỉnh Nghệ An	Huyện Yên Thành	10
17605	Xã Bảo Thành	40	Tỉnh Nghệ An	Huyện Yên Thành	10
17608	Xã Mỹ Thành	40	Tỉnh Nghệ An	Huyện Yên Thành	10
17611	Xã Công Thành	40	Tỉnh Nghệ An	Huyện Yên Thành	10
17614	Xã Sơn Thành	40	Tỉnh Nghệ An	Huyện Yên Thành	10
17617	Thị trấn Đô Lương	40	Tỉnh Nghệ An	Huyện Đô Lương	9
17619	Xã Giang Sơn Đông	40	Tỉnh Nghệ An	Huyện Đô Lương	10
17620	Xã Giang Sơn Tây	40	Tỉnh Nghệ An	Huyện Đô Lương	10
17623	Xã Lam Sơn	40	Tỉnh Nghệ An	Huyện Đô Lương	10
17626	Xã Bồi Sơn	40	Tỉnh Nghệ An	Huyện Đô Lương	10
17629	Xã Hồng Sơn	40	Tỉnh Nghệ An	Huyện Đô Lương	10
17632	Xã Bài Sơn	40	Tỉnh Nghệ An	Huyện Đô Lương	10
17635	Xã Ngọc Sơn	40	Tỉnh Nghệ An	Huyện Đô Lương	10
17638	Xã Bắc Sơn	40	Tỉnh Nghệ An	Huyện Đô Lương	10
17641	Xã Tràng Sơn	40	Tỉnh Nghệ An	Huyện Đô Lương	10
17644	Xã Thượng Sơn	40	Tỉnh Nghệ An	Huyện Đô Lương	10
17647	Xã Hòa Sơn	40	Tỉnh Nghệ An	Huyện Đô Lương	10
17650	Xã Đặng Sơn	40	Tỉnh Nghệ An	Huyện Đô Lương	10
17653	Xã Đông Sơn	40	Tỉnh Nghệ An	Huyện Đô Lương	10
17656	Xã Nam Sơn	40	Tỉnh Nghệ An	Huyện Đô Lương	10
17659	Xã Lưu Sơn	40	Tỉnh Nghệ An	Huyện Đô Lương	10
17662	Xã Yên Sơn	40	Tỉnh Nghệ An	Huyện Đô Lương	10
17665	Xã Văn Sơn	40	Tỉnh Nghệ An	Huyện Đô Lương	10
17668	Xã Đà Sơn	40	Tỉnh Nghệ An	Huyện Đô Lương	10
17671	Xã Lạc Sơn	40	Tỉnh Nghệ An	Huyện Đô Lương	10
17674	Xã Tân Sơn	40	Tỉnh Nghệ An	Huyện Đô Lương	10
17677	Xã Thái Sơn	40	Tỉnh Nghệ An	Huyện Đô Lương	10
17680	Xã Quang Sơn	40	Tỉnh Nghệ An	Huyện Đô Lương	10
17683	Xã Thịnh Sơn	40	Tỉnh Nghệ An	Huyện Đô Lương	10
17686	Xã Trung Sơn	40	Tỉnh Nghệ An	Huyện Đô Lương	10
17689	Xã Xuân Sơn	40	Tỉnh Nghệ An	Huyện Đô Lương	10
17692	Xã Minh Sơn	40	Tỉnh Nghệ An	Huyện Đô Lương	10
17695	Xã Thuận Sơn	40	Tỉnh Nghệ An	Huyện Đô Lương	10
17698	Xã Nhân Sơn	40	Tỉnh Nghệ An	Huyện Đô Lương	10
17701	Xã Hiến Sơn	40	Tỉnh Nghệ An	Huyện Đô Lương	10
17704	Xã Mỹ Sơn	40	Tỉnh Nghệ An	Huyện Đô Lương	10
17707	Xã Trù Sơn	40	Tỉnh Nghệ An	Huyện Đô Lương	10
17710	Xã Đại Sơn	40	Tỉnh Nghệ An	Huyện Đô Lương	10
17713	Thị trấn Thanh Chương	40	Tỉnh Nghệ An	Huyện Thanh Chương	9
17716	Xã Cát Văn	40	Tỉnh Nghệ An	Huyện Thanh Chương	10
17719	Xã Thanh Nho	40	Tỉnh Nghệ An	Huyện Thanh Chương	10
17722	Xã Hạnh Lâm	40	Tỉnh Nghệ An	Huyện Thanh Chương	10
17723	Xã Thanh Sơn	40	Tỉnh Nghệ An	Huyện Thanh Chương	10
17725	Xã Thanh Hòa	40	Tỉnh Nghệ An	Huyện Thanh Chương	10
17728	Xã Phong Thịnh	40	Tỉnh Nghệ An	Huyện Thanh Chương	10
17731	Xã Thanh Phong	40	Tỉnh Nghệ An	Huyện Thanh Chương	10
17734	Xã Thanh Mỹ	40	Tỉnh Nghệ An	Huyện Thanh Chương	10
17737	Xã Thanh Tiên	40	Tỉnh Nghệ An	Huyện Thanh Chương	10
17743	Xã Thanh Liên	40	Tỉnh Nghệ An	Huyện Thanh Chương	10
17749	Xã Đại Đồng	40	Tỉnh Nghệ An	Huyện Thanh Chương	10
17752	Xã Thanh Đồng	40	Tỉnh Nghệ An	Huyện Thanh Chương	10
17755	Xã Thanh Ngọc	40	Tỉnh Nghệ An	Huyện Thanh Chương	10
17758	Xã Thanh Hương	40	Tỉnh Nghệ An	Huyện Thanh Chương	10
17759	Xã Ngọc Lâm	40	Tỉnh Nghệ An	Huyện Thanh Chương	10
17761	Xã Thanh Lĩnh	40	Tỉnh Nghệ An	Huyện Thanh Chương	10
17764	Xã Đồng Văn	40	Tỉnh Nghệ An	Huyện Thanh Chương	10
17767	Xã Ngọc Sơn	40	Tỉnh Nghệ An	Huyện Thanh Chương	10
17770	Xã Thanh Thịnh	40	Tỉnh Nghệ An	Huyện Thanh Chương	10
17773	Xã Thanh An	40	Tỉnh Nghệ An	Huyện Thanh Chương	10
17776	Xã Thanh Chi	40	Tỉnh Nghệ An	Huyện Thanh Chương	10
17779	Xã Xuân Tường	40	Tỉnh Nghệ An	Huyện Thanh Chương	10
17782	Xã Thanh Dương	40	Tỉnh Nghệ An	Huyện Thanh Chương	10
17785	Xã Thanh Lương	40	Tỉnh Nghệ An	Huyện Thanh Chương	10
17788	Xã Thanh Khê	40	Tỉnh Nghệ An	Huyện Thanh Chương	10
17791	Xã Võ Liệt	40	Tỉnh Nghệ An	Huyện Thanh Chương	10
17794	Xã Thanh Long	40	Tỉnh Nghệ An	Huyện Thanh Chương	10
17797	Xã Thanh Thủy	40	Tỉnh Nghệ An	Huyện Thanh Chương	10
17800	Xã Thanh Khai	40	Tỉnh Nghệ An	Huyện Thanh Chương	10
17803	Xã Thanh Yên	40	Tỉnh Nghệ An	Huyện Thanh Chương	10
17806	Xã Thanh Hà	40	Tỉnh Nghệ An	Huyện Thanh Chương	10
17809	Xã Thanh Giang	40	Tỉnh Nghệ An	Huyện Thanh Chương	10
17812	Xã Thanh Tùng	40	Tỉnh Nghệ An	Huyện Thanh Chương	10
17815	Xã Thanh Lâm	40	Tỉnh Nghệ An	Huyện Thanh Chương	10
17818	Xã Thanh Mai	40	Tỉnh Nghệ An	Huyện Thanh Chương	10
17821	Xã Thanh Xuân	40	Tỉnh Nghệ An	Huyện Thanh Chương	10
17824	Xã Thanh Đức	40	Tỉnh Nghệ An	Huyện Thanh Chương	10
17827	Thị trấn Quán Hành	40	Tỉnh Nghệ An	Huyện Nghi Lộc	9
17830	Xã Nghi Văn	40	Tỉnh Nghệ An	Huyện Nghi Lộc	10
17833	Xã Nghi Yên	40	Tỉnh Nghệ An	Huyện Nghi Lộc	10
17836	Xã Nghi Tiến	40	Tỉnh Nghệ An	Huyện Nghi Lộc	10
17839	Xã Nghi Hưng	40	Tỉnh Nghệ An	Huyện Nghi Lộc	10
17842	Xã Nghi Đồng	40	Tỉnh Nghệ An	Huyện Nghi Lộc	10
17845	Xã Nghi Thiết	40	Tỉnh Nghệ An	Huyện Nghi Lộc	10
17848	Xã Nghi Lâm	40	Tỉnh Nghệ An	Huyện Nghi Lộc	10
17851	Xã Nghi Quang	40	Tỉnh Nghệ An	Huyện Nghi Lộc	10
17854	Xã Nghi Kiều	40	Tỉnh Nghệ An	Huyện Nghi Lộc	10
17857	Xã Nghi Mỹ	40	Tỉnh Nghệ An	Huyện Nghi Lộc	10
17860	Xã Nghi Phương	40	Tỉnh Nghệ An	Huyện Nghi Lộc	10
17863	Xã Nghi Thuận	40	Tỉnh Nghệ An	Huyện Nghi Lộc	10
17866	Xã Nghi Long	40	Tỉnh Nghệ An	Huyện Nghi Lộc	10
17869	Xã Nghi Xá	40	Tỉnh Nghệ An	Huyện Nghi Lộc	10
17875	Xã Nghi Hoa	40	Tỉnh Nghệ An	Huyện Nghi Lộc	10
17878	Xã Khánh Hợp	40	Tỉnh Nghệ An	Huyện Nghi Lộc	10
17881	Xã Nghi Thịnh	40	Tỉnh Nghệ An	Huyện Nghi Lộc	10
17884	Xã Nghi Công Bắc	40	Tỉnh Nghệ An	Huyện Nghi Lộc	10
17887	Xã Nghi Công Nam	40	Tỉnh Nghệ An	Huyện Nghi Lộc	10
17890	Xã Nghi Thạch	40	Tỉnh Nghệ An	Huyện Nghi Lộc	10
17893	Xã Nghi Trung	40	Tỉnh Nghệ An	Huyện Nghi Lộc	10
17896	Xã Nghi Trường	40	Tỉnh Nghệ An	Huyện Nghi Lộc	10
17899	Xã Nghi Diên	40	Tỉnh Nghệ An	Huyện Nghi Lộc	10
17902	Xã Nghi Phong	40	Tỉnh Nghệ An	Huyện Nghi Lộc	10
17905	Xã Nghi Xuân	40	Tỉnh Nghệ An	Huyện Nghi Lộc	10
17908	Xã Nghi Liên	40	Tỉnh Nghệ An	Thành phố Vinh	10
17911	Xã Nghi Vạn	40	Tỉnh Nghệ An	Huyện Nghi Lộc	10
17914	Xã Nghi Ân	40	Tỉnh Nghệ An	Thành phố Vinh	10
17917	Xã Phúc Thọ	40	Tỉnh Nghệ An	Huyện Nghi Lộc	10
17920	Xã Nghi Kim	40	Tỉnh Nghệ An	Thành phố Vinh	10
17923	Xã Nghi Đức	40	Tỉnh Nghệ An	Thành phố Vinh	10
17926	Xã Nghi Thái	40	Tỉnh Nghệ An	Huyện Nghi Lộc	10
17932	Xã Nam Hưng	40	Tỉnh Nghệ An	Huyện Nam Đàn	10
17935	Xã Nam Nghĩa	40	Tỉnh Nghệ An	Huyện Nam Đàn	10
17938	Xã Nam Thanh	40	Tỉnh Nghệ An	Huyện Nam Đàn	10
17941	Xã Nam Anh	40	Tỉnh Nghệ An	Huyện Nam Đàn	10
17944	Xã Nam Xuân	40	Tỉnh Nghệ An	Huyện Nam Đàn	10
17947	Xã Nam Thái	40	Tỉnh Nghệ An	Huyện Nam Đàn	10
17950	Thị trấn Nam Đàn	40	Tỉnh Nghệ An	Huyện Nam Đàn	9
17953	Xã Nam Lĩnh	40	Tỉnh Nghệ An	Huyện Nam Đàn	10
17956	Xã Nam Giang	40	Tỉnh Nghệ An	Huyện Nam Đàn	10
17959	Xã Xuân Hòa	40	Tỉnh Nghệ An	Huyện Nam Đàn	10
17962	Xã Hùng Tiến	40	Tỉnh Nghệ An	Huyện Nam Đàn	10
17968	Xã Thượng Tân Lộc	40	Tỉnh Nghệ An	Huyện Nam Đàn	10
17971	Xã Kim Liên	40	Tỉnh Nghệ An	Huyện Nam Đàn	10
17977	Xã Hồng Long	40	Tỉnh Nghệ An	Huyện Nam Đàn	10
17980	Xã Xuân Lâm	40	Tỉnh Nghệ An	Huyện Nam Đàn	10
17983	Xã Nam Cát	40	Tỉnh Nghệ An	Huyện Nam Đàn	10
17986	Xã Khánh Sơn	40	Tỉnh Nghệ An	Huyện Nam Đàn	10
17989	Xã Trung Phúc Cường	40	Tỉnh Nghệ An	Huyện Nam Đàn	10
17998	Xã Nam Kim	40	Tỉnh Nghệ An	Huyện Nam Đàn	10
18001	Thị trấn Hưng Nguyên	40	Tỉnh Nghệ An	Huyện Hưng Nguyên	9
18004	Xã Hưng Trung	40	Tỉnh Nghệ An	Huyện Hưng Nguyên	10
18007	Xã Hưng Yên	40	Tỉnh Nghệ An	Huyện Hưng Nguyên	10
18008	Xã Hưng Yên Bắc	40	Tỉnh Nghệ An	Huyện Hưng Nguyên	10
18010	Xã Hưng Tây	40	Tỉnh Nghệ An	Huyện Hưng Nguyên	10
18013	Xã Hưng Chính	40	Tỉnh Nghệ An	Thành phố Vinh	10
18016	Xã Hưng Đạo	40	Tỉnh Nghệ An	Huyện Hưng Nguyên	10
18019	Xã Hưng Mỹ	40	Tỉnh Nghệ An	Huyện Hưng Nguyên	10
18022	Xã Hưng Thịnh	40	Tỉnh Nghệ An	Huyện Hưng Nguyên	10
18025	Xã Hưng Lĩnh	40	Tỉnh Nghệ An	Huyện Hưng Nguyên	10
18028	Xã Hưng Thông	40	Tỉnh Nghệ An	Huyện Hưng Nguyên	10
18031	Xã Hưng Tân	40	Tỉnh Nghệ An	Huyện Hưng Nguyên	10
18034	Xã Hưng Lợi	40	Tỉnh Nghệ An	Huyện Hưng Nguyên	10
18037	Xã Hưng Nghĩa	40	Tỉnh Nghệ An	Huyện Hưng Nguyên	10
18040	Xã Hưng Phúc	40	Tỉnh Nghệ An	Huyện Hưng Nguyên	10
18043	Xã Long Xá	40	Tỉnh Nghệ An	Huyện Hưng Nguyên	10
18052	Xã Châu Nhân	40	Tỉnh Nghệ An	Huyện Hưng Nguyên	10
18055	Xã Xuân Lam	40	Tỉnh Nghệ An	Huyện Hưng Nguyên	10
18064	Xã Hưng Thành	40	Tỉnh Nghệ An	Huyện Hưng Nguyên	10
18070	Phường Trần Phú	42	Tỉnh Hà Tĩnh	Thành phố Hà Tĩnh	8
18073	Phường Nam Hà	42	Tỉnh Hà Tĩnh	Thành phố Hà Tĩnh	8
18076	Phường Bắc Hà	42	Tỉnh Hà Tĩnh	Thành phố Hà Tĩnh	8
18077	Phường Nguyễn Du	42	Tỉnh Hà Tĩnh	Thành phố Hà Tĩnh	8
18079	Phường Tân Giang	42	Tỉnh Hà Tĩnh	Thành phố Hà Tĩnh	8
18082	Phường Đại Nài	42	Tỉnh Hà Tĩnh	Thành phố Hà Tĩnh	8
18085	Phường Hà Huy Tập	42	Tỉnh Hà Tĩnh	Thành phố Hà Tĩnh	8
18088	Xã Thạch Trung	42	Tỉnh Hà Tĩnh	Thành phố Hà Tĩnh	10
18091	Phường Thạch Quý	42	Tỉnh Hà Tĩnh	Thành phố Hà Tĩnh	8
18094	Phường Thạch Linh	42	Tỉnh Hà Tĩnh	Thành phố Hà Tĩnh	8
18097	Phường Văn Yên	42	Tỉnh Hà Tĩnh	Thành phố Hà Tĩnh	8
18100	Xã Thạch Hạ	42	Tỉnh Hà Tĩnh	Thành phố Hà Tĩnh	10
18103	Xã Đồng Môn	42	Tỉnh Hà Tĩnh	Thành phố Hà Tĩnh	10
18109	Xã Thạch Hưng	42	Tỉnh Hà Tĩnh	Thành phố Hà Tĩnh	10
18112	Xã Thạch Bình	42	Tỉnh Hà Tĩnh	Thành phố Hà Tĩnh	10
18115	Phường Bắc Hồng	42	Tỉnh Hà Tĩnh	Thị xã Hồng Lĩnh	8
18118	Phường Nam Hồng	42	Tỉnh Hà Tĩnh	Thị xã Hồng Lĩnh	8
18121	Phường Trung Lương	42	Tỉnh Hà Tĩnh	Thị xã Hồng Lĩnh	8
18124	Phường Đức Thuận	42	Tỉnh Hà Tĩnh	Thị xã Hồng Lĩnh	8
18127	Phường Đậu Liêu	42	Tỉnh Hà Tĩnh	Thị xã Hồng Lĩnh	8
18130	Xã Thuận Lộc	42	Tỉnh Hà Tĩnh	Thị xã Hồng Lĩnh	10
18133	Thị trấn Phố Châu	42	Tỉnh Hà Tĩnh	Huyện Hương Sơn	9
18136	Thị trấn Tây Sơn	42	Tỉnh Hà Tĩnh	Huyện Hương Sơn	9
18139	Xã Sơn Hồng	42	Tỉnh Hà Tĩnh	Huyện Hương Sơn	10
18142	Xã Sơn Tiến	42	Tỉnh Hà Tĩnh	Huyện Hương Sơn	10
18145	Xã Sơn Lâm	42	Tỉnh Hà Tĩnh	Huyện Hương Sơn	10
18148	Xã Sơn Lễ	42	Tỉnh Hà Tĩnh	Huyện Hương Sơn	10
18157	Xã Sơn Giang	42	Tỉnh Hà Tĩnh	Huyện Hương Sơn	10
18160	Xã Sơn Lĩnh	42	Tỉnh Hà Tĩnh	Huyện Hương Sơn	10
18163	Xã An Hòa Thịnh	42	Tỉnh Hà Tĩnh	Huyện Hương Sơn	10
18172	Xã Sơn Tây	42	Tỉnh Hà Tĩnh	Huyện Hương Sơn	10
18175	Xã Sơn Ninh	42	Tỉnh Hà Tĩnh	Huyện Hương Sơn	10
18178	Xã Sơn Châu	42	Tỉnh Hà Tĩnh	Huyện Hương Sơn	10
18181	Xã Tân Mỹ Hà	42	Tỉnh Hà Tĩnh	Huyện Hương Sơn	10
18184	Xã Quang Diệm	42	Tỉnh Hà Tĩnh	Huyện Hương Sơn	10
18187	Xã Sơn Trung	42	Tỉnh Hà Tĩnh	Huyện Hương Sơn	10
18190	Xã Sơn Bằng	42	Tỉnh Hà Tĩnh	Huyện Hương Sơn	10
18193	Xã Sơn Bình	42	Tỉnh Hà Tĩnh	Huyện Hương Sơn	10
18196	Xã Sơn Kim 1	42	Tỉnh Hà Tĩnh	Huyện Hương Sơn	10
18199	Xã Sơn Kim 2	42	Tỉnh Hà Tĩnh	Huyện Hương Sơn	10
18202	Xã Sơn Trà	42	Tỉnh Hà Tĩnh	Huyện Hương Sơn	10
18205	Xã Sơn Long	42	Tỉnh Hà Tĩnh	Huyện Hương Sơn	10
18211	Xã Kim Hoa	42	Tỉnh Hà Tĩnh	Huyện Hương Sơn	10
18214	Xã Sơn Hàm	42	Tỉnh Hà Tĩnh	Huyện Hương Sơn	10
18217	Xã Sơn Phú	42	Tỉnh Hà Tĩnh	Huyện Hương Sơn	10
18223	Xã Sơn Trường	42	Tỉnh Hà Tĩnh	Huyện Hương Sơn	10
18229	Thị trấn Đức Thọ	42	Tỉnh Hà Tĩnh	Huyện Đức Thọ	9
18235	Xã Quang Vĩnh	42	Tỉnh Hà Tĩnh	Huyện Đức Thọ	10
18241	Xã Tùng Châu	42	Tỉnh Hà Tĩnh	Huyện Đức Thọ	10
18244	Xã Trường Sơn	42	Tỉnh Hà Tĩnh	Huyện Đức Thọ	10
18247	Xã Liên Minh	42	Tỉnh Hà Tĩnh	Huyện Đức Thọ	10
18253	Xã Yên Hồ	42	Tỉnh Hà Tĩnh	Huyện Đức Thọ	10
18259	Xã Tùng Ảnh	42	Tỉnh Hà Tĩnh	Huyện Đức Thọ	10
18262	Xã Bùi La Nhân	42	Tỉnh Hà Tĩnh	Huyện Đức Thọ	10
18274	Xã Thanh Bình Thịnh	42	Tỉnh Hà Tĩnh	Huyện Đức Thọ	10
18277	Xã Lâm Trung Thủy	42	Tỉnh Hà Tĩnh	Huyện Đức Thọ	10
18280	Xã Hòa Lạc	42	Tỉnh Hà Tĩnh	Huyện Đức Thọ	10
18283	Xã Tân Dân	42	Tỉnh Hà Tĩnh	Huyện Đức Thọ	10
18298	Xã An Dũng	42	Tỉnh Hà Tĩnh	Huyện Đức Thọ	10
18304	Xã Đức Đồng	42	Tỉnh Hà Tĩnh	Huyện Đức Thọ	10
18307	Xã Đức Lạng	42	Tỉnh Hà Tĩnh	Huyện Đức Thọ	10
18310	Xã Tân Hương	42	Tỉnh Hà Tĩnh	Huyện Đức Thọ	10
18313	Thị trấn Vũ Quang	42	Tỉnh Hà Tĩnh	Huyện Vũ Quang	9
18316	Xã Ân Phú	42	Tỉnh Hà Tĩnh	Huyện Vũ Quang	10
18319	Xã Đức Giang	42	Tỉnh Hà Tĩnh	Huyện Vũ Quang	10
18322	Xã Đức Lĩnh	42	Tỉnh Hà Tĩnh	Huyện Vũ Quang	10
18325	Xã Thọ Điền	42	Tỉnh Hà Tĩnh	Huyện Vũ Quang	10
18328	Xã Đức Hương	42	Tỉnh Hà Tĩnh	Huyện Vũ Quang	10
18331	Xã Đức Bồng	42	Tỉnh Hà Tĩnh	Huyện Vũ Quang	10
18334	Xã Đức Liên	42	Tỉnh Hà Tĩnh	Huyện Vũ Quang	10
18340	Xã Hương Minh	42	Tỉnh Hà Tĩnh	Huyện Vũ Quang	10
18343	Xã Quang Thọ	42	Tỉnh Hà Tĩnh	Huyện Vũ Quang	10
18352	Thị trấn Xuân An	42	Tỉnh Hà Tĩnh	Huyện Nghi Xuân	9
18355	Xã Xuân Hội	42	Tỉnh Hà Tĩnh	Huyện Nghi Xuân	10
18358	Xã Đan Trường	42	Tỉnh Hà Tĩnh	Huyện Nghi Xuân	10
18364	Xã Xuân Phổ	42	Tỉnh Hà Tĩnh	Huyện Nghi Xuân	10
18367	Xã Xuân Hải	42	Tỉnh Hà Tĩnh	Huyện Nghi Xuân	10
18370	Xã Xuân Giang	42	Tỉnh Hà Tĩnh	Huyện Nghi Xuân	10
18373	Thị trấn Tiên Điền	42	Tỉnh Hà Tĩnh	Huyện Nghi Xuân	9
18376	Xã Xuân Yên	42	Tỉnh Hà Tĩnh	Huyện Nghi Xuân	10
18379	Xã Xuân Mỹ	42	Tỉnh Hà Tĩnh	Huyện Nghi Xuân	10
18382	Xã Xuân Thành	42	Tỉnh Hà Tĩnh	Huyện Nghi Xuân	10
18385	Xã Xuân Viên	42	Tỉnh Hà Tĩnh	Huyện Nghi Xuân	10
18388	Xã Xuân Hồng	42	Tỉnh Hà Tĩnh	Huyện Nghi Xuân	10
18391	Xã Cỗ Đạm	42	Tỉnh Hà Tĩnh	Huyện Nghi Xuân	10
18394	Xã Xuân Liên	42	Tỉnh Hà Tĩnh	Huyện Nghi Xuân	10
18397	Xã Xuân Lĩnh	42	Tỉnh Hà Tĩnh	Huyện Nghi Xuân	10
18400	Xã Xuân Lam	42	Tỉnh Hà Tĩnh	Huyện Nghi Xuân	10
18403	Xã Cương Gián	42	Tỉnh Hà Tĩnh	Huyện Nghi Xuân	10
18406	Thị trấn Nghèn	42	Tỉnh Hà Tĩnh	Huyện Can Lộc	9
18409	Xã Tân Lộc	42	Tỉnh Hà Tĩnh	Huyện Lộc Hà	10
18412	Xã Hồng Lộc	42	Tỉnh Hà Tĩnh	Huyện Lộc Hà	10
18415	Xã Thiên Lộc	42	Tỉnh Hà Tĩnh	Huyện Can Lộc	10
18418	Xã Thuần Thiện	42	Tỉnh Hà Tĩnh	Huyện Can Lộc	10
18421	Xã Thịnh Lộc	42	Tỉnh Hà Tĩnh	Huyện Lộc Hà	10
18427	Xã Vượng Lộc	42	Tỉnh Hà Tĩnh	Huyện Can Lộc	10
18430	Xã Bình An	42	Tỉnh Hà Tĩnh	Huyện Lộc Hà	10
18433	Xã Thanh Lộc	42	Tỉnh Hà Tĩnh	Huyện Can Lộc	10
18436	Xã Kim Song Trường	42	Tỉnh Hà Tĩnh	Huyện Can Lộc	10
18439	Xã Thường Nga	42	Tỉnh Hà Tĩnh	Huyện Can Lộc	10
18445	Xã Tùng Lộc	42	Tỉnh Hà Tĩnh	Huyện Can Lộc	10
18454	Xã Phú Lộc	42	Tỉnh Hà Tĩnh	Huyện Can Lộc	10
18457	Xã Ích Hậu	42	Tỉnh Hà Tĩnh	Huyện Lộc Hà	10
18463	Xã Gia Hanh	42	Tỉnh Hà Tĩnh	Huyện Can Lộc	10
18466	Xã Khánh Vĩnh Yên	42	Tỉnh Hà Tĩnh	Huyện Can Lộc	10
18472	Xã Trung Lộc	42	Tỉnh Hà Tĩnh	Huyện Can Lộc	10
18475	Xã Xuân Lộc	42	Tỉnh Hà Tĩnh	Huyện Can Lộc	10
18478	Xã Thượng Lộc	42	Tỉnh Hà Tĩnh	Huyện Can Lộc	10
18481	Xã Quang Lộc	42	Tỉnh Hà Tĩnh	Huyện Can Lộc	10
18484	Thị trấn Đồng Lộc	42	Tỉnh Hà Tĩnh	Huyện Can Lộc	9
18487	Xã Mỹ Lộc	42	Tỉnh Hà Tĩnh	Huyện Can Lộc	10
18490	Xã Sơn Lộc	42	Tỉnh Hà Tĩnh	Huyện Can Lộc	10
18493	Xã Phù Lưu	42	Tỉnh Hà Tĩnh	Huyện Lộc Hà	10
18496	Thị trấn Hương Khê	42	Tỉnh Hà Tĩnh	Huyện Hương Khê	9
18499	Xã Điền Mỹ	42	Tỉnh Hà Tĩnh	Huyện Hương Khê	10
18502	Xã Hà Linh	42	Tỉnh Hà Tĩnh	Huyện Hương Khê	10
18505	Xã Hương Thủy	42	Tỉnh Hà Tĩnh	Huyện Hương Khê	10
18508	Xã Hòa Hải	42	Tỉnh Hà Tĩnh	Huyện Hương Khê	10
18514	Xã Phúc Đồng	42	Tỉnh Hà Tĩnh	Huyện Hương Khê	10
18517	Xã Hương Giang	42	Tỉnh Hà Tĩnh	Huyện Hương Khê	10
18520	Xã Lộc Yên	42	Tỉnh Hà Tĩnh	Huyện Hương Khê	10
18523	Xã Hương Bình	42	Tỉnh Hà Tĩnh	Huyện Hương Khê	10
18526	Xã Hương Long	42	Tỉnh Hà Tĩnh	Huyện Hương Khê	10
18529	Xã Phú Gia	42	Tỉnh Hà Tĩnh	Huyện Hương Khê	10
18532	Xã Gia Phố	42	Tỉnh Hà Tĩnh	Huyện Hương Khê	10
18535	Xã Phú Phong	42	Tỉnh Hà Tĩnh	Huyện Hương Khê	10
18538	Xã Hương Đô	42	Tỉnh Hà Tĩnh	Huyện Hương Khê	10
18541	Xã Hương Vĩnh	42	Tỉnh Hà Tĩnh	Huyện Hương Khê	10
18544	Xã Hương Xuân	42	Tỉnh Hà Tĩnh	Huyện Hương Khê	10
18547	Xã Phúc Trạch	42	Tỉnh Hà Tĩnh	Huyện Hương Khê	10
18550	Xã Hương Trà	42	Tỉnh Hà Tĩnh	Huyện Hương Khê	10
18553	Xã Hương Trạch	42	Tỉnh Hà Tĩnh	Huyện Hương Khê	10
18556	Xã Hương Lâm	42	Tỉnh Hà Tĩnh	Huyện Hương Khê	10
18559	Xã Hương Liên	42	Tỉnh Hà Tĩnh	Huyện Hương Khê	10
18562	Thị trấn Thạch Hà	42	Tỉnh Hà Tĩnh	Huyện Thạch Hà	9
18565	Xã Ngọc Sơn	42	Tỉnh Hà Tĩnh	Huyện Thạch Hà	10
18568	Thị trấn Lộc Hà	42	Tỉnh Hà Tĩnh	Huyện Lộc Hà	9
18571	Xã Thạch Hải	42	Tỉnh Hà Tĩnh	Huyện Thạch Hà	10
18577	Xã Thạch Mỹ	42	Tỉnh Hà Tĩnh	Huyện Lộc Hà	10
18580	Xã Thạch Kim	42	Tỉnh Hà Tĩnh	Huyện Lộc Hà	10
18583	Xã Thạch Châu	42	Tỉnh Hà Tĩnh	Huyện Lộc Hà	10
18586	Xã Thạch Kênh	42	Tỉnh Hà Tĩnh	Huyện Thạch Hà	10
18589	Xã Thạch Sơn	42	Tỉnh Hà Tĩnh	Huyện Thạch Hà	10
18592	Xã Thạch Liên	42	Tỉnh Hà Tĩnh	Huyện Thạch Hà	10
18595	Xã Đỉnh Bàn	42	Tỉnh Hà Tĩnh	Huyện Thạch Hà	10
18598	Xã Hộ Độ	42	Tỉnh Hà Tĩnh	Huyện Lộc Hà	10
18601	Xã Việt Tiến	42	Tỉnh Hà Tĩnh	Huyện Thạch Hà	10
18604	Xã Thạch Khê	42	Tỉnh Hà Tĩnh	Huyện Thạch Hà	10
18607	Xã Thạch Long	42	Tỉnh Hà Tĩnh	Huyện Thạch Hà	10
18619	Xã Thạch Trị	42	Tỉnh Hà Tĩnh	Huyện Thạch Hà	10
18622	Xã Thạch Lạc	42	Tỉnh Hà Tĩnh	Huyện Thạch Hà	10
18625	Xã Thạch Ngọc	42	Tỉnh Hà Tĩnh	Huyện Thạch Hà	10
18628	Xã Tượng Sơn	42	Tỉnh Hà Tĩnh	Huyện Thạch Hà	10
18631	Xã Thạch Văn	42	Tỉnh Hà Tĩnh	Huyện Thạch Hà	10
18634	Xã Lưu Vĩnh Sơn	42	Tỉnh Hà Tĩnh	Huyện Thạch Hà	10
18637	Xã Thạch Thắng	42	Tỉnh Hà Tĩnh	Huyện Thạch Hà	10
18643	Xã Thạch Đài	42	Tỉnh Hà Tĩnh	Huyện Thạch Hà	10
18649	Xã Thạch Hội	42	Tỉnh Hà Tĩnh	Huyện Thạch Hà	10
18652	Xã Tân Lâm Hương	42	Tỉnh Hà Tĩnh	Huyện Thạch Hà	10
18658	Xã Thạch Xuân	42	Tỉnh Hà Tĩnh	Huyện Thạch Hà	10
18667	Xã Nam Điền	42	Tỉnh Hà Tĩnh	Huyện Thạch Hà	10
18670	Xã Mai Phụ	42	Tỉnh Hà Tĩnh	Huyện Lộc Hà	10
18673	Thị trấn Cẩm Xuyên	42	Tỉnh Hà Tĩnh	Huyện Cẩm Xuyên	9
18676	Thị trấn Thiên Cầm	42	Tỉnh Hà Tĩnh	Huyện Cẩm Xuyên	9
18679	Xã Yên Hòa	42	Tỉnh Hà Tĩnh	Huyện Cẩm Xuyên	10
18682	Xã Cẩm Dương	42	Tỉnh Hà Tĩnh	Huyện Cẩm Xuyên	10
18685	Xã Cẩm Bình	42	Tỉnh Hà Tĩnh	Huyện Cẩm Xuyên	10
18691	Xã Cẩm Vĩnh	42	Tỉnh Hà Tĩnh	Huyện Cẩm Xuyên	10
18694	Xã Cẩm Thành	42	Tỉnh Hà Tĩnh	Huyện Cẩm Xuyên	10
18697	Xã Cẩm Quang	42	Tỉnh Hà Tĩnh	Huyện Cẩm Xuyên	10
18706	Xã Cẩm Thạch	42	Tỉnh Hà Tĩnh	Huyện Cẩm Xuyên	10
18709	Xã Cẩm Nhượng	42	Tỉnh Hà Tĩnh	Huyện Cẩm Xuyên	10
18712	Xã Nam Phúc Thăng	42	Tỉnh Hà Tĩnh	Huyện Cẩm Xuyên	10
18715	Xã Cẩm Duệ	42	Tỉnh Hà Tĩnh	Huyện Cẩm Xuyên	10
18721	Xã Cẩm Lĩnh	42	Tỉnh Hà Tĩnh	Huyện Cẩm Xuyên	10
18724	Xã Cẩm Quan	42	Tỉnh Hà Tĩnh	Huyện Cẩm Xuyên	10
18727	Xã Cẩm Hà	42	Tỉnh Hà Tĩnh	Huyện Cẩm Xuyên	10
18730	Xã Cẩm Lộc	42	Tỉnh Hà Tĩnh	Huyện Cẩm Xuyên	10
18733	Xã Cẩm Hưng	42	Tỉnh Hà Tĩnh	Huyện Cẩm Xuyên	10
18736	Xã Cẩm Thịnh	42	Tỉnh Hà Tĩnh	Huyện Cẩm Xuyên	10
18739	Xã Cẩm Mỹ	42	Tỉnh Hà Tĩnh	Huyện Cẩm Xuyên	10
18742	Xã Cẩm Trung	42	Tỉnh Hà Tĩnh	Huyện Cẩm Xuyên	10
18745	Xã Cẩm Sơn	42	Tỉnh Hà Tĩnh	Huyện Cẩm Xuyên	10
18748	Xã Cẩm Lạc	42	Tỉnh Hà Tĩnh	Huyện Cẩm Xuyên	10
18751	Xã Cẩm Minh	42	Tỉnh Hà Tĩnh	Huyện Cẩm Xuyên	10
18754	Phường Hưng Trí	42	Tỉnh Hà Tĩnh	Thị xã Kỳ Anh	8
18757	Xã Kỳ Xuân	42	Tỉnh Hà Tĩnh	Huyện Kỳ Anh	10
18760	Xã Kỳ Bắc	42	Tỉnh Hà Tĩnh	Huyện Kỳ Anh	10
18763	Xã Kỳ Phú	42	Tỉnh Hà Tĩnh	Huyện Kỳ Anh	10
18766	Xã Kỳ Phong	42	Tỉnh Hà Tĩnh	Huyện Kỳ Anh	10
18769	Xã Kỳ Tiến	42	Tỉnh Hà Tĩnh	Huyện Kỳ Anh	10
18772	Xã Kỳ Giang	42	Tỉnh Hà Tĩnh	Huyện Kỳ Anh	10
18775	Xã Kỳ Đồng	42	Tỉnh Hà Tĩnh	Huyện Kỳ Anh	10
18778	Xã Kỳ Khang	42	Tỉnh Hà Tĩnh	Huyện Kỳ Anh	10
18781	Xã Kỳ Ninh	42	Tỉnh Hà Tĩnh	Thị xã Kỳ Anh	10
18784	Xã Kỳ Văn	42	Tỉnh Hà Tĩnh	Huyện Kỳ Anh	10
18787	Xã Kỳ Trung	42	Tỉnh Hà Tĩnh	Huyện Kỳ Anh	10
18790	Xã Kỳ Thọ	42	Tỉnh Hà Tĩnh	Huyện Kỳ Anh	10
18793	Xã Kỳ Tây	42	Tỉnh Hà Tĩnh	Huyện Kỳ Anh	10
18796	Xã Kỳ Lợi	42	Tỉnh Hà Tĩnh	Thị xã Kỳ Anh	10
18799	Xã Kỳ Thượng	42	Tỉnh Hà Tĩnh	Huyện Kỳ Anh	10
18802	Xã Kỳ Hải	42	Tỉnh Hà Tĩnh	Huyện Kỳ Anh	10
18805	Xã Kỳ Thư	42	Tỉnh Hà Tĩnh	Huyện Kỳ Anh	10
18808	Xã Kỳ Hà	42	Tỉnh Hà Tĩnh	Thị xã Kỳ Anh	10
18811	Xã Kỳ Châu	42	Tỉnh Hà Tĩnh	Huyện Kỳ Anh	10
18814	Xã Kỳ Tân	42	Tỉnh Hà Tĩnh	Huyện Kỳ Anh	10
18820	Phường Kỳ Trinh	42	Tỉnh Hà Tĩnh	Thị xã Kỳ Anh	8
18823	Phường Kỳ Thịnh	42	Tỉnh Hà Tĩnh	Thị xã Kỳ Anh	8
18829	Xã Kỳ Hoa	42	Tỉnh Hà Tĩnh	Thị xã Kỳ Anh	10
18832	Phường Kỳ Phương	42	Tỉnh Hà Tĩnh	Thị xã Kỳ Anh	8
18835	Phường Kỳ Long	42	Tỉnh Hà Tĩnh	Thị xã Kỳ Anh	8
18838	Xã Lâm Hợp	42	Tỉnh Hà Tĩnh	Huyện Kỳ Anh	10
18841	Phường Kỳ Liên	42	Tỉnh Hà Tĩnh	Thị xã Kỳ Anh	8
18844	Xã Kỳ Sơn	42	Tỉnh Hà Tĩnh	Huyện Kỳ Anh	10
18847	Xã Kỳ Nam	42	Tỉnh Hà Tĩnh	Thị xã Kỳ Anh	10
18850	Xã Kỳ Lạc	42	Tỉnh Hà Tĩnh	Huyện Kỳ Anh	10
18853	Phường Hải Thành	44	Tỉnh Quảng Bình	Thành phố Đồng Hới	8
18856	Phường Đồng Phú	44	Tỉnh Quảng Bình	Thành phố Đồng Hới	8
18859	Phường Bắc Lý	44	Tỉnh Quảng Bình	Thành phố Đồng Hới	8
18865	Phường Nam Lý	44	Tỉnh Quảng Bình	Thành phố Đồng Hới	8
18868	Phường Đồng Hải	44	Tỉnh Quảng Bình	Thành phố Đồng Hới	8
18871	Phường Đồng Sơn	44	Tỉnh Quảng Bình	Thành phố Đồng Hới	8
18874	Phường Phú Hải	44	Tỉnh Quảng Bình	Thành phố Đồng Hới	8
18877	Phường Bắc Nghĩa	44	Tỉnh Quảng Bình	Thành phố Đồng Hới	8
18880	Phường Đức Ninh Đông	44	Tỉnh Quảng Bình	Thành phố Đồng Hới	8
18883	Xã Quang Phú	44	Tỉnh Quảng Bình	Thành phố Đồng Hới	10
18886	Xã Lộc Ninh	44	Tỉnh Quảng Bình	Thành phố Đồng Hới	10
18889	Xã Bảo Ninh	44	Tỉnh Quảng Bình	Thành phố Đồng Hới	10
18892	Xã Nghĩa Ninh	44	Tỉnh Quảng Bình	Thành phố Đồng Hới	10
18895	Xã Thuận Đức	44	Tỉnh Quảng Bình	Thành phố Đồng Hới	10
18898	Xã Đức Ninh	44	Tỉnh Quảng Bình	Thành phố Đồng Hới	10
18901	Thị trấn Quy Đạt	44	Tỉnh Quảng Bình	Huyện Minh Hóa	9
18904	Xã Dân Hóa	44	Tỉnh Quảng Bình	Huyện Minh Hóa	10
18907	Xã Trọng Hóa	44	Tỉnh Quảng Bình	Huyện Minh Hóa	10
18910	Xã Hóa Phúc	44	Tỉnh Quảng Bình	Huyện Minh Hóa	10
18913	Xã Hồng Hóa	44	Tỉnh Quảng Bình	Huyện Minh Hóa	10
18916	Xã Hóa Thanh	44	Tỉnh Quảng Bình	Huyện Minh Hóa	10
18919	Xã Hóa Tiến	44	Tỉnh Quảng Bình	Huyện Minh Hóa	10
18922	Xã Hóa Hợp	44	Tỉnh Quảng Bình	Huyện Minh Hóa	10
18925	Xã Xuân Hóa	44	Tỉnh Quảng Bình	Huyện Minh Hóa	10
18928	Xã Yên Hóa	44	Tỉnh Quảng Bình	Huyện Minh Hóa	10
18931	Xã Minh Hóa	44	Tỉnh Quảng Bình	Huyện Minh Hóa	10
18934	Xã Tân Hóa	44	Tỉnh Quảng Bình	Huyện Minh Hóa	10
18937	Xã Hóa Sơn	44	Tỉnh Quảng Bình	Huyện Minh Hóa	10
18943	Xã Trung Hóa	44	Tỉnh Quảng Bình	Huyện Minh Hóa	10
18946	Xã Thượng Hóa	44	Tỉnh Quảng Bình	Huyện Minh Hóa	10
18949	Thị trấn Đồng Lê	44	Tỉnh Quảng Bình	Huyện Tuyên Hóa	9
18952	Xã Hương Hóa	44	Tỉnh Quảng Bình	Huyện Tuyên Hóa	10
18955	Xã Kim Hóa	44	Tỉnh Quảng Bình	Huyện Tuyên Hóa	10
18958	Xã Thanh Hóa	44	Tỉnh Quảng Bình	Huyện Tuyên Hóa	10
18961	Xã Thanh Thạch	44	Tỉnh Quảng Bình	Huyện Tuyên Hóa	10
18964	Xã Thuận Hóa	44	Tỉnh Quảng Bình	Huyện Tuyên Hóa	10
18967	Xã Lâm Hóa	44	Tỉnh Quảng Bình	Huyện Tuyên Hóa	10
18970	Xã Lê Hóa	44	Tỉnh Quảng Bình	Huyện Tuyên Hóa	10
18973	Xã Sơn Hóa	44	Tỉnh Quảng Bình	Huyện Tuyên Hóa	10
18976	Xã Đồng Hóa	44	Tỉnh Quảng Bình	Huyện Tuyên Hóa	10
18979	Xã Ngư Hóa	44	Tỉnh Quảng Bình	Huyện Tuyên Hóa	10
18985	Xã Thạch Hóa	44	Tỉnh Quảng Bình	Huyện Tuyên Hóa	10
18988	Xã Đức Hóa	44	Tỉnh Quảng Bình	Huyện Tuyên Hóa	10
18991	Xã Phong Hóa	44	Tỉnh Quảng Bình	Huyện Tuyên Hóa	10
18994	Xã Mai Hóa	44	Tỉnh Quảng Bình	Huyện Tuyên Hóa	10
18997	Xã Tiến Hóa	44	Tỉnh Quảng Bình	Huyện Tuyên Hóa	10
19000	Xã Châu Hóa	44	Tỉnh Quảng Bình	Huyện Tuyên Hóa	10
19003	Xã Cao Quảng	44	Tỉnh Quảng Bình	Huyện Tuyên Hóa	10
19006	Xã Văn Hóa	44	Tỉnh Quảng Bình	Huyện Tuyên Hóa	10
19009	Phường Ba Đồn	44	Tỉnh Quảng Bình	Thị xã Ba Đồn	8
19012	Xã Quảng Hợp	44	Tỉnh Quảng Bình	Huyện Quảng Trạch	10
19015	Xã Quảng Kim	44	Tỉnh Quảng Bình	Huyện Quảng Trạch	10
19018	Xã Quảng Đông	44	Tỉnh Quảng Bình	Huyện Quảng Trạch	10
19021	Xã Quảng Phú	44	Tỉnh Quảng Bình	Huyện Quảng Trạch	10
19024	Xã Quảng Châu	44	Tỉnh Quảng Bình	Huyện Quảng Trạch	10
19027	Xã Quảng Thạch	44	Tỉnh Quảng Bình	Huyện Quảng Trạch	10
19030	Xã Quảng Lưu	44	Tỉnh Quảng Bình	Huyện Quảng Trạch	10
19033	Xã Quảng Tùng	44	Tỉnh Quảng Bình	Huyện Quảng Trạch	10
19036	Xã Cảnh Dương	44	Tỉnh Quảng Bình	Huyện Quảng Trạch	10
19039	Xã Quảng Tiến	44	Tỉnh Quảng Bình	Huyện Quảng Trạch	10
19042	Xã Quảng Hưng	44	Tỉnh Quảng Bình	Huyện Quảng Trạch	10
19045	Xã Quảng Xuân	44	Tỉnh Quảng Bình	Huyện Quảng Trạch	10
19048	Xã Cảnh Hóa	44	Tỉnh Quảng Bình	Huyện Quảng Trạch	10
19051	Xã Liên Trường	44	Tỉnh Quảng Bình	Huyện Quảng Trạch	10
19057	Xã Quảng Phương	44	Tỉnh Quảng Bình	Huyện Quảng Trạch	10
19060	Phường Quảng Long	44	Tỉnh Quảng Bình	Thị xã Ba Đồn	8
19063	Xã Phù Hóa	44	Tỉnh Quảng Bình	Huyện Quảng Trạch	10
19066	Phường Quảng Thọ	44	Tỉnh Quảng Bình	Thị xã Ba Đồn	8
19069	Xã Quảng Tiên	44	Tỉnh Quảng Bình	Thị xã Ba Đồn	10
19072	Xã Quảng Thanh	44	Tỉnh Quảng Bình	Huyện Quảng Trạch	10
19075	Xã Quảng Trung	44	Tỉnh Quảng Bình	Thị xã Ba Đồn	10
19078	Phường Quảng Phong	44	Tỉnh Quảng Bình	Thị xã Ba Đồn	8
19081	Phường Quảng Thuận	44	Tỉnh Quảng Bình	Thị xã Ba Đồn	8
19084	Xã Quảng Tân	44	Tỉnh Quảng Bình	Thị xã Ba Đồn	10
19087	Xã Quảng Hải	44	Tỉnh Quảng Bình	Thị xã Ba Đồn	10
19090	Xã Quảng Sơn	44	Tỉnh Quảng Bình	Thị xã Ba Đồn	10
19093	Xã Quảng Lộc	44	Tỉnh Quảng Bình	Thị xã Ba Đồn	10
19096	Xã Quảng Thủy	44	Tỉnh Quảng Bình	Thị xã Ba Đồn	10
19099	Xã Quảng Văn	44	Tỉnh Quảng Bình	Thị xã Ba Đồn	10
19102	Phường Quảng Phúc	44	Tỉnh Quảng Bình	Thị xã Ba Đồn	8
19105	Xã Quảng Hòa	44	Tỉnh Quảng Bình	Thị xã Ba Đồn	10
19108	Xã Quảng Minh	44	Tỉnh Quảng Bình	Thị xã Ba Đồn	10
19111	Thị trấn Hoàn Lão	44	Tỉnh Quảng Bình	Huyện Bố Trạch	9
19114	Thị trấn NT Việt Trung	44	Tỉnh Quảng Bình	Huyện Bố Trạch	9
19117	Xã Xuân Trạch	44	Tỉnh Quảng Bình	Huyện Bố Trạch	10
19120	Xã Mỹ Trạch	44	Tỉnh Quảng Bình	Huyện Bố Trạch	10
19123	Xã Hạ Trạch	44	Tỉnh Quảng Bình	Huyện Bố Trạch	10
19126	Xã Bắc Trạch	44	Tỉnh Quảng Bình	Huyện Bố Trạch	10
19129	Xã Lâm Trạch	44	Tỉnh Quảng Bình	Huyện Bố Trạch	10
19132	Xã Thanh Trạch	44	Tỉnh Quảng Bình	Huyện Bố Trạch	10
19135	Xã Liên Trạch	44	Tỉnh Quảng Bình	Huyện Bố Trạch	10
19138	Xã Phúc Trạch	44	Tỉnh Quảng Bình	Huyện Bố Trạch	10
19141	Xã Cự Nẫm	44	Tỉnh Quảng Bình	Huyện Bố Trạch	10
19144	Xã Hải Phú	44	Tỉnh Quảng Bình	Huyện Bố Trạch	10
19147	Xã Thượng Trạch	44	Tỉnh Quảng Bình	Huyện Bố Trạch	10
19150	Xã Sơn Lộc	44	Tỉnh Quảng Bình	Huyện Bố Trạch	10
19156	Xã Hưng Trạch	44	Tỉnh Quảng Bình	Huyện Bố Trạch	10
19159	Xã Đồng Trạch	44	Tỉnh Quảng Bình	Huyện Bố Trạch	10
19162	Xã Đức Trạch	44	Tỉnh Quảng Bình	Huyện Bố Trạch	10
19165	Thị trấn Phong Nha	44	Tỉnh Quảng Bình	Huyện Bố Trạch	9
19168	Xã Vạn Trạch	44	Tỉnh Quảng Bình	Huyện Bố Trạch	10
19174	Xã Phú Định	44	Tỉnh Quảng Bình	Huyện Bố Trạch	10
19177	Xã Trung Trạch	44	Tỉnh Quảng Bình	Huyện Bố Trạch	10
19180	Xã Tây Trạch	44	Tỉnh Quảng Bình	Huyện Bố Trạch	10
19183	Xã Hòa Trạch	44	Tỉnh Quảng Bình	Huyện Bố Trạch	10
19186	Xã Đại Trạch	44	Tỉnh Quảng Bình	Huyện Bố Trạch	10
19189	Xã Nhân Trạch	44	Tỉnh Quảng Bình	Huyện Bố Trạch	10
19192	Xã Tân Trạch	44	Tỉnh Quảng Bình	Huyện Bố Trạch	10
19195	Xã Nam Trạch	44	Tỉnh Quảng Bình	Huyện Bố Trạch	10
19198	Xã Lý Trạch	44	Tỉnh Quảng Bình	Huyện Bố Trạch	10
19201	Thị trấn Quán Hàu	44	Tỉnh Quảng Bình	Huyện Quảng Ninh	9
19204	Xã Trường Sơn	44	Tỉnh Quảng Bình	Huyện Quảng Ninh	10
19207	Xã Lương Ninh	44	Tỉnh Quảng Bình	Huyện Quảng Ninh	10
19210	Xã Vĩnh Ninh	44	Tỉnh Quảng Bình	Huyện Quảng Ninh	10
19213	Xã Võ Ninh	44	Tỉnh Quảng Bình	Huyện Quảng Ninh	10
19216	Xã Hải Ninh	44	Tỉnh Quảng Bình	Huyện Quảng Ninh	10
19219	Xã Hàm Ninh	44	Tỉnh Quảng Bình	Huyện Quảng Ninh	10
19222	Xã Duy Ninh	44	Tỉnh Quảng Bình	Huyện Quảng Ninh	10
19225	Xã Gia Ninh	44	Tỉnh Quảng Bình	Huyện Quảng Ninh	10
19228	Xã Trường Xuân	44	Tỉnh Quảng Bình	Huyện Quảng Ninh	10
19231	Xã Hiền Ninh	44	Tỉnh Quảng Bình	Huyện Quảng Ninh	10
19234	Xã Tân Ninh	44	Tỉnh Quảng Bình	Huyện Quảng Ninh	10
19237	Xã Xuân Ninh	44	Tỉnh Quảng Bình	Huyện Quảng Ninh	10
19240	Xã An Ninh	44	Tỉnh Quảng Bình	Huyện Quảng Ninh	10
19243	Xã Vạn Ninh	44	Tỉnh Quảng Bình	Huyện Quảng Ninh	10
19246	Thị trấn NT Lệ Ninh	44	Tỉnh Quảng Bình	Huyện Lệ Thủy	9
19249	Thị trấn Kiến Giang	44	Tỉnh Quảng Bình	Huyện Lệ Thủy	9
19252	Xã Hồng Thủy	44	Tỉnh Quảng Bình	Huyện Lệ Thủy	10
19255	Xã Ngư Thủy Bắc	44	Tỉnh Quảng Bình	Huyện Lệ Thủy	10
19258	Xã Hoa Thủy	44	Tỉnh Quảng Bình	Huyện Lệ Thủy	10
19261	Xã Thanh Thủy	44	Tỉnh Quảng Bình	Huyện Lệ Thủy	10
19264	Xã An Thủy	44	Tỉnh Quảng Bình	Huyện Lệ Thủy	10
19267	Xã Phong Thủy	44	Tỉnh Quảng Bình	Huyện Lệ Thủy	10
19270	Xã Cam Thủy	44	Tỉnh Quảng Bình	Huyện Lệ Thủy	10
19273	Xã Ngân Thủy	44	Tỉnh Quảng Bình	Huyện Lệ Thủy	10
19276	Xã Sơn Thủy	44	Tỉnh Quảng Bình	Huyện Lệ Thủy	10
19279	Xã Lộc Thủy	44	Tỉnh Quảng Bình	Huyện Lệ Thủy	10
19285	Xã Liên Thủy	44	Tỉnh Quảng Bình	Huyện Lệ Thủy	10
19288	Xã Hưng Thủy	44	Tỉnh Quảng Bình	Huyện Lệ Thủy	10
19291	Xã Dương Thủy	44	Tỉnh Quảng Bình	Huyện Lệ Thủy	10
19294	Xã Tân Thủy	44	Tỉnh Quảng Bình	Huyện Lệ Thủy	10
19297	Xã Phú Thủy	44	Tỉnh Quảng Bình	Huyện Lệ Thủy	10
19300	Xã Xuân Thủy	44	Tỉnh Quảng Bình	Huyện Lệ Thủy	10
19303	Xã Mỹ Thủy	44	Tỉnh Quảng Bình	Huyện Lệ Thủy	10
19306	Xã Ngư Thủy	44	Tỉnh Quảng Bình	Huyện Lệ Thủy	10
19309	Xã Mai Thủy	44	Tỉnh Quảng Bình	Huyện Lệ Thủy	10
19312	Xã Sen Thủy	44	Tỉnh Quảng Bình	Huyện Lệ Thủy	10
19315	Xã Thái Thủy	44	Tỉnh Quảng Bình	Huyện Lệ Thủy	10
19318	Xã Kim Thủy	44	Tỉnh Quảng Bình	Huyện Lệ Thủy	10
19321	Xã Trường Thủy	44	Tỉnh Quảng Bình	Huyện Lệ Thủy	10
19327	Xã Lâm Thủy	44	Tỉnh Quảng Bình	Huyện Lệ Thủy	10
19330	Phường Đông Giang	45	Tỉnh Quảng Trị	Thành phố Đông Hà	8
19333	Phường 1	45	Tỉnh Quảng Trị	Thành phố Đông Hà	8
19336	Phường Đông Lễ	45	Tỉnh Quảng Trị	Thành phố Đông Hà	8
19339	Phường Đông Thanh	45	Tỉnh Quảng Trị	Thành phố Đông Hà	8
19342	Phường 2	45	Tỉnh Quảng Trị	Thành phố Đông Hà	8
19345	Phường 4	45	Tỉnh Quảng Trị	Thành phố Đông Hà	8
19348	Phường 5	45	Tỉnh Quảng Trị	Thành phố Đông Hà	8
19351	Phường Đông Lương	45	Tỉnh Quảng Trị	Thành phố Đông Hà	8
19354	Phường 3	45	Tỉnh Quảng Trị	Thành phố Đông Hà	8
19357	Phường 1	45	Tỉnh Quảng Trị	Thị xã Quảng Trị	8
19358	Phường An Đôn	45	Tỉnh Quảng Trị	Thị xã Quảng Trị	8
19360	Phường 2	45	Tỉnh Quảng Trị	Thị xã Quảng Trị	8
19361	Phường 3	45	Tỉnh Quảng Trị	Thị xã Quảng Trị	8
19363	Thị trấn Hồ Xá	45	Tỉnh Quảng Trị	Huyện Vĩnh Linh	9
19366	Thị trấn Bến Quan	45	Tỉnh Quảng Trị	Huyện Vĩnh Linh	9
19369	Xã Vĩnh Thái	45	Tỉnh Quảng Trị	Huyện Vĩnh Linh	10
19372	Xã Vĩnh Tú	45	Tỉnh Quảng Trị	Huyện Vĩnh Linh	10
19375	Xã Vĩnh Chấp	45	Tỉnh Quảng Trị	Huyện Vĩnh Linh	10
19378	Xã Trung Nam	45	Tỉnh Quảng Trị	Huyện Vĩnh Linh	10
19384	Xã Kim Thạch	45	Tỉnh Quảng Trị	Huyện Vĩnh Linh	10
19387	Xã Vĩnh Long	45	Tỉnh Quảng Trị	Huyện Vĩnh Linh	10
19393	Xã Vĩnh Khê	45	Tỉnh Quảng Trị	Huyện Vĩnh Linh	10
19396	Xã Vĩnh Hòa	45	Tỉnh Quảng Trị	Huyện Vĩnh Linh	10
19402	Xã Vĩnh Thủy	45	Tỉnh Quảng Trị	Huyện Vĩnh Linh	10
19405	Xã Vĩnh Lâm	45	Tỉnh Quảng Trị	Huyện Vĩnh Linh	10
19408	Xã Hiền Thành	45	Tỉnh Quảng Trị	Huyện Vĩnh Linh	10
19414	Thị trấn Cửa Tùng	45	Tỉnh Quảng Trị	Huyện Vĩnh Linh	9
19417	Xã Vĩnh Hà	45	Tỉnh Quảng Trị	Huyện Vĩnh Linh	10
19420	Xã Vĩnh Sơn	45	Tỉnh Quảng Trị	Huyện Vĩnh Linh	10
19423	Xã Vĩnh Giang	45	Tỉnh Quảng Trị	Huyện Vĩnh Linh	10
19426	Xã Vĩnh Ô	45	Tỉnh Quảng Trị	Huyện Vĩnh Linh	10
19429	Thị trấn Khe Sanh	45	Tỉnh Quảng Trị	Huyện Hướng Hóa	9
19432	Thị trấn Lao Bảo	45	Tỉnh Quảng Trị	Huyện Hướng Hóa	9
19435	Xã Hướng Lập	45	Tỉnh Quảng Trị	Huyện Hướng Hóa	10
19438	Xã Hướng Việt	45	Tỉnh Quảng Trị	Huyện Hướng Hóa	10
19441	Xã Hướng Phùng	45	Tỉnh Quảng Trị	Huyện Hướng Hóa	10
19444	Xã Hướng Sơn	45	Tỉnh Quảng Trị	Huyện Hướng Hóa	10
19447	Xã Hướng Linh	45	Tỉnh Quảng Trị	Huyện Hướng Hóa	10
19450	Xã Tân Hợp	45	Tỉnh Quảng Trị	Huyện Hướng Hóa	10
19453	Xã Hướng Tân	45	Tỉnh Quảng Trị	Huyện Hướng Hóa	10
19456	Xã Tân Thành	45	Tỉnh Quảng Trị	Huyện Hướng Hóa	10
19459	Xã Tân Long	45	Tỉnh Quảng Trị	Huyện Hướng Hóa	10
19462	Xã Tân Lập	45	Tỉnh Quảng Trị	Huyện Hướng Hóa	10
19465	Xã Tân Liên	45	Tỉnh Quảng Trị	Huyện Hướng Hóa	10
19468	Xã Húc	45	Tỉnh Quảng Trị	Huyện Hướng Hóa	10
19471	Xã Thuận	45	Tỉnh Quảng Trị	Huyện Hướng Hóa	10
19474	Xã Hướng Lộc	45	Tỉnh Quảng Trị	Huyện Hướng Hóa	10
19477	Xã Ba Tầng	45	Tỉnh Quảng Trị	Huyện Hướng Hóa	10
19480	Xã Thanh	45	Tỉnh Quảng Trị	Huyện Hướng Hóa	10
19483	Xã A Dơi	45	Tỉnh Quảng Trị	Huyện Hướng Hóa	10
19489	Xã Lìa	45	Tỉnh Quảng Trị	Huyện Hướng Hóa	10
19492	Xã Xy	45	Tỉnh Quảng Trị	Huyện Hướng Hóa	10
19495	Thị trấn Gio Linh	45	Tỉnh Quảng Trị	Huyện Gio Linh	9
19496	Thị trấn Cửa Việt	45	Tỉnh Quảng Trị	Huyện Gio Linh	9
19498	Xã Trung Giang	45	Tỉnh Quảng Trị	Huyện Gio Linh	10
19501	Xã Trung Hải	45	Tỉnh Quảng Trị	Huyện Gio Linh	10
19504	Xã Trung Sơn	45	Tỉnh Quảng Trị	Huyện Gio Linh	10
19507	Xã Phong Bình	45	Tỉnh Quảng Trị	Huyện Gio Linh	10
19510	Xã Gio Mỹ	45	Tỉnh Quảng Trị	Huyện Gio Linh	10
19519	Xã Gio Hải	45	Tỉnh Quảng Trị	Huyện Gio Linh	10
19522	Xã Gio An	45	Tỉnh Quảng Trị	Huyện Gio Linh	10
19525	Xã Gio Châu	45	Tỉnh Quảng Trị	Huyện Gio Linh	10
19531	Xã Gio Việt	45	Tỉnh Quảng Trị	Huyện Gio Linh	10
19534	Xã Linh Trường	45	Tỉnh Quảng Trị	Huyện Gio Linh	10
19537	Xã Gio Sơn	45	Tỉnh Quảng Trị	Huyện Gio Linh	10
19543	Xã Gio Mai	45	Tỉnh Quảng Trị	Huyện Gio Linh	10
19546	Xã Hải Thái	45	Tỉnh Quảng Trị	Huyện Gio Linh	10
19549	Xã Linh Hải	45	Tỉnh Quảng Trị	Huyện Gio Linh	10
19552	Xã Gio Quang	45	Tỉnh Quảng Trị	Huyện Gio Linh	10
19555	Thị trấn Krông Klang	45	Tỉnh Quảng Trị	Huyện Đa Krông	9
19558	Xã Mò Ó	45	Tỉnh Quảng Trị	Huyện Đa Krông	10
19561	Xã Hướng Hiệp	45	Tỉnh Quảng Trị	Huyện Đa Krông	10
19564	Xã Đa Krông	45	Tỉnh Quảng Trị	Huyện Đa Krông	10
19567	Xã Triệu Nguyên	45	Tỉnh Quảng Trị	Huyện Đa Krông	10
19570	Xã Ba Lòng	45	Tỉnh Quảng Trị	Huyện Đa Krông	10
19576	Xã Ba Nang	45	Tỉnh Quảng Trị	Huyện Đa Krông	10
19579	Xã Tà Long	45	Tỉnh Quảng Trị	Huyện Đa Krông	10
19582	Xã Húc Nghì	45	Tỉnh Quảng Trị	Huyện Đa Krông	10
19585	Xã A Vao	45	Tỉnh Quảng Trị	Huyện Đa Krông	10
19588	Xã Tà Rụt	45	Tỉnh Quảng Trị	Huyện Đa Krông	10
19591	Xã A Bung	45	Tỉnh Quảng Trị	Huyện Đa Krông	10
19594	Xã A Ngo	45	Tỉnh Quảng Trị	Huyện Đa Krông	10
19597	Thị trấn Cam Lộ	45	Tỉnh Quảng Trị	Huyện Cam Lộ	9
19600	Xã Cam Tuyền	45	Tỉnh Quảng Trị	Huyện Cam Lộ	10
19603	Xã Thanh An	45	Tỉnh Quảng Trị	Huyện Cam Lộ	10
19606	Xã Cam Thủy	45	Tỉnh Quảng Trị	Huyện Cam Lộ	10
19612	Xã Cam Thành	45	Tỉnh Quảng Trị	Huyện Cam Lộ	10
19615	Xã Cam Hiếu	45	Tỉnh Quảng Trị	Huyện Cam Lộ	10
19618	Xã Cam Chính	45	Tỉnh Quảng Trị	Huyện Cam Lộ	10
19621	Xã Cam Nghĩa	45	Tỉnh Quảng Trị	Huyện Cam Lộ	10
19624	Thị trấn Ái Tử	45	Tỉnh Quảng Trị	Huyện Triệu Phong	9
19627	Xã Triệu An	45	Tỉnh Quảng Trị	Huyện Triệu Phong	10
19630	Xã Triệu Vân	45	Tỉnh Quảng Trị	Huyện Triệu Phong	10
19633	Xã Triệu Phước	45	Tỉnh Quảng Trị	Huyện Triệu Phong	10
19636	Xã Triệu Độ	45	Tỉnh Quảng Trị	Huyện Triệu Phong	10
19639	Xã Triệu Trạch	45	Tỉnh Quảng Trị	Huyện Triệu Phong	10
19642	Xã Triệu Thuận	45	Tỉnh Quảng Trị	Huyện Triệu Phong	10
19645	Xã Triệu Đại	45	Tỉnh Quảng Trị	Huyện Triệu Phong	10
19648	Xã Triệu Hòa	45	Tỉnh Quảng Trị	Huyện Triệu Phong	10
19651	Xã Triệu Lăng	45	Tỉnh Quảng Trị	Huyện Triệu Phong	10
19654	Xã Triệu Sơn	45	Tỉnh Quảng Trị	Huyện Triệu Phong	10
19657	Xã Triệu Long	45	Tỉnh Quảng Trị	Huyện Triệu Phong	10
19660	Xã Triệu Tài	45	Tỉnh Quảng Trị	Huyện Triệu Phong	10
19666	Xã Triệu Trung	45	Tỉnh Quảng Trị	Huyện Triệu Phong	10
19669	Xã Triệu Ái	45	Tỉnh Quảng Trị	Huyện Triệu Phong	10
19672	Xã Triệu Thượng	45	Tỉnh Quảng Trị	Huyện Triệu Phong	10
19675	Xã Triệu Giang	45	Tỉnh Quảng Trị	Huyện Triệu Phong	10
19678	Xã Triệu Thành	45	Tỉnh Quảng Trị	Huyện Triệu Phong	10
19681	Thị trấn Diên Sanh	45	Tỉnh Quảng Trị	Huyện Hải Lăng	9
19684	Xã Hải An	45	Tỉnh Quảng Trị	Huyện Hải Lăng	10
19687	Xã Hải Ba	45	Tỉnh Quảng Trị	Huyện Hải Lăng	10
19693	Xã Hải Quy	45	Tỉnh Quảng Trị	Huyện Hải Lăng	10
19696	Xã Hải Quế	45	Tỉnh Quảng Trị	Huyện Hải Lăng	10
19699	Xã Hải Hưng	45	Tỉnh Quảng Trị	Huyện Hải Lăng	10
19702	Xã Hải Phú	45	Tỉnh Quảng Trị	Huyện Hải Lăng	10
19705	Xã Hải Lệ	45	Tỉnh Quảng Trị	Thị xã Quảng Trị	10
19708	Xã Hải Thượng	45	Tỉnh Quảng Trị	Huyện Hải Lăng	10
19711	Xã Hải Dương	45	Tỉnh Quảng Trị	Huyện Hải Lăng	10
19714	Xã Hải Định	45	Tỉnh Quảng Trị	Huyện Hải Lăng	10
19717	Xã Hải Lâm	45	Tỉnh Quảng Trị	Huyện Hải Lăng	10
19726	Xã Hải Phong	45	Tỉnh Quảng Trị	Huyện Hải Lăng	10
19729	Xã Hải Trường	45	Tỉnh Quảng Trị	Huyện Hải Lăng	10
19735	Xã Hải Sơn	45	Tỉnh Quảng Trị	Huyện Hải Lăng	10
19738	Xã Hải Chánh	45	Tỉnh Quảng Trị	Huyện Hải Lăng	10
19741	Xã Hải Khê	45	Tỉnh Quảng Trị	Huyện Hải Lăng	10
19750	Phường Tây Lộc	46	Tỉnh Thừa Thiên Huế	Thành phố Huế	8
19753	Phường Thuận Lộc	46	Tỉnh Thừa Thiên Huế	Thành phố Huế	8
19756	Phường Gia Hội	46	Tỉnh Thừa Thiên Huế	Thành phố Huế	8
19759	Phường Phú Hậu	46	Tỉnh Thừa Thiên Huế	Thành phố Huế	8
19762	Phường Thuận Hòa	46	Tỉnh Thừa Thiên Huế	Thành phố Huế	8
19768	Phường Đông Ba	46	Tỉnh Thừa Thiên Huế	Thành phố Huế	8
19774	Phường Kim Long	46	Tỉnh Thừa Thiên Huế	Thành phố Huế	8
19777	Phường Vỹ Dạ	46	Tỉnh Thừa Thiên Huế	Thành phố Huế	8
19780	Phường Phường Đúc	46	Tỉnh Thừa Thiên Huế	Thành phố Huế	8
19783	Phường Vĩnh Ninh	46	Tỉnh Thừa Thiên Huế	Thành phố Huế	8
19786	Phường Phú Hội	46	Tỉnh Thừa Thiên Huế	Thành phố Huế	8
19789	Phường Phú Nhuận	46	Tỉnh Thừa Thiên Huế	Thành phố Huế	8
19792	Phường Xuân Phú	46	Tỉnh Thừa Thiên Huế	Thành phố Huế	8
19795	Phường Trường An	46	Tỉnh Thừa Thiên Huế	Thành phố Huế	8
19798	Phường Phước Vĩnh	46	Tỉnh Thừa Thiên Huế	Thành phố Huế	8
19801	Phường An Cựu	46	Tỉnh Thừa Thiên Huế	Thành phố Huế	8
19803	Phường An Hòa	46	Tỉnh Thừa Thiên Huế	Thành phố Huế	8
19804	Phường Hương Sơ	46	Tỉnh Thừa Thiên Huế	Thành phố Huế	8
19807	Phường Thuỷ Biều	46	Tỉnh Thừa Thiên Huế	Thành phố Huế	8
19810	Phường Hương Long	46	Tỉnh Thừa Thiên Huế	Thành phố Huế	8
19813	Phường Thuỷ Xuân	46	Tỉnh Thừa Thiên Huế	Thành phố Huế	8
19815	Phường An Đông	46	Tỉnh Thừa Thiên Huế	Thành phố Huế	8
19816	Phường An Tây	46	Tỉnh Thừa Thiên Huế	Thành phố Huế	8
19819	Thị trấn Phong Điền	46	Tỉnh Thừa Thiên Huế	Huyện Phong Điền	9
19822	Xã Điền Hương	46	Tỉnh Thừa Thiên Huế	Huyện Phong Điền	10
19825	Xã Điền Môn	46	Tỉnh Thừa Thiên Huế	Huyện Phong Điền	10
19828	Xã Điền Lộc	46	Tỉnh Thừa Thiên Huế	Huyện Phong Điền	10
19831	Xã Phong Bình	46	Tỉnh Thừa Thiên Huế	Huyện Phong Điền	10
19834	Xã Điền Hòa	46	Tỉnh Thừa Thiên Huế	Huyện Phong Điền	10
19837	Xã Phong Chương	46	Tỉnh Thừa Thiên Huế	Huyện Phong Điền	10
19840	Xã Phong Hải	46	Tỉnh Thừa Thiên Huế	Huyện Phong Điền	10
19843	Xã Điền Hải	46	Tỉnh Thừa Thiên Huế	Huyện Phong Điền	10
19846	Xã Phong Hòa	46	Tỉnh Thừa Thiên Huế	Huyện Phong Điền	10
19849	Xã Phong Thu	46	Tỉnh Thừa Thiên Huế	Huyện Phong Điền	10
19852	Xã Phong Hiền	46	Tỉnh Thừa Thiên Huế	Huyện Phong Điền	10
19855	Xã Phong Mỹ	46	Tỉnh Thừa Thiên Huế	Huyện Phong Điền	10
19858	Xã Phong An	46	Tỉnh Thừa Thiên Huế	Huyện Phong Điền	10
19861	Xã Phong Xuân	46	Tỉnh Thừa Thiên Huế	Huyện Phong Điền	10
19864	Xã Phong Sơn	46	Tỉnh Thừa Thiên Huế	Huyện Phong Điền	10
19867	Thị trấn Sịa	46	Tỉnh Thừa Thiên Huế	Huyện Quảng Điền	9
19870	Xã Quảng Thái	46	Tỉnh Thừa Thiên Huế	Huyện Quảng Điền	10
19873	Xã Quảng Ngạn	46	Tỉnh Thừa Thiên Huế	Huyện Quảng Điền	10
19876	Xã Quảng Lợi	46	Tỉnh Thừa Thiên Huế	Huyện Quảng Điền	10
19879	Xã Quảng Công	46	Tỉnh Thừa Thiên Huế	Huyện Quảng Điền	10
19882	Xã Quảng Phước	46	Tỉnh Thừa Thiên Huế	Huyện Quảng Điền	10
19885	Xã Quảng Vinh	46	Tỉnh Thừa Thiên Huế	Huyện Quảng Điền	10
19888	Xã Quảng An	46	Tỉnh Thừa Thiên Huế	Huyện Quảng Điền	10
19891	Xã Quảng Thành	46	Tỉnh Thừa Thiên Huế	Huyện Quảng Điền	10
19894	Xã Quảng Thọ	46	Tỉnh Thừa Thiên Huế	Huyện Quảng Điền	10
19897	Xã Quảng Phú	46	Tỉnh Thừa Thiên Huế	Huyện Quảng Điền	10
19900	Phường Thuận An	46	Tỉnh Thừa Thiên Huế	Thành phố Huế	8
19903	Xã Phú Thuận	46	Tỉnh Thừa Thiên Huế	Huyện Phú Vang	10
19906	Xã Phú Dương	46	Tỉnh Thừa Thiên Huế	Thành phố Huế	10
19909	Xã Phú Mậu	46	Tỉnh Thừa Thiên Huế	Thành phố Huế	10
19912	Xã Phú An	46	Tỉnh Thừa Thiên Huế	Huyện Phú Vang	10
19915	Xã Phú Hải	46	Tỉnh Thừa Thiên Huế	Huyện Phú Vang	10
19918	Xã Phú Xuân	46	Tỉnh Thừa Thiên Huế	Huyện Phú Vang	10
19921	Xã Phú Diên	46	Tỉnh Thừa Thiên Huế	Huyện Phú Vang	10
19924	Xã Phú Thanh	46	Tỉnh Thừa Thiên Huế	Thành phố Huế	10
19927	Xã Phú Mỹ	46	Tỉnh Thừa Thiên Huế	Huyện Phú Vang	10
19930	Phường Phú Thượng	46	Tỉnh Thừa Thiên Huế	Thành phố Huế	8
19933	Xã Phú Hồ	46	Tỉnh Thừa Thiên Huế	Huyện Phú Vang	10
19936	Xã Vinh Xuân	46	Tỉnh Thừa Thiên Huế	Huyện Phú Vang	10
19939	Xã Phú Lương	46	Tỉnh Thừa Thiên Huế	Huyện Phú Vang	10
19942	Thị trấn Phú Đa	46	Tỉnh Thừa Thiên Huế	Huyện Phú Vang	9
19945	Xã Vinh Thanh	46	Tỉnh Thừa Thiên Huế	Huyện Phú Vang	10
19948	Xã Vinh An	46	Tỉnh Thừa Thiên Huế	Huyện Phú Vang	10
19954	Xã Phú Gia	46	Tỉnh Thừa Thiên Huế	Huyện Phú Vang	10
19957	Xã Vinh Hà	46	Tỉnh Thừa Thiên Huế	Huyện Phú Vang	10
19960	Phường Phú Bài	46	Tỉnh Thừa Thiên Huế	Thị xã Hương Thủy	8
19963	Phường Thủy Vân	46	Tỉnh Thừa Thiên Huế	Thành phố Huế	8
19966	Xã Thủy Thanh	46	Tỉnh Thừa Thiên Huế	Thị xã Hương Thủy	10
19969	Phường Thủy Dương	46	Tỉnh Thừa Thiên Huế	Thị xã Hương Thủy	8
19972	Phường Thủy Phương	46	Tỉnh Thừa Thiên Huế	Thị xã Hương Thủy	8
19975	Phường Thủy Châu	46	Tỉnh Thừa Thiên Huế	Thị xã Hương Thủy	8
19978	Phường Thủy Lương	46	Tỉnh Thừa Thiên Huế	Thị xã Hương Thủy	8
19981	Xã Thủy Bằng	46	Tỉnh Thừa Thiên Huế	Thành phố Huế	10
19984	Xã Thủy Tân	46	Tỉnh Thừa Thiên Huế	Thị xã Hương Thủy	10
19987	Xã Thủy Phù	46	Tỉnh Thừa Thiên Huế	Thị xã Hương Thủy	10
19990	Xã Phú Sơn	46	Tỉnh Thừa Thiên Huế	Thị xã Hương Thủy	10
19993	Xã Dương Hòa	46	Tỉnh Thừa Thiên Huế	Thị xã Hương Thủy	10
19996	Phường Tứ Hạ	46	Tỉnh Thừa Thiên Huế	Thị xã Hương Trà	8
19999	Xã Hải Dương	46	Tỉnh Thừa Thiên Huế	Thành phố Huế	10
20002	Xã Hương Phong	46	Tỉnh Thừa Thiên Huế	Thành phố Huế	10
20005	Xã Hương Toàn	46	Tỉnh Thừa Thiên Huế	Thị xã Hương Trà	10
20008	Phường Hương Vân	46	Tỉnh Thừa Thiên Huế	Thị xã Hương Trà	8
20011	Phường Hương Văn	46	Tỉnh Thừa Thiên Huế	Thị xã Hương Trà	8
20014	Phường Hương Vinh	46	Tỉnh Thừa Thiên Huế	Thành phố Huế	8
20017	Phường Hương Xuân	46	Tỉnh Thừa Thiên Huế	Thị xã Hương Trà	8
20020	Phường Hương Chữ	46	Tỉnh Thừa Thiên Huế	Thị xã Hương Trà	8
20023	Phường Hương An	46	Tỉnh Thừa Thiên Huế	Thành phố Huế	8
20026	Xã Hương Bình	46	Tỉnh Thừa Thiên Huế	Thị xã Hương Trà	10
20029	Phường Hương Hồ	46	Tỉnh Thừa Thiên Huế	Thành phố Huế	8
20032	Xã Hương Thọ	46	Tỉnh Thừa Thiên Huế	Thành phố Huế	10
20035	Xã Bình Tiến	46	Tỉnh Thừa Thiên Huế	Thị xã Hương Trà	10
20041	Xã Bình Thành	46	Tỉnh Thừa Thiên Huế	Thị xã Hương Trà	10
20044	Thị trấn A Lưới	46	Tỉnh Thừa Thiên Huế	Huyện A Lưới	9
20047	Xã Hồng Vân	46	Tỉnh Thừa Thiên Huế	Huyện A Lưới	10
20050	Xã Hồng Hạ	46	Tỉnh Thừa Thiên Huế	Huyện A Lưới	10
20053	Xã Hồng Kim	46	Tỉnh Thừa Thiên Huế	Huyện A Lưới	10
20056	Xã Trung Sơn	46	Tỉnh Thừa Thiên Huế	Huyện A Lưới	10
20059	Xã Hương Nguyên	46	Tỉnh Thừa Thiên Huế	Huyện A Lưới	10
20065	Xã Hồng Bắc	46	Tỉnh Thừa Thiên Huế	Huyện A Lưới	10
20068	Xã A Ngo	46	Tỉnh Thừa Thiên Huế	Huyện A Lưới	10
20071	Xã Sơn Thủy	46	Tỉnh Thừa Thiên Huế	Huyện A Lưới	10
20074	Xã Phú Vinh	46	Tỉnh Thừa Thiên Huế	Huyện A Lưới	10
20080	Xã Hương Phong	46	Tỉnh Thừa Thiên Huế	Huyện A Lưới	10
20083	Xã Quảng Nhâm	46	Tỉnh Thừa Thiên Huế	Huyện A Lưới	10
20086	Xã Hồng Thượng	46	Tỉnh Thừa Thiên Huế	Huyện A Lưới	10
20089	Xã Hồng Thái	46	Tỉnh Thừa Thiên Huế	Huyện A Lưới	10
20095	Xã A Roàng	46	Tỉnh Thừa Thiên Huế	Huyện A Lưới	10
20098	Xã Đông Sơn	46	Tỉnh Thừa Thiên Huế	Huyện A Lưới	10
20101	Xã Lâm Đớt	46	Tỉnh Thừa Thiên Huế	Huyện A Lưới	10
20104	Xã Hồng Thủy	46	Tỉnh Thừa Thiên Huế	Huyện A Lưới	10
20107	Thị trấn Phú Lộc	46	Tỉnh Thừa Thiên Huế	Huyện Phú Lộc	9
20110	Thị trấn Lăng Cô	46	Tỉnh Thừa Thiên Huế	Huyện Phú Lộc	9
20113	Xã Vinh Mỹ	46	Tỉnh Thừa Thiên Huế	Huyện Phú Lộc	10
20116	Xã Vinh Hưng	46	Tỉnh Thừa Thiên Huế	Huyện Phú Lộc	10
20122	Xã Giang Hải	46	Tỉnh Thừa Thiên Huế	Huyện Phú Lộc	10
20125	Xã Vinh Hiền	46	Tỉnh Thừa Thiên Huế	Huyện Phú Lộc	10
20128	Xã Lộc Bổn	46	Tỉnh Thừa Thiên Huế	Huyện Phú Lộc	10
20131	Xã Lộc Sơn	46	Tỉnh Thừa Thiên Huế	Huyện Phú Lộc	10
20134	Xã Lộc Bình	46	Tỉnh Thừa Thiên Huế	Huyện Phú Lộc	10
20137	Xã Lộc Vĩnh	46	Tỉnh Thừa Thiên Huế	Huyện Phú Lộc	10
20140	Xã Lộc An	46	Tỉnh Thừa Thiên Huế	Huyện Phú Lộc	10
20143	Xã Lộc Điền	46	Tỉnh Thừa Thiên Huế	Huyện Phú Lộc	10
20146	Xã Lộc Thủy	46	Tỉnh Thừa Thiên Huế	Huyện Phú Lộc	10
20149	Xã Lộc Trì	46	Tỉnh Thừa Thiên Huế	Huyện Phú Lộc	10
20152	Xã Lộc Tiến	46	Tỉnh Thừa Thiên Huế	Huyện Phú Lộc	10
20155	Xã Lộc Hòa	46	Tỉnh Thừa Thiên Huế	Huyện Phú Lộc	10
20158	Xã Xuân Lộc	46	Tỉnh Thừa Thiên Huế	Huyện Phú Lộc	10
20161	Thị trấn Khe Tre	46	Tỉnh Thừa Thiên Huế	Huyện Nam Đông	9
20164	Xã Hương Phú	46	Tỉnh Thừa Thiên Huế	Huyện Nam Đông	10
20167	Xã Hương Sơn	46	Tỉnh Thừa Thiên Huế	Huyện Nam Đông	10
20170	Xã Hương Lộc	46	Tỉnh Thừa Thiên Huế	Huyện Nam Đông	10
20173	Xã Thượng Quảng	46	Tỉnh Thừa Thiên Huế	Huyện Nam Đông	10
20179	Xã Hương Xuân	46	Tỉnh Thừa Thiên Huế	Huyện Nam Đông	10
20182	Xã Hương Hữu	46	Tỉnh Thừa Thiên Huế	Huyện Nam Đông	10
20185	Xã Thượng Lộ	46	Tỉnh Thừa Thiên Huế	Huyện Nam Đông	10
20188	Xã Thượng Long	46	Tỉnh Thừa Thiên Huế	Huyện Nam Đông	10
20191	Xã Thượng Nhật	46	Tỉnh Thừa Thiên Huế	Huyện Nam Đông	10
20194	Phường Hòa Hiệp Bắc	48	Thành phố Đà Nẵng	Quận Liên Chiểu	8
20195	Phường Hòa Hiệp Nam	48	Thành phố Đà Nẵng	Quận Liên Chiểu	8
20197	Phường Hòa Khánh Bắc	48	Thành phố Đà Nẵng	Quận Liên Chiểu	8
20198	Phường Hòa Khánh Nam	48	Thành phố Đà Nẵng	Quận Liên Chiểu	8
20200	Phường Hòa Minh	48	Thành phố Đà Nẵng	Quận Liên Chiểu	8
20203	Phường Tam Thuận	48	Thành phố Đà Nẵng	Quận Thanh Khê	8
20206	Phường Thanh Khê Tây	48	Thành phố Đà Nẵng	Quận Thanh Khê	8
20207	Phường Thanh Khê Đông	48	Thành phố Đà Nẵng	Quận Thanh Khê	8
20209	Phường Xuân Hà	48	Thành phố Đà Nẵng	Quận Thanh Khê	8
20212	Phường Tân Chính	48	Thành phố Đà Nẵng	Quận Thanh Khê	8
20215	Phường Chính Gián	48	Thành phố Đà Nẵng	Quận Thanh Khê	8
20218	Phường Vĩnh Trung	48	Thành phố Đà Nẵng	Quận Thanh Khê	8
20221	Phường Thạc Gián	48	Thành phố Đà Nẵng	Quận Thanh Khê	8
20224	Phường An Khê	48	Thành phố Đà Nẵng	Quận Thanh Khê	8
20225	Phường Hòa Khê	48	Thành phố Đà Nẵng	Quận Thanh Khê	8
20227	Phường Thanh Bình	48	Thành phố Đà Nẵng	Quận Hải Châu	8
20230	Phường Thuận Phước	48	Thành phố Đà Nẵng	Quận Hải Châu	8
20233	Phường Thạch Thang	48	Thành phố Đà Nẵng	Quận Hải Châu	8
20236	Phường Hải Châu I	48	Thành phố Đà Nẵng	Quận Hải Châu	8
20239	Phường Hải Châu II	48	Thành phố Đà Nẵng	Quận Hải Châu	8
20242	Phường Phước Ninh	48	Thành phố Đà Nẵng	Quận Hải Châu	8
20245	Phường Hòa Thuận Tây	48	Thành phố Đà Nẵng	Quận Hải Châu	8
20246	Phường Hòa Thuận Đông	48	Thành phố Đà Nẵng	Quận Hải Châu	8
20248	Phường Nam Dương	48	Thành phố Đà Nẵng	Quận Hải Châu	8
20251	Phường Bình Hiên	48	Thành phố Đà Nẵng	Quận Hải Châu	8
20254	Phường Bình Thuận	48	Thành phố Đà Nẵng	Quận Hải Châu	8
20257	Phường Hòa Cường Bắc	48	Thành phố Đà Nẵng	Quận Hải Châu	8
20258	Phường Hòa Cường Nam	48	Thành phố Đà Nẵng	Quận Hải Châu	8
20260	Phường Khuê Trung	48	Thành phố Đà Nẵng	Quận Cẩm Lệ	8
20263	Phường Thọ Quang	48	Thành phố Đà Nẵng	Quận Sơn Trà	8
20266	Phường Nại Hiên Đông	48	Thành phố Đà Nẵng	Quận Sơn Trà	8
20269	Phường Mân Thái	48	Thành phố Đà Nẵng	Quận Sơn Trà	8
20272	Phường An Hải Bắc	48	Thành phố Đà Nẵng	Quận Sơn Trà	8
20275	Phường Phước Mỹ	48	Thành phố Đà Nẵng	Quận Sơn Trà	8
20278	Phường An Hải Tây	48	Thành phố Đà Nẵng	Quận Sơn Trà	8
20281	Phường An Hải Đông	48	Thành phố Đà Nẵng	Quận Sơn Trà	8
20284	Phường Mỹ An	48	Thành phố Đà Nẵng	Quận Ngũ Hành Sơn	8
20285	Phường Khuê Mỹ	48	Thành phố Đà Nẵng	Quận Ngũ Hành Sơn	8
20287	Phường Hoà Quý	48	Thành phố Đà Nẵng	Quận Ngũ Hành Sơn	8
20290	Phường Hoà Hải	48	Thành phố Đà Nẵng	Quận Ngũ Hành Sơn	8
20293	Xã Hòa Bắc	48	Thành phố Đà Nẵng	Huyện Hòa Vang	10
20296	Xã Hòa Liên	48	Thành phố Đà Nẵng	Huyện Hòa Vang	10
20299	Xã Hòa Ninh	48	Thành phố Đà Nẵng	Huyện Hòa Vang	10
20302	Xã Hòa Sơn	48	Thành phố Đà Nẵng	Huyện Hòa Vang	10
20305	Phường Hòa Phát	48	Thành phố Đà Nẵng	Quận Cẩm Lệ	8
20306	Phường Hòa An	48	Thành phố Đà Nẵng	Quận Cẩm Lệ	8
20308	Xã Hòa Nhơn	48	Thành phố Đà Nẵng	Huyện Hòa Vang	10
20311	Phường Hòa Thọ Tây	48	Thành phố Đà Nẵng	Quận Cẩm Lệ	8
20312	Phường Hòa Thọ Đông	48	Thành phố Đà Nẵng	Quận Cẩm Lệ	8
20314	Phường Hòa Xuân	48	Thành phố Đà Nẵng	Quận Cẩm Lệ	8
20317	Xã Hòa Phú	48	Thành phố Đà Nẵng	Huyện Hòa Vang	10
20320	Xã Hòa Phong	48	Thành phố Đà Nẵng	Huyện Hòa Vang	10
20323	Xã Hòa Châu	48	Thành phố Đà Nẵng	Huyện Hòa Vang	10
20326	Xã Hòa Tiến	48	Thành phố Đà Nẵng	Huyện Hòa Vang	10
20329	Xã Hòa Phước	48	Thành phố Đà Nẵng	Huyện Hòa Vang	10
20332	Xã Hòa Khương	48	Thành phố Đà Nẵng	Huyện Hòa Vang	10
20335	Phường Tân Thạnh	49	Tỉnh Quảng Nam	Thành phố Tam Kỳ	8
20338	Phường Phước Hòa	49	Tỉnh Quảng Nam	Thành phố Tam Kỳ	8
20341	Phường An Mỹ	49	Tỉnh Quảng Nam	Thành phố Tam Kỳ	8
20344	Phường Hòa Hương	49	Tỉnh Quảng Nam	Thành phố Tam Kỳ	8
20347	Phường An Xuân	49	Tỉnh Quảng Nam	Thành phố Tam Kỳ	8
20350	Phường An Sơn	49	Tỉnh Quảng Nam	Thành phố Tam Kỳ	8
20353	Phường Trường Xuân	49	Tỉnh Quảng Nam	Thành phố Tam Kỳ	8
20356	Phường An Phú	49	Tỉnh Quảng Nam	Thành phố Tam Kỳ	8
20359	Xã Tam Thanh	49	Tỉnh Quảng Nam	Thành phố Tam Kỳ	10
20362	Xã Tam Thăng	49	Tỉnh Quảng Nam	Thành phố Tam Kỳ	10
20364	Thị trấn Phú Thịnh	49	Tỉnh Quảng Nam	Huyện Phú Ninh	9
20365	Xã Tam Thành	49	Tỉnh Quảng Nam	Huyện Phú Ninh	10
20368	Xã Tam An	49	Tỉnh Quảng Nam	Huyện Phú Ninh	10
20371	Xã Tam Phú	49	Tỉnh Quảng Nam	Thành phố Tam Kỳ	10
20374	Xã Tam Đàn	49	Tỉnh Quảng Nam	Huyện Phú Ninh	10
20375	Phường Hoà Thuận	49	Tỉnh Quảng Nam	Thành phố Tam Kỳ	8
20377	Xã Tam Lộc	49	Tỉnh Quảng Nam	Huyện Phú Ninh	10
20380	Xã Tam Phước	49	Tỉnh Quảng Nam	Huyện Phú Ninh	10
20383	Xã Tam Vinh	49	Tỉnh Quảng Nam	Huyện Phú Ninh	10
20386	Xã Tam Thái	49	Tỉnh Quảng Nam	Huyện Phú Ninh	10
20387	Xã Tam Đại	49	Tỉnh Quảng Nam	Huyện Phú Ninh	10
20389	Xã Tam Ngọc	49	Tỉnh Quảng Nam	Thành phố Tam Kỳ	10
20392	Xã Tam Dân	49	Tỉnh Quảng Nam	Huyện Phú Ninh	10
20395	Xã Tam Lãnh	49	Tỉnh Quảng Nam	Huyện Phú Ninh	10
20398	Phường Minh An	49	Tỉnh Quảng Nam	Thành phố Hội An	8
20401	Phường Tân An	49	Tỉnh Quảng Nam	Thành phố Hội An	8
20404	Phường Cẩm Phô	49	Tỉnh Quảng Nam	Thành phố Hội An	8
20407	Phường Thanh Hà	49	Tỉnh Quảng Nam	Thành phố Hội An	8
20410	Phường Sơn Phong	49	Tỉnh Quảng Nam	Thành phố Hội An	8
20413	Phường Cẩm Châu	49	Tỉnh Quảng Nam	Thành phố Hội An	8
20416	Phường Cửa Đại	49	Tỉnh Quảng Nam	Thành phố Hội An	8
20419	Phường Cẩm An	49	Tỉnh Quảng Nam	Thành phố Hội An	8
20422	Xã Cẩm Hà	49	Tỉnh Quảng Nam	Thành phố Hội An	10
20425	Xã Cẩm Kim	49	Tỉnh Quảng Nam	Thành phố Hội An	10
20428	Phường Cẩm Nam	49	Tỉnh Quảng Nam	Thành phố Hội An	8
20431	Xã Cẩm Thanh	49	Tỉnh Quảng Nam	Thành phố Hội An	10
20434	Xã Tân Hiệp	49	Tỉnh Quảng Nam	Thành phố Hội An	10
20437	Xã Ch'ơm	49	Tỉnh Quảng Nam	Huyện Tây Giang	10
20440	Xã Ga Ri	49	Tỉnh Quảng Nam	Huyện Tây Giang	10
20443	Xã A Xan	49	Tỉnh Quảng Nam	Huyện Tây Giang	10
20446	Xã Tr'Hy	49	Tỉnh Quảng Nam	Huyện Tây Giang	10
20449	Xã Lăng	49	Tỉnh Quảng Nam	Huyện Tây Giang	10
20452	Xã A Nông	49	Tỉnh Quảng Nam	Huyện Tây Giang	10
20455	Xã A Tiêng	49	Tỉnh Quảng Nam	Huyện Tây Giang	10
20458	Xã Bha Lê	49	Tỉnh Quảng Nam	Huyện Tây Giang	10
20461	Xã A Vương	49	Tỉnh Quảng Nam	Huyện Tây Giang	10
20464	Xã Dang	49	Tỉnh Quảng Nam	Huyện Tây Giang	10
20467	Thị trấn P Rao	49	Tỉnh Quảng Nam	Huyện Đông Giang	9
20470	Xã Tà Lu	49	Tỉnh Quảng Nam	Huyện Đông Giang	10
20473	Xã Sông Kôn	49	Tỉnh Quảng Nam	Huyện Đông Giang	10
20476	Xã Jơ Ngây	49	Tỉnh Quảng Nam	Huyện Đông Giang	10
20479	Xã A Ting	49	Tỉnh Quảng Nam	Huyện Đông Giang	10
20482	Xã Tư	49	Tỉnh Quảng Nam	Huyện Đông Giang	10
20485	Xã Ba	49	Tỉnh Quảng Nam	Huyện Đông Giang	10
20488	Xã A Rooi	49	Tỉnh Quảng Nam	Huyện Đông Giang	10
20491	Xã Za Hung	49	Tỉnh Quảng Nam	Huyện Đông Giang	10
20494	Xã Mà Cooi	49	Tỉnh Quảng Nam	Huyện Đông Giang	10
20497	Xã Ka Dăng	49	Tỉnh Quảng Nam	Huyện Đông Giang	10
20500	Thị trấn Ái Nghĩa	49	Tỉnh Quảng Nam	Huyện Đại Lộc	9
20503	Xã Đại Sơn	49	Tỉnh Quảng Nam	Huyện Đại Lộc	10
20506	Xã Đại Lãnh	49	Tỉnh Quảng Nam	Huyện Đại Lộc	10
20509	Xã Đại Hưng	49	Tỉnh Quảng Nam	Huyện Đại Lộc	10
20512	Xã Đại Hồng	49	Tỉnh Quảng Nam	Huyện Đại Lộc	10
20515	Xã Đại Đồng	49	Tỉnh Quảng Nam	Huyện Đại Lộc	10
20518	Xã Đại Quang	49	Tỉnh Quảng Nam	Huyện Đại Lộc	10
20521	Xã Đại Nghĩa	49	Tỉnh Quảng Nam	Huyện Đại Lộc	10
20524	Xã Đại Hiệp	49	Tỉnh Quảng Nam	Huyện Đại Lộc	10
20527	Xã Đại Thạnh	49	Tỉnh Quảng Nam	Huyện Đại Lộc	10
20530	Xã Đại Chánh	49	Tỉnh Quảng Nam	Huyện Đại Lộc	10
20533	Xã Đại Tân	49	Tỉnh Quảng Nam	Huyện Đại Lộc	10
20536	Xã Đại Phong	49	Tỉnh Quảng Nam	Huyện Đại Lộc	10
20539	Xã Đại Minh	49	Tỉnh Quảng Nam	Huyện Đại Lộc	10
20542	Xã Đại Thắng	49	Tỉnh Quảng Nam	Huyện Đại Lộc	10
20545	Xã Đại Cường	49	Tỉnh Quảng Nam	Huyện Đại Lộc	10
20547	Xã Đại An	49	Tỉnh Quảng Nam	Huyện Đại Lộc	10
20548	Xã Đại Hòa	49	Tỉnh Quảng Nam	Huyện Đại Lộc	10
20551	Phường Vĩnh Điện	49	Tỉnh Quảng Nam	Thị xã Điện Bàn	8
20554	Xã Điện Tiến	49	Tỉnh Quảng Nam	Thị xã Điện Bàn	10
20557	Xã Điện Hòa	49	Tỉnh Quảng Nam	Thị xã Điện Bàn	10
20560	Phường Điện Thắng Bắc	49	Tỉnh Quảng Nam	Thị xã Điện Bàn	8
20561	Phường Điện Thắng Trung	49	Tỉnh Quảng Nam	Thị xã Điện Bàn	8
20562	Phường Điện Thắng Nam	49	Tỉnh Quảng Nam	Thị xã Điện Bàn	8
20563	Phường Điện Ngọc	49	Tỉnh Quảng Nam	Thị xã Điện Bàn	8
20566	Xã Điện Hồng	49	Tỉnh Quảng Nam	Thị xã Điện Bàn	10
20569	Xã Điện Thọ	49	Tỉnh Quảng Nam	Thị xã Điện Bàn	10
20572	Xã Điện Phước	49	Tỉnh Quảng Nam	Thị xã Điện Bàn	10
20575	Phường Điện An	49	Tỉnh Quảng Nam	Thị xã Điện Bàn	8
20578	Phường Điện Nam Bắc	49	Tỉnh Quảng Nam	Thị xã Điện Bàn	8
20579	Phường Điện Nam Trung	49	Tỉnh Quảng Nam	Thị xã Điện Bàn	8
20580	Phường Điện Nam Đông	49	Tỉnh Quảng Nam	Thị xã Điện Bàn	8
20581	Phường Điện Dương	49	Tỉnh Quảng Nam	Thị xã Điện Bàn	8
20584	Xã Điện Quang	49	Tỉnh Quảng Nam	Thị xã Điện Bàn	10
20587	Xã Điện Trung	49	Tỉnh Quảng Nam	Thị xã Điện Bàn	10
20590	Xã Điện Phong	49	Tỉnh Quảng Nam	Thị xã Điện Bàn	10
20593	Phường Điện Minh	49	Tỉnh Quảng Nam	Thị xã Điện Bàn	8
20596	Phường Điện Phương	49	Tỉnh Quảng Nam	Thị xã Điện Bàn	8
20599	Thị trấn Nam Phước	49	Tỉnh Quảng Nam	Huyện Duy Xuyên	9
20602	Xã Duy Thu	49	Tỉnh Quảng Nam	Huyện Duy Xuyên	10
20605	Xã Duy Phú	49	Tỉnh Quảng Nam	Huyện Duy Xuyên	10
20608	Xã Duy Tân	49	Tỉnh Quảng Nam	Huyện Duy Xuyên	10
20611	Xã Duy Hòa	49	Tỉnh Quảng Nam	Huyện Duy Xuyên	10
20614	Xã Duy Châu	49	Tỉnh Quảng Nam	Huyện Duy Xuyên	10
20617	Xã Duy Trinh	49	Tỉnh Quảng Nam	Huyện Duy Xuyên	10
20620	Xã Duy Sơn	49	Tỉnh Quảng Nam	Huyện Duy Xuyên	10
20623	Xã Duy Trung	49	Tỉnh Quảng Nam	Huyện Duy Xuyên	10
20626	Xã Duy Phước	49	Tỉnh Quảng Nam	Huyện Duy Xuyên	10
20629	Xã Duy Thành	49	Tỉnh Quảng Nam	Huyện Duy Xuyên	10
20632	Xã Duy Vinh	49	Tỉnh Quảng Nam	Huyện Duy Xuyên	10
20635	Xã Duy Nghĩa	49	Tỉnh Quảng Nam	Huyện Duy Xuyên	10
20638	Xã Duy Hải	49	Tỉnh Quảng Nam	Huyện Duy Xuyên	10
20641	Thị trấn Đông Phú	49	Tỉnh Quảng Nam	Huyện Quế Sơn	9
20644	Xã Quế Xuân 1	49	Tỉnh Quảng Nam	Huyện Quế Sơn	10
20647	Xã Quế Xuân 2	49	Tỉnh Quảng Nam	Huyện Quế Sơn	10
20650	Xã Quế Phú	49	Tỉnh Quảng Nam	Huyện Quế Sơn	10
20651	Thị trấn Hương An	49	Tỉnh Quảng Nam	Huyện Quế Sơn	9
20656	Thị trấn Trung Phước	49	Tỉnh Quảng Nam	Huyện Nông Sơn	9
20659	Xã Quế Hiệp	49	Tỉnh Quảng Nam	Huyện Quế Sơn	10
20662	Xã Quế Thuận	49	Tỉnh Quảng Nam	Huyện Quế Sơn	10
20665	Xã Quế Mỹ	49	Tỉnh Quảng Nam	Huyện Quế Sơn	10
20668	Xã Ninh Phước	49	Tỉnh Quảng Nam	Huyện Nông Sơn	10
20669	Xã Phước Ninh	49	Tỉnh Quảng Nam	Huyện Nông Sơn	10
20671	Xã Quế Lộc	49	Tỉnh Quảng Nam	Huyện Nông Sơn	10
20672	Xã Sơn Viên	49	Tỉnh Quảng Nam	Huyện Nông Sơn	10
20677	Xã Quế Long	49	Tỉnh Quảng Nam	Huyện Quế Sơn	10
20680	Xã Quế Châu	49	Tỉnh Quảng Nam	Huyện Quế Sơn	10
20683	Xã Quế Phong	49	Tỉnh Quảng Nam	Huyện Quế Sơn	10
20686	Xã Quế An	49	Tỉnh Quảng Nam	Huyện Quế Sơn	10
20689	Xã Quế Minh	49	Tỉnh Quảng Nam	Huyện Quế Sơn	10
20692	Xã Quế Lâm	49	Tỉnh Quảng Nam	Huyện Nông Sơn	10
20695	Thị trấn Thạnh Mỹ	49	Tỉnh Quảng Nam	Huyện Nam Giang	9
20698	Xã Laêê	49	Tỉnh Quảng Nam	Huyện Nam Giang	10
20699	Xã Chơ Chun	49	Tỉnh Quảng Nam	Huyện Nam Giang	10
20701	Xã Zuôich	49	Tỉnh Quảng Nam	Huyện Nam Giang	10
20702	Xã Tà Pơơ	49	Tỉnh Quảng Nam	Huyện Nam Giang	10
20704	Xã La Dêê	49	Tỉnh Quảng Nam	Huyện Nam Giang	10
20705	Xã Đắc Tôi	49	Tỉnh Quảng Nam	Huyện Nam Giang	10
20707	Xã Chà Vàl	49	Tỉnh Quảng Nam	Huyện Nam Giang	10
20710	Xã Tà Bhinh	49	Tỉnh Quảng Nam	Huyện Nam Giang	10
20713	Xã Cà Dy	49	Tỉnh Quảng Nam	Huyện Nam Giang	10
20716	Xã Đắc Pre	49	Tỉnh Quảng Nam	Huyện Nam Giang	10
20719	Xã Đắc Pring	49	Tỉnh Quảng Nam	Huyện Nam Giang	10
20722	Thị trấn Khâm Đức	49	Tỉnh Quảng Nam	Huyện Phước Sơn	9
20725	Xã Phước Xuân	49	Tỉnh Quảng Nam	Huyện Phước Sơn	10
20728	Xã Phước Hiệp	49	Tỉnh Quảng Nam	Huyện Phước Sơn	10
20729	Xã Phước Hoà	49	Tỉnh Quảng Nam	Huyện Phước Sơn	10
20731	Xã Phước Đức	49	Tỉnh Quảng Nam	Huyện Phước Sơn	10
20734	Xã Phước Năng	49	Tỉnh Quảng Nam	Huyện Phước Sơn	10
20737	Xã Phước Mỹ	49	Tỉnh Quảng Nam	Huyện Phước Sơn	10
20740	Xã Phước Chánh	49	Tỉnh Quảng Nam	Huyện Phước Sơn	10
20743	Xã Phước Công	49	Tỉnh Quảng Nam	Huyện Phước Sơn	10
20746	Xã Phước Kim	49	Tỉnh Quảng Nam	Huyện Phước Sơn	10
20749	Xã Phước Lộc	49	Tỉnh Quảng Nam	Huyện Phước Sơn	10
20752	Xã Phước Thành	49	Tỉnh Quảng Nam	Huyện Phước Sơn	10
20758	Xã Hiệp Hòa	49	Tỉnh Quảng Nam	Huyện Hiệp Đức	10
20761	Xã Hiệp Thuận	49	Tỉnh Quảng Nam	Huyện Hiệp Đức	10
20764	Xã Quế Thọ	49	Tỉnh Quảng Nam	Huyện Hiệp Đức	10
20767	Xã Bình Lâm	49	Tỉnh Quảng Nam	Huyện Hiệp Đức	10
20770	Xã Sông Trà	49	Tỉnh Quảng Nam	Huyện Hiệp Đức	10
20773	Xã Phước Trà	49	Tỉnh Quảng Nam	Huyện Hiệp Đức	10
20776	Xã Phước Gia	49	Tỉnh Quảng Nam	Huyện Hiệp Đức	10
20779	Thị trấn Tân Bình	49	Tỉnh Quảng Nam	Huyện Hiệp Đức	9
20782	Xã Quế Lưu	49	Tỉnh Quảng Nam	Huyện Hiệp Đức	10
20785	Xã Thăng Phước	49	Tỉnh Quảng Nam	Huyện Hiệp Đức	10
20788	Xã Bình Sơn	49	Tỉnh Quảng Nam	Huyện Hiệp Đức	10
20791	Thị trấn Hà Lam	49	Tỉnh Quảng Nam	Huyện Thăng Bình	9
20794	Xã Bình Dương	49	Tỉnh Quảng Nam	Huyện Thăng Bình	10
20797	Xã Bình Giang	49	Tỉnh Quảng Nam	Huyện Thăng Bình	10
20800	Xã Bình Nguyên	49	Tỉnh Quảng Nam	Huyện Thăng Bình	10
20803	Xã Bình Phục	49	Tỉnh Quảng Nam	Huyện Thăng Bình	10
20806	Xã Bình Triều	49	Tỉnh Quảng Nam	Huyện Thăng Bình	10
20809	Xã Bình Đào	49	Tỉnh Quảng Nam	Huyện Thăng Bình	10
20812	Xã Bình Minh	49	Tỉnh Quảng Nam	Huyện Thăng Bình	10
20815	Xã Bình Lãnh	49	Tỉnh Quảng Nam	Huyện Thăng Bình	10
20818	Xã Bình Trị	49	Tỉnh Quảng Nam	Huyện Thăng Bình	10
20821	Xã Bình Định Bắc	49	Tỉnh Quảng Nam	Huyện Thăng Bình	10
20822	Xã Bình Định Nam	49	Tỉnh Quảng Nam	Huyện Thăng Bình	10
20824	Xã Bình Quý	49	Tỉnh Quảng Nam	Huyện Thăng Bình	10
20827	Xã Bình Phú	49	Tỉnh Quảng Nam	Huyện Thăng Bình	10
20830	Xã Bình Chánh	49	Tỉnh Quảng Nam	Huyện Thăng Bình	10
20833	Xã Bình Tú	49	Tỉnh Quảng Nam	Huyện Thăng Bình	10
20836	Xã Bình Sa	49	Tỉnh Quảng Nam	Huyện Thăng Bình	10
20839	Xã Bình Hải	49	Tỉnh Quảng Nam	Huyện Thăng Bình	10
20842	Xã Bình Quế	49	Tỉnh Quảng Nam	Huyện Thăng Bình	10
20845	Xã Bình An	49	Tỉnh Quảng Nam	Huyện Thăng Bình	10
20848	Xã Bình Trung	49	Tỉnh Quảng Nam	Huyện Thăng Bình	10
20851	Xã Bình Nam	49	Tỉnh Quảng Nam	Huyện Thăng Bình	10
20854	Thị trấn Tiên Kỳ	49	Tỉnh Quảng Nam	Huyện Tiên Phước	9
20857	Xã Tiên Sơn	49	Tỉnh Quảng Nam	Huyện Tiên Phước	10
20860	Xã Tiên Hà	49	Tỉnh Quảng Nam	Huyện Tiên Phước	10
20863	Xã Tiên Cẩm	49	Tỉnh Quảng Nam	Huyện Tiên Phước	10
20866	Xã Tiên Châu	49	Tỉnh Quảng Nam	Huyện Tiên Phước	10
20869	Xã Tiên Lãnh	49	Tỉnh Quảng Nam	Huyện Tiên Phước	10
20872	Xã Tiên Ngọc	49	Tỉnh Quảng Nam	Huyện Tiên Phước	10
20875	Xã Tiên Hiệp	49	Tỉnh Quảng Nam	Huyện Tiên Phước	10
20878	Xã Tiên Cảnh	49	Tỉnh Quảng Nam	Huyện Tiên Phước	10
20881	Xã Tiên Mỹ	49	Tỉnh Quảng Nam	Huyện Tiên Phước	10
20884	Xã Tiên Phong	49	Tỉnh Quảng Nam	Huyện Tiên Phước	10
20887	Xã Tiên Thọ	49	Tỉnh Quảng Nam	Huyện Tiên Phước	10
20890	Xã Tiên An	49	Tỉnh Quảng Nam	Huyện Tiên Phước	10
20893	Xã Tiên Lộc	49	Tỉnh Quảng Nam	Huyện Tiên Phước	10
20896	Xã Tiên Lập	49	Tỉnh Quảng Nam	Huyện Tiên Phước	10
20899	Thị trấn Trà My	49	Tỉnh Quảng Nam	Huyện Bắc Trà My	9
20900	Xã Trà Sơn	49	Tỉnh Quảng Nam	Huyện Bắc Trà My	10
20902	Xã Trà Kót	49	Tỉnh Quảng Nam	Huyện Bắc Trà My	10
20905	Xã Trà Nú	49	Tỉnh Quảng Nam	Huyện Bắc Trà My	10
20908	Xã Trà Đông	49	Tỉnh Quảng Nam	Huyện Bắc Trà My	10
20911	Xã Trà Dương	49	Tỉnh Quảng Nam	Huyện Bắc Trà My	10
20914	Xã Trà Giang	49	Tỉnh Quảng Nam	Huyện Bắc Trà My	10
20917	Xã Trà Bui	49	Tỉnh Quảng Nam	Huyện Bắc Trà My	10
20920	Xã Trà Đốc	49	Tỉnh Quảng Nam	Huyện Bắc Trà My	10
20923	Xã Trà Tân	49	Tỉnh Quảng Nam	Huyện Bắc Trà My	10
20926	Xã Trà Giác	49	Tỉnh Quảng Nam	Huyện Bắc Trà My	10
20929	Xã Trà Giáp	49	Tỉnh Quảng Nam	Huyện Bắc Trà My	10
20932	Xã Trà Ka	49	Tỉnh Quảng Nam	Huyện Bắc Trà My	10
20935	Xã Trà Leng	49	Tỉnh Quảng Nam	Huyện Nam Trà My	10
20938	Xã Trà Dơn	49	Tỉnh Quảng Nam	Huyện Nam Trà My	10
20941	Xã Trà Tập	49	Tỉnh Quảng Nam	Huyện Nam Trà My	10
20944	Xã Trà Mai	49	Tỉnh Quảng Nam	Huyện Nam Trà My	10
20947	Xã Trà Cang	49	Tỉnh Quảng Nam	Huyện Nam Trà My	10
20950	Xã Trà Linh	49	Tỉnh Quảng Nam	Huyện Nam Trà My	10
20953	Xã Trà Nam	49	Tỉnh Quảng Nam	Huyện Nam Trà My	10
20956	Xã Trà Don	49	Tỉnh Quảng Nam	Huyện Nam Trà My	10
20959	Xã Trà Vân	49	Tỉnh Quảng Nam	Huyện Nam Trà My	10
20962	Xã Trà Vinh	49	Tỉnh Quảng Nam	Huyện Nam Trà My	10
20965	Thị trấn Núi Thành	49	Tỉnh Quảng Nam	Huyện Núi Thành	9
20968	Xã Tam Xuân I	49	Tỉnh Quảng Nam	Huyện Núi Thành	10
20971	Xã Tam Xuân II	49	Tỉnh Quảng Nam	Huyện Núi Thành	10
20974	Xã Tam Tiến	49	Tỉnh Quảng Nam	Huyện Núi Thành	10
20977	Xã Tam Sơn	49	Tỉnh Quảng Nam	Huyện Núi Thành	10
20980	Xã Tam Thạnh	49	Tỉnh Quảng Nam	Huyện Núi Thành	10
20983	Xã Tam Anh Bắc	49	Tỉnh Quảng Nam	Huyện Núi Thành	10
20984	Xã Tam Anh Nam	49	Tỉnh Quảng Nam	Huyện Núi Thành	10
20986	Xã Tam Hòa	49	Tỉnh Quảng Nam	Huyện Núi Thành	10
20989	Xã Tam Hiệp	49	Tỉnh Quảng Nam	Huyện Núi Thành	10
20992	Xã Tam Hải	49	Tỉnh Quảng Nam	Huyện Núi Thành	10
20995	Xã Tam Giang	49	Tỉnh Quảng Nam	Huyện Núi Thành	10
20998	Xã Tam Quang	49	Tỉnh Quảng Nam	Huyện Núi Thành	10
21001	Xã Tam Nghĩa	49	Tỉnh Quảng Nam	Huyện Núi Thành	10
21004	Xã Tam Mỹ Tây	49	Tỉnh Quảng Nam	Huyện Núi Thành	10
21005	Xã Tam Mỹ Đông	49	Tỉnh Quảng Nam	Huyện Núi Thành	10
21007	Xã Tam Trà	49	Tỉnh Quảng Nam	Huyện Núi Thành	10
21010	Phường Lê Hồng Phong	51	Tỉnh Quảng Ngãi	Thành phố Quảng Ngãi	8
21013	Phường Trần Phú	51	Tỉnh Quảng Ngãi	Thành phố Quảng Ngãi	8
21016	Phường Quảng Phú	51	Tỉnh Quảng Ngãi	Thành phố Quảng Ngãi	8
21019	Phường Nghĩa Chánh	51	Tỉnh Quảng Ngãi	Thành phố Quảng Ngãi	8
21022	Phường Trần Hưng Đạo	51	Tỉnh Quảng Ngãi	Thành phố Quảng Ngãi	8
21025	Phường Nguyễn Nghiêm	51	Tỉnh Quảng Ngãi	Thành phố Quảng Ngãi	8
21028	Phường Nghĩa Lộ	51	Tỉnh Quảng Ngãi	Thành phố Quảng Ngãi	8
21031	Phường Chánh Lộ	51	Tỉnh Quảng Ngãi	Thành phố Quảng Ngãi	8
21034	Xã Nghĩa Dũng	51	Tỉnh Quảng Ngãi	Thành phố Quảng Ngãi	10
21037	Xã Nghĩa Dõng	51	Tỉnh Quảng Ngãi	Thành phố Quảng Ngãi	10
21040	Thị trấn Châu Ổ	51	Tỉnh Quảng Ngãi	Huyện Bình Sơn	9
21043	Xã Bình Thuận	51	Tỉnh Quảng Ngãi	Huyện Bình Sơn	10
21046	Xã Bình Thạnh	51	Tỉnh Quảng Ngãi	Huyện Bình Sơn	10
21049	Xã Bình Đông	51	Tỉnh Quảng Ngãi	Huyện Bình Sơn	10
21052	Xã Bình Chánh	51	Tỉnh Quảng Ngãi	Huyện Bình Sơn	10
21055	Xã Bình Nguyên	51	Tỉnh Quảng Ngãi	Huyện Bình Sơn	10
21058	Xã Bình Khương	51	Tỉnh Quảng Ngãi	Huyện Bình Sơn	10
21061	Xã Bình Trị	51	Tỉnh Quảng Ngãi	Huyện Bình Sơn	10
21064	Xã Bình An	51	Tỉnh Quảng Ngãi	Huyện Bình Sơn	10
21067	Xã Bình Hải	51	Tỉnh Quảng Ngãi	Huyện Bình Sơn	10
21070	Xã Bình Dương	51	Tỉnh Quảng Ngãi	Huyện Bình Sơn	10
21073	Xã Bình Phước	51	Tỉnh Quảng Ngãi	Huyện Bình Sơn	10
21079	Xã Bình Hòa	51	Tỉnh Quảng Ngãi	Huyện Bình Sơn	10
21082	Xã Bình Trung	51	Tỉnh Quảng Ngãi	Huyện Bình Sơn	10
21085	Xã Bình Minh	51	Tỉnh Quảng Ngãi	Huyện Bình Sơn	10
21088	Xã Bình Long	51	Tỉnh Quảng Ngãi	Huyện Bình Sơn	10
21091	Xã Bình Thanh	51	Tỉnh Quảng Ngãi	Huyện Bình Sơn	10
21100	Xã Bình Chương	51	Tỉnh Quảng Ngãi	Huyện Bình Sơn	10
21103	Xã Bình Hiệp	51	Tỉnh Quảng Ngãi	Huyện Bình Sơn	10
21106	Xã Bình Mỹ	51	Tỉnh Quảng Ngãi	Huyện Bình Sơn	10
21109	Xã Bình Tân Phú	51	Tỉnh Quảng Ngãi	Huyện Bình Sơn	10
21112	Xã Bình Châu	51	Tỉnh Quảng Ngãi	Huyện Bình Sơn	10
21115	Thị trấn Trà Xuân	51	Tỉnh Quảng Ngãi	Huyện Trà Bồng	9
21118	Xã Trà Giang	51	Tỉnh Quảng Ngãi	Huyện Trà Bồng	10
21121	Xã Trà Thủy	51	Tỉnh Quảng Ngãi	Huyện Trà Bồng	10
21124	Xã Trà Hiệp	51	Tỉnh Quảng Ngãi	Huyện Trà Bồng	10
21127	Xã Trà Bình	51	Tỉnh Quảng Ngãi	Huyện Trà Bồng	10
21130	Xã Trà Phú	51	Tỉnh Quảng Ngãi	Huyện Trà Bồng	10
21133	Xã Trà Lâm	51	Tỉnh Quảng Ngãi	Huyện Trà Bồng	10
21136	Xã Trà Tân	51	Tỉnh Quảng Ngãi	Huyện Trà Bồng	10
21139	Xã Trà Sơn	51	Tỉnh Quảng Ngãi	Huyện Trà Bồng	10
21142	Xã Trà Bùi	51	Tỉnh Quảng Ngãi	Huyện Trà Bồng	10
21145	Xã Trà Thanh	51	Tỉnh Quảng Ngãi	Huyện Trà Bồng	10
21148	Xã Sơn Trà	51	Tỉnh Quảng Ngãi	Huyện Trà Bồng	10
21154	Xã Trà Phong	51	Tỉnh Quảng Ngãi	Huyện Trà Bồng	10
21157	Xã Hương Trà	51	Tỉnh Quảng Ngãi	Huyện Trà Bồng	10
21163	Xã Trà Xinh	51	Tỉnh Quảng Ngãi	Huyện Trà Bồng	10
21166	Xã Trà Tây	51	Tỉnh Quảng Ngãi	Huyện Trà Bồng	10
21172	Phường Trương Quang Trọng	51	Tỉnh Quảng Ngãi	Thành phố Quảng Ngãi	8
21175	Xã Tịnh Thọ	51	Tỉnh Quảng Ngãi	Huyện Sơn Tịnh	10
21178	Xã Tịnh Trà	51	Tỉnh Quảng Ngãi	Huyện Sơn Tịnh	10
21181	Xã Tịnh Phong	51	Tỉnh Quảng Ngãi	Huyện Sơn Tịnh	10
21184	Xã Tịnh Hiệp	51	Tỉnh Quảng Ngãi	Huyện Sơn Tịnh	10
21187	Xã Tịnh Hòa	51	Tỉnh Quảng Ngãi	Thành phố Quảng Ngãi	10
21190	Xã Tịnh Kỳ	51	Tỉnh Quảng Ngãi	Thành phố Quảng Ngãi	10
21193	Xã Tịnh Bình	51	Tỉnh Quảng Ngãi	Huyện Sơn Tịnh	10
21196	Xã Tịnh Đông	51	Tỉnh Quảng Ngãi	Huyện Sơn Tịnh	10
21199	Xã Tịnh Thiện	51	Tỉnh Quảng Ngãi	Thành phố Quảng Ngãi	10
21202	Xã Tịnh Ấn Đông	51	Tỉnh Quảng Ngãi	Thành phố Quảng Ngãi	10
21205	Xã Tịnh Bắc	51	Tỉnh Quảng Ngãi	Huyện Sơn Tịnh	10
21208	Xã Tịnh Châu	51	Tỉnh Quảng Ngãi	Thành phố Quảng Ngãi	10
21211	Xã Tịnh Khê	51	Tỉnh Quảng Ngãi	Thành phố Quảng Ngãi	10
21214	Xã Tịnh Long	51	Tỉnh Quảng Ngãi	Thành phố Quảng Ngãi	10
21217	Xã Tịnh Sơn	51	Tỉnh Quảng Ngãi	Huyện Sơn Tịnh	10
21220	Xã Tịnh Hà	51	Tỉnh Quảng Ngãi	Huyện Sơn Tịnh	10
21223	Xã Tịnh Ấn Tây	51	Tỉnh Quảng Ngãi	Thành phố Quảng Ngãi	10
21226	Xã Tịnh Giang	51	Tỉnh Quảng Ngãi	Huyện Sơn Tịnh	10
21229	Xã Tịnh Minh	51	Tỉnh Quảng Ngãi	Huyện Sơn Tịnh	10
21232	Xã Tịnh An	51	Tỉnh Quảng Ngãi	Thành phố Quảng Ngãi	10
21235	Thị trấn La Hà	51	Tỉnh Quảng Ngãi	Huyện Tư Nghĩa	9
21238	Thị trấn Sông Vệ	51	Tỉnh Quảng Ngãi	Huyện Tư Nghĩa	9
21241	Xã Nghĩa Lâm	51	Tỉnh Quảng Ngãi	Huyện Tư Nghĩa	10
21244	Xã Nghĩa Thắng	51	Tỉnh Quảng Ngãi	Huyện Tư Nghĩa	10
21247	Xã Nghĩa Thuận	51	Tỉnh Quảng Ngãi	Huyện Tư Nghĩa	10
21250	Xã Nghĩa Kỳ	51	Tỉnh Quảng Ngãi	Huyện Tư Nghĩa	10
21253	Xã Nghĩa Phú	51	Tỉnh Quảng Ngãi	Thành phố Quảng Ngãi	10
21256	Xã Nghĩa Hà	51	Tỉnh Quảng Ngãi	Thành phố Quảng Ngãi	10
21259	Xã Nghĩa Sơn	51	Tỉnh Quảng Ngãi	Huyện Tư Nghĩa	10
21262	Xã Nghĩa An	51	Tỉnh Quảng Ngãi	Thành phố Quảng Ngãi	10
21268	Xã Nghĩa Hòa	51	Tỉnh Quảng Ngãi	Huyện Tư Nghĩa	10
21271	Xã Nghĩa Điền	51	Tỉnh Quảng Ngãi	Huyện Tư Nghĩa	10
21274	Xã Nghĩa Thương	51	Tỉnh Quảng Ngãi	Huyện Tư Nghĩa	10
21277	Xã Nghĩa Trung	51	Tỉnh Quảng Ngãi	Huyện Tư Nghĩa	10
21280	Xã Nghĩa Hiệp	51	Tỉnh Quảng Ngãi	Huyện Tư Nghĩa	10
21283	Xã Nghĩa Phương	51	Tỉnh Quảng Ngãi	Huyện Tư Nghĩa	10
21286	Xã Nghĩa Mỹ	51	Tỉnh Quảng Ngãi	Huyện Tư Nghĩa	10
21289	Thị trấn Di Lăng	51	Tỉnh Quảng Ngãi	Huyện Sơn Hà	9
21292	Xã Sơn Hạ	51	Tỉnh Quảng Ngãi	Huyện Sơn Hà	10
21295	Xã Sơn Thành	51	Tỉnh Quảng Ngãi	Huyện Sơn Hà	10
21298	Xã Sơn Nham	51	Tỉnh Quảng Ngãi	Huyện Sơn Hà	10
21301	Xã Sơn Bao	51	Tỉnh Quảng Ngãi	Huyện Sơn Hà	10
21304	Xã Sơn Linh	51	Tỉnh Quảng Ngãi	Huyện Sơn Hà	10
21307	Xã Sơn Giang	51	Tỉnh Quảng Ngãi	Huyện Sơn Hà	10
21310	Xã Sơn Trung	51	Tỉnh Quảng Ngãi	Huyện Sơn Hà	10
21313	Xã Sơn Thượng	51	Tỉnh Quảng Ngãi	Huyện Sơn Hà	10
21316	Xã Sơn Cao	51	Tỉnh Quảng Ngãi	Huyện Sơn Hà	10
21319	Xã Sơn Hải	51	Tỉnh Quảng Ngãi	Huyện Sơn Hà	10
21322	Xã Sơn Thủy	51	Tỉnh Quảng Ngãi	Huyện Sơn Hà	10
21325	Xã Sơn Kỳ	51	Tỉnh Quảng Ngãi	Huyện Sơn Hà	10
21328	Xã Sơn Ba	51	Tỉnh Quảng Ngãi	Huyện Sơn Hà	10
21331	Xã Sơn Bua	51	Tỉnh Quảng Ngãi	Huyện Sơn Tây	10
21334	Xã Sơn Mùa	51	Tỉnh Quảng Ngãi	Huyện Sơn Tây	10
21335	Xã Sơn Liên	51	Tỉnh Quảng Ngãi	Huyện Sơn Tây	10
21337	Xã Sơn Tân	51	Tỉnh Quảng Ngãi	Huyện Sơn Tây	10
21338	Xã Sơn Màu	51	Tỉnh Quảng Ngãi	Huyện Sơn Tây	10
21340	Xã Sơn Dung	51	Tỉnh Quảng Ngãi	Huyện Sơn Tây	10
21341	Xã Sơn Long	51	Tỉnh Quảng Ngãi	Huyện Sơn Tây	10
21343	Xã Sơn Tinh	51	Tỉnh Quảng Ngãi	Huyện Sơn Tây	10
21346	Xã Sơn Lập	51	Tỉnh Quảng Ngãi	Huyện Sơn Tây	10
21349	Xã Long Sơn	51	Tỉnh Quảng Ngãi	Huyện Minh Long	10
21352	Xã Long Mai	51	Tỉnh Quảng Ngãi	Huyện Minh Long	10
21355	Xã Thanh An	51	Tỉnh Quảng Ngãi	Huyện Minh Long	10
21358	Xã Long Môn	51	Tỉnh Quảng Ngãi	Huyện Minh Long	10
21361	Xã Long Hiệp	51	Tỉnh Quảng Ngãi	Huyện Minh Long	10
21364	Thị trấn Chợ Chùa	51	Tỉnh Quảng Ngãi	Huyện Nghĩa Hành	9
21367	Xã Hành Thuận	51	Tỉnh Quảng Ngãi	Huyện Nghĩa Hành	10
21370	Xã Hành Dũng	51	Tỉnh Quảng Ngãi	Huyện Nghĩa Hành	10
21373	Xã Hành Trung	51	Tỉnh Quảng Ngãi	Huyện Nghĩa Hành	10
21376	Xã Hành Nhân	51	Tỉnh Quảng Ngãi	Huyện Nghĩa Hành	10
21379	Xã Hành Đức	51	Tỉnh Quảng Ngãi	Huyện Nghĩa Hành	10
21382	Xã Hành Minh	51	Tỉnh Quảng Ngãi	Huyện Nghĩa Hành	10
21385	Xã Hành Phước	51	Tỉnh Quảng Ngãi	Huyện Nghĩa Hành	10
21388	Xã Hành Thiện	51	Tỉnh Quảng Ngãi	Huyện Nghĩa Hành	10
21391	Xã Hành Thịnh	51	Tỉnh Quảng Ngãi	Huyện Nghĩa Hành	10
21394	Xã Hành Tín Tây	51	Tỉnh Quảng Ngãi	Huyện Nghĩa Hành	10
21397	Xã Hành Tín Đông	51	Tỉnh Quảng Ngãi	Huyện Nghĩa Hành	10
21400	Thị trấn Mộ Đức	51	Tỉnh Quảng Ngãi	Huyện Mộ Đức	9
21403	Xã Đức Lợi	51	Tỉnh Quảng Ngãi	Huyện Mộ Đức	10
21406	Xã Đức Thắng	51	Tỉnh Quảng Ngãi	Huyện Mộ Đức	10
21409	Xã Đức Nhuận	51	Tỉnh Quảng Ngãi	Huyện Mộ Đức	10
21412	Xã Đức Chánh	51	Tỉnh Quảng Ngãi	Huyện Mộ Đức	10
21415	Xã Đức Hiệp	51	Tỉnh Quảng Ngãi	Huyện Mộ Đức	10
21418	Xã Đức Minh	51	Tỉnh Quảng Ngãi	Huyện Mộ Đức	10
21421	Xã Đức Thạnh	51	Tỉnh Quảng Ngãi	Huyện Mộ Đức	10
21424	Xã Đức Hòa	51	Tỉnh Quảng Ngãi	Huyện Mộ Đức	10
21427	Xã Đức Tân	51	Tỉnh Quảng Ngãi	Huyện Mộ Đức	10
21430	Xã Đức Phú	51	Tỉnh Quảng Ngãi	Huyện Mộ Đức	10
21433	Xã Đức Phong	51	Tỉnh Quảng Ngãi	Huyện Mộ Đức	10
21436	Xã Đức Lân	51	Tỉnh Quảng Ngãi	Huyện Mộ Đức	10
21439	Phường Nguyễn Nghiêm	51	Tỉnh Quảng Ngãi	Thị xã Đức Phổ	8
21442	Xã Phổ An	51	Tỉnh Quảng Ngãi	Thị xã Đức Phổ	10
21445	Xã Phổ Phong	51	Tỉnh Quảng Ngãi	Thị xã Đức Phổ	10
21448	Xã Phổ Thuận	51	Tỉnh Quảng Ngãi	Thị xã Đức Phổ	10
21451	Phường Phổ Văn	51	Tỉnh Quảng Ngãi	Thị xã Đức Phổ	8
21454	Phường Phổ Quang	51	Tỉnh Quảng Ngãi	Thị xã Đức Phổ	8
21457	Xã Phổ Nhơn	51	Tỉnh Quảng Ngãi	Thị xã Đức Phổ	10
21460	Phường Phổ Ninh	51	Tỉnh Quảng Ngãi	Thị xã Đức Phổ	8
21463	Phường Phổ Minh	51	Tỉnh Quảng Ngãi	Thị xã Đức Phổ	8
21466	Phường Phổ Vinh	51	Tỉnh Quảng Ngãi	Thị xã Đức Phổ	8
21469	Phường Phổ Hòa	51	Tỉnh Quảng Ngãi	Thị xã Đức Phổ	8
21472	Xã Phổ Cường	51	Tỉnh Quảng Ngãi	Thị xã Đức Phổ	10
21475	Xã Phổ Khánh	51	Tỉnh Quảng Ngãi	Thị xã Đức Phổ	10
21478	Phường Phổ Thạnh	51	Tỉnh Quảng Ngãi	Thị xã Đức Phổ	8
21481	Xã Phổ Châu	51	Tỉnh Quảng Ngãi	Thị xã Đức Phổ	10
21484	Thị trấn Ba Tơ	51	Tỉnh Quảng Ngãi	Huyện Ba Tơ	9
21487	Xã Ba Điền	51	Tỉnh Quảng Ngãi	Huyện Ba Tơ	10
21490	Xã Ba Vinh	51	Tỉnh Quảng Ngãi	Huyện Ba Tơ	10
21493	Xã Ba Thành	51	Tỉnh Quảng Ngãi	Huyện Ba Tơ	10
21496	Xã Ba Động	51	Tỉnh Quảng Ngãi	Huyện Ba Tơ	10
21499	Xã Ba Dinh	51	Tỉnh Quảng Ngãi	Huyện Ba Tơ	10
21500	Xã Ba Giang	51	Tỉnh Quảng Ngãi	Huyện Ba Tơ	10
21502	Xã Ba Liên	51	Tỉnh Quảng Ngãi	Huyện Ba Tơ	10
21505	Xã Ba Ngạc	51	Tỉnh Quảng Ngãi	Huyện Ba Tơ	10
21508	Xã Ba Khâm	51	Tỉnh Quảng Ngãi	Huyện Ba Tơ	10
21511	Xã Ba Cung	51	Tỉnh Quảng Ngãi	Huyện Ba Tơ	10
21517	Xã Ba Tiêu	51	Tỉnh Quảng Ngãi	Huyện Ba Tơ	10
21520	Xã Ba Trang	51	Tỉnh Quảng Ngãi	Huyện Ba Tơ	10
21523	Xã Ba Tô	51	Tỉnh Quảng Ngãi	Huyện Ba Tơ	10
21526	Xã Ba Bích	51	Tỉnh Quảng Ngãi	Huyện Ba Tơ	10
21529	Xã Ba Vì	51	Tỉnh Quảng Ngãi	Huyện Ba Tơ	10
21532	Xã Ba Lế	51	Tỉnh Quảng Ngãi	Huyện Ba Tơ	10
21535	Xã Ba Nam	51	Tỉnh Quảng Ngãi	Huyện Ba Tơ	10
21538	Xã Ba Xa	51	Tỉnh Quảng Ngãi	Huyện Ba Tơ	10
21550	Phường Nhơn Bình	52	Tỉnh Bình Định	Thành phố Quy Nhơn	8
21553	Phường Nhơn Phú	52	Tỉnh Bình Định	Thành phố Quy Nhơn	8
21556	Phường Đống Đa	52	Tỉnh Bình Định	Thành phố Quy Nhơn	8
21559	Phường Trần Quang Diệu	52	Tỉnh Bình Định	Thành phố Quy Nhơn	8
21562	Phường Hải Cảng	52	Tỉnh Bình Định	Thành phố Quy Nhơn	8
21565	Phường Quang Trung	52	Tỉnh Bình Định	Thành phố Quy Nhơn	8
21568	Phường Thị Nại	52	Tỉnh Bình Định	Thành phố Quy Nhơn	8
21571	Phường Lê Hồng Phong	52	Tỉnh Bình Định	Thành phố Quy Nhơn	8
21574	Phường Trần Hưng Đạo	52	Tỉnh Bình Định	Thành phố Quy Nhơn	8
21577	Phường Ngô Mây	52	Tỉnh Bình Định	Thành phố Quy Nhơn	8
21580	Phường Lý Thường Kiệt	52	Tỉnh Bình Định	Thành phố Quy Nhơn	8
21583	Phường Lê Lợi	52	Tỉnh Bình Định	Thành phố Quy Nhơn	8
21586	Phường Trần Phú	52	Tỉnh Bình Định	Thành phố Quy Nhơn	8
21589	Phường Bùi Thị Xuân	52	Tỉnh Bình Định	Thành phố Quy Nhơn	8
21592	Phường Nguyễn Văn Cừ	52	Tỉnh Bình Định	Thành phố Quy Nhơn	8
21595	Phường Ghềnh Ráng	52	Tỉnh Bình Định	Thành phố Quy Nhơn	8
21598	Xã Nhơn Lý	52	Tỉnh Bình Định	Thành phố Quy Nhơn	10
21601	Xã Nhơn Hội	52	Tỉnh Bình Định	Thành phố Quy Nhơn	10
21604	Xã Nhơn Hải	52	Tỉnh Bình Định	Thành phố Quy Nhơn	10
21607	Xã Nhơn Châu	52	Tỉnh Bình Định	Thành phố Quy Nhơn	10
21609	Thị trấn An Lão	52	Tỉnh Bình Định	Huyện An Lão	9
21610	Xã An Hưng	52	Tỉnh Bình Định	Huyện An Lão	10
21613	Xã An Trung	52	Tỉnh Bình Định	Huyện An Lão	10
21616	Xã An Dũng	52	Tỉnh Bình Định	Huyện An Lão	10
21619	Xã An Vinh	52	Tỉnh Bình Định	Huyện An Lão	10
21622	Xã An Toàn	52	Tỉnh Bình Định	Huyện An Lão	10
21625	Xã An Tân	52	Tỉnh Bình Định	Huyện An Lão	10
21628	Xã An Hòa	52	Tỉnh Bình Định	Huyện An Lão	10
21631	Xã An Quang	52	Tỉnh Bình Định	Huyện An Lão	10
21634	Xã An Nghĩa	52	Tỉnh Bình Định	Huyện An Lão	10
21637	Phường Tam Quan	52	Tỉnh Bình Định	Thị xã Hoài Nhơn	8
21640	Phường Bồng Sơn	52	Tỉnh Bình Định	Thị xã Hoài Nhơn	8
21643	Xã Hoài Sơn	52	Tỉnh Bình Định	Thị xã Hoài Nhơn	10
21646	Xã Hoài Châu Bắc	52	Tỉnh Bình Định	Thị xã Hoài Nhơn	10
21649	Xã Hoài Châu	52	Tỉnh Bình Định	Thị xã Hoài Nhơn	10
21652	Xã Hoài Phú	52	Tỉnh Bình Định	Thị xã Hoài Nhơn	10
21655	Phường Tam Quan Bắc	52	Tỉnh Bình Định	Thị xã Hoài Nhơn	8
21658	Phường Tam Quan Nam	52	Tỉnh Bình Định	Thị xã Hoài Nhơn	8
21661	Phường Hoài Hảo	52	Tỉnh Bình Định	Thị xã Hoài Nhơn	8
21664	Phường Hoài Thanh Tây	52	Tỉnh Bình Định	Thị xã Hoài Nhơn	8
21667	Phường Hoài Thanh	52	Tỉnh Bình Định	Thị xã Hoài Nhơn	8
21670	Phường Hoài Hương	52	Tỉnh Bình Định	Thị xã Hoài Nhơn	8
21673	Phường Hoài Tân	52	Tỉnh Bình Định	Thị xã Hoài Nhơn	8
21676	Xã Hoài Hải	52	Tỉnh Bình Định	Thị xã Hoài Nhơn	10
21679	Phường Hoài Xuân	52	Tỉnh Bình Định	Thị xã Hoài Nhơn	8
21682	Xã Hoài Mỹ	52	Tỉnh Bình Định	Thị xã Hoài Nhơn	10
21685	Phường Hoài Đức	52	Tỉnh Bình Định	Thị xã Hoài Nhơn	8
21688	Thị trấn Tăng Bạt Hổ	52	Tỉnh Bình Định	Huyện Hoài Ân	9
21690	Xã Ân Hảo Tây	52	Tỉnh Bình Định	Huyện Hoài Ân	10
21691	Xã Ân Hảo Đông	52	Tỉnh Bình Định	Huyện Hoài Ân	10
21694	Xã Ân Sơn	52	Tỉnh Bình Định	Huyện Hoài Ân	10
21697	Xã Ân Mỹ	52	Tỉnh Bình Định	Huyện Hoài Ân	10
21700	Xã Đak Mang	52	Tỉnh Bình Định	Huyện Hoài Ân	10
21703	Xã Ân Tín	52	Tỉnh Bình Định	Huyện Hoài Ân	10
21706	Xã Ân Thạnh	52	Tỉnh Bình Định	Huyện Hoài Ân	10
21709	Xã Ân Phong	52	Tỉnh Bình Định	Huyện Hoài Ân	10
21712	Xã Ân Đức	52	Tỉnh Bình Định	Huyện Hoài Ân	10
21715	Xã Ân Hữu	52	Tỉnh Bình Định	Huyện Hoài Ân	10
21718	Xã Bok Tới	52	Tỉnh Bình Định	Huyện Hoài Ân	10
21721	Xã Ân Tường Tây	52	Tỉnh Bình Định	Huyện Hoài Ân	10
21724	Xã Ân Tường Đông	52	Tỉnh Bình Định	Huyện Hoài Ân	10
21727	Xã Ân Nghĩa	52	Tỉnh Bình Định	Huyện Hoài Ân	10
21730	Thị trấn Phù Mỹ	52	Tỉnh Bình Định	Huyện Phù Mỹ	9
21733	Thị trấn Bình Dương	52	Tỉnh Bình Định	Huyện Phù Mỹ	9
21736	Xã Mỹ Đức	52	Tỉnh Bình Định	Huyện Phù Mỹ	10
21739	Xã Mỹ Châu	52	Tỉnh Bình Định	Huyện Phù Mỹ	10
21742	Xã Mỹ Thắng	52	Tỉnh Bình Định	Huyện Phù Mỹ	10
21745	Xã Mỹ Lộc	52	Tỉnh Bình Định	Huyện Phù Mỹ	10
21748	Xã Mỹ Lợi	52	Tỉnh Bình Định	Huyện Phù Mỹ	10
21751	Xã Mỹ An	52	Tỉnh Bình Định	Huyện Phù Mỹ	10
21754	Xã Mỹ Phong	52	Tỉnh Bình Định	Huyện Phù Mỹ	10
21757	Xã Mỹ Trinh	52	Tỉnh Bình Định	Huyện Phù Mỹ	10
21760	Xã Mỹ Thọ	52	Tỉnh Bình Định	Huyện Phù Mỹ	10
21763	Xã Mỹ Hòa	52	Tỉnh Bình Định	Huyện Phù Mỹ	10
21766	Xã Mỹ Thành	52	Tỉnh Bình Định	Huyện Phù Mỹ	10
21769	Xã Mỹ Chánh	52	Tỉnh Bình Định	Huyện Phù Mỹ	10
21772	Xã Mỹ Quang	52	Tỉnh Bình Định	Huyện Phù Mỹ	10
21775	Xã Mỹ Hiệp	52	Tỉnh Bình Định	Huyện Phù Mỹ	10
21778	Xã Mỹ Tài	52	Tỉnh Bình Định	Huyện Phù Mỹ	10
21781	Xã Mỹ Cát	52	Tỉnh Bình Định	Huyện Phù Mỹ	10
21784	Xã Mỹ Chánh Tây	52	Tỉnh Bình Định	Huyện Phù Mỹ	10
21786	Thị trấn Vĩnh Thạnh	52	Tỉnh Bình Định	Huyện Vĩnh Thạnh	9
21787	Xã Vĩnh Sơn	52	Tỉnh Bình Định	Huyện Vĩnh Thạnh	10
21790	Xã Vĩnh Kim	52	Tỉnh Bình Định	Huyện Vĩnh Thạnh	10
21796	Xã Vĩnh Hiệp	52	Tỉnh Bình Định	Huyện Vĩnh Thạnh	10
21799	Xã Vĩnh Hảo	52	Tỉnh Bình Định	Huyện Vĩnh Thạnh	10
21801	Xã Vĩnh Hòa	52	Tỉnh Bình Định	Huyện Vĩnh Thạnh	10
21802	Xã Vĩnh Thịnh	52	Tỉnh Bình Định	Huyện Vĩnh Thạnh	10
21804	Xã Vĩnh Thuận	52	Tỉnh Bình Định	Huyện Vĩnh Thạnh	10
21805	Xã Vĩnh Quang	52	Tỉnh Bình Định	Huyện Vĩnh Thạnh	10
21808	Thị trấn Phú Phong	52	Tỉnh Bình Định	Huyện Tây Sơn	9
21811	Xã Bình Tân	52	Tỉnh Bình Định	Huyện Tây Sơn	10
21814	Xã Tây Thuận	52	Tỉnh Bình Định	Huyện Tây Sơn	10
21817	Xã Bình Thuận	52	Tỉnh Bình Định	Huyện Tây Sơn	10
21820	Xã Tây Giang	52	Tỉnh Bình Định	Huyện Tây Sơn	10
21823	Xã Bình Thành	52	Tỉnh Bình Định	Huyện Tây Sơn	10
21826	Xã Tây An	52	Tỉnh Bình Định	Huyện Tây Sơn	10
21829	Xã Bình Hòa	52	Tỉnh Bình Định	Huyện Tây Sơn	10
21832	Xã Tây Bình	52	Tỉnh Bình Định	Huyện Tây Sơn	10
21835	Xã Bình Tường	52	Tỉnh Bình Định	Huyện Tây Sơn	10
21838	Xã Tây Vinh	52	Tỉnh Bình Định	Huyện Tây Sơn	10
21841	Xã Vĩnh An	52	Tỉnh Bình Định	Huyện Tây Sơn	10
21844	Xã Tây Xuân	52	Tỉnh Bình Định	Huyện Tây Sơn	10
21847	Xã Bình Nghi	52	Tỉnh Bình Định	Huyện Tây Sơn	10
21850	Xã Tây Phú	52	Tỉnh Bình Định	Huyện Tây Sơn	10
21853	Thị trấn Ngô Mây	52	Tỉnh Bình Định	Huyện Phù Cát	9
21856	Xã Cát Sơn	52	Tỉnh Bình Định	Huyện Phù Cát	10
21859	Xã Cát Minh	52	Tỉnh Bình Định	Huyện Phù Cát	10
21862	Xã Cát Khánh	52	Tỉnh Bình Định	Huyện Phù Cát	10
21865	Xã Cát Tài	52	Tỉnh Bình Định	Huyện Phù Cát	10
21868	Xã Cát Lâm	52	Tỉnh Bình Định	Huyện Phù Cát	10
21871	Xã Cát Hanh	52	Tỉnh Bình Định	Huyện Phù Cát	10
21874	Xã Cát Thành	52	Tỉnh Bình Định	Huyện Phù Cát	10
21877	Xã Cát Trinh	52	Tỉnh Bình Định	Huyện Phù Cát	10
21880	Xã Cát Hải	52	Tỉnh Bình Định	Huyện Phù Cát	10
21883	Xã Cát Hiệp	52	Tỉnh Bình Định	Huyện Phù Cát	10
21886	Xã Cát Nhơn	52	Tỉnh Bình Định	Huyện Phù Cát	10
21889	Xã Cát Hưng	52	Tỉnh Bình Định	Huyện Phù Cát	10
21892	Xã Cát Tường	52	Tỉnh Bình Định	Huyện Phù Cát	10
21895	Xã Cát Tân	52	Tỉnh Bình Định	Huyện Phù Cát	10
21898	Thị trấn Cát Tiến	52	Tỉnh Bình Định	Huyện Phù Cát	9
21901	Xã Cát Thắng	52	Tỉnh Bình Định	Huyện Phù Cát	10
21904	Xã Cát Chánh	52	Tỉnh Bình Định	Huyện Phù Cát	10
21907	Phường Bình Định	52	Tỉnh Bình Định	Thị xã An Nhơn	8
21910	Phường Đập Đá	52	Tỉnh Bình Định	Thị xã An Nhơn	8
21913	Xã Nhơn Mỹ	52	Tỉnh Bình Định	Thị xã An Nhơn	10
21916	Phường Nhơn Thành	52	Tỉnh Bình Định	Thị xã An Nhơn	8
21919	Xã Nhơn Hạnh	52	Tỉnh Bình Định	Thị xã An Nhơn	10
21922	Xã Nhơn Hậu	52	Tỉnh Bình Định	Thị xã An Nhơn	10
21925	Xã Nhơn Phong	52	Tỉnh Bình Định	Thị xã An Nhơn	10
21928	Xã Nhơn An	52	Tỉnh Bình Định	Thị xã An Nhơn	10
21931	Xã Nhơn Phúc	52	Tỉnh Bình Định	Thị xã An Nhơn	10
21934	Phường Nhơn Hưng	52	Tỉnh Bình Định	Thị xã An Nhơn	8
21937	Xã Nhơn Khánh	52	Tỉnh Bình Định	Thị xã An Nhơn	10
21940	Xã Nhơn Lộc	52	Tỉnh Bình Định	Thị xã An Nhơn	10
21943	Phường Nhơn Hoà	52	Tỉnh Bình Định	Thị xã An Nhơn	8
21946	Xã Nhơn Tân	52	Tỉnh Bình Định	Thị xã An Nhơn	10
21949	Xã Nhơn Thọ	52	Tỉnh Bình Định	Thị xã An Nhơn	10
21952	Thị trấn Tuy Phước	52	Tỉnh Bình Định	Huyện Tuy Phước	9
21955	Thị trấn Diêu Trì	52	Tỉnh Bình Định	Huyện Tuy Phước	9
21958	Xã Phước Thắng	52	Tỉnh Bình Định	Huyện Tuy Phước	10
21961	Xã Phước Hưng	52	Tỉnh Bình Định	Huyện Tuy Phước	10
21964	Xã Phước Quang	52	Tỉnh Bình Định	Huyện Tuy Phước	10
21967	Xã Phước Hòa	52	Tỉnh Bình Định	Huyện Tuy Phước	10
21970	Xã Phước Sơn	52	Tỉnh Bình Định	Huyện Tuy Phước	10
21973	Xã Phước Hiệp	52	Tỉnh Bình Định	Huyện Tuy Phước	10
21976	Xã Phước Lộc	52	Tỉnh Bình Định	Huyện Tuy Phước	10
21979	Xã Phước Nghĩa	52	Tỉnh Bình Định	Huyện Tuy Phước	10
21982	Xã Phước Thuận	52	Tỉnh Bình Định	Huyện Tuy Phước	10
21985	Xã Phước An	52	Tỉnh Bình Định	Huyện Tuy Phước	10
21988	Xã Phước Thành	52	Tỉnh Bình Định	Huyện Tuy Phước	10
21991	Xã Phước Mỹ	52	Tỉnh Bình Định	Thành phố Quy Nhơn	10
21994	Thị trấn Vân Canh	52	Tỉnh Bình Định	Huyện Vân Canh	9
21997	Xã Canh Liên	52	Tỉnh Bình Định	Huyện Vân Canh	10
22000	Xã Canh Hiệp	52	Tỉnh Bình Định	Huyện Vân Canh	10
22003	Xã Canh Vinh	52	Tỉnh Bình Định	Huyện Vân Canh	10
22006	Xã Canh Hiển	52	Tỉnh Bình Định	Huyện Vân Canh	10
22009	Xã Canh Thuận	52	Tỉnh Bình Định	Huyện Vân Canh	10
22012	Xã Canh Hòa	52	Tỉnh Bình Định	Huyện Vân Canh	10
22015	Phường 1	54	Tỉnh Phú Yên	Thành phố Tuy Hoà	8
22018	Phường 8	54	Tỉnh Phú Yên	Thành phố Tuy Hoà	8
22021	Phường 2	54	Tỉnh Phú Yên	Thành phố Tuy Hoà	8
22024	Phường 9	54	Tỉnh Phú Yên	Thành phố Tuy Hoà	8
22027	Phường 3	54	Tỉnh Phú Yên	Thành phố Tuy Hoà	8
22030	Phường 4	54	Tỉnh Phú Yên	Thành phố Tuy Hoà	8
22033	Phường 5	54	Tỉnh Phú Yên	Thành phố Tuy Hoà	8
22036	Phường 7	54	Tỉnh Phú Yên	Thành phố Tuy Hoà	8
22039	Phường 6	54	Tỉnh Phú Yên	Thành phố Tuy Hoà	8
22040	Phường Phú Thạnh	54	Tỉnh Phú Yên	Thành phố Tuy Hoà	8
22041	Phường Phú Đông	54	Tỉnh Phú Yên	Thành phố Tuy Hoà	8
22042	Xã Hòa Kiến	54	Tỉnh Phú Yên	Thành phố Tuy Hoà	10
22045	Xã Bình Kiến	54	Tỉnh Phú Yên	Thành phố Tuy Hoà	10
22048	Xã Bình Ngọc	54	Tỉnh Phú Yên	Thành phố Tuy Hoà	10
22051	Phường Xuân Phú	54	Tỉnh Phú Yên	Thị xã Sông Cầu	8
22052	Xã Xuân Lâm	54	Tỉnh Phú Yên	Thị xã Sông Cầu	10
22053	Phường Xuân Thành	54	Tỉnh Phú Yên	Thị xã Sông Cầu	8
22054	Xã Xuân Hải	54	Tỉnh Phú Yên	Thị xã Sông Cầu	10
22057	Xã Xuân Lộc	54	Tỉnh Phú Yên	Thị xã Sông Cầu	10
22060	Xã Xuân Bình	54	Tỉnh Phú Yên	Thị xã Sông Cầu	10
22066	Xã Xuân Cảnh	54	Tỉnh Phú Yên	Thị xã Sông Cầu	10
22069	Xã Xuân Thịnh	54	Tỉnh Phú Yên	Thị xã Sông Cầu	10
22072	Xã Xuân Phương	54	Tỉnh Phú Yên	Thị xã Sông Cầu	10
22073	Phường Xuân Yên	54	Tỉnh Phú Yên	Thị xã Sông Cầu	8
22075	Xã Xuân Thọ 1	54	Tỉnh Phú Yên	Thị xã Sông Cầu	10
22076	Phường Xuân Đài	54	Tỉnh Phú Yên	Thị xã Sông Cầu	8
22078	Xã Xuân Thọ 2	54	Tỉnh Phú Yên	Thị xã Sông Cầu	10
22081	Thị trấn La Hai	54	Tỉnh Phú Yên	Huyện Đồng Xuân	9
22084	Xã Đa Lộc	54	Tỉnh Phú Yên	Huyện Đồng Xuân	10
22087	Xã Phú Mỡ	54	Tỉnh Phú Yên	Huyện Đồng Xuân	10
22090	Xã Xuân Lãnh	54	Tỉnh Phú Yên	Huyện Đồng Xuân	10
22093	Xã Xuân Long	54	Tỉnh Phú Yên	Huyện Đồng Xuân	10
22096	Xã Xuân Quang 1	54	Tỉnh Phú Yên	Huyện Đồng Xuân	10
22099	Xã Xuân Sơn Bắc	54	Tỉnh Phú Yên	Huyện Đồng Xuân	10
22102	Xã Xuân Quang 2	54	Tỉnh Phú Yên	Huyện Đồng Xuân	10
22105	Xã Xuân Sơn Nam	54	Tỉnh Phú Yên	Huyện Đồng Xuân	10
22108	Xã Xuân Quang 3	54	Tỉnh Phú Yên	Huyện Đồng Xuân	10
22111	Xã Xuân Phước	54	Tỉnh Phú Yên	Huyện Đồng Xuân	10
22114	Thị trấn Chí Thạnh	54	Tỉnh Phú Yên	Huyện Tuy An	9
22117	Xã An Dân	54	Tỉnh Phú Yên	Huyện Tuy An	10
22120	Xã An Ninh Tây	54	Tỉnh Phú Yên	Huyện Tuy An	10
22123	Xã An Ninh Đông	54	Tỉnh Phú Yên	Huyện Tuy An	10
22126	Xã An Thạch	54	Tỉnh Phú Yên	Huyện Tuy An	10
22129	Xã An Định	54	Tỉnh Phú Yên	Huyện Tuy An	10
22132	Xã An Nghiệp	54	Tỉnh Phú Yên	Huyện Tuy An	10
22138	Xã An Cư	54	Tỉnh Phú Yên	Huyện Tuy An	10
22141	Xã An Xuân	54	Tỉnh Phú Yên	Huyện Tuy An	10
22144	Xã An Lĩnh	54	Tỉnh Phú Yên	Huyện Tuy An	10
22147	Xã An Hòa Hải	54	Tỉnh Phú Yên	Huyện Tuy An	10
22150	Xã An Hiệp	54	Tỉnh Phú Yên	Huyện Tuy An	10
22153	Xã An Mỹ	54	Tỉnh Phú Yên	Huyện Tuy An	10
22156	Xã An Chấn	54	Tỉnh Phú Yên	Huyện Tuy An	10
22159	Xã An Thọ	54	Tỉnh Phú Yên	Huyện Tuy An	10
22162	Xã An Phú	54	Tỉnh Phú Yên	Thành phố Tuy Hoà	10
22165	Thị trấn Củng Sơn	54	Tỉnh Phú Yên	Huyện Sơn Hòa	9
22168	Xã Phước Tân	54	Tỉnh Phú Yên	Huyện Sơn Hòa	10
22171	Xã Sơn Hội	54	Tỉnh Phú Yên	Huyện Sơn Hòa	10
22174	Xã Sơn Định	54	Tỉnh Phú Yên	Huyện Sơn Hòa	10
22177	Xã Sơn Long	54	Tỉnh Phú Yên	Huyện Sơn Hòa	10
22180	Xã Cà Lúi	54	Tỉnh Phú Yên	Huyện Sơn Hòa	10
22183	Xã Sơn Phước	54	Tỉnh Phú Yên	Huyện Sơn Hòa	10
22186	Xã Sơn Xuân	54	Tỉnh Phú Yên	Huyện Sơn Hòa	10
22189	Xã Sơn Nguyên	54	Tỉnh Phú Yên	Huyện Sơn Hòa	10
22192	Xã Eachà Rang	54	Tỉnh Phú Yên	Huyện Sơn Hòa	10
22195	Xã Krông Pa	54	Tỉnh Phú Yên	Huyện Sơn Hòa	10
22198	Xã Suối Bạc	54	Tỉnh Phú Yên	Huyện Sơn Hòa	10
22201	Xã Sơn Hà	54	Tỉnh Phú Yên	Huyện Sơn Hòa	10
22204	Xã Suối Trai	54	Tỉnh Phú Yên	Huyện Sơn Hòa	10
22207	Thị trấn Hai Riêng	54	Tỉnh Phú Yên	Huyện Sông Hinh	9
22210	Xã Ea Lâm	54	Tỉnh Phú Yên	Huyện Sông Hinh	10
22213	Xã Đức Bình Tây	54	Tỉnh Phú Yên	Huyện Sông Hinh	10
22216	Xã Ea Bá	54	Tỉnh Phú Yên	Huyện Sông Hinh	10
22219	Xã Sơn Giang	54	Tỉnh Phú Yên	Huyện Sông Hinh	10
22222	Xã Đức Bình Đông	54	Tỉnh Phú Yên	Huyện Sông Hinh	10
22225	Xã EaBar	54	Tỉnh Phú Yên	Huyện Sông Hinh	10
22228	Xã EaBia	54	Tỉnh Phú Yên	Huyện Sông Hinh	10
22231	Xã EaTrol	54	Tỉnh Phú Yên	Huyện Sông Hinh	10
22234	Xã Sông Hinh	54	Tỉnh Phú Yên	Huyện Sông Hinh	10
22237	Xã Ealy	54	Tỉnh Phú Yên	Huyện Sông Hinh	10
22240	Phường Phú Lâm	54	Tỉnh Phú Yên	Thành phố Tuy Hoà	8
22243	Xã Hòa Thành	54	Tỉnh Phú Yên	Thị xã Đông Hòa	10
22246	Phường Hòa Hiệp Bắc	54	Tỉnh Phú Yên	Thị xã Đông Hòa	8
22249	Xã Sơn Thành Tây	54	Tỉnh Phú Yên	Huyện Tây Hoà	10
22250	Xã Sơn Thành Đông	54	Tỉnh Phú Yên	Huyện Tây Hoà	10
22252	Xã Hòa Bình 1	54	Tỉnh Phú Yên	Huyện Tây Hoà	10
22255	Thị trấn Phú Thứ	54	Tỉnh Phú Yên	Huyện Tây Hoà	9
22258	Phường Hoà Vinh	54	Tỉnh Phú Yên	Thị xã Đông Hòa	8
22261	Phường Hoà Hiệp Trung	54	Tỉnh Phú Yên	Thị xã Đông Hòa	8
22264	Xã Hòa Phong	54	Tỉnh Phú Yên	Huyện Tây Hoà	10
22267	Xã Hòa Tân Đông	54	Tỉnh Phú Yên	Thị xã Đông Hòa	10
22270	Xã Hòa Phú	54	Tỉnh Phú Yên	Huyện Tây Hoà	10
22273	Xã Hòa Tân Tây	54	Tỉnh Phú Yên	Huyện Tây Hoà	10
22276	Xã Hòa Đồng	54	Tỉnh Phú Yên	Huyện Tây Hoà	10
22279	Phường Hòa Xuân Tây	54	Tỉnh Phú Yên	Thị xã Đông Hòa	8
22282	Phường Hòa Hiệp Nam	54	Tỉnh Phú Yên	Thị xã Đông Hòa	8
22285	Xã Hòa Mỹ Đông	54	Tỉnh Phú Yên	Huyện Tây Hoà	10
22288	Xã Hòa Mỹ Tây	54	Tỉnh Phú Yên	Huyện Tây Hoà	10
22291	Xã Hòa Xuân Đông	54	Tỉnh Phú Yên	Thị xã Đông Hòa	10
22294	Xã Hòa Thịnh	54	Tỉnh Phú Yên	Huyện Tây Hoà	10
22297	Xã Hòa Tâm	54	Tỉnh Phú Yên	Thị xã Đông Hòa	10
22300	Xã Hòa Xuân Nam	54	Tỉnh Phú Yên	Thị xã Đông Hòa	10
22303	Xã Hòa Quang Bắc	54	Tỉnh Phú Yên	Huyện Phú Hoà	10
22306	Xã Hòa Quang Nam	54	Tỉnh Phú Yên	Huyện Phú Hoà	10
22309	Xã Hòa Hội	54	Tỉnh Phú Yên	Huyện Phú Hoà	10
22312	Xã Hòa Trị	54	Tỉnh Phú Yên	Huyện Phú Hoà	10
22315	Xã Hòa An	54	Tỉnh Phú Yên	Huyện Phú Hoà	10
22318	Xã Hòa Định Đông	54	Tỉnh Phú Yên	Huyện Phú Hoà	10
22319	Thị trấn Phú Hoà	54	Tỉnh Phú Yên	Huyện Phú Hoà	9
22321	Xã Hòa Định Tây	54	Tỉnh Phú Yên	Huyện Phú Hoà	10
22324	Xã Hòa Thắng	54	Tỉnh Phú Yên	Huyện Phú Hoà	10
22327	Phường Vĩnh Hòa	56	Tỉnh Khánh Hòa	Thành phố Nha Trang	8
22330	Phường Vĩnh Hải	56	Tỉnh Khánh Hòa	Thành phố Nha Trang	8
22333	Phường Vĩnh Phước	56	Tỉnh Khánh Hòa	Thành phố Nha Trang	8
22336	Phường Ngọc Hiệp	56	Tỉnh Khánh Hòa	Thành phố Nha Trang	8
22339	Phường Vĩnh Thọ	56	Tỉnh Khánh Hòa	Thành phố Nha Trang	8
22342	Phường Xương Huân	56	Tỉnh Khánh Hòa	Thành phố Nha Trang	8
22345	Phường Vạn Thắng	56	Tỉnh Khánh Hòa	Thành phố Nha Trang	8
22348	Phường Vạn Thạnh	56	Tỉnh Khánh Hòa	Thành phố Nha Trang	8
22351	Phường Phương Sài	56	Tỉnh Khánh Hòa	Thành phố Nha Trang	8
22354	Phường Phương Sơn	56	Tỉnh Khánh Hòa	Thành phố Nha Trang	8
22357	Phường Phước Hải	56	Tỉnh Khánh Hòa	Thành phố Nha Trang	8
22360	Phường Phước Tân	56	Tỉnh Khánh Hòa	Thành phố Nha Trang	8
22363	Phường Lộc Thọ	56	Tỉnh Khánh Hòa	Thành phố Nha Trang	8
22366	Phường Phước Tiến	56	Tỉnh Khánh Hòa	Thành phố Nha Trang	8
22369	Phường Tân Lập	56	Tỉnh Khánh Hòa	Thành phố Nha Trang	8
22372	Phường Phước Hòa	56	Tỉnh Khánh Hòa	Thành phố Nha Trang	8
22375	Phường Vĩnh Nguyên	56	Tỉnh Khánh Hòa	Thành phố Nha Trang	8
22378	Phường Phước Long	56	Tỉnh Khánh Hòa	Thành phố Nha Trang	8
22381	Phường Vĩnh Trường	56	Tỉnh Khánh Hòa	Thành phố Nha Trang	8
22384	Xã Vĩnh Lương	56	Tỉnh Khánh Hòa	Thành phố Nha Trang	10
22387	Xã Vĩnh Phương	56	Tỉnh Khánh Hòa	Thành phố Nha Trang	10
22390	Xã Vĩnh Ngọc	56	Tỉnh Khánh Hòa	Thành phố Nha Trang	10
22393	Xã Vĩnh Thạnh	56	Tỉnh Khánh Hòa	Thành phố Nha Trang	10
22396	Xã Vĩnh Trung	56	Tỉnh Khánh Hòa	Thành phố Nha Trang	10
22399	Xã Vĩnh Hiệp	56	Tỉnh Khánh Hòa	Thành phố Nha Trang	10
22402	Xã Vĩnh Thái	56	Tỉnh Khánh Hòa	Thành phố Nha Trang	10
22405	Xã Phước Đồng	56	Tỉnh Khánh Hòa	Thành phố Nha Trang	10
22408	Phường Cam Nghĩa	56	Tỉnh Khánh Hòa	Thành phố Cam Ranh	8
22411	Phường Cam Phúc Bắc	56	Tỉnh Khánh Hòa	Thành phố Cam Ranh	8
22414	Phường Cam Phúc Nam	56	Tỉnh Khánh Hòa	Thành phố Cam Ranh	8
22417	Phường Cam Lộc	56	Tỉnh Khánh Hòa	Thành phố Cam Ranh	8
22420	Phường Cam Phú	56	Tỉnh Khánh Hòa	Thành phố Cam Ranh	8
22423	Phường Ba Ngòi	56	Tỉnh Khánh Hòa	Thành phố Cam Ranh	8
22426	Phường Cam Thuận	56	Tỉnh Khánh Hòa	Thành phố Cam Ranh	8
22429	Phường Cam Lợi	56	Tỉnh Khánh Hòa	Thành phố Cam Ranh	8
22432	Phường Cam Linh	56	Tỉnh Khánh Hòa	Thành phố Cam Ranh	8
22435	Xã Cam Tân	56	Tỉnh Khánh Hòa	Huyện Cam Lâm	10
22438	Xã Cam Hòa	56	Tỉnh Khánh Hòa	Huyện Cam Lâm	10
22441	Xã Cam Hải Đông	56	Tỉnh Khánh Hòa	Huyện Cam Lâm	10
22444	Xã Cam Hải Tây	56	Tỉnh Khánh Hòa	Huyện Cam Lâm	10
22447	Xã Sơn Tân	56	Tỉnh Khánh Hòa	Huyện Cam Lâm	10
22450	Xã Cam Hiệp Bắc	56	Tỉnh Khánh Hòa	Huyện Cam Lâm	10
22453	Thị trấn Cam Đức	56	Tỉnh Khánh Hòa	Huyện Cam Lâm	9
22456	Xã Cam Hiệp Nam	56	Tỉnh Khánh Hòa	Huyện Cam Lâm	10
22459	Xã Cam Phước Tây	56	Tỉnh Khánh Hòa	Huyện Cam Lâm	10
22462	Xã Cam Thành Bắc	56	Tỉnh Khánh Hòa	Huyện Cam Lâm	10
22465	Xã Cam An Bắc	56	Tỉnh Khánh Hòa	Huyện Cam Lâm	10
22468	Xã Cam Thành Nam	56	Tỉnh Khánh Hòa	Thành phố Cam Ranh	10
22471	Xã Cam An Nam	56	Tỉnh Khánh Hòa	Huyện Cam Lâm	10
22474	Xã Cam Phước Đông	56	Tỉnh Khánh Hòa	Thành phố Cam Ranh	10
22477	Xã Cam Thịnh Tây	56	Tỉnh Khánh Hòa	Thành phố Cam Ranh	10
22480	Xã Cam Thịnh Đông	56	Tỉnh Khánh Hòa	Thành phố Cam Ranh	10
22483	Xã Cam Lập	56	Tỉnh Khánh Hòa	Thành phố Cam Ranh	10
22486	Xã Cam Bình	56	Tỉnh Khánh Hòa	Thành phố Cam Ranh	10
22489	Thị trấn Vạn Giã	56	Tỉnh Khánh Hòa	Huyện Vạn Ninh	9
22492	Xã Đại Lãnh	56	Tỉnh Khánh Hòa	Huyện Vạn Ninh	10
22495	Xã Vạn Phước	56	Tỉnh Khánh Hòa	Huyện Vạn Ninh	10
22498	Xã Vạn Long	56	Tỉnh Khánh Hòa	Huyện Vạn Ninh	10
22501	Xã Vạn Bình	56	Tỉnh Khánh Hòa	Huyện Vạn Ninh	10
22504	Xã Vạn Thọ	56	Tỉnh Khánh Hòa	Huyện Vạn Ninh	10
22507	Xã Vạn Khánh	56	Tỉnh Khánh Hòa	Huyện Vạn Ninh	10
22510	Xã Vạn Phú	56	Tỉnh Khánh Hòa	Huyện Vạn Ninh	10
22513	Xã Vạn Lương	56	Tỉnh Khánh Hòa	Huyện Vạn Ninh	10
22516	Xã Vạn Thắng	56	Tỉnh Khánh Hòa	Huyện Vạn Ninh	10
22519	Xã Vạn Thạnh	56	Tỉnh Khánh Hòa	Huyện Vạn Ninh	10
22522	Xã Xuân Sơn	56	Tỉnh Khánh Hòa	Huyện Vạn Ninh	10
22525	Xã Vạn Hưng	56	Tỉnh Khánh Hòa	Huyện Vạn Ninh	10
22528	Phường Ninh Hiệp	56	Tỉnh Khánh Hòa	Thị xã Ninh Hòa	8
22531	Xã Ninh Sơn	56	Tỉnh Khánh Hòa	Thị xã Ninh Hòa	10
22534	Xã Ninh Tây	56	Tỉnh Khánh Hòa	Thị xã Ninh Hòa	10
22537	Xã Ninh Thượng	56	Tỉnh Khánh Hòa	Thị xã Ninh Hòa	10
22540	Xã Ninh An	56	Tỉnh Khánh Hòa	Thị xã Ninh Hòa	10
22543	Phường Ninh Hải	56	Tỉnh Khánh Hòa	Thị xã Ninh Hòa	8
22546	Xã Ninh Thọ	56	Tỉnh Khánh Hòa	Thị xã Ninh Hòa	10
22549	Xã Ninh Trung	56	Tỉnh Khánh Hòa	Thị xã Ninh Hòa	10
22552	Xã Ninh Sim	56	Tỉnh Khánh Hòa	Thị xã Ninh Hòa	10
22555	Xã Ninh Xuân	56	Tỉnh Khánh Hòa	Thị xã Ninh Hòa	10
22558	Xã Ninh Thân	56	Tỉnh Khánh Hòa	Thị xã Ninh Hòa	10
22561	Phường Ninh Diêm	56	Tỉnh Khánh Hòa	Thị xã Ninh Hòa	8
22564	Xã Ninh Đông	56	Tỉnh Khánh Hòa	Thị xã Ninh Hòa	10
22567	Phường Ninh Thủy	56	Tỉnh Khánh Hòa	Thị xã Ninh Hòa	8
22570	Phường Ninh Đa	56	Tỉnh Khánh Hòa	Thị xã Ninh Hòa	8
22573	Xã Ninh Phụng	56	Tỉnh Khánh Hòa	Thị xã Ninh Hòa	10
22576	Xã Ninh Bình	56	Tỉnh Khánh Hòa	Thị xã Ninh Hòa	10
22579	Xã Ninh Phước	56	Tỉnh Khánh Hòa	Thị xã Ninh Hòa	10
22582	Xã Ninh Phú	56	Tỉnh Khánh Hòa	Thị xã Ninh Hòa	10
22585	Xã Ninh Tân	56	Tỉnh Khánh Hòa	Thị xã Ninh Hòa	10
22588	Xã Ninh Quang	56	Tỉnh Khánh Hòa	Thị xã Ninh Hòa	10
22591	Phường Ninh Giang	56	Tỉnh Khánh Hòa	Thị xã Ninh Hòa	8
22594	Phường Ninh Hà	56	Tỉnh Khánh Hòa	Thị xã Ninh Hòa	8
22597	Xã Ninh Hưng	56	Tỉnh Khánh Hòa	Thị xã Ninh Hòa	10
22600	Xã Ninh Lộc	56	Tỉnh Khánh Hòa	Thị xã Ninh Hòa	10
22603	Xã Ninh Ích	56	Tỉnh Khánh Hòa	Thị xã Ninh Hòa	10
22606	Xã Ninh Vân	56	Tỉnh Khánh Hòa	Thị xã Ninh Hòa	10
22609	Thị trấn Khánh Vĩnh	56	Tỉnh Khánh Hòa	Huyện Khánh Vĩnh	9
22612	Xã Khánh Hiệp	56	Tỉnh Khánh Hòa	Huyện Khánh Vĩnh	10
22615	Xã Khánh Bình	56	Tỉnh Khánh Hòa	Huyện Khánh Vĩnh	10
22618	Xã Khánh Trung	56	Tỉnh Khánh Hòa	Huyện Khánh Vĩnh	10
22621	Xã Khánh Đông	56	Tỉnh Khánh Hòa	Huyện Khánh Vĩnh	10
22624	Xã Khánh Thượng	56	Tỉnh Khánh Hòa	Huyện Khánh Vĩnh	10
22627	Xã Khánh Nam	56	Tỉnh Khánh Hòa	Huyện Khánh Vĩnh	10
22630	Xã Sông Cầu	56	Tỉnh Khánh Hòa	Huyện Khánh Vĩnh	10
22633	Xã Giang Ly	56	Tỉnh Khánh Hòa	Huyện Khánh Vĩnh	10
22636	Xã Cầu Bà	56	Tỉnh Khánh Hòa	Huyện Khánh Vĩnh	10
22639	Xã Liên Sang	56	Tỉnh Khánh Hòa	Huyện Khánh Vĩnh	10
22642	Xã Khánh Thành	56	Tỉnh Khánh Hòa	Huyện Khánh Vĩnh	10
22645	Xã Khánh Phú	56	Tỉnh Khánh Hòa	Huyện Khánh Vĩnh	10
22648	Xã Sơn Thái	56	Tỉnh Khánh Hòa	Huyện Khánh Vĩnh	10
22651	Thị trấn Diên Khánh	56	Tỉnh Khánh Hòa	Huyện Diên Khánh	9
22654	Xã Diên Lâm	56	Tỉnh Khánh Hòa	Huyện Diên Khánh	10
22657	Xã Diên Điền	56	Tỉnh Khánh Hòa	Huyện Diên Khánh	10
22660	Xã Diên Xuân	56	Tỉnh Khánh Hòa	Huyện Diên Khánh	10
22663	Xã Diên Sơn	56	Tỉnh Khánh Hòa	Huyện Diên Khánh	10
22666	Xã Diên Đồng	56	Tỉnh Khánh Hòa	Huyện Diên Khánh	10
22669	Xã Diên Phú	56	Tỉnh Khánh Hòa	Huyện Diên Khánh	10
22672	Xã Diên Thọ	56	Tỉnh Khánh Hòa	Huyện Diên Khánh	10
22675	Xã Diên Phước	56	Tỉnh Khánh Hòa	Huyện Diên Khánh	10
22678	Xã Diên Lạc	56	Tỉnh Khánh Hòa	Huyện Diên Khánh	10
22681	Xã Diên Tân	56	Tỉnh Khánh Hòa	Huyện Diên Khánh	10
22684	Xã Diên Hòa	56	Tỉnh Khánh Hòa	Huyện Diên Khánh	10
22687	Xã Diên Thạnh	56	Tỉnh Khánh Hòa	Huyện Diên Khánh	10
22690	Xã Diên Toàn	56	Tỉnh Khánh Hòa	Huyện Diên Khánh	10
22693	Xã Diên An	56	Tỉnh Khánh Hòa	Huyện Diên Khánh	10
22696	Xã Bình Lộc	56	Tỉnh Khánh Hòa	Huyện Diên Khánh	10
22702	Xã Suối Hiệp	56	Tỉnh Khánh Hòa	Huyện Diên Khánh	10
22705	Xã Suối Tiên	56	Tỉnh Khánh Hòa	Huyện Diên Khánh	10
22708	Xã Suối Cát	56	Tỉnh Khánh Hòa	Huyện Cam Lâm	10
22711	Xã Suối Tân	56	Tỉnh Khánh Hòa	Huyện Cam Lâm	10
22714	Thị trấn Tô Hạp	56	Tỉnh Khánh Hòa	Huyện Khánh Sơn	9
22717	Xã Thành Sơn	56	Tỉnh Khánh Hòa	Huyện Khánh Sơn	10
22720	Xã Sơn Lâm	56	Tỉnh Khánh Hòa	Huyện Khánh Sơn	10
22723	Xã Sơn Hiệp	56	Tỉnh Khánh Hòa	Huyện Khánh Sơn	10
22726	Xã Sơn Bình	56	Tỉnh Khánh Hòa	Huyện Khánh Sơn	10
22729	Xã Sơn Trung	56	Tỉnh Khánh Hòa	Huyện Khánh Sơn	10
22732	Xã Ba Cụm Bắc	56	Tỉnh Khánh Hòa	Huyện Khánh Sơn	10
22735	Xã Ba Cụm Nam	56	Tỉnh Khánh Hòa	Huyện Khánh Sơn	10
22736	Thị trấn Trường Sa	56	Tỉnh Khánh Hòa	Huyện Trường Sa	9
22737	Xã Song Tử Tây	56	Tỉnh Khánh Hòa	Huyện Trường Sa	10
22738	Phường Đô Vinh	58	Tỉnh Ninh Thuận	Thành phố Phan Rang-Tháp Chàm	8
22739	Xã Sinh Tồn	56	Tỉnh Khánh Hòa	Huyện Trường Sa	10
22741	Phường Phước Mỹ	58	Tỉnh Ninh Thuận	Thành phố Phan Rang-Tháp Chàm	8
22744	Phường Bảo An	58	Tỉnh Ninh Thuận	Thành phố Phan Rang-Tháp Chàm	8
22747	Phường Phủ Hà	58	Tỉnh Ninh Thuận	Thành phố Phan Rang-Tháp Chàm	8
22750	Phường Thanh Sơn	58	Tỉnh Ninh Thuận	Thành phố Phan Rang-Tháp Chàm	8
22753	Phường Mỹ Hương	58	Tỉnh Ninh Thuận	Thành phố Phan Rang-Tháp Chàm	8
22756	Phường Tấn Tài	58	Tỉnh Ninh Thuận	Thành phố Phan Rang-Tháp Chàm	8
22759	Phường Kinh Dinh	58	Tỉnh Ninh Thuận	Thành phố Phan Rang-Tháp Chàm	8
22762	Phường Đạo Long	58	Tỉnh Ninh Thuận	Thành phố Phan Rang-Tháp Chàm	8
22765	Phường Đài Sơn	58	Tỉnh Ninh Thuận	Thành phố Phan Rang-Tháp Chàm	8
22768	Phường Đông Hải	58	Tỉnh Ninh Thuận	Thành phố Phan Rang-Tháp Chàm	8
22771	Phường Mỹ Đông	58	Tỉnh Ninh Thuận	Thành phố Phan Rang-Tháp Chàm	8
22774	Xã Thành Hải	58	Tỉnh Ninh Thuận	Thành phố Phan Rang-Tháp Chàm	10
22777	Phường Văn Hải	58	Tỉnh Ninh Thuận	Thành phố Phan Rang-Tháp Chàm	8
22779	Phường Mỹ Bình	58	Tỉnh Ninh Thuận	Thành phố Phan Rang-Tháp Chàm	8
22780	Phường Mỹ Hải	58	Tỉnh Ninh Thuận	Thành phố Phan Rang-Tháp Chàm	8
22783	Xã Phước Bình	58	Tỉnh Ninh Thuận	Huyện Bác Ái	10
22786	Xã Phước Hòa	58	Tỉnh Ninh Thuận	Huyện Bác Ái	10
22789	Xã Phước Tân	58	Tỉnh Ninh Thuận	Huyện Bác Ái	10
22792	Xã Phước Tiến	58	Tỉnh Ninh Thuận	Huyện Bác Ái	10
22795	Xã Phước Thắng	58	Tỉnh Ninh Thuận	Huyện Bác Ái	10
22798	Xã Phước Thành	58	Tỉnh Ninh Thuận	Huyện Bác Ái	10
22801	Xã Phước Đại	58	Tỉnh Ninh Thuận	Huyện Bác Ái	10
22804	Xã Phước Chính	58	Tỉnh Ninh Thuận	Huyện Bác Ái	10
22807	Xã Phước Trung	58	Tỉnh Ninh Thuận	Huyện Bác Ái	10
22810	Thị trấn Tân Sơn	58	Tỉnh Ninh Thuận	Huyện Ninh Sơn	9
22813	Xã Lâm Sơn	58	Tỉnh Ninh Thuận	Huyện Ninh Sơn	10
22816	Xã Lương Sơn	58	Tỉnh Ninh Thuận	Huyện Ninh Sơn	10
22819	Xã Quảng Sơn	58	Tỉnh Ninh Thuận	Huyện Ninh Sơn	10
22822	Xã Mỹ Sơn	58	Tỉnh Ninh Thuận	Huyện Ninh Sơn	10
22825	Xã Hòa Sơn	58	Tỉnh Ninh Thuận	Huyện Ninh Sơn	10
22828	Xã Ma Nới	58	Tỉnh Ninh Thuận	Huyện Ninh Sơn	10
22831	Xã Nhơn Sơn	58	Tỉnh Ninh Thuận	Huyện Ninh Sơn	10
22834	Thị trấn Khánh Hải	58	Tỉnh Ninh Thuận	Huyện Ninh Hải	9
22837	Xã Phước Chiến	58	Tỉnh Ninh Thuận	Huyện Thuận Bắc	10
22840	Xã Công Hải	58	Tỉnh Ninh Thuận	Huyện Thuận Bắc	10
22843	Xã Phước Kháng	58	Tỉnh Ninh Thuận	Huyện Thuận Bắc	10
22846	Xã Vĩnh Hải	58	Tỉnh Ninh Thuận	Huyện Ninh Hải	10
22849	Xã Lợi Hải	58	Tỉnh Ninh Thuận	Huyện Thuận Bắc	10
22852	Xã Phương Hải	58	Tỉnh Ninh Thuận	Huyện Ninh Hải	10
22853	Xã Bắc Sơn	58	Tỉnh Ninh Thuận	Huyện Thuận Bắc	10
22855	Xã Tân Hải	58	Tỉnh Ninh Thuận	Huyện Ninh Hải	10
22856	Xã Bắc Phong	58	Tỉnh Ninh Thuận	Huyện Thuận Bắc	10
22858	Xã Xuân Hải	58	Tỉnh Ninh Thuận	Huyện Ninh Hải	10
22861	Xã Hộ Hải	58	Tỉnh Ninh Thuận	Huyện Ninh Hải	10
22864	Xã Tri Hải	58	Tỉnh Ninh Thuận	Huyện Ninh Hải	10
22867	Xã Nhơn Hải	58	Tỉnh Ninh Thuận	Huyện Ninh Hải	10
22868	Xã Thanh Hải	58	Tỉnh Ninh Thuận	Huyện Ninh Hải	10
22870	Thị trấn Phước Dân	58	Tỉnh Ninh Thuận	Huyện Ninh Phước	9
22873	Xã Phước Sơn	58	Tỉnh Ninh Thuận	Huyện Ninh Phước	10
22876	Xã Phước Thái	58	Tỉnh Ninh Thuận	Huyện Ninh Phước	10
22879	Xã Phước Hậu	58	Tỉnh Ninh Thuận	Huyện Ninh Phước	10
22882	Xã Phước Thuận	58	Tỉnh Ninh Thuận	Huyện Ninh Phước	10
22885	Xã Phước Hà	58	Tỉnh Ninh Thuận	Huyện Thuận Nam	10
22888	Xã An Hải	58	Tỉnh Ninh Thuận	Huyện Ninh Phước	10
22891	Xã Phước Hữu	58	Tỉnh Ninh Thuận	Huyện Ninh Phước	10
22894	Xã Phước Hải	58	Tỉnh Ninh Thuận	Huyện Ninh Phước	10
22897	Xã Phước Nam	58	Tỉnh Ninh Thuận	Huyện Thuận Nam	10
22898	Xã Phước Ninh	58	Tỉnh Ninh Thuận	Huyện Thuận Nam	10
22900	Xã Nhị Hà	58	Tỉnh Ninh Thuận	Huyện Thuận Nam	10
22903	Xã Phước Dinh	58	Tỉnh Ninh Thuận	Huyện Thuận Nam	10
22906	Xã Phước Minh	58	Tỉnh Ninh Thuận	Huyện Thuận Nam	10
22909	Xã Phước Diêm	58	Tỉnh Ninh Thuận	Huyện Thuận Nam	10
22910	Xã Cà Ná	58	Tỉnh Ninh Thuận	Huyện Thuận Nam	10
22912	Xã Phước Vinh	58	Tỉnh Ninh Thuận	Huyện Ninh Phước	10
22915	Phường Mũi Né	60	Tỉnh Bình Thuận	Thành phố Phan Thiết	8
22918	Phường Hàm Tiến	60	Tỉnh Bình Thuận	Thành phố Phan Thiết	8
22921	Phường Phú Hài	60	Tỉnh Bình Thuận	Thành phố Phan Thiết	8
22924	Phường Phú Thủy	60	Tỉnh Bình Thuận	Thành phố Phan Thiết	8
22927	Phường Phú Tài	60	Tỉnh Bình Thuận	Thành phố Phan Thiết	8
22930	Phường Phú Trinh	60	Tỉnh Bình Thuận	Thành phố Phan Thiết	8
22933	Phường Xuân An	60	Tỉnh Bình Thuận	Thành phố Phan Thiết	8
22936	Phường Thanh Hải	60	Tỉnh Bình Thuận	Thành phố Phan Thiết	8
22939	Phường Bình Hưng	60	Tỉnh Bình Thuận	Thành phố Phan Thiết	8
22942	Phường Đức Nghĩa	60	Tỉnh Bình Thuận	Thành phố Phan Thiết	8
22945	Phường Lạc Đạo	60	Tỉnh Bình Thuận	Thành phố Phan Thiết	8
22948	Phường Đức Thắng	60	Tỉnh Bình Thuận	Thành phố Phan Thiết	8
22951	Phường Hưng Long	60	Tỉnh Bình Thuận	Thành phố Phan Thiết	8
22954	Phường Đức Long	60	Tỉnh Bình Thuận	Thành phố Phan Thiết	8
22957	Xã Thiện Nghiệp	60	Tỉnh Bình Thuận	Thành phố Phan Thiết	10
22960	Xã Phong Nẫm	60	Tỉnh Bình Thuận	Thành phố Phan Thiết	10
22963	Xã Tiến Lợi	60	Tỉnh Bình Thuận	Thành phố Phan Thiết	10
22966	Xã Tiến Thành	60	Tỉnh Bình Thuận	Thành phố Phan Thiết	10
22969	Thị trấn Liên Hương	60	Tỉnh Bình Thuận	Huyện Tuy Phong	9
22972	Thị trấn Phan Rí Cửa	60	Tỉnh Bình Thuận	Huyện Tuy Phong	9
22975	Xã Phan Dũng	60	Tỉnh Bình Thuận	Huyện Tuy Phong	10
22978	Xã Phong Phú	60	Tỉnh Bình Thuận	Huyện Tuy Phong	10
22981	Xã Vĩnh Hảo	60	Tỉnh Bình Thuận	Huyện Tuy Phong	10
22984	Xã Vĩnh Tân	60	Tỉnh Bình Thuận	Huyện Tuy Phong	10
22987	Xã Phú Lạc	60	Tỉnh Bình Thuận	Huyện Tuy Phong	10
22990	Xã Phước Thể	60	Tỉnh Bình Thuận	Huyện Tuy Phong	10
22993	Xã Hòa Minh	60	Tỉnh Bình Thuận	Huyện Tuy Phong	10
22996	Xã Chí Công	60	Tỉnh Bình Thuận	Huyện Tuy Phong	10
22999	Xã Bình Thạnh	60	Tỉnh Bình Thuận	Huyện Tuy Phong	10
23005	Thị trấn Chợ Lầu	60	Tỉnh Bình Thuận	Huyện Bắc Bình	9
23008	Xã Phan Sơn	60	Tỉnh Bình Thuận	Huyện Bắc Bình	10
23011	Xã Phan Lâm	60	Tỉnh Bình Thuận	Huyện Bắc Bình	10
23014	Xã Bình An	60	Tỉnh Bình Thuận	Huyện Bắc Bình	10
23017	Xã Phan Điền	60	Tỉnh Bình Thuận	Huyện Bắc Bình	10
23020	Xã Hải Ninh	60	Tỉnh Bình Thuận	Huyện Bắc Bình	10
23023	Xã Sông Lũy	60	Tỉnh Bình Thuận	Huyện Bắc Bình	10
23026	Xã Phan Tiến	60	Tỉnh Bình Thuận	Huyện Bắc Bình	10
23029	Xã Sông Bình	60	Tỉnh Bình Thuận	Huyện Bắc Bình	10
23032	Thị trấn Lương Sơn	60	Tỉnh Bình Thuận	Huyện Bắc Bình	9
23035	Xã Phan Hòa	60	Tỉnh Bình Thuận	Huyện Bắc Bình	10
23038	Xã Phan Thanh	60	Tỉnh Bình Thuận	Huyện Bắc Bình	10
23041	Xã Hồng Thái	60	Tỉnh Bình Thuận	Huyện Bắc Bình	10
23044	Xã Phan Hiệp	60	Tỉnh Bình Thuận	Huyện Bắc Bình	10
23047	Xã Bình Tân	60	Tỉnh Bình Thuận	Huyện Bắc Bình	10
23050	Xã Phan Rí Thành	60	Tỉnh Bình Thuận	Huyện Bắc Bình	10
23053	Xã Hòa Thắng	60	Tỉnh Bình Thuận	Huyện Bắc Bình	10
23056	Xã Hồng Phong	60	Tỉnh Bình Thuận	Huyện Bắc Bình	10
23059	Thị trấn Ma Lâm	60	Tỉnh Bình Thuận	Huyện Hàm Thuận Bắc	9
23062	Thị trấn Phú Long	60	Tỉnh Bình Thuận	Huyện Hàm Thuận Bắc	9
23065	Xã La Dạ	60	Tỉnh Bình Thuận	Huyện Hàm Thuận Bắc	10
23068	Xã Đông Tiến	60	Tỉnh Bình Thuận	Huyện Hàm Thuận Bắc	10
23071	Xã Thuận Hòa	60	Tỉnh Bình Thuận	Huyện Hàm Thuận Bắc	10
23074	Xã Đông Giang	60	Tỉnh Bình Thuận	Huyện Hàm Thuận Bắc	10
23077	Xã Hàm Phú	60	Tỉnh Bình Thuận	Huyện Hàm Thuận Bắc	10
23080	Xã Hồng Liêm	60	Tỉnh Bình Thuận	Huyện Hàm Thuận Bắc	10
23083	Xã Thuận Minh	60	Tỉnh Bình Thuận	Huyện Hàm Thuận Bắc	10
23086	Xã Hồng Sơn	60	Tỉnh Bình Thuận	Huyện Hàm Thuận Bắc	10
23089	Xã Hàm Trí	60	Tỉnh Bình Thuận	Huyện Hàm Thuận Bắc	10
23092	Xã Hàm Đức	60	Tỉnh Bình Thuận	Huyện Hàm Thuận Bắc	10
23095	Xã Hàm Liêm	60	Tỉnh Bình Thuận	Huyện Hàm Thuận Bắc	10
23098	Xã Hàm Chính	60	Tỉnh Bình Thuận	Huyện Hàm Thuận Bắc	10
23101	Xã Hàm Hiệp	60	Tỉnh Bình Thuận	Huyện Hàm Thuận Bắc	10
23104	Xã Hàm Thắng	60	Tỉnh Bình Thuận	Huyện Hàm Thuận Bắc	10
23107	Xã Đa Mi	60	Tỉnh Bình Thuận	Huyện Hàm Thuận Bắc	10
23110	Thị trấn Thuận Nam	60	Tỉnh Bình Thuận	Huyện Hàm Thuận Nam	9
23113	Xã Mỹ Thạnh	60	Tỉnh Bình Thuận	Huyện Hàm Thuận Nam	10
23116	Xã Hàm Cần	60	Tỉnh Bình Thuận	Huyện Hàm Thuận Nam	10
23119	Xã Mương Mán	60	Tỉnh Bình Thuận	Huyện Hàm Thuận Nam	10
23122	Xã Hàm Thạnh	60	Tỉnh Bình Thuận	Huyện Hàm Thuận Nam	10
23125	Xã Hàm Kiệm	60	Tỉnh Bình Thuận	Huyện Hàm Thuận Nam	10
23128	Xã Hàm Cường	60	Tỉnh Bình Thuận	Huyện Hàm Thuận Nam	10
23131	Xã Hàm Mỹ	60	Tỉnh Bình Thuận	Huyện Hàm Thuận Nam	10
23134	Xã Tân Lập	60	Tỉnh Bình Thuận	Huyện Hàm Thuận Nam	10
23137	Xã Hàm Minh	60	Tỉnh Bình Thuận	Huyện Hàm Thuận Nam	10
23140	Xã Thuận Quí	60	Tỉnh Bình Thuận	Huyện Hàm Thuận Nam	10
23143	Xã Tân Thuận	60	Tỉnh Bình Thuận	Huyện Hàm Thuận Nam	10
23146	Xã Tân Thành	60	Tỉnh Bình Thuận	Huyện Hàm Thuận Nam	10
23149	Thị trấn Lạc Tánh	60	Tỉnh Bình Thuận	Huyện Tánh Linh	9
23152	Xã Bắc Ruộng	60	Tỉnh Bình Thuận	Huyện Tánh Linh	10
23158	Xã Nghị Đức	60	Tỉnh Bình Thuận	Huyện Tánh Linh	10
23161	Xã La Ngâu	60	Tỉnh Bình Thuận	Huyện Tánh Linh	10
23164	Xã Huy Khiêm	60	Tỉnh Bình Thuận	Huyện Tánh Linh	10
23167	Xã Măng Tố	60	Tỉnh Bình Thuận	Huyện Tánh Linh	10
23170	Xã Đức Phú	60	Tỉnh Bình Thuận	Huyện Tánh Linh	10
23173	Xã Đồng Kho	60	Tỉnh Bình Thuận	Huyện Tánh Linh	10
23176	Xã Gia An	60	Tỉnh Bình Thuận	Huyện Tánh Linh	10
23179	Xã Đức Bình	60	Tỉnh Bình Thuận	Huyện Tánh Linh	10
23182	Xã Gia Huynh	60	Tỉnh Bình Thuận	Huyện Tánh Linh	10
23185	Xã Đức Thuận	60	Tỉnh Bình Thuận	Huyện Tánh Linh	10
23188	Xã Suối Kiết	60	Tỉnh Bình Thuận	Huyện Tánh Linh	10
23191	Thị trấn Võ Xu	60	Tỉnh Bình Thuận	Huyện Đức Linh	9
23194	Thị trấn Đức Tài	60	Tỉnh Bình Thuận	Huyện Đức Linh	9
23197	Xã Đa Kai	60	Tỉnh Bình Thuận	Huyện Đức Linh	10
23200	Xã Sùng Nhơn	60	Tỉnh Bình Thuận	Huyện Đức Linh	10
23203	Xã Mê Pu	60	Tỉnh Bình Thuận	Huyện Đức Linh	10
23206	Xã Nam Chính	60	Tỉnh Bình Thuận	Huyện Đức Linh	10
23212	Xã Đức Hạnh	60	Tỉnh Bình Thuận	Huyện Đức Linh	10
23215	Xã Đức Tín	60	Tỉnh Bình Thuận	Huyện Đức Linh	10
23218	Xã Vũ Hoà	60	Tỉnh Bình Thuận	Huyện Đức Linh	10
23221	Xã Tân Hà	60	Tỉnh Bình Thuận	Huyện Đức Linh	10
23224	Xã Đông Hà	60	Tỉnh Bình Thuận	Huyện Đức Linh	10
23227	Xã Trà Tân	60	Tỉnh Bình Thuận	Huyện Đức Linh	10
23230	Thị trấn Tân Minh	60	Tỉnh Bình Thuận	Huyện Hàm Tân	9
23231	Phường Phước Hội	60	Tỉnh Bình Thuận	Thị xã La Gi	8
23232	Phường Phước Lộc	60	Tỉnh Bình Thuận	Thị xã La Gi	8
23234	Phường Tân Thiện	60	Tỉnh Bình Thuận	Thị xã La Gi	8
23235	Phường Tân An	60	Tỉnh Bình Thuận	Thị xã La Gi	8
23236	Thị trấn Tân Nghĩa	60	Tỉnh Bình Thuận	Huyện Hàm Tân	9
23237	Phường Bình Tân	60	Tỉnh Bình Thuận	Thị xã La Gi	8
23239	Xã Sông Phan	60	Tỉnh Bình Thuận	Huyện Hàm Tân	10
23242	Xã Tân Phúc	60	Tỉnh Bình Thuận	Huyện Hàm Tân	10
23245	Xã Tân Hải	60	Tỉnh Bình Thuận	Thị xã La Gi	10
23246	Xã Tân Tiến	60	Tỉnh Bình Thuận	Thị xã La Gi	10
23248	Xã Tân Bình	60	Tỉnh Bình Thuận	Thị xã La Gi	10
23251	Xã Tân Đức	60	Tỉnh Bình Thuận	Huyện Hàm Tân	10
23254	Xã Tân Thắng	60	Tỉnh Bình Thuận	Huyện Hàm Tân	10
23255	Xã Thắng Hải	60	Tỉnh Bình Thuận	Huyện Hàm Tân	10
23257	Xã Tân Hà	60	Tỉnh Bình Thuận	Huyện Hàm Tân	10
23260	Xã Tân Xuân	60	Tỉnh Bình Thuận	Huyện Hàm Tân	10
23266	Xã Sơn Mỹ	60	Tỉnh Bình Thuận	Huyện Hàm Tân	10
23268	Xã Tân Phước	60	Tỉnh Bình Thuận	Thị xã La Gi	10
23272	Xã Ngũ Phụng	60	Tỉnh Bình Thuận	Huyện Phú Quí	10
23275	Xã Long Hải	60	Tỉnh Bình Thuận	Huyện Phú Quí	10
23278	Xã Tam Thanh	60	Tỉnh Bình Thuận	Huyện Phú Quí	10
23281	Phường Quang Trung	62	Tỉnh Kon Tum	Thành phố Kon Tum	8
23284	Phường Duy Tân	62	Tỉnh Kon Tum	Thành phố Kon Tum	8
23287	Phường Quyết Thắng	62	Tỉnh Kon Tum	Thành phố Kon Tum	8
23290	Phường Trường Chinh	62	Tỉnh Kon Tum	Thành phố Kon Tum	8
23293	Phường Thắng Lợi	62	Tỉnh Kon Tum	Thành phố Kon Tum	8
23296	Phường Ngô Mây	62	Tỉnh Kon Tum	Thành phố Kon Tum	8
23299	Phường Thống Nhất	62	Tỉnh Kon Tum	Thành phố Kon Tum	8
23302	Phường Lê Lợi	62	Tỉnh Kon Tum	Thành phố Kon Tum	8
23305	Phường Nguyễn Trãi	62	Tỉnh Kon Tum	Thành phố Kon Tum	8
23308	Phường Trần Hưng Đạo	62	Tỉnh Kon Tum	Thành phố Kon Tum	8
23311	Xã Đắk Cấm	62	Tỉnh Kon Tum	Thành phố Kon Tum	10
23314	Xã Kroong	62	Tỉnh Kon Tum	Thành phố Kon Tum	10
23317	Xã Ngọk Bay	62	Tỉnh Kon Tum	Thành phố Kon Tum	10
23320	Xã Vinh Quang	62	Tỉnh Kon Tum	Thành phố Kon Tum	10
23323	Xã Đắk Blà	62	Tỉnh Kon Tum	Thành phố Kon Tum	10
23326	Xã Ia Chim	62	Tỉnh Kon Tum	Thành phố Kon Tum	10
23327	Xã Đăk Năng	62	Tỉnh Kon Tum	Thành phố Kon Tum	10
23329	Xã Đoàn Kết	62	Tỉnh Kon Tum	Thành phố Kon Tum	10
23332	Xã Chư Hreng	62	Tỉnh Kon Tum	Thành phố Kon Tum	10
23335	Xã Đắk Rơ Wa	62	Tỉnh Kon Tum	Thành phố Kon Tum	10
23338	Xã Hòa Bình	62	Tỉnh Kon Tum	Thành phố Kon Tum	10
23341	Thị trấn Đắk Glei	62	Tỉnh Kon Tum	Huyện Đắk Glei	9
23344	Xã Đắk Blô	62	Tỉnh Kon Tum	Huyện Đắk Glei	10
23347	Xã Đắk Man	62	Tỉnh Kon Tum	Huyện Đắk Glei	10
23350	Xã Đắk Nhoong	62	Tỉnh Kon Tum	Huyện Đắk Glei	10
23353	Xã Đắk Pék	62	Tỉnh Kon Tum	Huyện Đắk Glei	10
23356	Xã Đắk Choong	62	Tỉnh Kon Tum	Huyện Đắk Glei	10
23359	Xã Xốp	62	Tỉnh Kon Tum	Huyện Đắk Glei	10
23362	Xã Mường Hoong	62	Tỉnh Kon Tum	Huyện Đắk Glei	10
23365	Xã Ngọc Linh	62	Tỉnh Kon Tum	Huyện Đắk Glei	10
23368	Xã Đắk Long	62	Tỉnh Kon Tum	Huyện Đắk Glei	10
23371	Xã Đắk KRoong	62	Tỉnh Kon Tum	Huyện Đắk Glei	10
23374	Xã Đắk Môn	62	Tỉnh Kon Tum	Huyện Đắk Glei	10
23377	Thị trấn Plei Kần	62	Tỉnh Kon Tum	Huyện Ngọc Hồi	9
23380	Xã Đắk Ang	62	Tỉnh Kon Tum	Huyện Ngọc Hồi	10
23383	Xã Đắk Dục	62	Tỉnh Kon Tum	Huyện Ngọc Hồi	10
23386	Xã Đắk Nông	62	Tỉnh Kon Tum	Huyện Ngọc Hồi	10
23389	Xã Đắk Xú	62	Tỉnh Kon Tum	Huyện Ngọc Hồi	10
23392	Xã Đắk Kan	62	Tỉnh Kon Tum	Huyện Ngọc Hồi	10
23395	Xã Bờ Y	62	Tỉnh Kon Tum	Huyện Ngọc Hồi	10
23398	Xã Sa Loong	62	Tỉnh Kon Tum	Huyện Ngọc Hồi	10
23401	Thị trấn Đắk Tô	62	Tỉnh Kon Tum	Huyện Đắk Tô	9
23404	Xã Ngọc Lây	62	Tỉnh Kon Tum	Huyện Tu Mơ Rông	10
23407	Xã Đắk Na	62	Tỉnh Kon Tum	Huyện Tu Mơ Rông	10
23410	Xã Măng Ri	62	Tỉnh Kon Tum	Huyện Tu Mơ Rông	10
23413	Xã Ngọc Yêu	62	Tỉnh Kon Tum	Huyện Tu Mơ Rông	10
23416	Xã Đắk Sao	62	Tỉnh Kon Tum	Huyện Tu Mơ Rông	10
23417	Xã Đắk Rơ Ông	62	Tỉnh Kon Tum	Huyện Tu Mơ Rông	10
23419	Xã Đắk Tờ Kan	62	Tỉnh Kon Tum	Huyện Tu Mơ Rông	10
23422	Xã Tu Mơ Rông	62	Tỉnh Kon Tum	Huyện Tu Mơ Rông	10
23425	Xã Đắk Hà	62	Tỉnh Kon Tum	Huyện Tu Mơ Rông	10
23427	Xã Đắk Rơ Nga	62	Tỉnh Kon Tum	Huyện Đắk Tô	10
23428	Xã Ngọk Tụ	62	Tỉnh Kon Tum	Huyện Đắk Tô	10
23430	Xã Đắk Trăm	62	Tỉnh Kon Tum	Huyện Đắk Tô	10
23431	Xã Văn Lem	62	Tỉnh Kon Tum	Huyện Đắk Tô	10
23434	Xã Kon Đào	62	Tỉnh Kon Tum	Huyện Đắk Tô	10
23437	Xã Tân Cảnh	62	Tỉnh Kon Tum	Huyện Đắk Tô	10
23440	Xã Diên Bình	62	Tỉnh Kon Tum	Huyện Đắk Tô	10
23443	Xã Pô Kô	62	Tỉnh Kon Tum	Huyện Đắk Tô	10
23446	Xã Tê Xăng	62	Tỉnh Kon Tum	Huyện Tu Mơ Rông	10
23449	Xã Văn Xuôi	62	Tỉnh Kon Tum	Huyện Tu Mơ Rông	10
23452	Xã Đắk Nên	62	Tỉnh Kon Tum	Huyện Kon Plông	10
23455	Xã Đắk Ring	62	Tỉnh Kon Tum	Huyện Kon Plông	10
23458	Xã Măng Buk	62	Tỉnh Kon Tum	Huyện Kon Plông	10
23461	Xã Đắk Tăng	62	Tỉnh Kon Tum	Huyện Kon Plông	10
23464	Xã Ngok Tem	62	Tỉnh Kon Tum	Huyện Kon Plông	10
23467	Xã Pờ Ê	62	Tỉnh Kon Tum	Huyện Kon Plông	10
23470	Xã Măng Cành	62	Tỉnh Kon Tum	Huyện Kon Plông	10
23473	Thị trấn Măng Đen	62	Tỉnh Kon Tum	Huyện Kon Plông	9
23476	Xã Hiếu	62	Tỉnh Kon Tum	Huyện Kon Plông	10
23479	Thị trấn Đắk Rve	62	Tỉnh Kon Tum	Huyện Kon Rẫy	9
23482	Xã Đắk Kôi	62	Tỉnh Kon Tum	Huyện Kon Rẫy	10
23485	Xã Đắk Tơ Lung	62	Tỉnh Kon Tum	Huyện Kon Rẫy	10
23488	Xã Đắk Ruồng	62	Tỉnh Kon Tum	Huyện Kon Rẫy	10
23491	Xã Đắk Pne	62	Tỉnh Kon Tum	Huyện Kon Rẫy	10
23494	Xã Đắk Tờ Re	62	Tỉnh Kon Tum	Huyện Kon Rẫy	10
23497	Xã Tân Lập	62	Tỉnh Kon Tum	Huyện Kon Rẫy	10
23500	Thị trấn Đắk Hà	62	Tỉnh Kon Tum	Huyện Đắk Hà	9
23503	Xã Đắk PXi	62	Tỉnh Kon Tum	Huyện Đắk Hà	10
23504	Xã Đăk Long	62	Tỉnh Kon Tum	Huyện Đắk Hà	10
23506	Xã Đắk HRing	62	Tỉnh Kon Tum	Huyện Đắk Hà	10
23509	Xã Đắk Ui	62	Tỉnh Kon Tum	Huyện Đắk Hà	10
23510	Xã Đăk Ngọk	62	Tỉnh Kon Tum	Huyện Đắk Hà	10
23512	Xã Đắk Mar	62	Tỉnh Kon Tum	Huyện Đắk Hà	10
23515	Xã Ngok Wang	62	Tỉnh Kon Tum	Huyện Đắk Hà	10
23518	Xã Ngok Réo	62	Tỉnh Kon Tum	Huyện Đắk Hà	10
23521	Xã Hà Mòn	62	Tỉnh Kon Tum	Huyện Đắk Hà	10
23524	Xã Đắk La	62	Tỉnh Kon Tum	Huyện Đắk Hà	10
23527	Thị trấn Sa Thầy	62	Tỉnh Kon Tum	Huyện Sa Thầy	9
23530	Xã Rơ Kơi	62	Tỉnh Kon Tum	Huyện Sa Thầy	10
23533	Xã Sa Nhơn	62	Tỉnh Kon Tum	Huyện Sa Thầy	10
23534	Xã Hơ Moong	62	Tỉnh Kon Tum	Huyện Sa Thầy	10
23535	Xã Ia Đal	62	Tỉnh Kon Tum	Huyện Ia H' Drai	10
23536	Xã Mô Rai	62	Tỉnh Kon Tum	Huyện Sa Thầy	10
23537	Xã Ia Dom	62	Tỉnh Kon Tum	Huyện Ia H' Drai	10
23538	Xã Ia Tơi	62	Tỉnh Kon Tum	Huyện Ia H' Drai	10
23539	Xã Sa Sơn	62	Tỉnh Kon Tum	Huyện Sa Thầy	10
23542	Xã Sa Nghĩa	62	Tỉnh Kon Tum	Huyện Sa Thầy	10
23545	Xã Sa Bình	62	Tỉnh Kon Tum	Huyện Sa Thầy	10
23548	Xã Ya Xiêr	62	Tỉnh Kon Tum	Huyện Sa Thầy	10
23551	Xã Ya Tăng	62	Tỉnh Kon Tum	Huyện Sa Thầy	10
23554	Xã Ya ly	62	Tỉnh Kon Tum	Huyện Sa Thầy	10
23557	Phường Yên Đỗ	64	Tỉnh Gia Lai	Thành phố Pleiku	8
23560	Phường Diên Hồng	64	Tỉnh Gia Lai	Thành phố Pleiku	8
23563	Phường Ia Kring	64	Tỉnh Gia Lai	Thành phố Pleiku	8
23566	Phường Hội Thương	64	Tỉnh Gia Lai	Thành phố Pleiku	8
23569	Phường Hội Phú	64	Tỉnh Gia Lai	Thành phố Pleiku	8
23570	Phường Phù Đổng	64	Tỉnh Gia Lai	Thành phố Pleiku	8
23572	Phường Hoa Lư	64	Tỉnh Gia Lai	Thành phố Pleiku	8
23575	Phường Tây Sơn	64	Tỉnh Gia Lai	Thành phố Pleiku	8
23578	Phường Thống Nhất	64	Tỉnh Gia Lai	Thành phố Pleiku	8
23579	Phường Đống Đa	64	Tỉnh Gia Lai	Thành phố Pleiku	8
23581	Phường Trà Bá	64	Tỉnh Gia Lai	Thành phố Pleiku	8
23582	Phường Thắng Lợi	64	Tỉnh Gia Lai	Thành phố Pleiku	8
23584	Phường Yên Thế	64	Tỉnh Gia Lai	Thành phố Pleiku	8
23586	Phường Chi Lăng	64	Tỉnh Gia Lai	Thành phố Pleiku	8
23590	Xã Biển Hồ	64	Tỉnh Gia Lai	Thành phố Pleiku	10
23593	Xã Tân Sơn	64	Tỉnh Gia Lai	Thành phố Pleiku	10
23596	Xã Trà Đa	64	Tỉnh Gia Lai	Thành phố Pleiku	10
23599	Xã Chư Á	64	Tỉnh Gia Lai	Thành phố Pleiku	10
23602	Xã An Phú	64	Tỉnh Gia Lai	Thành phố Pleiku	10
23605	Xã Diên Phú	64	Tỉnh Gia Lai	Thành phố Pleiku	10
23608	Xã Ia Kênh	64	Tỉnh Gia Lai	Thành phố Pleiku	10
23611	Xã Gào	64	Tỉnh Gia Lai	Thành phố Pleiku	10
23614	Phường An Bình	64	Tỉnh Gia Lai	Thị xã An Khê	8
23617	Phường Tây Sơn	64	Tỉnh Gia Lai	Thị xã An Khê	8
23620	Phường An Phú	64	Tỉnh Gia Lai	Thị xã An Khê	8
23623	Phường An Tân	64	Tỉnh Gia Lai	Thị xã An Khê	8
23626	Xã Tú An	64	Tỉnh Gia Lai	Thị xã An Khê	10
23627	Xã Xuân An	64	Tỉnh Gia Lai	Thị xã An Khê	10
23629	Xã Cửu An	64	Tỉnh Gia Lai	Thị xã An Khê	10
23630	Phường An Phước	64	Tỉnh Gia Lai	Thị xã An Khê	8
23632	Xã Song An	64	Tỉnh Gia Lai	Thị xã An Khê	10
23633	Phường Ngô Mây	64	Tỉnh Gia Lai	Thị xã An Khê	8
23635	Xã Thành An	64	Tỉnh Gia Lai	Thị xã An Khê	10
23638	Thị trấn KBang	64	Tỉnh Gia Lai	Huyện KBang	9
23641	Xã Kon Pne	64	Tỉnh Gia Lai	Huyện KBang	10
23644	Xã Đăk Roong	64	Tỉnh Gia Lai	Huyện KBang	10
23647	Xã Sơn Lang	64	Tỉnh Gia Lai	Huyện KBang	10
23650	Xã KRong	64	Tỉnh Gia Lai	Huyện KBang	10
23653	Xã Sơ Pai	64	Tỉnh Gia Lai	Huyện KBang	10
23656	Xã Lơ Ku	64	Tỉnh Gia Lai	Huyện KBang	10
23659	Xã Đông	64	Tỉnh Gia Lai	Huyện KBang	10
23660	Xã Đak SMar	64	Tỉnh Gia Lai	Huyện KBang	10
23662	Xã Nghĩa An	64	Tỉnh Gia Lai	Huyện KBang	10
23665	Xã Tơ Tung	64	Tỉnh Gia Lai	Huyện KBang	10
23668	Xã Kông Lơng Khơng	64	Tỉnh Gia Lai	Huyện KBang	10
23671	Xã Kông Pla	64	Tỉnh Gia Lai	Huyện KBang	10
23674	Xã Đăk HLơ	64	Tỉnh Gia Lai	Huyện KBang	10
23677	Thị trấn Đăk Đoa	64	Tỉnh Gia Lai	Huyện Đăk Đoa	9
23680	Xã Hà Đông	64	Tỉnh Gia Lai	Huyện Đăk Đoa	10
23683	Xã Đăk Sơmei	64	Tỉnh Gia Lai	Huyện Đăk Đoa	10
23684	Xã Đăk Krong	64	Tỉnh Gia Lai	Huyện Đăk Đoa	10
23686	Xã Hải Yang	64	Tỉnh Gia Lai	Huyện Đăk Đoa	10
23689	Xã Kon Gang	64	Tỉnh Gia Lai	Huyện Đăk Đoa	10
23692	Xã Hà Bầu	64	Tỉnh Gia Lai	Huyện Đăk Đoa	10
23695	Xã Nam Yang	64	Tỉnh Gia Lai	Huyện Đăk Đoa	10
23698	Xã K' Dang	64	Tỉnh Gia Lai	Huyện Đăk Đoa	10
23701	Xã H' Neng	64	Tỉnh Gia Lai	Huyện Đăk Đoa	10
23704	Xã Tân Bình	64	Tỉnh Gia Lai	Huyện Đăk Đoa	10
23707	Xã Glar	64	Tỉnh Gia Lai	Huyện Đăk Đoa	10
23710	Xã A Dơk	64	Tỉnh Gia Lai	Huyện Đăk Đoa	10
23713	Xã Trang	64	Tỉnh Gia Lai	Huyện Đăk Đoa	10
23714	Xã HNol	64	Tỉnh Gia Lai	Huyện Đăk Đoa	10
23716	Xã Ia Pết	64	Tỉnh Gia Lai	Huyện Đăk Đoa	10
23719	Xã Ia Băng	64	Tỉnh Gia Lai	Huyện Đăk Đoa	10
23722	Thị trấn Phú Hòa	64	Tỉnh Gia Lai	Huyện Chư Păh	9
23725	Xã Hà Tây	64	Tỉnh Gia Lai	Huyện Chư Păh	10
23728	Xã Ia Khươl	64	Tỉnh Gia Lai	Huyện Chư Păh	10
23731	Xã Ia Phí	64	Tỉnh Gia Lai	Huyện Chư Păh	10
23734	Thị trấn Ia Ly	64	Tỉnh Gia Lai	Huyện Chư Păh	9
23737	Xã Ia Mơ Nông	64	Tỉnh Gia Lai	Huyện Chư Păh	10
23738	Xã Ia Kreng	64	Tỉnh Gia Lai	Huyện Chư Păh	10
23740	Xã Đăk Tơ Ver	64	Tỉnh Gia Lai	Huyện Chư Păh	10
23743	Xã Hòa Phú	64	Tỉnh Gia Lai	Huyện Chư Păh	10
23746	Xã Chư Đăng Ya	64	Tỉnh Gia Lai	Huyện Chư Păh	10
23749	Xã Ia Ka	64	Tỉnh Gia Lai	Huyện Chư Păh	10
23752	Xã Ia Nhin	64	Tỉnh Gia Lai	Huyện Chư Păh	10
23755	Xã Nghĩa Hòa	64	Tỉnh Gia Lai	Huyện Chư Păh	10
23761	Xã Nghĩa Hưng	64	Tỉnh Gia Lai	Huyện Chư Păh	10
23764	Thị trấn Ia Kha	64	Tỉnh Gia Lai	Huyện Ia Grai	9
23767	Xã Ia Sao	64	Tỉnh Gia Lai	Huyện Ia Grai	10
23768	Xã Ia Yok	64	Tỉnh Gia Lai	Huyện Ia Grai	10
23770	Xã Ia Hrung	64	Tỉnh Gia Lai	Huyện Ia Grai	10
23771	Xã Ia Bă	64	Tỉnh Gia Lai	Huyện Ia Grai	10
23773	Xã Ia Khai	64	Tỉnh Gia Lai	Huyện Ia Grai	10
23776	Xã Ia KRai	64	Tỉnh Gia Lai	Huyện Ia Grai	10
23778	Xã Ia Grăng	64	Tỉnh Gia Lai	Huyện Ia Grai	10
23779	Xã Ia Tô	64	Tỉnh Gia Lai	Huyện Ia Grai	10
23782	Xã Ia O	64	Tỉnh Gia Lai	Huyện Ia Grai	10
23785	Xã Ia Dêr	64	Tỉnh Gia Lai	Huyện Ia Grai	10
23788	Xã Ia Chia	64	Tỉnh Gia Lai	Huyện Ia Grai	10
23791	Xã Ia Pếch	64	Tỉnh Gia Lai	Huyện Ia Grai	10
23794	Thị trấn Kon Dơng	64	Tỉnh Gia Lai	Huyện Mang Yang	9
23797	Xã Ayun	64	Tỉnh Gia Lai	Huyện Mang Yang	10
23798	Xã Đak Jơ Ta	64	Tỉnh Gia Lai	Huyện Mang Yang	10
23799	Xã Đak Ta Ley	64	Tỉnh Gia Lai	Huyện Mang Yang	10
23800	Xã Hra	64	Tỉnh Gia Lai	Huyện Mang Yang	10
23803	Xã Đăk Yă	64	Tỉnh Gia Lai	Huyện Mang Yang	10
23806	Xã Đăk Djrăng	64	Tỉnh Gia Lai	Huyện Mang Yang	10
23809	Xã Lơ Pang	64	Tỉnh Gia Lai	Huyện Mang Yang	10
23812	Xã Kon Thụp	64	Tỉnh Gia Lai	Huyện Mang Yang	10
23815	Xã Đê Ar	64	Tỉnh Gia Lai	Huyện Mang Yang	10
23818	Xã Kon Chiêng	64	Tỉnh Gia Lai	Huyện Mang Yang	10
23821	Xã Đăk Trôi	64	Tỉnh Gia Lai	Huyện Mang Yang	10
23824	Thị trấn Kông Chro	64	Tỉnh Gia Lai	Huyện Kông Chro	9
23827	Xã Chư Krêy	64	Tỉnh Gia Lai	Huyện Kông Chro	10
23830	Xã An Trung	64	Tỉnh Gia Lai	Huyện Kông Chro	10
23833	Xã Kông Yang	64	Tỉnh Gia Lai	Huyện Kông Chro	10
23836	Xã Đăk Tơ Pang	64	Tỉnh Gia Lai	Huyện Kông Chro	10
23839	Xã SRó	64	Tỉnh Gia Lai	Huyện Kông Chro	10
23840	Xã Đắk Kơ Ning	64	Tỉnh Gia Lai	Huyện Kông Chro	10
23842	Xã Đăk Song	64	Tỉnh Gia Lai	Huyện Kông Chro	10
23843	Xã Đăk Pling	64	Tỉnh Gia Lai	Huyện Kông Chro	10
23845	Xã Yang Trung	64	Tỉnh Gia Lai	Huyện Kông Chro	10
23846	Xã Đăk Pơ Pho	64	Tỉnh Gia Lai	Huyện Kông Chro	10
23848	Xã Ya Ma	64	Tỉnh Gia Lai	Huyện Kông Chro	10
23851	Xã Chơ Long	64	Tỉnh Gia Lai	Huyện Kông Chro	10
23854	Xã Yang Nam	64	Tỉnh Gia Lai	Huyện Kông Chro	10
23857	Thị trấn Chư Ty	64	Tỉnh Gia Lai	Huyện Đức Cơ	9
23860	Xã Ia Dơk	64	Tỉnh Gia Lai	Huyện Đức Cơ	10
23863	Xã Ia Krêl	64	Tỉnh Gia Lai	Huyện Đức Cơ	10
23866	Xã Ia Din	64	Tỉnh Gia Lai	Huyện Đức Cơ	10
23869	Xã Ia Kla	64	Tỉnh Gia Lai	Huyện Đức Cơ	10
23872	Xã Ia Dom	64	Tỉnh Gia Lai	Huyện Đức Cơ	10
23875	Xã Ia Lang	64	Tỉnh Gia Lai	Huyện Đức Cơ	10
23878	Xã Ia Kriêng	64	Tỉnh Gia Lai	Huyện Đức Cơ	10
23881	Xã Ia Pnôn	64	Tỉnh Gia Lai	Huyện Đức Cơ	10
23884	Xã Ia Nan	64	Tỉnh Gia Lai	Huyện Đức Cơ	10
23887	Thị trấn Chư Prông	64	Tỉnh Gia Lai	Huyện Chư Prông	9
23888	Xã Ia Kly	64	Tỉnh Gia Lai	Huyện Chư Prông	10
23890	Xã Bình Giáo	64	Tỉnh Gia Lai	Huyện Chư Prông	10
23893	Xã Ia Drăng	64	Tỉnh Gia Lai	Huyện Chư Prông	10
23896	Xã Thăng Hưng	64	Tỉnh Gia Lai	Huyện Chư Prông	10
23899	Xã Bàu Cạn	64	Tỉnh Gia Lai	Huyện Chư Prông	10
23902	Xã Ia Phìn	64	Tỉnh Gia Lai	Huyện Chư Prông	10
23905	Xã Ia Băng	64	Tỉnh Gia Lai	Huyện Chư Prông	10
23908	Xã Ia Tôr	64	Tỉnh Gia Lai	Huyện Chư Prông	10
23911	Xã Ia Boòng	64	Tỉnh Gia Lai	Huyện Chư Prông	10
23914	Xã Ia O	64	Tỉnh Gia Lai	Huyện Chư Prông	10
23917	Xã Ia Púch	64	Tỉnh Gia Lai	Huyện Chư Prông	10
23920	Xã Ia Me	64	Tỉnh Gia Lai	Huyện Chư Prông	10
23923	Xã Ia Vê	64	Tỉnh Gia Lai	Huyện Chư Prông	10
23924	Xã Ia Bang	64	Tỉnh Gia Lai	Huyện Chư Prông	10
23926	Xã Ia Pia	64	Tỉnh Gia Lai	Huyện Chư Prông	10
23929	Xã Ia Ga	64	Tỉnh Gia Lai	Huyện Chư Prông	10
23932	Xã Ia Lâu	64	Tỉnh Gia Lai	Huyện Chư Prông	10
23935	Xã Ia Piơr	64	Tỉnh Gia Lai	Huyện Chư Prông	10
23938	Xã Ia Mơ	64	Tỉnh Gia Lai	Huyện Chư Prông	10
23941	Thị trấn Chư Sê	64	Tỉnh Gia Lai	Huyện Chư Sê	9
23942	Thị trấn Nhơn Hoà	64	Tỉnh Gia Lai	Huyện Chư Pưh	9
23944	Xã Ia Tiêm	64	Tỉnh Gia Lai	Huyện Chư Sê	10
23945	Xã Chư Pơng	64	Tỉnh Gia Lai	Huyện Chư Sê	10
23946	Xã Bar Măih	64	Tỉnh Gia Lai	Huyện Chư Sê	10
23947	Xã Bờ Ngoong	64	Tỉnh Gia Lai	Huyện Chư Sê	10
23950	Xã Ia Glai	64	Tỉnh Gia Lai	Huyện Chư Sê	10
23953	Xã AL Bá	64	Tỉnh Gia Lai	Huyện Chư Sê	10
23954	Xã Kông HTok	64	Tỉnh Gia Lai	Huyện Chư Sê	10
23956	Xã AYun	64	Tỉnh Gia Lai	Huyện Chư Sê	10
23959	Xã Ia HLốp	64	Tỉnh Gia Lai	Huyện Chư Sê	10
23962	Xã Ia Blang	64	Tỉnh Gia Lai	Huyện Chư Sê	10
23965	Xã Dun	64	Tỉnh Gia Lai	Huyện Chư Sê	10
23966	Xã Ia Pal	64	Tỉnh Gia Lai	Huyện Chư Sê	10
23968	Xã H Bông	64	Tỉnh Gia Lai	Huyện Chư Sê	10
23971	Xã Ia Hrú	64	Tỉnh Gia Lai	Huyện Chư Pưh	10
23972	Xã Ia Rong	64	Tỉnh Gia Lai	Huyện Chư Pưh	10
23974	Xã Ia Dreng	64	Tỉnh Gia Lai	Huyện Chư Pưh	10
23977	Xã Ia Ko	64	Tỉnh Gia Lai	Huyện Chư Sê	10
23978	Xã Ia Hla	64	Tỉnh Gia Lai	Huyện Chư Pưh	10
23980	Xã Chư Don	64	Tỉnh Gia Lai	Huyện Chư Pưh	10
23983	Xã Ia Phang	64	Tỉnh Gia Lai	Huyện Chư Pưh	10
23986	Xã Ia Le	64	Tỉnh Gia Lai	Huyện Chư Pưh	10
23987	Xã Ia BLứ	64	Tỉnh Gia Lai	Huyện Chư Pưh	10
23989	Xã Hà Tam	64	Tỉnh Gia Lai	Huyện Đăk Pơ	10
23992	Xã An Thành	64	Tỉnh Gia Lai	Huyện Đăk Pơ	10
23995	Thị trấn Đak Pơ	64	Tỉnh Gia Lai	Huyện Đăk Pơ	9
23998	Xã Yang Bắc	64	Tỉnh Gia Lai	Huyện Đăk Pơ	10
24001	Xã Cư An	64	Tỉnh Gia Lai	Huyện Đăk Pơ	10
24004	Xã Tân An	64	Tỉnh Gia Lai	Huyện Đăk Pơ	10
24007	Xã Phú An	64	Tỉnh Gia Lai	Huyện Đăk Pơ	10
24010	Xã Ya Hội	64	Tỉnh Gia Lai	Huyện Đăk Pơ	10
24013	Xã Pờ Tó	64	Tỉnh Gia Lai	Huyện Ia Pa	10
24016	Xã Chư Răng	64	Tỉnh Gia Lai	Huyện Ia Pa	10
24019	Xã Ia KDăm	64	Tỉnh Gia Lai	Huyện Ia Pa	10
24022	Xã Kim Tân	64	Tỉnh Gia Lai	Huyện Ia Pa	10
24025	Xã Chư Mố	64	Tỉnh Gia Lai	Huyện Ia Pa	10
24028	Xã Ia Tul	64	Tỉnh Gia Lai	Huyện Ia Pa	10
24031	Xã Ia Ma Rơn	64	Tỉnh Gia Lai	Huyện Ia Pa	10
24034	Xã Ia Broăi	64	Tỉnh Gia Lai	Huyện Ia Pa	10
24037	Xã Ia Trok	64	Tỉnh Gia Lai	Huyện Ia Pa	10
24041	Phường Cheo Reo	64	Tỉnh Gia Lai	Thị xã Ayun Pa	8
24042	Phường Hòa Bình	64	Tỉnh Gia Lai	Thị xã Ayun Pa	8
24043	Thị trấn Phú Thiện	64	Tỉnh Gia Lai	Huyện Phú Thiện	9
24044	Phường Đoàn Kết	64	Tỉnh Gia Lai	Thị xã Ayun Pa	8
24045	Phường Sông Bờ	64	Tỉnh Gia Lai	Thị xã Ayun Pa	8
24046	Xã Chư A Thai	64	Tỉnh Gia Lai	Huyện Phú Thiện	10
24048	Xã Ayun Hạ	64	Tỉnh Gia Lai	Huyện Phú Thiện	10
24049	Xã Ia Ake	64	Tỉnh Gia Lai	Huyện Phú Thiện	10
24052	Xã Ia Sol	64	Tỉnh Gia Lai	Huyện Phú Thiện	10
24055	Xã Ia Piar	64	Tỉnh Gia Lai	Huyện Phú Thiện	10
24058	Xã Ia Peng	64	Tỉnh Gia Lai	Huyện Phú Thiện	10
24060	Xã Chrôh Pơnan	64	Tỉnh Gia Lai	Huyện Phú Thiện	10
24061	Xã Ia Hiao	64	Tỉnh Gia Lai	Huyện Phú Thiện	10
24064	Xã Ia RBol	64	Tỉnh Gia Lai	Thị xã Ayun Pa	10
24065	Xã Chư Băh	64	Tỉnh Gia Lai	Thị xã Ayun Pa	10
24067	Xã Ia Yeng	64	Tỉnh Gia Lai	Huyện Phú Thiện	10
24070	Xã Ia RTô	64	Tỉnh Gia Lai	Thị xã Ayun Pa	10
24073	Xã Ia Sao	64	Tỉnh Gia Lai	Thị xã Ayun Pa	10
24076	Thị trấn Phú Túc	64	Tỉnh Gia Lai	Huyện Krông Pa	9
24079	Xã Ia RSai	64	Tỉnh Gia Lai	Huyện Krông Pa	10
24082	Xã Ia RSươm	64	Tỉnh Gia Lai	Huyện Krông Pa	10
24085	Xã Chư Gu	64	Tỉnh Gia Lai	Huyện Krông Pa	10
24088	Xã Đất Bằng	64	Tỉnh Gia Lai	Huyện Krông Pa	10
24091	Xã Ia Mláh	64	Tỉnh Gia Lai	Huyện Krông Pa	10
24094	Xã Chư Drăng	64	Tỉnh Gia Lai	Huyện Krông Pa	10
24097	Xã Phú Cần	64	Tỉnh Gia Lai	Huyện Krông Pa	10
24100	Xã Ia HDreh	64	Tỉnh Gia Lai	Huyện Krông Pa	10
24103	Xã Ia RMok	64	Tỉnh Gia Lai	Huyện Krông Pa	10
24106	Xã Chư Ngọc	64	Tỉnh Gia Lai	Huyện Krông Pa	10
24109	Xã Uar	64	Tỉnh Gia Lai	Huyện Krông Pa	10
24112	Xã Chư Rcăm	64	Tỉnh Gia Lai	Huyện Krông Pa	10
24115	Xã Krông Năng	64	Tỉnh Gia Lai	Huyện Krông Pa	10
24118	Phường Tân Lập	66	Tỉnh Đắk Lắk	Thành phố Buôn Ma Thuột	8
24121	Phường Tân Hòa	66	Tỉnh Đắk Lắk	Thành phố Buôn Ma Thuột	8
24124	Phường Tân An	66	Tỉnh Đắk Lắk	Thành phố Buôn Ma Thuột	8
24127	Phường Thống Nhất	66	Tỉnh Đắk Lắk	Thành phố Buôn Ma Thuột	8
24130	Phường Thành Nhất	66	Tỉnh Đắk Lắk	Thành phố Buôn Ma Thuột	8
24133	Phường Thắng Lợi	66	Tỉnh Đắk Lắk	Thành phố Buôn Ma Thuột	8
24136	Phường Tân Lợi	66	Tỉnh Đắk Lắk	Thành phố Buôn Ma Thuột	8
24139	Phường Thành Công	66	Tỉnh Đắk Lắk	Thành phố Buôn Ma Thuột	8
24142	Phường Tân Thành	66	Tỉnh Đắk Lắk	Thành phố Buôn Ma Thuột	8
24145	Phường Tân Tiến	66	Tỉnh Đắk Lắk	Thành phố Buôn Ma Thuột	8
24148	Phường Tự An	66	Tỉnh Đắk Lắk	Thành phố Buôn Ma Thuột	8
24151	Phường Ea Tam	66	Tỉnh Đắk Lắk	Thành phố Buôn Ma Thuột	8
24154	Phường Khánh Xuân	66	Tỉnh Đắk Lắk	Thành phố Buôn Ma Thuột	8
24157	Xã Hòa Thuận	66	Tỉnh Đắk Lắk	Thành phố Buôn Ma Thuột	10
24160	Xã Cư ÊBur	66	Tỉnh Đắk Lắk	Thành phố Buôn Ma Thuột	10
24163	Xã Ea Tu	66	Tỉnh Đắk Lắk	Thành phố Buôn Ma Thuột	10
24166	Xã Hòa Thắng	66	Tỉnh Đắk Lắk	Thành phố Buôn Ma Thuột	10
24169	Xã Ea Kao	66	Tỉnh Đắk Lắk	Thành phố Buôn Ma Thuột	10
24172	Xã Hòa Phú	66	Tỉnh Đắk Lắk	Thành phố Buôn Ma Thuột	10
24175	Xã Hòa Khánh	66	Tỉnh Đắk Lắk	Thành phố Buôn Ma Thuột	10
24178	Xã Hòa Xuân	66	Tỉnh Đắk Lắk	Thành phố Buôn Ma Thuột	10
24181	Thị trấn Ea Drăng	66	Tỉnh Đắk Lắk	Huyện Ea H'leo	9
24184	Xã Ea H'leo	66	Tỉnh Đắk Lắk	Huyện Ea H'leo	10
24187	Xã Ea Sol	66	Tỉnh Đắk Lắk	Huyện Ea H'leo	10
24190	Xã Ea Ral	66	Tỉnh Đắk Lắk	Huyện Ea H'leo	10
24193	Xã Ea Wy	66	Tỉnh Đắk Lắk	Huyện Ea H'leo	10
24194	Xã Cư A Mung	66	Tỉnh Đắk Lắk	Huyện Ea H'leo	10
24196	Xã Cư Mốt	66	Tỉnh Đắk Lắk	Huyện Ea H'leo	10
24199	Xã Ea Hiao	66	Tỉnh Đắk Lắk	Huyện Ea H'leo	10
24202	Xã Ea Khal	66	Tỉnh Đắk Lắk	Huyện Ea H'leo	10
24205	Xã Dliê Yang	66	Tỉnh Đắk Lắk	Huyện Ea H'leo	10
24207	Xã Ea Tir	66	Tỉnh Đắk Lắk	Huyện Ea H'leo	10
24208	Xã Ea Nam	66	Tỉnh Đắk Lắk	Huyện Ea H'leo	10
24211	Thị trấn Ea Súp	66	Tỉnh Đắk Lắk	Huyện Ea Súp	9
24214	Xã Ia Lốp	66	Tỉnh Đắk Lắk	Huyện Ea Súp	10
24215	Xã Ia JLơi	66	Tỉnh Đắk Lắk	Huyện Ea Súp	10
24217	Xã Ea Rốk	66	Tỉnh Đắk Lắk	Huyện Ea Súp	10
24220	Xã Ya Tờ Mốt	66	Tỉnh Đắk Lắk	Huyện Ea Súp	10
24221	Xã Ia RVê	66	Tỉnh Đắk Lắk	Huyện Ea Súp	10
24223	Xã Ea Lê	66	Tỉnh Đắk Lắk	Huyện Ea Súp	10
24226	Xã Cư KBang	66	Tỉnh Đắk Lắk	Huyện Ea Súp	10
24229	Xã Ea Bung	66	Tỉnh Đắk Lắk	Huyện Ea Súp	10
24232	Xã Cư M'Lan	66	Tỉnh Đắk Lắk	Huyện Ea Súp	10
24235	Xã Krông Na	66	Tỉnh Đắk Lắk	Huyện Buôn Đôn	10
24238	Xã Ea Huar	66	Tỉnh Đắk Lắk	Huyện Buôn Đôn	10
24241	Xã Ea Wer	66	Tỉnh Đắk Lắk	Huyện Buôn Đôn	10
24244	Xã Tân Hoà	66	Tỉnh Đắk Lắk	Huyện Buôn Đôn	10
24247	Xã Cuôr KNia	66	Tỉnh Đắk Lắk	Huyện Buôn Đôn	10
24250	Xã Ea Bar	66	Tỉnh Đắk Lắk	Huyện Buôn Đôn	10
24253	Xã Ea Nuôl	66	Tỉnh Đắk Lắk	Huyện Buôn Đôn	10
24256	Thị trấn Ea Pốk	66	Tỉnh Đắk Lắk	Huyện Cư M'gar	9
24259	Thị trấn Quảng Phú	66	Tỉnh Đắk Lắk	Huyện Cư M'gar	9
24262	Xã Quảng Tiến	66	Tỉnh Đắk Lắk	Huyện Cư M'gar	10
24264	Xã Ea Kuêh	66	Tỉnh Đắk Lắk	Huyện Cư M'gar	10
24265	Xã Ea Kiết	66	Tỉnh Đắk Lắk	Huyện Cư M'gar	10
24268	Xã Ea Tar	66	Tỉnh Đắk Lắk	Huyện Cư M'gar	10
24271	Xã Cư Dliê M'nông	66	Tỉnh Đắk Lắk	Huyện Cư M'gar	10
24274	Xã Ea H'đinh	66	Tỉnh Đắk Lắk	Huyện Cư M'gar	10
24277	Xã Ea Tul	66	Tỉnh Đắk Lắk	Huyện Cư M'gar	10
24280	Xã Ea KPam	66	Tỉnh Đắk Lắk	Huyện Cư M'gar	10
24283	Xã Ea M'DRóh	66	Tỉnh Đắk Lắk	Huyện Cư M'gar	10
24286	Xã Quảng Hiệp	66	Tỉnh Đắk Lắk	Huyện Cư M'gar	10
24289	Xã Cư M'gar	66	Tỉnh Đắk Lắk	Huyện Cư M'gar	10
24292	Xã Ea D'Rơng	66	Tỉnh Đắk Lắk	Huyện Cư M'gar	10
24295	Xã Ea M'nang	66	Tỉnh Đắk Lắk	Huyện Cư M'gar	10
24298	Xã Cư Suê	66	Tỉnh Đắk Lắk	Huyện Cư M'gar	10
24301	Xã Cuor Đăng	66	Tỉnh Đắk Lắk	Huyện Cư M'gar	10
24305	Phường An Lạc	66	Tỉnh Đắk Lắk	Thị xã Buôn Hồ	8
24307	Xã Cư Né	66	Tỉnh Đắk Lắk	Huyện Krông Búk	10
24308	Phường An Bình	66	Tỉnh Đắk Lắk	Thị xã Buôn Hồ	8
24310	Xã Chư KBô	66	Tỉnh Đắk Lắk	Huyện Krông Búk	10
24311	Phường Thiện An	66	Tỉnh Đắk Lắk	Thị xã Buôn Hồ	8
24313	Xã Cư Pơng	66	Tỉnh Đắk Lắk	Huyện Krông Búk	10
24314	Xã Ea Sin	66	Tỉnh Đắk Lắk	Huyện Krông Búk	10
24316	Thị trấn Pơng Drang	66	Tỉnh Đắk Lắk	Huyện Krông Búk	9
24317	Xã Tân Lập	66	Tỉnh Đắk Lắk	Huyện Krông Búk	10
24318	Phường Đạt Hiếu	66	Tỉnh Đắk Lắk	Thị xã Buôn Hồ	8
24319	Xã Ea Ngai	66	Tỉnh Đắk Lắk	Huyện Krông Búk	10
24322	Phường Đoàn Kết	66	Tỉnh Đắk Lắk	Thị xã Buôn Hồ	8
24325	Xã Ea Blang	66	Tỉnh Đắk Lắk	Thị xã Buôn Hồ	10
24328	Xã Ea Drông	66	Tỉnh Đắk Lắk	Thị xã Buôn Hồ	10
24331	Phường Thống Nhất	66	Tỉnh Đắk Lắk	Thị xã Buôn Hồ	8
24332	Phường Bình Tân	66	Tỉnh Đắk Lắk	Thị xã Buôn Hồ	8
24334	Xã Ea Siên	66	Tỉnh Đắk Lắk	Thị xã Buôn Hồ	10
24337	Xã Bình Thuận	66	Tỉnh Đắk Lắk	Thị xã Buôn Hồ	10
24340	Xã Cư Bao	66	Tỉnh Đắk Lắk	Thị xã Buôn Hồ	10
24343	Thị trấn Krông Năng	66	Tỉnh Đắk Lắk	Huyện Krông Năng	9
24346	Xã ĐLiê Ya	66	Tỉnh Đắk Lắk	Huyện Krông Năng	10
24349	Xã Ea Tóh	66	Tỉnh Đắk Lắk	Huyện Krông Năng	10
24352	Xã Ea Tam	66	Tỉnh Đắk Lắk	Huyện Krông Năng	10
24355	Xã Phú Lộc	66	Tỉnh Đắk Lắk	Huyện Krông Năng	10
24358	Xã Tam Giang	66	Tỉnh Đắk Lắk	Huyện Krông Năng	10
24359	Xã Ea Puk	66	Tỉnh Đắk Lắk	Huyện Krông Năng	10
24360	Xã Ea Dăh	66	Tỉnh Đắk Lắk	Huyện Krông Năng	10
24361	Xã Ea Hồ	66	Tỉnh Đắk Lắk	Huyện Krông Năng	10
24364	Xã Phú Xuân	66	Tỉnh Đắk Lắk	Huyện Krông Năng	10
24367	Xã Cư Klông	66	Tỉnh Đắk Lắk	Huyện Krông Năng	10
24370	Xã Ea Tân	66	Tỉnh Đắk Lắk	Huyện Krông Năng	10
24373	Thị trấn Ea Kar	66	Tỉnh Đắk Lắk	Huyện Ea Kar	9
24376	Thị trấn Ea Knốp	66	Tỉnh Đắk Lắk	Huyện Ea Kar	9
24379	Xã Ea Sô	66	Tỉnh Đắk Lắk	Huyện Ea Kar	10
24380	Xã Ea Sar	66	Tỉnh Đắk Lắk	Huyện Ea Kar	10
24382	Xã Xuân Phú	66	Tỉnh Đắk Lắk	Huyện Ea Kar	10
24385	Xã Cư Huê	66	Tỉnh Đắk Lắk	Huyện Ea Kar	10
24388	Xã Ea Tih	66	Tỉnh Đắk Lắk	Huyện Ea Kar	10
24391	Xã Ea Đar	66	Tỉnh Đắk Lắk	Huyện Ea Kar	10
24394	Xã Ea Kmút	66	Tỉnh Đắk Lắk	Huyện Ea Kar	10
24397	Xã Cư Ni	66	Tỉnh Đắk Lắk	Huyện Ea Kar	10
24400	Xã Ea Păl	66	Tỉnh Đắk Lắk	Huyện Ea Kar	10
24401	Xã Cư Prông	66	Tỉnh Đắk Lắk	Huyện Ea Kar	10
24403	Xã Ea Ô	66	Tỉnh Đắk Lắk	Huyện Ea Kar	10
24404	Xã Cư ELang	66	Tỉnh Đắk Lắk	Huyện Ea Kar	10
24406	Xã Cư Bông	66	Tỉnh Đắk Lắk	Huyện Ea Kar	10
24409	Xã Cư Jang	66	Tỉnh Đắk Lắk	Huyện Ea Kar	10
24412	Thị trấn M'Đrắk	66	Tỉnh Đắk Lắk	Huyện M'Đrắk	9
24415	Xã Cư Prao	66	Tỉnh Đắk Lắk	Huyện M'Đrắk	10
24418	Xã Ea Pil	66	Tỉnh Đắk Lắk	Huyện M'Đrắk	10
24421	Xã Ea Lai	66	Tỉnh Đắk Lắk	Huyện M'Đrắk	10
24424	Xã Ea H'MLay	66	Tỉnh Đắk Lắk	Huyện M'Đrắk	10
24427	Xã Krông Jing	66	Tỉnh Đắk Lắk	Huyện M'Đrắk	10
24430	Xã Ea M' Doal	66	Tỉnh Đắk Lắk	Huyện M'Đrắk	10
24433	Xã Ea Riêng	66	Tỉnh Đắk Lắk	Huyện M'Đrắk	10
24436	Xã Cư M'ta	66	Tỉnh Đắk Lắk	Huyện M'Đrắk	10
24439	Xã Cư K Róa	66	Tỉnh Đắk Lắk	Huyện M'Đrắk	10
24442	Xã Krông Á	66	Tỉnh Đắk Lắk	Huyện M'Đrắk	10
24444	Xã Cư San	66	Tỉnh Đắk Lắk	Huyện M'Đrắk	10
24445	Xã Ea Trang	66	Tỉnh Đắk Lắk	Huyện M'Đrắk	10
24448	Thị trấn Krông Kmar	66	Tỉnh Đắk Lắk	Huyện Krông Bông	9
24451	Xã Dang Kang	66	Tỉnh Đắk Lắk	Huyện Krông Bông	10
24454	Xã Cư KTy	66	Tỉnh Đắk Lắk	Huyện Krông Bông	10
24457	Xã Hòa Thành	66	Tỉnh Đắk Lắk	Huyện Krông Bông	10
24460	Xã Hòa Tân	66	Tỉnh Đắk Lắk	Huyện Krông Bông	10
24463	Xã Hòa Phong	66	Tỉnh Đắk Lắk	Huyện Krông Bông	10
24466	Xã Hòa Lễ	66	Tỉnh Đắk Lắk	Huyện Krông Bông	10
24469	Xã Yang Reh	66	Tỉnh Đắk Lắk	Huyện Krông Bông	10
24472	Xã Ea Trul	66	Tỉnh Đắk Lắk	Huyện Krông Bông	10
24475	Xã Khuê Ngọc Điền	66	Tỉnh Đắk Lắk	Huyện Krông Bông	10
24478	Xã Cư Pui	66	Tỉnh Đắk Lắk	Huyện Krông Bông	10
24481	Xã Hòa Sơn	66	Tỉnh Đắk Lắk	Huyện Krông Bông	10
24484	Xã Cư Drăm	66	Tỉnh Đắk Lắk	Huyện Krông Bông	10
24487	Xã Yang Mao	66	Tỉnh Đắk Lắk	Huyện Krông Bông	10
24490	Thị trấn Phước An	66	Tỉnh Đắk Lắk	Huyện Krông Pắc	9
24493	Xã KRông Búk	66	Tỉnh Đắk Lắk	Huyện Krông Pắc	10
24496	Xã Ea Kly	66	Tỉnh Đắk Lắk	Huyện Krông Pắc	10
24499	Xã Ea Kênh	66	Tỉnh Đắk Lắk	Huyện Krông Pắc	10
24502	Xã Ea Phê	66	Tỉnh Đắk Lắk	Huyện Krông Pắc	10
24505	Xã Ea KNuec	66	Tỉnh Đắk Lắk	Huyện Krông Pắc	10
24508	Xã Ea Yông	66	Tỉnh Đắk Lắk	Huyện Krông Pắc	10
24511	Xã Hòa An	66	Tỉnh Đắk Lắk	Huyện Krông Pắc	10
24514	Xã Ea Kuăng	66	Tỉnh Đắk Lắk	Huyện Krông Pắc	10
24517	Xã Hòa Đông	66	Tỉnh Đắk Lắk	Huyện Krông Pắc	10
24520	Xã Ea Hiu	66	Tỉnh Đắk Lắk	Huyện Krông Pắc	10
24523	Xã Hòa Tiến	66	Tỉnh Đắk Lắk	Huyện Krông Pắc	10
24526	Xã Tân Tiến	66	Tỉnh Đắk Lắk	Huyện Krông Pắc	10
24529	Xã Vụ Bổn	66	Tỉnh Đắk Lắk	Huyện Krông Pắc	10
24532	Xã Ea Uy	66	Tỉnh Đắk Lắk	Huyện Krông Pắc	10
24535	Xã Ea Yiêng	66	Tỉnh Đắk Lắk	Huyện Krông Pắc	10
24538	Thị trấn Buôn Trấp	66	Tỉnh Đắk Lắk	Huyện Krông A Na	9
24540	Xã Ea Ning	66	Tỉnh Đắk Lắk	Huyện Cư Kuin	10
24541	Xã Cư Ê Wi	66	Tỉnh Đắk Lắk	Huyện Cư Kuin	10
24544	Xã Ea Ktur	66	Tỉnh Đắk Lắk	Huyện Cư Kuin	10
24547	Xã Ea Tiêu	66	Tỉnh Đắk Lắk	Huyện Cư Kuin	10
24550	Xã Ea BHốk	66	Tỉnh Đắk Lắk	Huyện Cư Kuin	10
24553	Xã Ea Hu	66	Tỉnh Đắk Lắk	Huyện Cư Kuin	10
24556	Xã Dray Sáp	66	Tỉnh Đắk Lắk	Huyện Krông A Na	10
24559	Xã Ea Na	66	Tỉnh Đắk Lắk	Huyện Krông A Na	10
24561	Xã Dray Bhăng	66	Tỉnh Đắk Lắk	Huyện Cư Kuin	10
24562	Xã Hòa Hiệp	66	Tỉnh Đắk Lắk	Huyện Cư Kuin	10
24565	Xã Ea Bông	66	Tỉnh Đắk Lắk	Huyện Krông A Na	10
24568	Xã Băng A Drênh	66	Tỉnh Đắk Lắk	Huyện Krông A Na	10
24571	Xã Dur KMăl	66	Tỉnh Đắk Lắk	Huyện Krông A Na	10
24574	Xã Bình Hòa	66	Tỉnh Đắk Lắk	Huyện Krông A Na	10
24577	Xã Quảng Điền	66	Tỉnh Đắk Lắk	Huyện Krông A Na	10
24580	Thị trấn Liên Sơn	66	Tỉnh Đắk Lắk	Huyện Lắk	9
24583	Xã Yang Tao	66	Tỉnh Đắk Lắk	Huyện Lắk	10
24586	Xã Bông Krang	66	Tỉnh Đắk Lắk	Huyện Lắk	10
24589	Xã Đắk Liêng	66	Tỉnh Đắk Lắk	Huyện Lắk	10
24592	Xã Buôn Triết	66	Tỉnh Đắk Lắk	Huyện Lắk	10
24595	Xã Buôn Tría	66	Tỉnh Đắk Lắk	Huyện Lắk	10
24598	Xã Đắk Phơi	66	Tỉnh Đắk Lắk	Huyện Lắk	10
24601	Xã Đắk Nuê	66	Tỉnh Đắk Lắk	Huyện Lắk	10
24604	Xã Krông Nô	66	Tỉnh Đắk Lắk	Huyện Lắk	10
24607	Xã Nam Ka	66	Tỉnh Đắk Lắk	Huyện Lắk	10
24610	Xã Ea R'Bin	66	Tỉnh Đắk Lắk	Huyện Lắk	10
24611	Phường Nghĩa Đức	67	Tỉnh Đắk Nông	Thành phố Gia Nghĩa	8
24612	Phường Nghĩa Thành	67	Tỉnh Đắk Nông	Thành phố Gia Nghĩa	8
24614	Phường Nghĩa Phú	67	Tỉnh Đắk Nông	Thành phố Gia Nghĩa	8
24615	Phường Nghĩa Tân	67	Tỉnh Đắk Nông	Thành phố Gia Nghĩa	8
24616	Xã Quảng Sơn	67	Tỉnh Đắk Nông	Huyện Đăk Glong	10
24617	Phường Nghĩa Trung	67	Tỉnh Đắk Nông	Thành phố Gia Nghĩa	8
24618	Xã Đăk R'Moan	67	Tỉnh Đắk Nông	Thành phố Gia Nghĩa	10
24619	Phường Quảng Thành	67	Tỉnh Đắk Nông	Thành phố Gia Nghĩa	8
24620	Xã Quảng Hoà	67	Tỉnh Đắk Nông	Huyện Đăk Glong	10
24622	Xã Đắk Ha	67	Tỉnh Đắk Nông	Huyện Đăk Glong	10
24625	Xã Đắk R'Măng	67	Tỉnh Đắk Nông	Huyện Đăk Glong	10
24628	Xã Đắk Nia	67	Tỉnh Đắk Nông	Thành phố Gia Nghĩa	10
24631	Xã Quảng Khê	67	Tỉnh Đắk Nông	Huyện Đăk Glong	10
24634	Xã Đắk Plao	67	Tỉnh Đắk Nông	Huyện Đăk Glong	10
24637	Xã Đắk Som	67	Tỉnh Đắk Nông	Huyện Đăk Glong	10
24640	Thị trấn Ea T'Ling	67	Tỉnh Đắk Nông	Huyện Cư Jút	9
24643	Xã Đắk Wil	67	Tỉnh Đắk Nông	Huyện Cư Jút	10
24646	Xã Ea Pô	67	Tỉnh Đắk Nông	Huyện Cư Jút	10
24649	Xã Nam Dong	67	Tỉnh Đắk Nông	Huyện Cư Jút	10
24652	Xã Đắk DRông	67	Tỉnh Đắk Nông	Huyện Cư Jút	10
24655	Xã Tâm Thắng	67	Tỉnh Đắk Nông	Huyện Cư Jút	10
24658	Xã Cư Knia	67	Tỉnh Đắk Nông	Huyện Cư Jút	10
24661	Xã Trúc Sơn	67	Tỉnh Đắk Nông	Huyện Cư Jút	10
24664	Thị trấn Đắk Mil	67	Tỉnh Đắk Nông	Huyện Đắk Mil	9
24667	Xã Đắk Lao	67	Tỉnh Đắk Nông	Huyện Đắk Mil	10
24670	Xã Đắk R'La	67	Tỉnh Đắk Nông	Huyện Đắk Mil	10
24673	Xã Đắk Gằn	67	Tỉnh Đắk Nông	Huyện Đắk Mil	10
24676	Xã Đức Mạnh	67	Tỉnh Đắk Nông	Huyện Đắk Mil	10
24677	Xã Đắk N'Drót	67	Tỉnh Đắk Nông	Huyện Đắk Mil	10
24678	Xã Long Sơn	67	Tỉnh Đắk Nông	Huyện Đắk Mil	10
24679	Xã Đắk Sắk	67	Tỉnh Đắk Nông	Huyện Đắk Mil	10
24682	Xã Thuận An	67	Tỉnh Đắk Nông	Huyện Đắk Mil	10
24685	Xã Đức Minh	67	Tỉnh Đắk Nông	Huyện Đắk Mil	10
24688	Thị trấn Đắk Mâm	67	Tỉnh Đắk Nông	Huyện Krông Nô	9
24691	Xã Đắk Sôr	67	Tỉnh Đắk Nông	Huyện Krông Nô	10
24692	Xã Nam Xuân	67	Tỉnh Đắk Nông	Huyện Krông Nô	10
24694	Xã Buôn Choah	67	Tỉnh Đắk Nông	Huyện Krông Nô	10
24697	Xã Nam Đà	67	Tỉnh Đắk Nông	Huyện Krông Nô	10
24699	Xã Tân Thành	67	Tỉnh Đắk Nông	Huyện Krông Nô	10
24700	Xã Đắk Drô	67	Tỉnh Đắk Nông	Huyện Krông Nô	10
24703	Xã Nâm Nung	67	Tỉnh Đắk Nông	Huyện Krông Nô	10
24706	Xã Đức Xuyên	67	Tỉnh Đắk Nông	Huyện Krông Nô	10
24709	Xã Đắk Nang	67	Tỉnh Đắk Nông	Huyện Krông Nô	10
24712	Xã Quảng Phú	67	Tỉnh Đắk Nông	Huyện Krông Nô	10
24715	Xã Nâm N'Đir	67	Tỉnh Đắk Nông	Huyện Krông Nô	10
24717	Thị trấn Đức An	67	Tỉnh Đắk Nông	Huyện Đắk Song	9
24718	Xã Đắk Môl	67	Tỉnh Đắk Nông	Huyện Đắk Song	10
24719	Xã Đắk Hòa	67	Tỉnh Đắk Nông	Huyện Đắk Song	10
24721	Xã Nam Bình	67	Tỉnh Đắk Nông	Huyện Đắk Song	10
24722	Xã Thuận Hà	67	Tỉnh Đắk Nông	Huyện Đắk Song	10
24724	Xã Thuận Hạnh	67	Tỉnh Đắk Nông	Huyện Đắk Song	10
24727	Xã Đắk N'Dung	67	Tỉnh Đắk Nông	Huyện Đắk Song	10
24728	Xã Nâm N'Jang	67	Tỉnh Đắk Nông	Huyện Đắk Song	10
24730	Xã Trường Xuân	67	Tỉnh Đắk Nông	Huyện Đắk Song	10
24733	Thị trấn Kiến Đức	67	Tỉnh Đắk Nông	Huyện Đắk R'Lấp	9
24736	Xã Quảng Trực	67	Tỉnh Đắk Nông	Huyện Tuy Đức	10
24739	Xã Đắk Búk So	67	Tỉnh Đắk Nông	Huyện Tuy Đức	10
24740	Xã Quảng Tâm	67	Tỉnh Đắk Nông	Huyện Tuy Đức	10
24742	Xã Đắk R'Tíh	67	Tỉnh Đắk Nông	Huyện Tuy Đức	10
24745	Xã Quảng Tín	67	Tỉnh Đắk Nông	Huyện Đắk R'Lấp	10
24746	Xã Đắk Ngo	67	Tỉnh Đắk Nông	Huyện Tuy Đức	10
24748	Xã Quảng Tân	67	Tỉnh Đắk Nông	Huyện Tuy Đức	10
24750	Xã Đắk Wer	67	Tỉnh Đắk Nông	Huyện Đắk R'Lấp	10
24751	Xã Nhân Cơ	67	Tỉnh Đắk Nông	Huyện Đắk R'Lấp	10
24754	Xã Kiến Thành	67	Tỉnh Đắk Nông	Huyện Đắk R'Lấp	10
24756	Xã Nghĩa Thắng	67	Tỉnh Đắk Nông	Huyện Đắk R'Lấp	10
24757	Xã Đạo Nghĩa	67	Tỉnh Đắk Nông	Huyện Đắk R'Lấp	10
24760	Xã Đắk Sin	67	Tỉnh Đắk Nông	Huyện Đắk R'Lấp	10
24761	Xã Hưng Bình	67	Tỉnh Đắk Nông	Huyện Đắk R'Lấp	10
24763	Xã Đắk Ru	67	Tỉnh Đắk Nông	Huyện Đắk R'Lấp	10
24766	Xã Nhân Đạo	67	Tỉnh Đắk Nông	Huyện Đắk R'Lấp	10
24769	Phường 7	68	Tỉnh Lâm Đồng	Thành phố Đà Lạt	8
24772	Phường 8	68	Tỉnh Lâm Đồng	Thành phố Đà Lạt	8
24775	Phường 12	68	Tỉnh Lâm Đồng	Thành phố Đà Lạt	8
24778	Phường 9	68	Tỉnh Lâm Đồng	Thành phố Đà Lạt	8
24781	Phường 2	68	Tỉnh Lâm Đồng	Thành phố Đà Lạt	8
24784	Phường 1	68	Tỉnh Lâm Đồng	Thành phố Đà Lạt	8
24787	Phường 6	68	Tỉnh Lâm Đồng	Thành phố Đà Lạt	8
24790	Phường 5	68	Tỉnh Lâm Đồng	Thành phố Đà Lạt	8
24793	Phường 4	68	Tỉnh Lâm Đồng	Thành phố Đà Lạt	8
24796	Phường 10	68	Tỉnh Lâm Đồng	Thành phố Đà Lạt	8
24799	Phường 11	68	Tỉnh Lâm Đồng	Thành phố Đà Lạt	8
24802	Phường 3	68	Tỉnh Lâm Đồng	Thành phố Đà Lạt	8
24805	Xã Xuân Thọ	68	Tỉnh Lâm Đồng	Thành phố Đà Lạt	10
24808	Xã Tà Nung	68	Tỉnh Lâm Đồng	Thành phố Đà Lạt	10
24810	Xã Trạm Hành	68	Tỉnh Lâm Đồng	Thành phố Đà Lạt	10
24811	Xã Xuân Trường	68	Tỉnh Lâm Đồng	Thành phố Đà Lạt	10
24814	Phường Lộc Phát	68	Tỉnh Lâm Đồng	Thành phố Bảo Lộc	8
24817	Phường Lộc Tiến	68	Tỉnh Lâm Đồng	Thành phố Bảo Lộc	8
24820	Phường 2	68	Tỉnh Lâm Đồng	Thành phố Bảo Lộc	8
24823	Phường 1	68	Tỉnh Lâm Đồng	Thành phố Bảo Lộc	8
24826	Phường B'lao	68	Tỉnh Lâm Đồng	Thành phố Bảo Lộc	8
24829	Phường Lộc Sơn	68	Tỉnh Lâm Đồng	Thành phố Bảo Lộc	8
24832	Xã Đạm Bri	68	Tỉnh Lâm Đồng	Thành phố Bảo Lộc	10
24835	Xã Lộc Thanh	68	Tỉnh Lâm Đồng	Thành phố Bảo Lộc	10
24838	Xã Lộc Nga	68	Tỉnh Lâm Đồng	Thành phố Bảo Lộc	10
24841	Xã Lộc Châu	68	Tỉnh Lâm Đồng	Thành phố Bảo Lộc	10
24844	Xã Đại Lào	68	Tỉnh Lâm Đồng	Thành phố Bảo Lộc	10
24846	Thị trấn Lạc Dương	68	Tỉnh Lâm Đồng	Huyện Lạc Dương	9
24847	Xã Đạ Chais	68	Tỉnh Lâm Đồng	Huyện Lạc Dương	10
24848	Xã Đạ Nhim	68	Tỉnh Lâm Đồng	Huyện Lạc Dương	10
24850	Xã Đưng KNớ	68	Tỉnh Lâm Đồng	Huyện Lạc Dương	10
24853	Xã Đạ Tông	68	Tỉnh Lâm Đồng	Huyện Đam Rông	10
24856	Xã Đạ Long	68	Tỉnh Lâm Đồng	Huyện Đam Rông	10
24859	Xã Đạ M' Rong	68	Tỉnh Lâm Đồng	Huyện Đam Rông	10
24862	Xã Lát	68	Tỉnh Lâm Đồng	Huyện Lạc Dương	10
24865	Xã Đạ Sar	68	Tỉnh Lâm Đồng	Huyện Lạc Dương	10
24868	Thị trấn Nam Ban	68	Tỉnh Lâm Đồng	Huyện Lâm Hà	9
24871	Thị trấn Đinh Văn	68	Tỉnh Lâm Đồng	Huyện Lâm Hà	9
24874	Xã Liêng Srônh	68	Tỉnh Lâm Đồng	Huyện Đam Rông	10
24875	Xã Đạ Rsal	68	Tỉnh Lâm Đồng	Huyện Đam Rông	10
24877	Xã Rô Men	68	Tỉnh Lâm Đồng	Huyện Đam Rông	10
24880	Xã Phú Sơn	68	Tỉnh Lâm Đồng	Huyện Lâm Hà	10
24883	Xã Phi Tô	68	Tỉnh Lâm Đồng	Huyện Lâm Hà	10
24886	Xã Phi Liêng	68	Tỉnh Lâm Đồng	Huyện Đam Rông	10
24889	Xã Đạ K' Nàng	68	Tỉnh Lâm Đồng	Huyện Đam Rông	10
24892	Xã Mê Linh	68	Tỉnh Lâm Đồng	Huyện Lâm Hà	10
24895	Xã Đạ Đờn	68	Tỉnh Lâm Đồng	Huyện Lâm Hà	10
24898	Xã Phúc Thọ	68	Tỉnh Lâm Đồng	Huyện Lâm Hà	10
24901	Xã Đông Thanh	68	Tỉnh Lâm Đồng	Huyện Lâm Hà	10
24904	Xã Gia Lâm	68	Tỉnh Lâm Đồng	Huyện Lâm Hà	10
24907	Xã Tân Thanh	68	Tỉnh Lâm Đồng	Huyện Lâm Hà	10
24910	Xã Tân Văn	68	Tỉnh Lâm Đồng	Huyện Lâm Hà	10
24913	Xã Hoài Đức	68	Tỉnh Lâm Đồng	Huyện Lâm Hà	10
24916	Xã Tân Hà	68	Tỉnh Lâm Đồng	Huyện Lâm Hà	10
24919	Xã Liên Hà	68	Tỉnh Lâm Đồng	Huyện Lâm Hà	10
24922	Xã Đan Phượng	68	Tỉnh Lâm Đồng	Huyện Lâm Hà	10
24925	Xã Nam Hà	68	Tỉnh Lâm Đồng	Huyện Lâm Hà	10
24928	Thị trấn D'Ran	68	Tỉnh Lâm Đồng	Huyện Đơn Dương	9
24931	Thị trấn Thạnh Mỹ	68	Tỉnh Lâm Đồng	Huyện Đơn Dương	9
24934	Xã Lạc Xuân	68	Tỉnh Lâm Đồng	Huyện Đơn Dương	10
24937	Xã Đạ Ròn	68	Tỉnh Lâm Đồng	Huyện Đơn Dương	10
24940	Xã Lạc Lâm	68	Tỉnh Lâm Đồng	Huyện Đơn Dương	10
24943	Xã Ka Đô	68	Tỉnh Lâm Đồng	Huyện Đơn Dương	10
24946	Xã Quảng Lập	68	Tỉnh Lâm Đồng	Huyện Đơn Dương	10
24949	Xã Ka Đơn	68	Tỉnh Lâm Đồng	Huyện Đơn Dương	10
24952	Xã Tu Tra	68	Tỉnh Lâm Đồng	Huyện Đơn Dương	10
24955	Xã Pró	68	Tỉnh Lâm Đồng	Huyện Đơn Dương	10
24958	Thị trấn Liên Nghĩa	68	Tỉnh Lâm Đồng	Huyện Đức Trọng	9
24961	Xã Hiệp An	68	Tỉnh Lâm Đồng	Huyện Đức Trọng	10
24964	Xã Liên Hiệp	68	Tỉnh Lâm Đồng	Huyện Đức Trọng	10
24967	Xã Hiệp Thạnh	68	Tỉnh Lâm Đồng	Huyện Đức Trọng	10
24970	Xã Bình Thạnh	68	Tỉnh Lâm Đồng	Huyện Đức Trọng	10
24973	Xã N'Thol Hạ	68	Tỉnh Lâm Đồng	Huyện Đức Trọng	10
24976	Xã Tân Hội	68	Tỉnh Lâm Đồng	Huyện Đức Trọng	10
24979	Xã Tân Thành	68	Tỉnh Lâm Đồng	Huyện Đức Trọng	10
24982	Xã Phú Hội	68	Tỉnh Lâm Đồng	Huyện Đức Trọng	10
24985	Xã Ninh Gia	68	Tỉnh Lâm Đồng	Huyện Đức Trọng	10
24988	Xã Tà Năng	68	Tỉnh Lâm Đồng	Huyện Đức Trọng	10
24989	Xã Đa Quyn	68	Tỉnh Lâm Đồng	Huyện Đức Trọng	10
24991	Xã Tà Hine	68	Tỉnh Lâm Đồng	Huyện Đức Trọng	10
24994	Xã Đà Loan	68	Tỉnh Lâm Đồng	Huyện Đức Trọng	10
24997	Xã Ninh Loan	68	Tỉnh Lâm Đồng	Huyện Đức Trọng	10
25000	Thị trấn Di Linh	68	Tỉnh Lâm Đồng	Huyện Di Linh	9
25003	Xã Đinh Trang Thượng	68	Tỉnh Lâm Đồng	Huyện Di Linh	10
25006	Xã Tân Thượng	68	Tỉnh Lâm Đồng	Huyện Di Linh	10
25007	Xã Tân Lâm	68	Tỉnh Lâm Đồng	Huyện Di Linh	10
25009	Xã Tân Châu	68	Tỉnh Lâm Đồng	Huyện Di Linh	10
25012	Xã Tân Nghĩa	68	Tỉnh Lâm Đồng	Huyện Di Linh	10
25015	Xã Gia Hiệp	68	Tỉnh Lâm Đồng	Huyện Di Linh	10
25018	Xã Đinh Lạc	68	Tỉnh Lâm Đồng	Huyện Di Linh	10
25021	Xã Tam Bố	68	Tỉnh Lâm Đồng	Huyện Di Linh	10
25024	Xã Đinh Trang Hòa	68	Tỉnh Lâm Đồng	Huyện Di Linh	10
25027	Xã Liên Đầm	68	Tỉnh Lâm Đồng	Huyện Di Linh	10
25030	Xã Gung Ré	68	Tỉnh Lâm Đồng	Huyện Di Linh	10
25033	Xã Bảo Thuận	68	Tỉnh Lâm Đồng	Huyện Di Linh	10
25036	Xã Hòa Ninh	68	Tỉnh Lâm Đồng	Huyện Di Linh	10
25039	Xã Hòa Trung	68	Tỉnh Lâm Đồng	Huyện Di Linh	10
25042	Xã Hòa Nam	68	Tỉnh Lâm Đồng	Huyện Di Linh	10
25045	Xã Hòa Bắc	68	Tỉnh Lâm Đồng	Huyện Di Linh	10
25048	Xã Sơn Điền	68	Tỉnh Lâm Đồng	Huyện Di Linh	10
25051	Xã Gia Bắc	68	Tỉnh Lâm Đồng	Huyện Di Linh	10
25054	Thị trấn Lộc Thắng	68	Tỉnh Lâm Đồng	Huyện Bảo Lâm	9
25057	Xã Lộc Bảo	68	Tỉnh Lâm Đồng	Huyện Bảo Lâm	10
25060	Xã Lộc Lâm	68	Tỉnh Lâm Đồng	Huyện Bảo Lâm	10
25063	Xã Lộc Phú	68	Tỉnh Lâm Đồng	Huyện Bảo Lâm	10
25066	Xã Lộc Bắc	68	Tỉnh Lâm Đồng	Huyện Bảo Lâm	10
25069	Xã B' Lá	68	Tỉnh Lâm Đồng	Huyện Bảo Lâm	10
25072	Xã Lộc Ngãi	68	Tỉnh Lâm Đồng	Huyện Bảo Lâm	10
25075	Xã Lộc Quảng	68	Tỉnh Lâm Đồng	Huyện Bảo Lâm	10
25078	Xã Lộc Tân	68	Tỉnh Lâm Đồng	Huyện Bảo Lâm	10
25081	Xã Lộc Đức	68	Tỉnh Lâm Đồng	Huyện Bảo Lâm	10
25084	Xã Lộc An	68	Tỉnh Lâm Đồng	Huyện Bảo Lâm	10
25087	Xã Tân Lạc	68	Tỉnh Lâm Đồng	Huyện Bảo Lâm	10
25090	Xã Lộc Thành	68	Tỉnh Lâm Đồng	Huyện Bảo Lâm	10
25093	Xã Lộc Nam	68	Tỉnh Lâm Đồng	Huyện Bảo Lâm	10
25096	Thị trấn Đạ M'ri	68	Tỉnh Lâm Đồng	Huyện Đạ Huoai	9
25099	Thị trấn Ma Đa Guôi	68	Tỉnh Lâm Đồng	Huyện Đạ Huoai	9
25105	Xã Hà Lâm	68	Tỉnh Lâm Đồng	Huyện Đạ Huoai	10
25108	Xã Đạ Tồn	68	Tỉnh Lâm Đồng	Huyện Đạ Huoai	10
25111	Xã Đạ Oai	68	Tỉnh Lâm Đồng	Huyện Đạ Huoai	10
25114	Xã Đạ Ploa	68	Tỉnh Lâm Đồng	Huyện Đạ Huoai	10
25117	Xã Ma Đa Guôi	68	Tỉnh Lâm Đồng	Huyện Đạ Huoai	10
25120	Xã Đoàn Kết	68	Tỉnh Lâm Đồng	Huyện Đạ Huoai	10
25123	Xã Phước Lộc	68	Tỉnh Lâm Đồng	Huyện Đạ Huoai	10
25126	Thị trấn Đạ Tẻh	68	Tỉnh Lâm Đồng	Huyện Đạ Tẻh	9
25129	Xã An Nhơn	68	Tỉnh Lâm Đồng	Huyện Đạ Tẻh	10
25132	Xã Quốc Oai	68	Tỉnh Lâm Đồng	Huyện Đạ Tẻh	10
25135	Xã Mỹ Đức	68	Tỉnh Lâm Đồng	Huyện Đạ Tẻh	10
25138	Xã Quảng Trị	68	Tỉnh Lâm Đồng	Huyện Đạ Tẻh	10
25141	Xã Đạ Lây	68	Tỉnh Lâm Đồng	Huyện Đạ Tẻh	10
25147	Xã Triệu Hải	68	Tỉnh Lâm Đồng	Huyện Đạ Tẻh	10
25153	Xã Đạ Kho	68	Tỉnh Lâm Đồng	Huyện Đạ Tẻh	10
25156	Xã Đạ Pal	68	Tỉnh Lâm Đồng	Huyện Đạ Tẻh	10
25159	Thị trấn Cát Tiên	68	Tỉnh Lâm Đồng	Huyện Cát Tiên	9
25162	Xã Tiên Hoàng	68	Tỉnh Lâm Đồng	Huyện Cát Tiên	10
25165	Xã Phước Cát 2	68	Tỉnh Lâm Đồng	Huyện Cát Tiên	10
25168	Xã Gia Viễn	68	Tỉnh Lâm Đồng	Huyện Cát Tiên	10
25171	Xã Nam Ninh	68	Tỉnh Lâm Đồng	Huyện Cát Tiên	10
25180	Thị trấn Phước Cát	68	Tỉnh Lâm Đồng	Huyện Cát Tiên	9
25183	Xã Đức Phổ	68	Tỉnh Lâm Đồng	Huyện Cát Tiên	10
25189	Xã Quảng Ngãi	68	Tỉnh Lâm Đồng	Huyện Cát Tiên	10
25192	Xã Đồng Nai Thượng	68	Tỉnh Lâm Đồng	Huyện Cát Tiên	10
25195	Phường Tân Phú	70	Tỉnh Bình Phước	Thành phố Đồng Xoài	8
25198	Phường Tân Đồng	70	Tỉnh Bình Phước	Thành phố Đồng Xoài	8
25201	Phường Tân Bình	70	Tỉnh Bình Phước	Thành phố Đồng Xoài	8
25204	Phường Tân Xuân	70	Tỉnh Bình Phước	Thành phố Đồng Xoài	8
25205	Phường Tân Thiện	70	Tỉnh Bình Phước	Thành phố Đồng Xoài	8
25207	Xã Tân Thành	70	Tỉnh Bình Phước	Thành phố Đồng Xoài	10
25210	Phường Tiến Thành	70	Tỉnh Bình Phước	Thành phố Đồng Xoài	8
25213	Xã Tiến Hưng	70	Tỉnh Bình Phước	Thành phố Đồng Xoài	10
25216	Phường Thác Mơ	70	Tỉnh Bình Phước	Thị xã Phước Long	8
25217	Phường Long Thủy	70	Tỉnh Bình Phước	Thị xã Phước Long	8
25219	Phường Phước Bình	70	Tỉnh Bình Phước	Thị xã Phước Long	8
25220	Phường Long Phước	70	Tỉnh Bình Phước	Thị xã Phước Long	8
25222	Xã Bù Gia Mập	70	Tỉnh Bình Phước	Huyện Bù Gia Mập	10
25225	Xã Đak Ơ	70	Tỉnh Bình Phước	Huyện Bù Gia Mập	10
25228	Xã Đức Hạnh	70	Tỉnh Bình Phước	Huyện Bù Gia Mập	10
25229	Xã Phú Văn	70	Tỉnh Bình Phước	Huyện Bù Gia Mập	10
25231	Xã Đa Kia	70	Tỉnh Bình Phước	Huyện Bù Gia Mập	10
25232	Xã Phước Minh	70	Tỉnh Bình Phước	Huyện Bù Gia Mập	10
25234	Xã Bình Thắng	70	Tỉnh Bình Phước	Huyện Bù Gia Mập	10
25237	Phường Sơn Giang	70	Tỉnh Bình Phước	Thị xã Phước Long	8
25240	Xã Long Bình	70	Tỉnh Bình Phước	Huyện Phú Riềng	10
25243	Xã Bình Tân	70	Tỉnh Bình Phước	Huyện Phú Riềng	10
25244	Xã Bình Sơn	70	Tỉnh Bình Phước	Huyện Phú Riềng	10
25245	Xã Long Giang	70	Tỉnh Bình Phước	Thị xã Phước Long	10
25246	Xã Long Hưng	70	Tỉnh Bình Phước	Huyện Phú Riềng	10
25249	Xã Phước Tín	70	Tỉnh Bình Phước	Thị xã Phước Long	10
25250	Xã Phước Tân	70	Tỉnh Bình Phước	Huyện Phú Riềng	10
25252	Xã Bù Nho	70	Tỉnh Bình Phước	Huyện Phú Riềng	10
25255	Xã Long Hà	70	Tỉnh Bình Phước	Huyện Phú Riềng	10
25258	Xã Long Tân	70	Tỉnh Bình Phước	Huyện Phú Riềng	10
25261	Xã Phú Trung	70	Tỉnh Bình Phước	Huyện Phú Riềng	10
25264	Xã Phú Riềng	70	Tỉnh Bình Phước	Huyện Phú Riềng	10
25267	Xã Phú Nghĩa	70	Tỉnh Bình Phước	Huyện Bù Gia Mập	10
25270	Thị trấn Lộc Ninh	70	Tỉnh Bình Phước	Huyện Lộc Ninh	9
25273	Xã Lộc Hòa	70	Tỉnh Bình Phước	Huyện Lộc Ninh	10
25276	Xã Lộc An	70	Tỉnh Bình Phước	Huyện Lộc Ninh	10
25279	Xã Lộc Tấn	70	Tỉnh Bình Phước	Huyện Lộc Ninh	10
25280	Xã Lộc Thạnh	70	Tỉnh Bình Phước	Huyện Lộc Ninh	10
25282	Xã Lộc Hiệp	70	Tỉnh Bình Phước	Huyện Lộc Ninh	10
25285	Xã Lộc Thiện	70	Tỉnh Bình Phước	Huyện Lộc Ninh	10
25288	Xã Lộc Thuận	70	Tỉnh Bình Phước	Huyện Lộc Ninh	10
25291	Xã Lộc Quang	70	Tỉnh Bình Phước	Huyện Lộc Ninh	10
25292	Xã Lộc Phú	70	Tỉnh Bình Phước	Huyện Lộc Ninh	10
25294	Xã Lộc Thành	70	Tỉnh Bình Phước	Huyện Lộc Ninh	10
25297	Xã Lộc Thái	70	Tỉnh Bình Phước	Huyện Lộc Ninh	10
25300	Xã Lộc Điền	70	Tỉnh Bình Phước	Huyện Lộc Ninh	10
25303	Xã Lộc Hưng	70	Tỉnh Bình Phước	Huyện Lộc Ninh	10
25305	Xã Lộc Thịnh	70	Tỉnh Bình Phước	Huyện Lộc Ninh	10
25306	Xã Lộc Khánh	70	Tỉnh Bình Phước	Huyện Lộc Ninh	10
25308	Thị trấn Thanh Bình	70	Tỉnh Bình Phước	Huyện Bù Đốp	9
25309	Xã Hưng Phước	70	Tỉnh Bình Phước	Huyện Bù Đốp	10
25310	Xã Phước Thiện	70	Tỉnh Bình Phước	Huyện Bù Đốp	10
25312	Xã Thiện Hưng	70	Tỉnh Bình Phước	Huyện Bù Đốp	10
25315	Xã Thanh Hòa	70	Tỉnh Bình Phước	Huyện Bù Đốp	10
25318	Xã Tân Thành	70	Tỉnh Bình Phước	Huyện Bù Đốp	10
25320	Phường Hưng Chiến	70	Tỉnh Bình Phước	Thị xã Bình Long	8
25321	Xã Tân Tiến	70	Tỉnh Bình Phước	Huyện Bù Đốp	10
25324	Phường An Lộc	70	Tỉnh Bình Phước	Thị xã Bình Long	8
25325	Phường Phú Thịnh	70	Tỉnh Bình Phước	Thị xã Bình Long	8
25326	Phường Phú Đức	70	Tỉnh Bình Phước	Thị xã Bình Long	8
25327	Xã Thanh An	70	Tỉnh Bình Phước	Huyện Hớn Quản	10
25330	Xã An Khương	70	Tỉnh Bình Phước	Huyện Hớn Quản	10
25333	Xã Thanh Lương	70	Tỉnh Bình Phước	Thị xã Bình Long	10
25336	Xã Thanh Phú	70	Tỉnh Bình Phước	Thị xã Bình Long	10
25339	Xã An Phú	70	Tỉnh Bình Phước	Huyện Hớn Quản	10
25342	Xã Tân Lợi	70	Tỉnh Bình Phước	Huyện Hớn Quản	10
25345	Xã Tân Hưng	70	Tỉnh Bình Phước	Huyện Hớn Quản	10
25348	Xã Minh Đức	70	Tỉnh Bình Phước	Huyện Hớn Quản	10
25349	Xã Minh Tâm	70	Tỉnh Bình Phước	Huyện Hớn Quản	10
25351	Xã Phước An	70	Tỉnh Bình Phước	Huyện Hớn Quản	10
25354	Xã Thanh Bình	70	Tỉnh Bình Phước	Huyện Hớn Quản	10
25357	Thị trấn Tân Khai	70	Tỉnh Bình Phước	Huyện Hớn Quản	9
25360	Xã Đồng Nơ	70	Tỉnh Bình Phước	Huyện Hớn Quản	10
25361	Xã Tân Hiệp	70	Tỉnh Bình Phước	Huyện Hớn Quản	10
25363	Thị trấn Tân Phú	70	Tỉnh Bình Phước	Huyện Đồng Phú	9
25366	Xã Thuận Lợi	70	Tỉnh Bình Phước	Huyện Đồng Phú	10
25369	Xã Đồng Tâm	70	Tỉnh Bình Phước	Huyện Đồng Phú	10
25372	Xã Tân Phước	70	Tỉnh Bình Phước	Huyện Đồng Phú	10
25375	Xã Tân Hưng	70	Tỉnh Bình Phước	Huyện Đồng Phú	10
25378	Xã Tân Lợi	70	Tỉnh Bình Phước	Huyện Đồng Phú	10
25381	Xã Tân Lập	70	Tỉnh Bình Phước	Huyện Đồng Phú	10
25384	Xã Tân Hòa	70	Tỉnh Bình Phước	Huyện Đồng Phú	10
25387	Xã Thuận Phú	70	Tỉnh Bình Phước	Huyện Đồng Phú	10
25390	Xã Đồng Tiến	70	Tỉnh Bình Phước	Huyện Đồng Phú	10
25393	Xã Tân Tiến	70	Tỉnh Bình Phước	Huyện Đồng Phú	10
25396	Thị trấn Đức Phong	70	Tỉnh Bình Phước	Huyện Bù Đăng	9
25398	Xã Đường 10	70	Tỉnh Bình Phước	Huyện Bù Đăng	10
25399	Xã Đak Nhau	70	Tỉnh Bình Phước	Huyện Bù Đăng	10
25400	Xã Phú Sơn	70	Tỉnh Bình Phước	Huyện Bù Đăng	10
25402	Xã Thọ Sơn	70	Tỉnh Bình Phước	Huyện Bù Đăng	10
25404	Xã Bình Minh	70	Tỉnh Bình Phước	Huyện Bù Đăng	10
25405	Xã Bom Bo	70	Tỉnh Bình Phước	Huyện Bù Đăng	10
25408	Xã Minh Hưng	70	Tỉnh Bình Phước	Huyện Bù Đăng	10
25411	Xã Đoàn Kết	70	Tỉnh Bình Phước	Huyện Bù Đăng	10
25414	Xã Đồng Nai	70	Tỉnh Bình Phước	Huyện Bù Đăng	10
25417	Xã Đức Liễu	70	Tỉnh Bình Phước	Huyện Bù Đăng	10
25420	Xã Thống Nhất	70	Tỉnh Bình Phước	Huyện Bù Đăng	10
25423	Xã Nghĩa Trung	70	Tỉnh Bình Phước	Huyện Bù Đăng	10
25424	Xã Nghĩa Bình	70	Tỉnh Bình Phước	Huyện Bù Đăng	10
25426	Xã Đăng Hà	70	Tỉnh Bình Phước	Huyện Bù Đăng	10
25429	Xã Phước Sơn	70	Tỉnh Bình Phước	Huyện Bù Đăng	10
25432	Phường Hưng Long	70	Tỉnh Bình Phước	Thị xã Chơn Thành	8
25433	Phường Thành Tâm	70	Tỉnh Bình Phước	Thị xã Chơn Thành	8
25435	Xã Minh Lập	70	Tỉnh Bình Phước	Thị xã Chơn Thành	10
25438	Xã Tân Quan	70	Tỉnh Bình Phước	Huyện Hớn Quản	10
25439	Xã Quang Minh	70	Tỉnh Bình Phước	Thị xã Chơn Thành	10
25441	Phường Minh Hưng	70	Tỉnh Bình Phước	Thị xã Chơn Thành	8
25444	Phường Minh Long	70	Tỉnh Bình Phước	Thị xã Chơn Thành	8
25447	Phường Minh Thành	70	Tỉnh Bình Phước	Thị xã Chơn Thành	8
25450	Xã Nha Bích	70	Tỉnh Bình Phước	Thị xã Chơn Thành	10
25453	Xã Minh Thắng	70	Tỉnh Bình Phước	Thị xã Chơn Thành	10
25456	Phường 1	72	Tỉnh Tây Ninh	Thành phố Tây Ninh	8
25459	Phường 3	72	Tỉnh Tây Ninh	Thành phố Tây Ninh	8
25462	Phường 4	72	Tỉnh Tây Ninh	Thành phố Tây Ninh	8
25465	Phường Hiệp Ninh	72	Tỉnh Tây Ninh	Thành phố Tây Ninh	8
25468	Phường 2	72	Tỉnh Tây Ninh	Thành phố Tây Ninh	8
25471	Xã Thạnh Tân	72	Tỉnh Tây Ninh	Thành phố Tây Ninh	10
25474	Xã Tân Bình	72	Tỉnh Tây Ninh	Thành phố Tây Ninh	10
25477	Xã Bình Minh	72	Tỉnh Tây Ninh	Thành phố Tây Ninh	10
25480	Phường Ninh Sơn	72	Tỉnh Tây Ninh	Thành phố Tây Ninh	8
25483	Phường Ninh Thạnh	72	Tỉnh Tây Ninh	Thành phố Tây Ninh	8
25486	Thị trấn Tân Biên	72	Tỉnh Tây Ninh	Huyện Tân Biên	9
25489	Xã Tân Lập	72	Tỉnh Tây Ninh	Huyện Tân Biên	10
25492	Xã Thạnh Bắc	72	Tỉnh Tây Ninh	Huyện Tân Biên	10
25495	Xã Tân Bình	72	Tỉnh Tây Ninh	Huyện Tân Biên	10
25498	Xã Thạnh Bình	72	Tỉnh Tây Ninh	Huyện Tân Biên	10
25501	Xã Thạnh Tây	72	Tỉnh Tây Ninh	Huyện Tân Biên	10
25504	Xã Hòa Hiệp	72	Tỉnh Tây Ninh	Huyện Tân Biên	10
25507	Xã Tân Phong	72	Tỉnh Tây Ninh	Huyện Tân Biên	10
25510	Xã Mỏ Công	72	Tỉnh Tây Ninh	Huyện Tân Biên	10
25513	Xã Trà Vong	72	Tỉnh Tây Ninh	Huyện Tân Biên	10
25516	Thị trấn Tân Châu	72	Tỉnh Tây Ninh	Huyện Tân Châu	9
25519	Xã Tân Hà	72	Tỉnh Tây Ninh	Huyện Tân Châu	10
25522	Xã Tân Đông	72	Tỉnh Tây Ninh	Huyện Tân Châu	10
25525	Xã Tân Hội	72	Tỉnh Tây Ninh	Huyện Tân Châu	10
25528	Xã Tân Hòa	72	Tỉnh Tây Ninh	Huyện Tân Châu	10
25531	Xã Suối Ngô	72	Tỉnh Tây Ninh	Huyện Tân Châu	10
25534	Xã Suối Dây	72	Tỉnh Tây Ninh	Huyện Tân Châu	10
25537	Xã Tân Hiệp	72	Tỉnh Tây Ninh	Huyện Tân Châu	10
25540	Xã Thạnh Đông	72	Tỉnh Tây Ninh	Huyện Tân Châu	10
25543	Xã Tân Thành	72	Tỉnh Tây Ninh	Huyện Tân Châu	10
25546	Xã Tân Phú	72	Tỉnh Tây Ninh	Huyện Tân Châu	10
25549	Xã Tân Hưng	72	Tỉnh Tây Ninh	Huyện Tân Châu	10
25552	Thị trấn Dương Minh Châu	72	Tỉnh Tây Ninh	Huyện Dương Minh Châu	9
25555	Xã Suối Đá	72	Tỉnh Tây Ninh	Huyện Dương Minh Châu	10
25558	Xã Phan	72	Tỉnh Tây Ninh	Huyện Dương Minh Châu	10
25561	Xã Phước Ninh	72	Tỉnh Tây Ninh	Huyện Dương Minh Châu	10
25564	Xã Phước Minh	72	Tỉnh Tây Ninh	Huyện Dương Minh Châu	10
25567	Xã Bàu Năng	72	Tỉnh Tây Ninh	Huyện Dương Minh Châu	10
25570	Xã Chà Là	72	Tỉnh Tây Ninh	Huyện Dương Minh Châu	10
25573	Xã Cầu Khởi	72	Tỉnh Tây Ninh	Huyện Dương Minh Châu	10
25576	Xã Bến Củi	72	Tỉnh Tây Ninh	Huyện Dương Minh Châu	10
25579	Xã Lộc Ninh	72	Tỉnh Tây Ninh	Huyện Dương Minh Châu	10
25582	Xã Truông Mít	72	Tỉnh Tây Ninh	Huyện Dương Minh Châu	10
25585	Thị trấn Châu Thành	72	Tỉnh Tây Ninh	Huyện Châu Thành	9
25588	Xã Hảo Đước	72	Tỉnh Tây Ninh	Huyện Châu Thành	10
25591	Xã Phước Vinh	72	Tỉnh Tây Ninh	Huyện Châu Thành	10
25594	Xã Đồng Khởi	72	Tỉnh Tây Ninh	Huyện Châu Thành	10
25597	Xã Thái Bình	72	Tỉnh Tây Ninh	Huyện Châu Thành	10
25600	Xã An Cơ	72	Tỉnh Tây Ninh	Huyện Châu Thành	10
25603	Xã Biên Giới	72	Tỉnh Tây Ninh	Huyện Châu Thành	10
25606	Xã Hòa Thạnh	72	Tỉnh Tây Ninh	Huyện Châu Thành	10
25609	Xã Trí Bình	72	Tỉnh Tây Ninh	Huyện Châu Thành	10
25612	Xã Hòa Hội	72	Tỉnh Tây Ninh	Huyện Châu Thành	10
25615	Xã An Bình	72	Tỉnh Tây Ninh	Huyện Châu Thành	10
25618	Xã Thanh Điền	72	Tỉnh Tây Ninh	Huyện Châu Thành	10
25621	Xã Thành Long	72	Tỉnh Tây Ninh	Huyện Châu Thành	10
25624	Xã Ninh Điền	72	Tỉnh Tây Ninh	Huyện Châu Thành	10
25627	Xã Long Vĩnh	72	Tỉnh Tây Ninh	Huyện Châu Thành	10
25630	Phường Long Hoa	72	Tỉnh Tây Ninh	Thị xã Hòa Thành	8
25633	Phường Hiệp Tân	72	Tỉnh Tây Ninh	Thị xã Hòa Thành	8
25636	Phường Long Thành Bắc	72	Tỉnh Tây Ninh	Thị xã Hòa Thành	8
25639	Xã Trường Hòa	72	Tỉnh Tây Ninh	Thị xã Hòa Thành	10
25642	Xã Trường Đông	72	Tỉnh Tây Ninh	Thị xã Hòa Thành	10
25645	Phường Long Thành Trung	72	Tỉnh Tây Ninh	Thị xã Hòa Thành	8
25648	Xã Trường Tây	72	Tỉnh Tây Ninh	Thị xã Hòa Thành	10
25651	Xã Long Thành Nam	72	Tỉnh Tây Ninh	Thị xã Hòa Thành	10
25654	Thị trấn Gò Dầu	72	Tỉnh Tây Ninh	Huyện Gò Dầu	9
25657	Xã Thạnh Đức	72	Tỉnh Tây Ninh	Huyện Gò Dầu	10
25660	Xã Cẩm Giang	72	Tỉnh Tây Ninh	Huyện Gò Dầu	10
25663	Xã Hiệp Thạnh	72	Tỉnh Tây Ninh	Huyện Gò Dầu	10
25666	Xã Bàu Đồn	72	Tỉnh Tây Ninh	Huyện Gò Dầu	10
25669	Xã Phước Thạnh	72	Tỉnh Tây Ninh	Huyện Gò Dầu	10
25672	Xã Phước Đông	72	Tỉnh Tây Ninh	Huyện Gò Dầu	10
25675	Xã Phước Trạch	72	Tỉnh Tây Ninh	Huyện Gò Dầu	10
25678	Xã Thanh Phước	72	Tỉnh Tây Ninh	Huyện Gò Dầu	10
25681	Thị trấn Bến Cầu	72	Tỉnh Tây Ninh	Huyện Bến Cầu	9
25684	Xã Long Chữ	72	Tỉnh Tây Ninh	Huyện Bến Cầu	10
25687	Xã Long Phước	72	Tỉnh Tây Ninh	Huyện Bến Cầu	10
25690	Xã Long Giang	72	Tỉnh Tây Ninh	Huyện Bến Cầu	10
25693	Xã Tiên Thuận	72	Tỉnh Tây Ninh	Huyện Bến Cầu	10
25696	Xã Long Khánh	72	Tỉnh Tây Ninh	Huyện Bến Cầu	10
25699	Xã Lợi Thuận	72	Tỉnh Tây Ninh	Huyện Bến Cầu	10
25702	Xã Long Thuận	72	Tỉnh Tây Ninh	Huyện Bến Cầu	10
25705	Xã An Thạnh	72	Tỉnh Tây Ninh	Huyện Bến Cầu	10
25708	Phường Trảng Bàng	72	Tỉnh Tây Ninh	Thị xã Trảng Bàng	8
25711	Xã Đôn Thuận	72	Tỉnh Tây Ninh	Thị xã Trảng Bàng	10
25714	Xã Hưng Thuận	72	Tỉnh Tây Ninh	Thị xã Trảng Bàng	10
25717	Phường Lộc Hưng	72	Tỉnh Tây Ninh	Thị xã Trảng Bàng	8
25720	Phường Gia Lộc	72	Tỉnh Tây Ninh	Thị xã Trảng Bàng	8
25723	Phường Gia Bình	72	Tỉnh Tây Ninh	Thị xã Trảng Bàng	8
25729	Xã Phước Bình	72	Tỉnh Tây Ninh	Thị xã Trảng Bàng	10
25732	Phường An Tịnh	72	Tỉnh Tây Ninh	Thị xã Trảng Bàng	8
25735	Phường An Hòa	72	Tỉnh Tây Ninh	Thị xã Trảng Bàng	8
25738	Xã Phước Chỉ	72	Tỉnh Tây Ninh	Thị xã Trảng Bàng	10
25741	Phường Hiệp Thành	74	Tỉnh Bình Dương	Thành phố Thủ Dầu Một	8
25744	Phường Phú Lợi	74	Tỉnh Bình Dương	Thành phố Thủ Dầu Một	8
25747	Phường Phú Cường	74	Tỉnh Bình Dương	Thành phố Thủ Dầu Một	8
25750	Phường Phú Hòa	74	Tỉnh Bình Dương	Thành phố Thủ Dầu Một	8
25753	Phường Phú Thọ	74	Tỉnh Bình Dương	Thành phố Thủ Dầu Một	8
25756	Phường Chánh Nghĩa	74	Tỉnh Bình Dương	Thành phố Thủ Dầu Một	8
25759	Phường Định Hoà	74	Tỉnh Bình Dương	Thành phố Thủ Dầu Một	8
25760	Phường Hoà Phú	74	Tỉnh Bình Dương	Thành phố Thủ Dầu Một	8
25762	Phường Phú Mỹ	74	Tỉnh Bình Dương	Thành phố Thủ Dầu Một	8
25763	Phường Phú Tân	74	Tỉnh Bình Dương	Thành phố Thủ Dầu Một	8
25765	Phường Tân An	74	Tỉnh Bình Dương	Thành phố Thủ Dầu Một	8
25768	Phường Hiệp An	74	Tỉnh Bình Dương	Thành phố Thủ Dầu Một	8
25771	Phường Tương Bình Hiệp	74	Tỉnh Bình Dương	Thành phố Thủ Dầu Một	8
25774	Phường Chánh Mỹ	74	Tỉnh Bình Dương	Thành phố Thủ Dầu Một	8
25777	Thị trấn Dầu Tiếng	74	Tỉnh Bình Dương	Huyện Dầu Tiếng	9
25780	Xã Minh Hoà	74	Tỉnh Bình Dương	Huyện Dầu Tiếng	10
25783	Xã Minh Thạnh	74	Tỉnh Bình Dương	Huyện Dầu Tiếng	10
25786	Xã Minh Tân	74	Tỉnh Bình Dương	Huyện Dầu Tiếng	10
25789	Xã Định An	74	Tỉnh Bình Dương	Huyện Dầu Tiếng	10
25792	Xã Long Hoà	74	Tỉnh Bình Dương	Huyện Dầu Tiếng	10
25795	Xã Định Thành	74	Tỉnh Bình Dương	Huyện Dầu Tiếng	10
25798	Xã Định Hiệp	74	Tỉnh Bình Dương	Huyện Dầu Tiếng	10
25801	Xã An Lập	74	Tỉnh Bình Dương	Huyện Dầu Tiếng	10
25804	Xã Long Tân	74	Tỉnh Bình Dương	Huyện Dầu Tiếng	10
25807	Xã Thanh An	74	Tỉnh Bình Dương	Huyện Dầu Tiếng	10
25810	Xã Thanh Tuyền	74	Tỉnh Bình Dương	Huyện Dầu Tiếng	10
25813	Phường Mỹ Phước	74	Tỉnh Bình Dương	Thị xã Bến Cát	8
25816	Xã Trừ Văn Thố	74	Tỉnh Bình Dương	Huyện Bàu Bàng	10
25819	Xã Cây Trường II	74	Tỉnh Bình Dương	Huyện Bàu Bàng	10
25822	Thị trấn Lai Uyên	74	Tỉnh Bình Dương	Huyện Bàu Bàng	9
25825	Xã Tân Hưng	74	Tỉnh Bình Dương	Huyện Bàu Bàng	10
25828	Xã Long Nguyên	74	Tỉnh Bình Dương	Huyện Bàu Bàng	10
25831	Xã Hưng Hòa	74	Tỉnh Bình Dương	Huyện Bàu Bàng	10
25834	Xã Lai Hưng	74	Tỉnh Bình Dương	Huyện Bàu Bàng	10
25837	Phường Chánh Phú Hòa	74	Tỉnh Bình Dương	Thị xã Bến Cát	8
25840	Xã An Điền	74	Tỉnh Bình Dương	Thị xã Bến Cát	10
25843	Xã An Tây	74	Tỉnh Bình Dương	Thị xã Bến Cát	10
25846	Phường Thới Hòa	74	Tỉnh Bình Dương	Thị xã Bến Cát	8
25849	Phường Hòa Lợi	74	Tỉnh Bình Dương	Thị xã Bến Cát	8
25852	Phường Tân Định	74	Tỉnh Bình Dương	Thị xã Bến Cát	8
25855	Xã Phú An	74	Tỉnh Bình Dương	Thị xã Bến Cát	10
25858	Thị trấn Phước Vĩnh	74	Tỉnh Bình Dương	Huyện Phú Giáo	9
25861	Xã An Linh	74	Tỉnh Bình Dương	Huyện Phú Giáo	10
25864	Xã Phước Sang	74	Tỉnh Bình Dương	Huyện Phú Giáo	10
25865	Xã An Thái	74	Tỉnh Bình Dương	Huyện Phú Giáo	10
25867	Xã An Long	74	Tỉnh Bình Dương	Huyện Phú Giáo	10
25870	Xã An Bình	74	Tỉnh Bình Dương	Huyện Phú Giáo	10
25873	Xã Tân Hiệp	74	Tỉnh Bình Dương	Huyện Phú Giáo	10
25876	Xã Tam Lập	74	Tỉnh Bình Dương	Huyện Phú Giáo	10
25879	Xã Tân Long	74	Tỉnh Bình Dương	Huyện Phú Giáo	10
25882	Xã Vĩnh Hoà	74	Tỉnh Bình Dương	Huyện Phú Giáo	10
25885	Xã Phước Hoà	74	Tỉnh Bình Dương	Huyện Phú Giáo	10
25888	Phường Uyên Hưng	74	Tỉnh Bình Dương	Thành phố Tân Uyên	8
25891	Phường Tân Phước Khánh	74	Tỉnh Bình Dương	Thành phố Tân Uyên	8
25894	Xã Tân Định	74	Tỉnh Bình Dương	Huyện Bắc Tân Uyên	10
25897	Xã Bình Mỹ	74	Tỉnh Bình Dương	Huyện Bắc Tân Uyên	10
25900	Thị trấn Tân Bình	74	Tỉnh Bình Dương	Huyện Bắc Tân Uyên	9
25903	Xã Tân Lập	74	Tỉnh Bình Dương	Huyện Bắc Tân Uyên	10
25906	Thị trấn Tân Thành	74	Tỉnh Bình Dương	Huyện Bắc Tân Uyên	9
25907	Xã Đất Cuốc	74	Tỉnh Bình Dương	Huyện Bắc Tân Uyên	10
25908	Xã Hiếu Liêm	74	Tỉnh Bình Dương	Huyện Bắc Tân Uyên	10
25909	Xã Lạc An	74	Tỉnh Bình Dương	Huyện Bắc Tân Uyên	10
25912	Phường Vĩnh Tân	74	Tỉnh Bình Dương	Thành phố Tân Uyên	8
25915	Phường Hội Nghĩa	74	Tỉnh Bình Dương	Thành phố Tân Uyên	8
25918	Xã Tân Mỹ	74	Tỉnh Bình Dương	Huyện Bắc Tân Uyên	10
25920	Phường Tân Hiệp	74	Tỉnh Bình Dương	Thành phố Tân Uyên	8
25921	Phường Khánh Bình	74	Tỉnh Bình Dương	Thành phố Tân Uyên	8
25924	Phường Phú Chánh	74	Tỉnh Bình Dương	Thành phố Tân Uyên	8
25927	Xã Thường Tân	74	Tỉnh Bình Dương	Huyện Bắc Tân Uyên	10
25930	Xã Bạch Đằng	74	Tỉnh Bình Dương	Thành phố Tân Uyên	10
25933	Phường Tân Vĩnh Hiệp	74	Tỉnh Bình Dương	Thành phố Tân Uyên	8
25936	Phường Thạnh Phước	74	Tỉnh Bình Dương	Thành phố Tân Uyên	8
25937	Xã Thạnh Hội	74	Tỉnh Bình Dương	Thành phố Tân Uyên	10
25939	Phường Thái Hòa	74	Tỉnh Bình Dương	Thành phố Tân Uyên	8
25942	Phường Dĩ An	74	Tỉnh Bình Dương	Thành phố Dĩ An	8
25945	Phường Tân Bình	74	Tỉnh Bình Dương	Thành phố Dĩ An	8
25948	Phường Tân Đông Hiệp	74	Tỉnh Bình Dương	Thành phố Dĩ An	8
25951	Phường Bình An	74	Tỉnh Bình Dương	Thành phố Dĩ An	8
25954	Phường Bình Thắng	74	Tỉnh Bình Dương	Thành phố Dĩ An	8
25957	Phường Đông Hòa	74	Tỉnh Bình Dương	Thành phố Dĩ An	8
25960	Phường An Bình	74	Tỉnh Bình Dương	Thành phố Dĩ An	8
25963	Phường An Thạnh	74	Tỉnh Bình Dương	Thành phố Thuận An	8
25966	Phường Lái Thiêu	74	Tỉnh Bình Dương	Thành phố Thuận An	8
25969	Phường Bình Chuẩn	74	Tỉnh Bình Dương	Thành phố Thuận An	8
25972	Phường Thuận Giao	74	Tỉnh Bình Dương	Thành phố Thuận An	8
25975	Phường An Phú	74	Tỉnh Bình Dương	Thành phố Thuận An	8
25978	Phường Hưng Định	74	Tỉnh Bình Dương	Thành phố Thuận An	8
25981	Xã An Sơn	74	Tỉnh Bình Dương	Thành phố Thuận An	10
25984	Phường Bình Nhâm	74	Tỉnh Bình Dương	Thành phố Thuận An	8
25987	Phường Bình Hòa	74	Tỉnh Bình Dương	Thành phố Thuận An	8
25990	Phường Vĩnh Phú	74	Tỉnh Bình Dương	Thành phố Thuận An	8
25993	Phường Trảng Dài	75	Tỉnh Đồng Nai	Thành phố Biên Hòa	8
25996	Phường Tân Phong	75	Tỉnh Đồng Nai	Thành phố Biên Hòa	8
25999	Phường Tân Biên	75	Tỉnh Đồng Nai	Thành phố Biên Hòa	8
26002	Phường Hố Nai	75	Tỉnh Đồng Nai	Thành phố Biên Hòa	8
26005	Phường Tân Hòa	75	Tỉnh Đồng Nai	Thành phố Biên Hòa	8
26008	Phường Tân Hiệp	75	Tỉnh Đồng Nai	Thành phố Biên Hòa	8
26011	Phường Bửu Long	75	Tỉnh Đồng Nai	Thành phố Biên Hòa	8
26014	Phường Tân Tiến	75	Tỉnh Đồng Nai	Thành phố Biên Hòa	8
26017	Phường Tam Hiệp	75	Tỉnh Đồng Nai	Thành phố Biên Hòa	8
26020	Phường Long Bình	75	Tỉnh Đồng Nai	Thành phố Biên Hòa	8
26023	Phường Quang Vinh	75	Tỉnh Đồng Nai	Thành phố Biên Hòa	8
26026	Phường Tân Mai	75	Tỉnh Đồng Nai	Thành phố Biên Hòa	8
26029	Phường Thống Nhất	75	Tỉnh Đồng Nai	Thành phố Biên Hòa	8
26032	Phường Trung Dũng	75	Tỉnh Đồng Nai	Thành phố Biên Hòa	8
26035	Phường Tam Hòa	75	Tỉnh Đồng Nai	Thành phố Biên Hòa	8
26038	Phường Hòa Bình	75	Tỉnh Đồng Nai	Thành phố Biên Hòa	8
26041	Phường Quyết Thắng	75	Tỉnh Đồng Nai	Thành phố Biên Hòa	8
26044	Phường Thanh Bình	75	Tỉnh Đồng Nai	Thành phố Biên Hòa	8
26047	Phường Bình Đa	75	Tỉnh Đồng Nai	Thành phố Biên Hòa	8
26050	Phường An Bình	75	Tỉnh Đồng Nai	Thành phố Biên Hòa	8
26053	Phường Bửu Hòa	75	Tỉnh Đồng Nai	Thành phố Biên Hòa	8
26056	Phường Long Bình Tân	75	Tỉnh Đồng Nai	Thành phố Biên Hòa	8
26059	Phường Tân Vạn	75	Tỉnh Đồng Nai	Thành phố Biên Hòa	8
26062	Phường Tân Hạnh	75	Tỉnh Đồng Nai	Thành phố Biên Hòa	8
26065	Phường Hiệp Hòa	75	Tỉnh Đồng Nai	Thành phố Biên Hòa	8
26068	Phường Hóa An	75	Tỉnh Đồng Nai	Thành phố Biên Hòa	8
26071	Phường Xuân Trung	75	Tỉnh Đồng Nai	Thành phố Long Khánh	8
26074	Phường Xuân Thanh	75	Tỉnh Đồng Nai	Thành phố Long Khánh	8
26077	Phường Xuân Bình	75	Tỉnh Đồng Nai	Thành phố Long Khánh	8
26080	Phường Xuân An	75	Tỉnh Đồng Nai	Thành phố Long Khánh	8
26083	Phường Xuân Hoà	75	Tỉnh Đồng Nai	Thành phố Long Khánh	8
26086	Phường Phú Bình	75	Tỉnh Đồng Nai	Thành phố Long Khánh	8
26089	Xã Bình Lộc	75	Tỉnh Đồng Nai	Thành phố Long Khánh	10
26092	Xã Bảo Quang	75	Tỉnh Đồng Nai	Thành phố Long Khánh	10
26095	Phường Suối Tre	75	Tỉnh Đồng Nai	Thành phố Long Khánh	8
26098	Phường Bảo Vinh	75	Tỉnh Đồng Nai	Thành phố Long Khánh	8
26101	Phường Xuân Lập	75	Tỉnh Đồng Nai	Thành phố Long Khánh	8
26104	Phường Bàu Sen	75	Tỉnh Đồng Nai	Thành phố Long Khánh	8
26107	Xã Bàu Trâm	75	Tỉnh Đồng Nai	Thành phố Long Khánh	10
26110	Phường Xuân Tân	75	Tỉnh Đồng Nai	Thành phố Long Khánh	8
26113	Xã Hàng Gòn	75	Tỉnh Đồng Nai	Thành phố Long Khánh	10
26116	Thị trấn Tân Phú	75	Tỉnh Đồng Nai	Huyện Tân Phú	9
26119	Xã Dak Lua	75	Tỉnh Đồng Nai	Huyện Tân Phú	10
26122	Xã Nam Cát Tiên	75	Tỉnh Đồng Nai	Huyện Tân Phú	10
26125	Xã Phú An	75	Tỉnh Đồng Nai	Huyện Tân Phú	10
26128	Xã Núi Tượng	75	Tỉnh Đồng Nai	Huyện Tân Phú	10
26131	Xã Tà Lài	75	Tỉnh Đồng Nai	Huyện Tân Phú	10
26134	Xã Phú Lập	75	Tỉnh Đồng Nai	Huyện Tân Phú	10
26137	Xã Phú Sơn	75	Tỉnh Đồng Nai	Huyện Tân Phú	10
26140	Xã Phú Thịnh	75	Tỉnh Đồng Nai	Huyện Tân Phú	10
26143	Xã Thanh Sơn	75	Tỉnh Đồng Nai	Huyện Tân Phú	10
26146	Xã Phú Trung	75	Tỉnh Đồng Nai	Huyện Tân Phú	10
26149	Xã Phú Xuân	75	Tỉnh Đồng Nai	Huyện Tân Phú	10
26152	Xã Phú Lộc	75	Tỉnh Đồng Nai	Huyện Tân Phú	10
26155	Xã Phú Lâm	75	Tỉnh Đồng Nai	Huyện Tân Phú	10
26158	Xã Phú Bình	75	Tỉnh Đồng Nai	Huyện Tân Phú	10
26161	Xã Phú Thanh	75	Tỉnh Đồng Nai	Huyện Tân Phú	10
26164	Xã Trà Cổ	75	Tỉnh Đồng Nai	Huyện Tân Phú	10
26167	Xã Phú Điền	75	Tỉnh Đồng Nai	Huyện Tân Phú	10
26170	Thị trấn Vĩnh An	75	Tỉnh Đồng Nai	Huyện Vĩnh Cửu	9
26173	Xã Phú Lý	75	Tỉnh Đồng Nai	Huyện Vĩnh Cửu	10
26176	Xã Trị An	75	Tỉnh Đồng Nai	Huyện Vĩnh Cửu	10
26179	Xã Tân An	75	Tỉnh Đồng Nai	Huyện Vĩnh Cửu	10
26182	Xã Vĩnh Tân	75	Tỉnh Đồng Nai	Huyện Vĩnh Cửu	10
26185	Xã Bình Lợi	75	Tỉnh Đồng Nai	Huyện Vĩnh Cửu	10
26188	Xã Thạnh Phú	75	Tỉnh Đồng Nai	Huyện Vĩnh Cửu	10
26191	Xã Thiện Tân	75	Tỉnh Đồng Nai	Huyện Vĩnh Cửu	10
26194	Xã Tân Bình	75	Tỉnh Đồng Nai	Huyện Vĩnh Cửu	10
26197	Xã Bình Hòa	75	Tỉnh Đồng Nai	Huyện Vĩnh Cửu	10
26200	Xã Mã Đà	75	Tỉnh Đồng Nai	Huyện Vĩnh Cửu	10
26203	Xã Hiếu Liêm	75	Tỉnh Đồng Nai	Huyện Vĩnh Cửu	10
26206	Thị trấn Định Quán	75	Tỉnh Đồng Nai	Huyện Định Quán	9
26209	Xã Thanh Sơn	75	Tỉnh Đồng Nai	Huyện Định Quán	10
26212	Xã Phú Tân	75	Tỉnh Đồng Nai	Huyện Định Quán	10
26215	Xã Phú Vinh	75	Tỉnh Đồng Nai	Huyện Định Quán	10
26218	Xã Phú Lợi	75	Tỉnh Đồng Nai	Huyện Định Quán	10
26221	Xã Phú Hòa	75	Tỉnh Đồng Nai	Huyện Định Quán	10
26224	Xã Ngọc Định	75	Tỉnh Đồng Nai	Huyện Định Quán	10
26227	Xã La Ngà	75	Tỉnh Đồng Nai	Huyện Định Quán	10
26230	Xã Gia Canh	75	Tỉnh Đồng Nai	Huyện Định Quán	10
26233	Xã Phú Ngọc	75	Tỉnh Đồng Nai	Huyện Định Quán	10
26236	Xã Phú Cường	75	Tỉnh Đồng Nai	Huyện Định Quán	10
26239	Xã Túc Trưng	75	Tỉnh Đồng Nai	Huyện Định Quán	10
26242	Xã Phú Túc	75	Tỉnh Đồng Nai	Huyện Định Quán	10
26245	Xã Suối Nho	75	Tỉnh Đồng Nai	Huyện Định Quán	10
26248	Thị trấn Trảng Bom	75	Tỉnh Đồng Nai	Huyện Trảng Bom	9
26251	Xã Thanh Bình	75	Tỉnh Đồng Nai	Huyện Trảng Bom	10
26254	Xã Cây Gáo	75	Tỉnh Đồng Nai	Huyện Trảng Bom	10
26257	Xã Bàu Hàm	75	Tỉnh Đồng Nai	Huyện Trảng Bom	10
26260	Xã Sông Thao	75	Tỉnh Đồng Nai	Huyện Trảng Bom	10
26263	Xã Sông Trầu	75	Tỉnh Đồng Nai	Huyện Trảng Bom	10
26266	Xã Đông Hoà	75	Tỉnh Đồng Nai	Huyện Trảng Bom	10
26269	Xã Bắc Sơn	75	Tỉnh Đồng Nai	Huyện Trảng Bom	10
26272	Xã Hố Nai 3	75	Tỉnh Đồng Nai	Huyện Trảng Bom	10
26275	Xã Tây Hoà	75	Tỉnh Đồng Nai	Huyện Trảng Bom	10
26278	Xã Bình Minh	75	Tỉnh Đồng Nai	Huyện Trảng Bom	10
26281	Xã Trung Hoà	75	Tỉnh Đồng Nai	Huyện Trảng Bom	10
26284	Xã Đồi 61	75	Tỉnh Đồng Nai	Huyện Trảng Bom	10
26287	Xã Hưng Thịnh	75	Tỉnh Đồng Nai	Huyện Trảng Bom	10
26290	Xã Quảng Tiến	75	Tỉnh Đồng Nai	Huyện Trảng Bom	10
26293	Xã Giang Điền	75	Tỉnh Đồng Nai	Huyện Trảng Bom	10
26296	Xã An Viễn	75	Tỉnh Đồng Nai	Huyện Trảng Bom	10
26299	Xã Gia Tân 1	75	Tỉnh Đồng Nai	Huyện Thống Nhất	10
26302	Xã Gia Tân 2	75	Tỉnh Đồng Nai	Huyện Thống Nhất	10
26305	Xã Gia Tân 3	75	Tỉnh Đồng Nai	Huyện Thống Nhất	10
26308	Xã Gia Kiệm	75	Tỉnh Đồng Nai	Huyện Thống Nhất	10
26311	Xã Quang Trung	75	Tỉnh Đồng Nai	Huyện Thống Nhất	10
26314	Xã Bàu Hàm 2	75	Tỉnh Đồng Nai	Huyện Thống Nhất	10
26317	Xã Hưng Lộc	75	Tỉnh Đồng Nai	Huyện Thống Nhất	10
26320	Xã Lộ 25	75	Tỉnh Đồng Nai	Huyện Thống Nhất	10
26323	Xã Xuân Thiện	75	Tỉnh Đồng Nai	Huyện Thống Nhất	10
26326	Thị trấn Dầu Giây	75	Tỉnh Đồng Nai	Huyện Thống Nhất	9
26329	Xã Sông Nhạn	75	Tỉnh Đồng Nai	Huyện Cẩm Mỹ	10
26332	Xã Xuân Quế	75	Tỉnh Đồng Nai	Huyện Cẩm Mỹ	10
26335	Xã Nhân Nghĩa	75	Tỉnh Đồng Nai	Huyện Cẩm Mỹ	10
26338	Xã Xuân Đường	75	Tỉnh Đồng Nai	Huyện Cẩm Mỹ	10
26341	Thị trấn Long Giao	75	Tỉnh Đồng Nai	Huyện Cẩm Mỹ	9
26344	Xã Xuân Mỹ	75	Tỉnh Đồng Nai	Huyện Cẩm Mỹ	10
26347	Xã Thừa Đức	75	Tỉnh Đồng Nai	Huyện Cẩm Mỹ	10
26350	Xã Bảo Bình	75	Tỉnh Đồng Nai	Huyện Cẩm Mỹ	10
26353	Xã Xuân Bảo	75	Tỉnh Đồng Nai	Huyện Cẩm Mỹ	10
26356	Xã Xuân Tây	75	Tỉnh Đồng Nai	Huyện Cẩm Mỹ	10
26359	Xã Xuân Đông	75	Tỉnh Đồng Nai	Huyện Cẩm Mỹ	10
26362	Xã Sông Ray	75	Tỉnh Đồng Nai	Huyện Cẩm Mỹ	10
26365	Xã Lâm San	75	Tỉnh Đồng Nai	Huyện Cẩm Mỹ	10
26368	Thị trấn Long Thành	75	Tỉnh Đồng Nai	Huyện Long Thành	9
26371	Phường An Hòa	75	Tỉnh Đồng Nai	Thành phố Biên Hòa	8
26374	Phường Tam Phước	75	Tỉnh Đồng Nai	Thành phố Biên Hòa	8
26377	Phường Phước Tân	75	Tỉnh Đồng Nai	Thành phố Biên Hòa	8
26380	Xã Long Hưng	75	Tỉnh Đồng Nai	Thành phố Biên Hòa	10
26383	Xã An Phước	75	Tỉnh Đồng Nai	Huyện Long Thành	10
26386	Xã Bình An	75	Tỉnh Đồng Nai	Huyện Long Thành	10
26389	Xã Long Đức	75	Tỉnh Đồng Nai	Huyện Long Thành	10
26392	Xã Lộc An	75	Tỉnh Đồng Nai	Huyện Long Thành	10
26395	Xã Bình Sơn	75	Tỉnh Đồng Nai	Huyện Long Thành	10
26398	Xã Tam An	75	Tỉnh Đồng Nai	Huyện Long Thành	10
26401	Xã Cẩm Đường	75	Tỉnh Đồng Nai	Huyện Long Thành	10
26404	Xã Long An	75	Tỉnh Đồng Nai	Huyện Long Thành	10
26410	Xã Bàu Cạn	75	Tỉnh Đồng Nai	Huyện Long Thành	10
26413	Xã Long Phước	75	Tỉnh Đồng Nai	Huyện Long Thành	10
26416	Xã Phước Bình	75	Tỉnh Đồng Nai	Huyện Long Thành	10
26419	Xã Tân Hiệp	75	Tỉnh Đồng Nai	Huyện Long Thành	10
26422	Xã Phước Thái	75	Tỉnh Đồng Nai	Huyện Long Thành	10
26425	Thị trấn Gia Ray	75	Tỉnh Đồng Nai	Huyện Xuân Lộc	9
26428	Xã Xuân Bắc	75	Tỉnh Đồng Nai	Huyện Xuân Lộc	10
26431	Xã Suối Cao	75	Tỉnh Đồng Nai	Huyện Xuân Lộc	10
26434	Xã Xuân Thành	75	Tỉnh Đồng Nai	Huyện Xuân Lộc	10
26437	Xã Xuân Thọ	75	Tỉnh Đồng Nai	Huyện Xuân Lộc	10
26440	Xã Xuân Trường	75	Tỉnh Đồng Nai	Huyện Xuân Lộc	10
26443	Xã Xuân Hòa	75	Tỉnh Đồng Nai	Huyện Xuân Lộc	10
26446	Xã Xuân Hưng	75	Tỉnh Đồng Nai	Huyện Xuân Lộc	10
26449	Xã Xuân Tâm	75	Tỉnh Đồng Nai	Huyện Xuân Lộc	10
26452	Xã Suối Cát	75	Tỉnh Đồng Nai	Huyện Xuân Lộc	10
26455	Xã Xuân Hiệp	75	Tỉnh Đồng Nai	Huyện Xuân Lộc	10
26458	Xã Xuân Phú	75	Tỉnh Đồng Nai	Huyện Xuân Lộc	10
26461	Xã Xuân Định	75	Tỉnh Đồng Nai	Huyện Xuân Lộc	10
26464	Xã Bảo Hoà	75	Tỉnh Đồng Nai	Huyện Xuân Lộc	10
26467	Xã Lang Minh	75	Tỉnh Đồng Nai	Huyện Xuân Lộc	10
26470	Xã Phước Thiền	75	Tỉnh Đồng Nai	Huyện Nhơn Trạch	10
26473	Xã Long Tân	75	Tỉnh Đồng Nai	Huyện Nhơn Trạch	10
26476	Xã Đại Phước	75	Tỉnh Đồng Nai	Huyện Nhơn Trạch	10
26479	Thị trấn Hiệp Phước	75	Tỉnh Đồng Nai	Huyện Nhơn Trạch	9
26482	Xã Phú Hữu	75	Tỉnh Đồng Nai	Huyện Nhơn Trạch	10
26485	Xã Phú Hội	75	Tỉnh Đồng Nai	Huyện Nhơn Trạch	10
26488	Xã Phú Thạnh	75	Tỉnh Đồng Nai	Huyện Nhơn Trạch	10
26491	Xã Phú Đông	75	Tỉnh Đồng Nai	Huyện Nhơn Trạch	10
26494	Xã Long Thọ	75	Tỉnh Đồng Nai	Huyện Nhơn Trạch	10
26497	Xã Vĩnh Thanh	75	Tỉnh Đồng Nai	Huyện Nhơn Trạch	10
26500	Xã Phước Khánh	75	Tỉnh Đồng Nai	Huyện Nhơn Trạch	10
26503	Xã Phước An	75	Tỉnh Đồng Nai	Huyện Nhơn Trạch	10
26506	Phường 1	77	Tỉnh Bà Rịa - Vũng Tàu	Thành phố Vũng Tàu	8
26508	Phường Thắng Tam	77	Tỉnh Bà Rịa - Vũng Tàu	Thành phố Vũng Tàu	8
26509	Phường 2	77	Tỉnh Bà Rịa - Vũng Tàu	Thành phố Vũng Tàu	8
26512	Phường 3	77	Tỉnh Bà Rịa - Vũng Tàu	Thành phố Vũng Tàu	8
26515	Phường 4	77	Tỉnh Bà Rịa - Vũng Tàu	Thành phố Vũng Tàu	8
26518	Phường 5	77	Tỉnh Bà Rịa - Vũng Tàu	Thành phố Vũng Tàu	8
26521	Phường Thắng Nhì	77	Tỉnh Bà Rịa - Vũng Tàu	Thành phố Vũng Tàu	8
26524	Phường 7	77	Tỉnh Bà Rịa - Vũng Tàu	Thành phố Vũng Tàu	8
26526	Phường Nguyễn An Ninh	77	Tỉnh Bà Rịa - Vũng Tàu	Thành phố Vũng Tàu	8
26527	Phường 8	77	Tỉnh Bà Rịa - Vũng Tàu	Thành phố Vũng Tàu	8
26530	Phường 9	77	Tỉnh Bà Rịa - Vũng Tàu	Thành phố Vũng Tàu	8
26533	Phường Thắng Nhất	77	Tỉnh Bà Rịa - Vũng Tàu	Thành phố Vũng Tàu	8
26535	Phường Rạch Dừa	77	Tỉnh Bà Rịa - Vũng Tàu	Thành phố Vũng Tàu	8
26536	Phường 10	77	Tỉnh Bà Rịa - Vũng Tàu	Thành phố Vũng Tàu	8
26539	Phường 11	77	Tỉnh Bà Rịa - Vũng Tàu	Thành phố Vũng Tàu	8
26542	Phường 12	77	Tỉnh Bà Rịa - Vũng Tàu	Thành phố Vũng Tàu	8
26545	Xã Long Sơn	77	Tỉnh Bà Rịa - Vũng Tàu	Thành phố Vũng Tàu	10
26548	Phường Phước Hưng	77	Tỉnh Bà Rịa - Vũng Tàu	Thành phố Bà Rịa	8
26551	Phường Phước Hiệp	77	Tỉnh Bà Rịa - Vũng Tàu	Thành phố Bà Rịa	8
26554	Phường Phước Nguyên	77	Tỉnh Bà Rịa - Vũng Tàu	Thành phố Bà Rịa	8
26557	Phường Long Toàn	77	Tỉnh Bà Rịa - Vũng Tàu	Thành phố Bà Rịa	8
26558	Phường Long Tâm	77	Tỉnh Bà Rịa - Vũng Tàu	Thành phố Bà Rịa	8
26560	Phường Phước Trung	77	Tỉnh Bà Rịa - Vũng Tàu	Thành phố Bà Rịa	8
26563	Phường Long Hương	77	Tỉnh Bà Rịa - Vũng Tàu	Thành phố Bà Rịa	8
26566	Phường Kim Dinh	77	Tỉnh Bà Rịa - Vũng Tàu	Thành phố Bà Rịa	8
26567	Xã Tân Hưng	77	Tỉnh Bà Rịa - Vũng Tàu	Thành phố Bà Rịa	10
26569	Xã Long Phước	77	Tỉnh Bà Rịa - Vũng Tàu	Thành phố Bà Rịa	10
26572	Xã Hoà Long	77	Tỉnh Bà Rịa - Vũng Tàu	Thành phố Bà Rịa	10
26574	Xã Bàu Chinh	77	Tỉnh Bà Rịa - Vũng Tàu	Huyện Châu Đức	10
26575	Thị trấn Ngãi Giao	77	Tỉnh Bà Rịa - Vũng Tàu	Huyện Châu Đức	9
26578	Xã Bình Ba	77	Tỉnh Bà Rịa - Vũng Tàu	Huyện Châu Đức	10
26581	Xã Suối Nghệ	77	Tỉnh Bà Rịa - Vũng Tàu	Huyện Châu Đức	10
26584	Xã Xuân Sơn	77	Tỉnh Bà Rịa - Vũng Tàu	Huyện Châu Đức	10
26587	Xã Sơn Bình	77	Tỉnh Bà Rịa - Vũng Tàu	Huyện Châu Đức	10
26590	Xã Bình Giã	77	Tỉnh Bà Rịa - Vũng Tàu	Huyện Châu Đức	10
26593	Xã Bình Trung	77	Tỉnh Bà Rịa - Vũng Tàu	Huyện Châu Đức	10
26596	Xã Xà Bang	77	Tỉnh Bà Rịa - Vũng Tàu	Huyện Châu Đức	10
26599	Xã Cù Bị	77	Tỉnh Bà Rịa - Vũng Tàu	Huyện Châu Đức	10
26602	Xã Láng Lớn	77	Tỉnh Bà Rịa - Vũng Tàu	Huyện Châu Đức	10
26605	Xã Quảng Thành	77	Tỉnh Bà Rịa - Vũng Tàu	Huyện Châu Đức	10
26608	Xã Kim Long	77	Tỉnh Bà Rịa - Vũng Tàu	Huyện Châu Đức	10
26611	Xã Suối Rao	77	Tỉnh Bà Rịa - Vũng Tàu	Huyện Châu Đức	10
26614	Xã Đá Bạc	77	Tỉnh Bà Rịa - Vũng Tàu	Huyện Châu Đức	10
26617	Xã Nghĩa Thành	77	Tỉnh Bà Rịa - Vũng Tàu	Huyện Châu Đức	10
26620	Thị trấn Phước Bửu	77	Tỉnh Bà Rịa - Vũng Tàu	Huyện Xuyên Mộc	9
26623	Xã Phước Thuận	77	Tỉnh Bà Rịa - Vũng Tàu	Huyện Xuyên Mộc	10
26626	Xã Phước Tân	77	Tỉnh Bà Rịa - Vũng Tàu	Huyện Xuyên Mộc	10
26629	Xã Xuyên Mộc	77	Tỉnh Bà Rịa - Vũng Tàu	Huyện Xuyên Mộc	10
26632	Xã Bông Trang	77	Tỉnh Bà Rịa - Vũng Tàu	Huyện Xuyên Mộc	10
26635	Xã Tân Lâm	77	Tỉnh Bà Rịa - Vũng Tàu	Huyện Xuyên Mộc	10
26638	Xã Bàu Lâm	77	Tỉnh Bà Rịa - Vũng Tàu	Huyện Xuyên Mộc	10
26641	Xã Hòa Bình	77	Tỉnh Bà Rịa - Vũng Tàu	Huyện Xuyên Mộc	10
26644	Xã Hòa Hưng	77	Tỉnh Bà Rịa - Vũng Tàu	Huyện Xuyên Mộc	10
26647	Xã Hòa Hiệp	77	Tỉnh Bà Rịa - Vũng Tàu	Huyện Xuyên Mộc	10
26650	Xã Hòa Hội	77	Tỉnh Bà Rịa - Vũng Tàu	Huyện Xuyên Mộc	10
26653	Xã Bưng Riềng	77	Tỉnh Bà Rịa - Vũng Tàu	Huyện Xuyên Mộc	10
26656	Xã Bình Châu	77	Tỉnh Bà Rịa - Vũng Tàu	Huyện Xuyên Mộc	10
26659	Thị trấn Long Điền	77	Tỉnh Bà Rịa - Vũng Tàu	Huyện Long Điền	9
26662	Thị trấn Long Hải	77	Tỉnh Bà Rịa - Vũng Tàu	Huyện Long Điền	9
26665	Xã An Ngãi	77	Tỉnh Bà Rịa - Vũng Tàu	Huyện Long Điền	10
26668	Xã Tam Phước	77	Tỉnh Bà Rịa - Vũng Tàu	Huyện Long Điền	10
26671	Xã An Nhứt	77	Tỉnh Bà Rịa - Vũng Tàu	Huyện Long Điền	10
26674	Xã Phước Tỉnh	77	Tỉnh Bà Rịa - Vũng Tàu	Huyện Long Điền	10
26677	Xã Phước Hưng	77	Tỉnh Bà Rịa - Vũng Tàu	Huyện Long Điền	10
26680	Thị trấn Đất Đỏ	77	Tỉnh Bà Rịa - Vũng Tàu	Huyện Đất Đỏ	9
26683	Xã Phước Long Thọ	77	Tỉnh Bà Rịa - Vũng Tàu	Huyện Đất Đỏ	10
26686	Xã Phước Hội	77	Tỉnh Bà Rịa - Vũng Tàu	Huyện Đất Đỏ	10
26689	Xã Long Mỹ	77	Tỉnh Bà Rịa - Vũng Tàu	Huyện Đất Đỏ	10
26692	Thị trấn Phước Hải	77	Tỉnh Bà Rịa - Vũng Tàu	Huyện Đất Đỏ	9
26695	Xã Long Tân	77	Tỉnh Bà Rịa - Vũng Tàu	Huyện Đất Đỏ	10
26698	Xã Láng Dài	77	Tỉnh Bà Rịa - Vũng Tàu	Huyện Đất Đỏ	10
26701	Xã Lộc An	77	Tỉnh Bà Rịa - Vũng Tàu	Huyện Đất Đỏ	10
26704	Phường Phú Mỹ	77	Tỉnh Bà Rịa - Vũng Tàu	Thị xã Phú Mỹ	8
26707	Xã Tân Hoà	77	Tỉnh Bà Rịa - Vũng Tàu	Thị xã Phú Mỹ	10
26710	Xã Tân Hải	77	Tỉnh Bà Rịa - Vũng Tàu	Thị xã Phú Mỹ	10
26713	Phường Phước Hoà	77	Tỉnh Bà Rịa - Vũng Tàu	Thị xã Phú Mỹ	8
26716	Phường Tân Phước	77	Tỉnh Bà Rịa - Vũng Tàu	Thị xã Phú Mỹ	8
26719	Phường Mỹ Xuân	77	Tỉnh Bà Rịa - Vũng Tàu	Thị xã Phú Mỹ	8
26722	Xã Sông Xoài	77	Tỉnh Bà Rịa - Vũng Tàu	Thị xã Phú Mỹ	10
26725	Phường Hắc Dịch	77	Tỉnh Bà Rịa - Vũng Tàu	Thị xã Phú Mỹ	8
26728	Xã Châu Pha	77	Tỉnh Bà Rịa - Vũng Tàu	Thị xã Phú Mỹ	10
26731	Xã Tóc Tiên	77	Tỉnh Bà Rịa - Vũng Tàu	Thị xã Phú Mỹ	10
26734	Phường Tân Định	79	Thành phố Hồ Chí Minh	Quận 1	8
26737	Phường Đa Kao	79	Thành phố Hồ Chí Minh	Quận 1	8
26740	Phường Bến Nghé	79	Thành phố Hồ Chí Minh	Quận 1	8
26743	Phường Bến Thành	79	Thành phố Hồ Chí Minh	Quận 1	8
26746	Phường Nguyễn Thái Bình	79	Thành phố Hồ Chí Minh	Quận 1	8
26749	Phường Phạm Ngũ Lão	79	Thành phố Hồ Chí Minh	Quận 1	8
26752	Phường Cầu Ông Lãnh	79	Thành phố Hồ Chí Minh	Quận 1	8
26755	Phường Cô Giang	79	Thành phố Hồ Chí Minh	Quận 1	8
26758	Phường Nguyễn Cư Trinh	79	Thành phố Hồ Chí Minh	Quận 1	8
26761	Phường Cầu Kho	79	Thành phố Hồ Chí Minh	Quận 1	8
26764	Phường Thạnh Xuân	79	Thành phố Hồ Chí Minh	Quận 12	8
26767	Phường Thạnh Lộc	79	Thành phố Hồ Chí Minh	Quận 12	8
26770	Phường Hiệp Thành	79	Thành phố Hồ Chí Minh	Quận 12	8
26773	Phường Thới An	79	Thành phố Hồ Chí Minh	Quận 12	8
26776	Phường Tân Chánh Hiệp	79	Thành phố Hồ Chí Minh	Quận 12	8
26779	Phường An Phú Đông	79	Thành phố Hồ Chí Minh	Quận 12	8
26782	Phường Tân Thới Hiệp	79	Thành phố Hồ Chí Minh	Quận 12	8
26785	Phường Trung Mỹ Tây	79	Thành phố Hồ Chí Minh	Quận 12	8
26787	Phường Tân Hưng Thuận	79	Thành phố Hồ Chí Minh	Quận 12	8
26788	Phường Đông Hưng Thuận	79	Thành phố Hồ Chí Minh	Quận 12	8
26791	Phường Tân Thới Nhất	79	Thành phố Hồ Chí Minh	Quận 12	8
26794	Phường Linh Xuân	79	Thành phố Hồ Chí Minh	Thành phố Thủ Đức	8
26797	Phường Bình Chiểu	79	Thành phố Hồ Chí Minh	Thành phố Thủ Đức	8
26800	Phường Linh Trung	79	Thành phố Hồ Chí Minh	Thành phố Thủ Đức	8
26803	Phường Tam Bình	79	Thành phố Hồ Chí Minh	Thành phố Thủ Đức	8
26806	Phường Tam Phú	79	Thành phố Hồ Chí Minh	Thành phố Thủ Đức	8
26809	Phường Hiệp Bình Phước	79	Thành phố Hồ Chí Minh	Thành phố Thủ Đức	8
26812	Phường Hiệp Bình Chánh	79	Thành phố Hồ Chí Minh	Thành phố Thủ Đức	8
26815	Phường Linh Chiểu	79	Thành phố Hồ Chí Minh	Thành phố Thủ Đức	8
26818	Phường Linh Tây	79	Thành phố Hồ Chí Minh	Thành phố Thủ Đức	8
26821	Phường Linh Đông	79	Thành phố Hồ Chí Minh	Thành phố Thủ Đức	8
26824	Phường Bình Thọ	79	Thành phố Hồ Chí Minh	Thành phố Thủ Đức	8
26827	Phường Trường Thọ	79	Thành phố Hồ Chí Minh	Thành phố Thủ Đức	8
26830	Phường Long Bình	79	Thành phố Hồ Chí Minh	Thành phố Thủ Đức	8
26833	Phường Long Thạnh Mỹ	79	Thành phố Hồ Chí Minh	Thành phố Thủ Đức	8
26836	Phường Tân Phú	79	Thành phố Hồ Chí Minh	Thành phố Thủ Đức	8
26839	Phường Hiệp Phú	79	Thành phố Hồ Chí Minh	Thành phố Thủ Đức	8
26842	Phường Tăng Nhơn Phú A	79	Thành phố Hồ Chí Minh	Thành phố Thủ Đức	8
26845	Phường Tăng Nhơn Phú B	79	Thành phố Hồ Chí Minh	Thành phố Thủ Đức	8
26848	Phường Phước Long B	79	Thành phố Hồ Chí Minh	Thành phố Thủ Đức	8
26851	Phường Phước Long A	79	Thành phố Hồ Chí Minh	Thành phố Thủ Đức	8
26854	Phường Trường Thạnh	79	Thành phố Hồ Chí Minh	Thành phố Thủ Đức	8
26857	Phường Long Phước	79	Thành phố Hồ Chí Minh	Thành phố Thủ Đức	8
26860	Phường Long Trường	79	Thành phố Hồ Chí Minh	Thành phố Thủ Đức	8
26863	Phường Phước Bình	79	Thành phố Hồ Chí Minh	Thành phố Thủ Đức	8
26866	Phường Phú Hữu	79	Thành phố Hồ Chí Minh	Thành phố Thủ Đức	8
26869	Phường 15	79	Thành phố Hồ Chí Minh	Quận Gò Vấp	8
26872	Phường 13	79	Thành phố Hồ Chí Minh	Quận Gò Vấp	8
26875	Phường 17	79	Thành phố Hồ Chí Minh	Quận Gò Vấp	8
26876	Phường 6	79	Thành phố Hồ Chí Minh	Quận Gò Vấp	8
26878	Phường 16	79	Thành phố Hồ Chí Minh	Quận Gò Vấp	8
26881	Phường 12	79	Thành phố Hồ Chí Minh	Quận Gò Vấp	8
26882	Phường 14	79	Thành phố Hồ Chí Minh	Quận Gò Vấp	8
26884	Phường 10	79	Thành phố Hồ Chí Minh	Quận Gò Vấp	8
26887	Phường 05	79	Thành phố Hồ Chí Minh	Quận Gò Vấp	8
26890	Phường 07	79	Thành phố Hồ Chí Minh	Quận Gò Vấp	8
26893	Phường 04	79	Thành phố Hồ Chí Minh	Quận Gò Vấp	8
26896	Phường 01	79	Thành phố Hồ Chí Minh	Quận Gò Vấp	8
26897	Phường 9	79	Thành phố Hồ Chí Minh	Quận Gò Vấp	8
26898	Phường 8	79	Thành phố Hồ Chí Minh	Quận Gò Vấp	8
26899	Phường 11	79	Thành phố Hồ Chí Minh	Quận Gò Vấp	8
26902	Phường 03	79	Thành phố Hồ Chí Minh	Quận Gò Vấp	8
26905	Phường 13	79	Thành phố Hồ Chí Minh	Quận Bình Thạnh	8
26908	Phường 11	79	Thành phố Hồ Chí Minh	Quận Bình Thạnh	8
26911	Phường 27	79	Thành phố Hồ Chí Minh	Quận Bình Thạnh	8
26914	Phường 26	79	Thành phố Hồ Chí Minh	Quận Bình Thạnh	8
26917	Phường 12	79	Thành phố Hồ Chí Minh	Quận Bình Thạnh	8
26920	Phường 25	79	Thành phố Hồ Chí Minh	Quận Bình Thạnh	8
26923	Phường 05	79	Thành phố Hồ Chí Minh	Quận Bình Thạnh	8
26926	Phường 07	79	Thành phố Hồ Chí Minh	Quận Bình Thạnh	8
26929	Phường 24	79	Thành phố Hồ Chí Minh	Quận Bình Thạnh	8
26932	Phường 06	79	Thành phố Hồ Chí Minh	Quận Bình Thạnh	8
26935	Phường 14	79	Thành phố Hồ Chí Minh	Quận Bình Thạnh	8
26938	Phường 15	79	Thành phố Hồ Chí Minh	Quận Bình Thạnh	8
26941	Phường 02	79	Thành phố Hồ Chí Minh	Quận Bình Thạnh	8
26944	Phường 01	79	Thành phố Hồ Chí Minh	Quận Bình Thạnh	8
26947	Phường 03	79	Thành phố Hồ Chí Minh	Quận Bình Thạnh	8
26950	Phường 17	79	Thành phố Hồ Chí Minh	Quận Bình Thạnh	8
26953	Phường 21	79	Thành phố Hồ Chí Minh	Quận Bình Thạnh	8
26956	Phường 22	79	Thành phố Hồ Chí Minh	Quận Bình Thạnh	8
26959	Phường 19	79	Thành phố Hồ Chí Minh	Quận Bình Thạnh	8
26962	Phường 28	79	Thành phố Hồ Chí Minh	Quận Bình Thạnh	8
26965	Phường 02	79	Thành phố Hồ Chí Minh	Quận Tân Bình	8
26968	Phường 04	79	Thành phố Hồ Chí Minh	Quận Tân Bình	8
26971	Phường 12	79	Thành phố Hồ Chí Minh	Quận Tân Bình	8
26974	Phường 13	79	Thành phố Hồ Chí Minh	Quận Tân Bình	8
26977	Phường 01	79	Thành phố Hồ Chí Minh	Quận Tân Bình	8
26980	Phường 03	79	Thành phố Hồ Chí Minh	Quận Tân Bình	8
26983	Phường 11	79	Thành phố Hồ Chí Minh	Quận Tân Bình	8
26986	Phường 07	79	Thành phố Hồ Chí Minh	Quận Tân Bình	8
26989	Phường 05	79	Thành phố Hồ Chí Minh	Quận Tân Bình	8
26992	Phường 10	79	Thành phố Hồ Chí Minh	Quận Tân Bình	8
26995	Phường 06	79	Thành phố Hồ Chí Minh	Quận Tân Bình	8
26998	Phường 08	79	Thành phố Hồ Chí Minh	Quận Tân Bình	8
27001	Phường 09	79	Thành phố Hồ Chí Minh	Quận Tân Bình	8
27004	Phường 14	79	Thành phố Hồ Chí Minh	Quận Tân Bình	8
27007	Phường 15	79	Thành phố Hồ Chí Minh	Quận Tân Bình	8
27010	Phường Tân Sơn Nhì	79	Thành phố Hồ Chí Minh	Quận Tân Phú	8
27013	Phường Tây Thạnh	79	Thành phố Hồ Chí Minh	Quận Tân Phú	8
27016	Phường Sơn Kỳ	79	Thành phố Hồ Chí Minh	Quận Tân Phú	8
27019	Phường Tân Quý	79	Thành phố Hồ Chí Minh	Quận Tân Phú	8
27022	Phường Tân Thành	79	Thành phố Hồ Chí Minh	Quận Tân Phú	8
27025	Phường Phú Thọ Hòa	79	Thành phố Hồ Chí Minh	Quận Tân Phú	8
27028	Phường Phú Thạnh	79	Thành phố Hồ Chí Minh	Quận Tân Phú	8
27031	Phường Phú Trung	79	Thành phố Hồ Chí Minh	Quận Tân Phú	8
27034	Phường Hòa Thạnh	79	Thành phố Hồ Chí Minh	Quận Tân Phú	8
27037	Phường Hiệp Tân	79	Thành phố Hồ Chí Minh	Quận Tân Phú	8
27040	Phường Tân Thới Hòa	79	Thành phố Hồ Chí Minh	Quận Tân Phú	8
27043	Phường 04	79	Thành phố Hồ Chí Minh	Quận Phú Nhuận	8
27046	Phường 05	79	Thành phố Hồ Chí Minh	Quận Phú Nhuận	8
27049	Phường 09	79	Thành phố Hồ Chí Minh	Quận Phú Nhuận	8
27052	Phường 07	79	Thành phố Hồ Chí Minh	Quận Phú Nhuận	8
27055	Phường 03	79	Thành phố Hồ Chí Minh	Quận Phú Nhuận	8
27058	Phường 01	79	Thành phố Hồ Chí Minh	Quận Phú Nhuận	8
27061	Phường 02	79	Thành phố Hồ Chí Minh	Quận Phú Nhuận	8
27064	Phường 08	79	Thành phố Hồ Chí Minh	Quận Phú Nhuận	8
27067	Phường 15	79	Thành phố Hồ Chí Minh	Quận Phú Nhuận	8
27070	Phường 10	79	Thành phố Hồ Chí Minh	Quận Phú Nhuận	8
27073	Phường 11	79	Thành phố Hồ Chí Minh	Quận Phú Nhuận	8
27076	Phường 17	79	Thành phố Hồ Chí Minh	Quận Phú Nhuận	8
27085	Phường 13	79	Thành phố Hồ Chí Minh	Quận Phú Nhuận	8
27088	Phường Thảo Điền	79	Thành phố Hồ Chí Minh	Thành phố Thủ Đức	8
27091	Phường An Phú	79	Thành phố Hồ Chí Minh	Thành phố Thủ Đức	8
27094	Phường An Khánh	79	Thành phố Hồ Chí Minh	Thành phố Thủ Đức	8
27097	Phường Bình Trưng Đông	79	Thành phố Hồ Chí Minh	Thành phố Thủ Đức	8
27100	Phường Bình Trưng Tây	79	Thành phố Hồ Chí Minh	Thành phố Thủ Đức	8
27109	Phường Cát Lái	79	Thành phố Hồ Chí Minh	Thành phố Thủ Đức	8
27112	Phường Thạnh Mỹ Lợi	79	Thành phố Hồ Chí Minh	Thành phố Thủ Đức	8
27115	Phường An Lợi Đông	79	Thành phố Hồ Chí Minh	Thành phố Thủ Đức	8
27118	Phường Thủ Thiêm	79	Thành phố Hồ Chí Minh	Thành phố Thủ Đức	8
27127	Phường 14	79	Thành phố Hồ Chí Minh	Quận 3	8
27130	Phường 12	79	Thành phố Hồ Chí Minh	Quận 3	8
27133	Phường 11	79	Thành phố Hồ Chí Minh	Quận 3	8
27136	Phường 13	79	Thành phố Hồ Chí Minh	Quận 3	8
27139	Phường Võ Thị Sáu	79	Thành phố Hồ Chí Minh	Quận 3	8
27142	Phường 09	79	Thành phố Hồ Chí Minh	Quận 3	8
27145	Phường 10	79	Thành phố Hồ Chí Minh	Quận 3	8
27148	Phường 04	79	Thành phố Hồ Chí Minh	Quận 3	8
27151	Phường 05	79	Thành phố Hồ Chí Minh	Quận 3	8
27154	Phường 03	79	Thành phố Hồ Chí Minh	Quận 3	8
27157	Phường 02	79	Thành phố Hồ Chí Minh	Quận 3	8
27160	Phường 01	79	Thành phố Hồ Chí Minh	Quận 3	8
27163	Phường 15	79	Thành phố Hồ Chí Minh	Quận 10	8
27166	Phường 13	79	Thành phố Hồ Chí Minh	Quận 10	8
27169	Phường 14	79	Thành phố Hồ Chí Minh	Quận 10	8
27172	Phường 12	79	Thành phố Hồ Chí Minh	Quận 10	8
27175	Phường 11	79	Thành phố Hồ Chí Minh	Quận 10	8
27178	Phường 10	79	Thành phố Hồ Chí Minh	Quận 10	8
27181	Phường 09	79	Thành phố Hồ Chí Minh	Quận 10	8
27184	Phường 01	79	Thành phố Hồ Chí Minh	Quận 10	8
27187	Phường 08	79	Thành phố Hồ Chí Minh	Quận 10	8
27190	Phường 02	79	Thành phố Hồ Chí Minh	Quận 10	8
27193	Phường 04	79	Thành phố Hồ Chí Minh	Quận 10	8
27196	Phường 07	79	Thành phố Hồ Chí Minh	Quận 10	8
27199	Phường 05	79	Thành phố Hồ Chí Minh	Quận 10	8
27202	Phường 06	79	Thành phố Hồ Chí Minh	Quận 10	8
27208	Phường 15	79	Thành phố Hồ Chí Minh	Quận 11	8
27211	Phường 05	79	Thành phố Hồ Chí Minh	Quận 11	8
27214	Phường 14	79	Thành phố Hồ Chí Minh	Quận 11	8
27217	Phường 11	79	Thành phố Hồ Chí Minh	Quận 11	8
27220	Phường 03	79	Thành phố Hồ Chí Minh	Quận 11	8
27223	Phường 10	79	Thành phố Hồ Chí Minh	Quận 11	8
27226	Phường 13	79	Thành phố Hồ Chí Minh	Quận 11	8
27229	Phường 08	79	Thành phố Hồ Chí Minh	Quận 11	8
27232	Phường 09	79	Thành phố Hồ Chí Minh	Quận 11	8
27235	Phường 12	79	Thành phố Hồ Chí Minh	Quận 11	8
27238	Phường 07	79	Thành phố Hồ Chí Minh	Quận 11	8
27241	Phường 06	79	Thành phố Hồ Chí Minh	Quận 11	8
27244	Phường 04	79	Thành phố Hồ Chí Minh	Quận 11	8
27247	Phường 01	79	Thành phố Hồ Chí Minh	Quận 11	8
27250	Phường 02	79	Thành phố Hồ Chí Minh	Quận 11	8
27253	Phường 16	79	Thành phố Hồ Chí Minh	Quận 11	8
27259	Phường 13	79	Thành phố Hồ Chí Minh	Quận 4	8
27262	Phường 09	79	Thành phố Hồ Chí Minh	Quận 4	8
27265	Phường 06	79	Thành phố Hồ Chí Minh	Quận 4	8
27268	Phường 08	79	Thành phố Hồ Chí Minh	Quận 4	8
27271	Phường 10	79	Thành phố Hồ Chí Minh	Quận 4	8
27277	Phường 18	79	Thành phố Hồ Chí Minh	Quận 4	8
27280	Phường 14	79	Thành phố Hồ Chí Minh	Quận 4	8
27283	Phường 04	79	Thành phố Hồ Chí Minh	Quận 4	8
27286	Phường 03	79	Thành phố Hồ Chí Minh	Quận 4	8
27289	Phường 16	79	Thành phố Hồ Chí Minh	Quận 4	8
27292	Phường 02	79	Thành phố Hồ Chí Minh	Quận 4	8
27295	Phường 15	79	Thành phố Hồ Chí Minh	Quận 4	8
27298	Phường 01	79	Thành phố Hồ Chí Minh	Quận 4	8
27301	Phường 04	79	Thành phố Hồ Chí Minh	Quận 5	8
27304	Phường 09	79	Thành phố Hồ Chí Minh	Quận 5	8
27307	Phường 03	79	Thành phố Hồ Chí Minh	Quận 5	8
27310	Phường 12	79	Thành phố Hồ Chí Minh	Quận 5	8
27313	Phường 02	79	Thành phố Hồ Chí Minh	Quận 5	8
27316	Phường 08	79	Thành phố Hồ Chí Minh	Quận 5	8
27322	Phường 07	79	Thành phố Hồ Chí Minh	Quận 5	8
27325	Phường 01	79	Thành phố Hồ Chí Minh	Quận 5	8
27328	Phường 11	79	Thành phố Hồ Chí Minh	Quận 5	8
27331	Phường 14	79	Thành phố Hồ Chí Minh	Quận 5	8
27334	Phường 05	79	Thành phố Hồ Chí Minh	Quận 5	8
27337	Phường 06	79	Thành phố Hồ Chí Minh	Quận 5	8
27340	Phường 10	79	Thành phố Hồ Chí Minh	Quận 5	8
27343	Phường 13	79	Thành phố Hồ Chí Minh	Quận 5	8
27346	Phường 14	79	Thành phố Hồ Chí Minh	Quận 6	8
27349	Phường 13	79	Thành phố Hồ Chí Minh	Quận 6	8
27352	Phường 09	79	Thành phố Hồ Chí Minh	Quận 6	8
27355	Phường 06	79	Thành phố Hồ Chí Minh	Quận 6	8
27358	Phường 12	79	Thành phố Hồ Chí Minh	Quận 6	8
27361	Phường 05	79	Thành phố Hồ Chí Minh	Quận 6	8
27364	Phường 11	79	Thành phố Hồ Chí Minh	Quận 6	8
27367	Phường 02	79	Thành phố Hồ Chí Minh	Quận 6	8
27370	Phường 01	79	Thành phố Hồ Chí Minh	Quận 6	8
27373	Phường 04	79	Thành phố Hồ Chí Minh	Quận 6	8
27376	Phường 08	79	Thành phố Hồ Chí Minh	Quận 6	8
27379	Phường 03	79	Thành phố Hồ Chí Minh	Quận 6	8
27382	Phường 07	79	Thành phố Hồ Chí Minh	Quận 6	8
27385	Phường 10	79	Thành phố Hồ Chí Minh	Quận 6	8
27388	Phường 08	79	Thành phố Hồ Chí Minh	Quận 8	8
27391	Phường 02	79	Thành phố Hồ Chí Minh	Quận 8	8
27394	Phường 01	79	Thành phố Hồ Chí Minh	Quận 8	8
27397	Phường 03	79	Thành phố Hồ Chí Minh	Quận 8	8
27400	Phường 11	79	Thành phố Hồ Chí Minh	Quận 8	8
27403	Phường 09	79	Thành phố Hồ Chí Minh	Quận 8	8
27406	Phường 10	79	Thành phố Hồ Chí Minh	Quận 8	8
27409	Phường 04	79	Thành phố Hồ Chí Minh	Quận 8	8
27412	Phường 13	79	Thành phố Hồ Chí Minh	Quận 8	8
27415	Phường 12	79	Thành phố Hồ Chí Minh	Quận 8	8
27418	Phường 05	79	Thành phố Hồ Chí Minh	Quận 8	8
27421	Phường 14	79	Thành phố Hồ Chí Minh	Quận 8	8
27424	Phường 06	79	Thành phố Hồ Chí Minh	Quận 8	8
27427	Phường 15	79	Thành phố Hồ Chí Minh	Quận 8	8
27430	Phường 16	79	Thành phố Hồ Chí Minh	Quận 8	8
27433	Phường 07	79	Thành phố Hồ Chí Minh	Quận 8	8
27436	Phường Bình Hưng Hòa	79	Thành phố Hồ Chí Minh	Quận Bình Tân	8
27439	Phường Bình Hưng Hoà A	79	Thành phố Hồ Chí Minh	Quận Bình Tân	8
27442	Phường Bình Hưng Hoà B	79	Thành phố Hồ Chí Minh	Quận Bình Tân	8
27445	Phường Bình Trị Đông	79	Thành phố Hồ Chí Minh	Quận Bình Tân	8
27448	Phường Bình Trị Đông A	79	Thành phố Hồ Chí Minh	Quận Bình Tân	8
27451	Phường Bình Trị Đông B	79	Thành phố Hồ Chí Minh	Quận Bình Tân	8
27454	Phường Tân Tạo	79	Thành phố Hồ Chí Minh	Quận Bình Tân	8
27457	Phường Tân Tạo A	79	Thành phố Hồ Chí Minh	Quận Bình Tân	8
27460	Phường An Lạc	79	Thành phố Hồ Chí Minh	Quận Bình Tân	8
27463	Phường An Lạc A	79	Thành phố Hồ Chí Minh	Quận Bình Tân	8
27466	Phường Tân Thuận Đông	79	Thành phố Hồ Chí Minh	Quận 7	8
27469	Phường Tân Thuận Tây	79	Thành phố Hồ Chí Minh	Quận 7	8
27472	Phường Tân Kiểng	79	Thành phố Hồ Chí Minh	Quận 7	8
27475	Phường Tân Hưng	79	Thành phố Hồ Chí Minh	Quận 7	8
27478	Phường Bình Thuận	79	Thành phố Hồ Chí Minh	Quận 7	8
27481	Phường Tân Quy	79	Thành phố Hồ Chí Minh	Quận 7	8
27484	Phường Phú Thuận	79	Thành phố Hồ Chí Minh	Quận 7	8
27487	Phường Tân Phú	79	Thành phố Hồ Chí Minh	Quận 7	8
27490	Phường Tân Phong	79	Thành phố Hồ Chí Minh	Quận 7	8
27493	Phường Phú Mỹ	79	Thành phố Hồ Chí Minh	Quận 7	8
27496	Thị trấn Củ Chi	79	Thành phố Hồ Chí Minh	Huyện Củ Chi	9
27499	Xã Phú Mỹ Hưng	79	Thành phố Hồ Chí Minh	Huyện Củ Chi	10
27502	Xã An Phú	79	Thành phố Hồ Chí Minh	Huyện Củ Chi	10
27505	Xã Trung Lập Thượng	79	Thành phố Hồ Chí Minh	Huyện Củ Chi	10
27508	Xã An Nhơn Tây	79	Thành phố Hồ Chí Minh	Huyện Củ Chi	10
27511	Xã Nhuận Đức	79	Thành phố Hồ Chí Minh	Huyện Củ Chi	10
27514	Xã Phạm Văn Cội	79	Thành phố Hồ Chí Minh	Huyện Củ Chi	10
27517	Xã Phú Hòa Đông	79	Thành phố Hồ Chí Minh	Huyện Củ Chi	10
27520	Xã Trung Lập Hạ	79	Thành phố Hồ Chí Minh	Huyện Củ Chi	10
27523	Xã Trung An	79	Thành phố Hồ Chí Minh	Huyện Củ Chi	10
27526	Xã Phước Thạnh	79	Thành phố Hồ Chí Minh	Huyện Củ Chi	10
27529	Xã Phước Hiệp	79	Thành phố Hồ Chí Minh	Huyện Củ Chi	10
27532	Xã Tân An Hội	79	Thành phố Hồ Chí Minh	Huyện Củ Chi	10
27535	Xã Phước Vĩnh An	79	Thành phố Hồ Chí Minh	Huyện Củ Chi	10
27538	Xã Thái Mỹ	79	Thành phố Hồ Chí Minh	Huyện Củ Chi	10
27541	Xã Tân Thạnh Tây	79	Thành phố Hồ Chí Minh	Huyện Củ Chi	10
27544	Xã Hòa Phú	79	Thành phố Hồ Chí Minh	Huyện Củ Chi	10
27547	Xã Tân Thạnh Đông	79	Thành phố Hồ Chí Minh	Huyện Củ Chi	10
27550	Xã Bình Mỹ	79	Thành phố Hồ Chí Minh	Huyện Củ Chi	10
27553	Xã Tân Phú Trung	79	Thành phố Hồ Chí Minh	Huyện Củ Chi	10
27556	Xã Tân Thông Hội	79	Thành phố Hồ Chí Minh	Huyện Củ Chi	10
27559	Thị trấn Hóc Môn	79	Thành phố Hồ Chí Minh	Huyện Hóc Môn	9
27562	Xã Tân Hiệp	79	Thành phố Hồ Chí Minh	Huyện Hóc Môn	10
27565	Xã Nhị Bình	79	Thành phố Hồ Chí Minh	Huyện Hóc Môn	10
27568	Xã Đông Thạnh	79	Thành phố Hồ Chí Minh	Huyện Hóc Môn	10
27571	Xã Tân Thới Nhì	79	Thành phố Hồ Chí Minh	Huyện Hóc Môn	10
27574	Xã Thới Tam Thôn	79	Thành phố Hồ Chí Minh	Huyện Hóc Môn	10
27577	Xã Xuân Thới Sơn	79	Thành phố Hồ Chí Minh	Huyện Hóc Môn	10
27580	Xã Tân Xuân	79	Thành phố Hồ Chí Minh	Huyện Hóc Môn	10
27583	Xã Xuân Thới Đông	79	Thành phố Hồ Chí Minh	Huyện Hóc Môn	10
27586	Xã Trung Chánh	79	Thành phố Hồ Chí Minh	Huyện Hóc Môn	10
27589	Xã Xuân Thới Thượng	79	Thành phố Hồ Chí Minh	Huyện Hóc Môn	10
27592	Xã Bà Điểm	79	Thành phố Hồ Chí Minh	Huyện Hóc Môn	10
27595	Thị trấn Tân Túc	79	Thành phố Hồ Chí Minh	Huyện Bình Chánh	9
27598	Xã Phạm Văn Hai	79	Thành phố Hồ Chí Minh	Huyện Bình Chánh	10
27601	Xã Vĩnh Lộc A	79	Thành phố Hồ Chí Minh	Huyện Bình Chánh	10
27604	Xã Vĩnh Lộc B	79	Thành phố Hồ Chí Minh	Huyện Bình Chánh	10
27607	Xã Bình Lợi	79	Thành phố Hồ Chí Minh	Huyện Bình Chánh	10
27610	Xã Lê Minh Xuân	79	Thành phố Hồ Chí Minh	Huyện Bình Chánh	10
27613	Xã Tân Nhựt	79	Thành phố Hồ Chí Minh	Huyện Bình Chánh	10
27616	Xã Tân Kiên	79	Thành phố Hồ Chí Minh	Huyện Bình Chánh	10
27619	Xã Bình Hưng	79	Thành phố Hồ Chí Minh	Huyện Bình Chánh	10
27622	Xã Phong Phú	79	Thành phố Hồ Chí Minh	Huyện Bình Chánh	10
27625	Xã An Phú Tây	79	Thành phố Hồ Chí Minh	Huyện Bình Chánh	10
27628	Xã Hưng Long	79	Thành phố Hồ Chí Minh	Huyện Bình Chánh	10
27631	Xã Đa Phước	79	Thành phố Hồ Chí Minh	Huyện Bình Chánh	10
27634	Xã Tân Quý Tây	79	Thành phố Hồ Chí Minh	Huyện Bình Chánh	10
27637	Xã Bình Chánh	79	Thành phố Hồ Chí Minh	Huyện Bình Chánh	10
27640	Xã Quy Đức	79	Thành phố Hồ Chí Minh	Huyện Bình Chánh	10
27643	Thị trấn Nhà Bè	79	Thành phố Hồ Chí Minh	Huyện Nhà Bè	9
27646	Xã Phước Kiển	79	Thành phố Hồ Chí Minh	Huyện Nhà Bè	10
27649	Xã Phước Lộc	79	Thành phố Hồ Chí Minh	Huyện Nhà Bè	10
27652	Xã Nhơn Đức	79	Thành phố Hồ Chí Minh	Huyện Nhà Bè	10
27655	Xã Phú Xuân	79	Thành phố Hồ Chí Minh	Huyện Nhà Bè	10
27658	Xã Long Thới	79	Thành phố Hồ Chí Minh	Huyện Nhà Bè	10
27661	Xã Hiệp Phước	79	Thành phố Hồ Chí Minh	Huyện Nhà Bè	10
27664	Thị trấn Cần Thạnh	79	Thành phố Hồ Chí Minh	Huyện Cần Giờ	9
27667	Xã Bình Khánh	79	Thành phố Hồ Chí Minh	Huyện Cần Giờ	10
27670	Xã Tam Thôn Hiệp	79	Thành phố Hồ Chí Minh	Huyện Cần Giờ	10
27673	Xã An Thới Đông	79	Thành phố Hồ Chí Minh	Huyện Cần Giờ	10
27676	Xã Thạnh An	79	Thành phố Hồ Chí Minh	Huyện Cần Giờ	10
27679	Xã Long Hòa	79	Thành phố Hồ Chí Minh	Huyện Cần Giờ	10
27682	Xã Lý Nhơn	79	Thành phố Hồ Chí Minh	Huyện Cần Giờ	10
27685	Phường 5	80	Tỉnh Long An	Thành phố Tân An	8
27688	Phường 2	80	Tỉnh Long An	Thành phố Tân An	8
27691	Phường 4	80	Tỉnh Long An	Thành phố Tân An	8
27692	Phường Tân Khánh	80	Tỉnh Long An	Thành phố Tân An	8
27694	Phường 1	80	Tỉnh Long An	Thành phố Tân An	8
27697	Phường 3	80	Tỉnh Long An	Thành phố Tân An	8
27698	Phường 7	80	Tỉnh Long An	Thành phố Tân An	8
27700	Phường 6	80	Tỉnh Long An	Thành phố Tân An	8
27703	Xã Hướng Thọ Phú	80	Tỉnh Long An	Thành phố Tân An	10
27706	Xã Nhơn Thạnh Trung	80	Tỉnh Long An	Thành phố Tân An	10
27709	Xã Lợi Bình Nhơn	80	Tỉnh Long An	Thành phố Tân An	10
27712	Xã Bình Tâm	80	Tỉnh Long An	Thành phố Tân An	10
27715	Phường Khánh Hậu	80	Tỉnh Long An	Thành phố Tân An	8
27718	Xã An Vĩnh Ngãi	80	Tỉnh Long An	Thành phố Tân An	10
27721	Thị trấn Tân Hưng	80	Tỉnh Long An	Huyện Tân Hưng	9
27724	Xã Hưng Hà	80	Tỉnh Long An	Huyện Tân Hưng	10
27727	Xã Hưng Điền B	80	Tỉnh Long An	Huyện Tân Hưng	10
27730	Xã Hưng Điền	80	Tỉnh Long An	Huyện Tân Hưng	10
27733	Xã Thạnh Hưng	80	Tỉnh Long An	Huyện Tân Hưng	10
27736	Xã Hưng Thạnh	80	Tỉnh Long An	Huyện Tân Hưng	10
27739	Xã Vĩnh Thạnh	80	Tỉnh Long An	Huyện Tân Hưng	10
27742	Xã Vĩnh Châu B	80	Tỉnh Long An	Huyện Tân Hưng	10
27745	Xã Vĩnh Lợi	80	Tỉnh Long An	Huyện Tân Hưng	10
27748	Xã Vĩnh Đại	80	Tỉnh Long An	Huyện Tân Hưng	10
27751	Xã Vĩnh Châu A	80	Tỉnh Long An	Huyện Tân Hưng	10
27754	Xã Vĩnh Bửu	80	Tỉnh Long An	Huyện Tân Hưng	10
27757	Thị trấn Vĩnh Hưng	80	Tỉnh Long An	Huyện Vĩnh Hưng	9
27760	Xã Hưng Điền A	80	Tỉnh Long An	Huyện Vĩnh Hưng	10
27763	Xã Khánh Hưng	80	Tỉnh Long An	Huyện Vĩnh Hưng	10
27766	Xã Thái Trị	80	Tỉnh Long An	Huyện Vĩnh Hưng	10
27769	Xã Vĩnh Trị	80	Tỉnh Long An	Huyện Vĩnh Hưng	10
27772	Xã Thái Bình Trung	80	Tỉnh Long An	Huyện Vĩnh Hưng	10
27775	Xã Vĩnh Bình	80	Tỉnh Long An	Huyện Vĩnh Hưng	10
27778	Xã Vĩnh Thuận	80	Tỉnh Long An	Huyện Vĩnh Hưng	10
27781	Xã Tuyên Bình	80	Tỉnh Long An	Huyện Vĩnh Hưng	10
27784	Xã Tuyên Bình Tây	80	Tỉnh Long An	Huyện Vĩnh Hưng	10
27787	Phường 1	80	Tỉnh Long An	Thị xã Kiến Tường	8
27788	Phường 2	80	Tỉnh Long An	Thị xã Kiến Tường	8
27790	Xã Thạnh Trị	80	Tỉnh Long An	Thị xã Kiến Tường	10
27793	Xã Bình Hiệp	80	Tỉnh Long An	Thị xã Kiến Tường	10
27796	Xã Bình Hòa Tây	80	Tỉnh Long An	Huyện Mộc Hóa	10
27799	Xã Bình Tân	80	Tỉnh Long An	Thị xã Kiến Tường	10
27802	Xã Bình Thạnh	80	Tỉnh Long An	Huyện Mộc Hóa	10
27805	Xã Tuyên Thạnh	80	Tỉnh Long An	Thị xã Kiến Tường	10
27806	Phường 3	80	Tỉnh Long An	Thị xã Kiến Tường	8
27808	Xã Bình Hòa Trung	80	Tỉnh Long An	Huyện Mộc Hóa	10
27811	Xã Bình Hòa Đông	80	Tỉnh Long An	Huyện Mộc Hóa	10
27814	Thị trấn Bình Phong Thạnh	80	Tỉnh Long An	Huyện Mộc Hóa	9
27817	Xã Thạnh Hưng	80	Tỉnh Long An	Thị xã Kiến Tường	10
27820	Xã Tân Lập	80	Tỉnh Long An	Huyện Mộc Hóa	10
27823	Xã Tân Thành	80	Tỉnh Long An	Huyện Mộc Hóa	10
27826	Thị trấn Tân Thạnh	80	Tỉnh Long An	Huyện Tân Thạnh	9
27829	Xã Bắc Hòa	80	Tỉnh Long An	Huyện Tân Thạnh	10
27832	Xã Hậu Thạnh Tây	80	Tỉnh Long An	Huyện Tân Thạnh	10
27835	Xã Nhơn Hòa Lập	80	Tỉnh Long An	Huyện Tân Thạnh	10
27838	Xã Tân Lập	80	Tỉnh Long An	Huyện Tân Thạnh	10
27841	Xã Hậu Thạnh Đông	80	Tỉnh Long An	Huyện Tân Thạnh	10
27844	Xã Nhơn Hoà	80	Tỉnh Long An	Huyện Tân Thạnh	10
27847	Xã Kiến Bình	80	Tỉnh Long An	Huyện Tân Thạnh	10
27850	Xã Tân Thành	80	Tỉnh Long An	Huyện Tân Thạnh	10
27853	Xã Tân Bình	80	Tỉnh Long An	Huyện Tân Thạnh	10
27856	Xã Tân Ninh	80	Tỉnh Long An	Huyện Tân Thạnh	10
27859	Xã Nhơn Ninh	80	Tỉnh Long An	Huyện Tân Thạnh	10
27862	Xã Tân Hòa	80	Tỉnh Long An	Huyện Tân Thạnh	10
27865	Thị trấn Thạnh Hóa	80	Tỉnh Long An	Huyện Thạnh Hóa	9
27868	Xã Tân Hiệp	80	Tỉnh Long An	Huyện Thạnh Hóa	10
27871	Xã Thuận Bình	80	Tỉnh Long An	Huyện Thạnh Hóa	10
27874	Xã Thạnh Phước	80	Tỉnh Long An	Huyện Thạnh Hóa	10
27877	Xã Thạnh Phú	80	Tỉnh Long An	Huyện Thạnh Hóa	10
27880	Xã Thuận Nghĩa Hòa	80	Tỉnh Long An	Huyện Thạnh Hóa	10
27883	Xã Thủy Đông	80	Tỉnh Long An	Huyện Thạnh Hóa	10
27886	Xã Thủy Tây	80	Tỉnh Long An	Huyện Thạnh Hóa	10
27889	Xã Tân Tây	80	Tỉnh Long An	Huyện Thạnh Hóa	10
27892	Xã Tân Đông	80	Tỉnh Long An	Huyện Thạnh Hóa	10
27895	Xã Thạnh An	80	Tỉnh Long An	Huyện Thạnh Hóa	10
27898	Thị trấn Đông Thành	80	Tỉnh Long An	Huyện Đức Huệ	9
27901	Xã Mỹ Quý Đông	80	Tỉnh Long An	Huyện Đức Huệ	10
27904	Xã Mỹ Thạnh Bắc	80	Tỉnh Long An	Huyện Đức Huệ	10
27907	Xã Mỹ Quý Tây	80	Tỉnh Long An	Huyện Đức Huệ	10
27910	Xã Mỹ Thạnh Tây	80	Tỉnh Long An	Huyện Đức Huệ	10
27913	Xã Mỹ Thạnh Đông	80	Tỉnh Long An	Huyện Đức Huệ	10
27916	Xã Bình Thành	80	Tỉnh Long An	Huyện Đức Huệ	10
27919	Xã Bình Hòa Bắc	80	Tỉnh Long An	Huyện Đức Huệ	10
27922	Xã Bình Hòa Hưng	80	Tỉnh Long An	Huyện Đức Huệ	10
27925	Xã Bình Hòa Nam	80	Tỉnh Long An	Huyện Đức Huệ	10
27928	Xã Mỹ Bình	80	Tỉnh Long An	Huyện Đức Huệ	10
27931	Thị trấn Hậu Nghĩa	80	Tỉnh Long An	Huyện Đức Hòa	9
27934	Thị trấn Hiệp Hòa	80	Tỉnh Long An	Huyện Đức Hòa	9
27937	Thị trấn Đức Hòa	80	Tỉnh Long An	Huyện Đức Hòa	9
27940	Xã Lộc Giang	80	Tỉnh Long An	Huyện Đức Hòa	10
27943	Xã An Ninh Đông	80	Tỉnh Long An	Huyện Đức Hòa	10
27946	Xã An Ninh Tây	80	Tỉnh Long An	Huyện Đức Hòa	10
27949	Xã Tân Mỹ	80	Tỉnh Long An	Huyện Đức Hòa	10
27952	Xã Hiệp Hòa	80	Tỉnh Long An	Huyện Đức Hòa	10
27955	Xã Đức Lập Thượng	80	Tỉnh Long An	Huyện Đức Hòa	10
27958	Xã Đức Lập Hạ	80	Tỉnh Long An	Huyện Đức Hòa	10
27961	Xã Tân Phú	80	Tỉnh Long An	Huyện Đức Hòa	10
27964	Xã Mỹ Hạnh Bắc	80	Tỉnh Long An	Huyện Đức Hòa	10
27967	Xã Đức Hòa Thượng	80	Tỉnh Long An	Huyện Đức Hòa	10
27970	Xã Hòa Khánh Tây	80	Tỉnh Long An	Huyện Đức Hòa	10
27973	Xã Hòa Khánh Đông	80	Tỉnh Long An	Huyện Đức Hòa	10
27976	Xã Mỹ Hạnh Nam	80	Tỉnh Long An	Huyện Đức Hòa	10
27979	Xã Hòa Khánh Nam	80	Tỉnh Long An	Huyện Đức Hòa	10
27982	Xã Đức Hòa Đông	80	Tỉnh Long An	Huyện Đức Hòa	10
27985	Xã Đức Hòa Hạ	80	Tỉnh Long An	Huyện Đức Hòa	10
27988	Xã Hựu Thạnh	80	Tỉnh Long An	Huyện Đức Hòa	10
27991	Thị trấn Bến Lức	80	Tỉnh Long An	Huyện Bến Lức	9
27994	Xã Thạnh Lợi	80	Tỉnh Long An	Huyện Bến Lức	10
27997	Xã Lương Bình	80	Tỉnh Long An	Huyện Bến Lức	10
28000	Xã Thạnh Hòa	80	Tỉnh Long An	Huyện Bến Lức	10
28003	Xã Lương Hòa	80	Tỉnh Long An	Huyện Bến Lức	10
28006	Xã Tân Hòa	80	Tỉnh Long An	Huyện Bến Lức	10
28009	Xã Tân Bửu	80	Tỉnh Long An	Huyện Bến Lức	10
28012	Xã An Thạnh	80	Tỉnh Long An	Huyện Bến Lức	10
28015	Xã Bình Đức	80	Tỉnh Long An	Huyện Bến Lức	10
28018	Xã Mỹ Yên	80	Tỉnh Long An	Huyện Bến Lức	10
28021	Xã Thanh Phú	80	Tỉnh Long An	Huyện Bến Lức	10
28024	Xã Long Hiệp	80	Tỉnh Long An	Huyện Bến Lức	10
28027	Xã Thạnh Đức	80	Tỉnh Long An	Huyện Bến Lức	10
28030	Xã Phước Lợi	80	Tỉnh Long An	Huyện Bến Lức	10
28033	Xã Nhựt Chánh	80	Tỉnh Long An	Huyện Bến Lức	10
28036	Thị trấn Thủ Thừa	80	Tỉnh Long An	Huyện Thủ Thừa	9
28039	Xã Long Thạnh	80	Tỉnh Long An	Huyện Thủ Thừa	10
28042	Xã Tân Thành	80	Tỉnh Long An	Huyện Thủ Thừa	10
28045	Xã Long Thuận	80	Tỉnh Long An	Huyện Thủ Thừa	10
28048	Xã Mỹ Lạc	80	Tỉnh Long An	Huyện Thủ Thừa	10
28051	Xã Mỹ Thạnh	80	Tỉnh Long An	Huyện Thủ Thừa	10
28054	Xã Bình An	80	Tỉnh Long An	Huyện Thủ Thừa	10
28057	Xã Nhị Thành	80	Tỉnh Long An	Huyện Thủ Thừa	10
28060	Xã Mỹ An	80	Tỉnh Long An	Huyện Thủ Thừa	10
28063	Xã Bình Thạnh	80	Tỉnh Long An	Huyện Thủ Thừa	10
28066	Xã Mỹ Phú	80	Tỉnh Long An	Huyện Thủ Thừa	10
28072	Xã Tân Long	80	Tỉnh Long An	Huyện Thủ Thừa	10
28075	Thị trấn Tân Trụ	80	Tỉnh Long An	Huyện Tân Trụ	9
28078	Xã Tân Bình	80	Tỉnh Long An	Huyện Tân Trụ	10
28084	Xã Quê Mỹ Thạnh	80	Tỉnh Long An	Huyện Tân Trụ	10
28087	Xã Lạc Tấn	80	Tỉnh Long An	Huyện Tân Trụ	10
28090	Xã Bình Trinh Đông	80	Tỉnh Long An	Huyện Tân Trụ	10
28093	Xã Tân Phước Tây	80	Tỉnh Long An	Huyện Tân Trụ	10
28096	Xã Bình Lãng	80	Tỉnh Long An	Huyện Tân Trụ	10
28099	Xã Bình Tịnh	80	Tỉnh Long An	Huyện Tân Trụ	10
28102	Xã Đức Tân	80	Tỉnh Long An	Huyện Tân Trụ	10
28105	Xã Nhựt Ninh	80	Tỉnh Long An	Huyện Tân Trụ	10
28108	Thị trấn Cần Đước	80	Tỉnh Long An	Huyện Cần Đước	9
28111	Xã Long Trạch	80	Tỉnh Long An	Huyện Cần Đước	10
28114	Xã Long Khê	80	Tỉnh Long An	Huyện Cần Đước	10
28117	Xã Long Định	80	Tỉnh Long An	Huyện Cần Đước	10
28120	Xã Phước Vân	80	Tỉnh Long An	Huyện Cần Đước	10
28123	Xã Long Hòa	80	Tỉnh Long An	Huyện Cần Đước	10
28126	Xã Long Cang	80	Tỉnh Long An	Huyện Cần Đước	10
28129	Xã Long Sơn	80	Tỉnh Long An	Huyện Cần Đước	10
28132	Xã Tân Trạch	80	Tỉnh Long An	Huyện Cần Đước	10
28135	Xã Mỹ Lệ	80	Tỉnh Long An	Huyện Cần Đước	10
28138	Xã Tân Lân	80	Tỉnh Long An	Huyện Cần Đước	10
28141	Xã Phước Tuy	80	Tỉnh Long An	Huyện Cần Đước	10
28144	Xã Long Hựu Đông	80	Tỉnh Long An	Huyện Cần Đước	10
28147	Xã Tân Ân	80	Tỉnh Long An	Huyện Cần Đước	10
28150	Xã Phước Đông	80	Tỉnh Long An	Huyện Cần Đước	10
28153	Xã Long Hựu Tây	80	Tỉnh Long An	Huyện Cần Đước	10
28156	Xã Tân Chánh	80	Tỉnh Long An	Huyện Cần Đước	10
28159	Thị trấn Cần Giuộc	80	Tỉnh Long An	Huyện Cần Giuộc	9
28162	Xã Phước Lý	80	Tỉnh Long An	Huyện Cần Giuộc	10
28165	Xã Long Thượng	80	Tỉnh Long An	Huyện Cần Giuộc	10
28168	Xã Long Hậu	80	Tỉnh Long An	Huyện Cần Giuộc	10
28174	Xã Phước Hậu	80	Tỉnh Long An	Huyện Cần Giuộc	10
28177	Xã Mỹ Lộc	80	Tỉnh Long An	Huyện Cần Giuộc	10
28180	Xã Phước Lại	80	Tỉnh Long An	Huyện Cần Giuộc	10
28183	Xã Phước Lâm	80	Tỉnh Long An	Huyện Cần Giuộc	10
28189	Xã Thuận Thành	80	Tỉnh Long An	Huyện Cần Giuộc	10
28192	Xã Phước Vĩnh Tây	80	Tỉnh Long An	Huyện Cần Giuộc	10
28195	Xã Phước Vĩnh Đông	80	Tỉnh Long An	Huyện Cần Giuộc	10
28198	Xã Long An	80	Tỉnh Long An	Huyện Cần Giuộc	10
28201	Xã Long Phụng	80	Tỉnh Long An	Huyện Cần Giuộc	10
28204	Xã Đông Thạnh	80	Tỉnh Long An	Huyện Cần Giuộc	10
28207	Xã Tân Tập	80	Tỉnh Long An	Huyện Cần Giuộc	10
28210	Thị trấn Tầm Vu	80	Tỉnh Long An	Huyện Châu Thành	9
28213	Xã Bình Quới	80	Tỉnh Long An	Huyện Châu Thành	10
28216	Xã Hòa Phú	80	Tỉnh Long An	Huyện Châu Thành	10
28219	Xã Phú Ngãi Trị	80	Tỉnh Long An	Huyện Châu Thành	10
28222	Xã Vĩnh Công	80	Tỉnh Long An	Huyện Châu Thành	10
28225	Xã Thuận Mỹ	80	Tỉnh Long An	Huyện Châu Thành	10
28228	Xã Hiệp Thạnh	80	Tỉnh Long An	Huyện Châu Thành	10
28231	Xã Phước Tân Hưng	80	Tỉnh Long An	Huyện Châu Thành	10
28234	Xã Thanh Phú Long	80	Tỉnh Long An	Huyện Châu Thành	10
28237	Xã Dương Xuân Hội	80	Tỉnh Long An	Huyện Châu Thành	10
28240	Xã An Lục Long	80	Tỉnh Long An	Huyện Châu Thành	10
28243	Xã Long Trì	80	Tỉnh Long An	Huyện Châu Thành	10
28246	Xã Thanh Vĩnh Đông	80	Tỉnh Long An	Huyện Châu Thành	10
28249	Phường 5	82	Tỉnh Tiền Giang	Thành phố Mỹ Tho	8
28252	Phường 4	82	Tỉnh Tiền Giang	Thành phố Mỹ Tho	8
28255	Phường 7	82	Tỉnh Tiền Giang	Thành phố Mỹ Tho	8
28258	Phường 3	82	Tỉnh Tiền Giang	Thành phố Mỹ Tho	8
28261	Phường 1	82	Tỉnh Tiền Giang	Thành phố Mỹ Tho	8
28264	Phường 2	82	Tỉnh Tiền Giang	Thành phố Mỹ Tho	8
28267	Phường 8	82	Tỉnh Tiền Giang	Thành phố Mỹ Tho	8
28270	Phường 6	82	Tỉnh Tiền Giang	Thành phố Mỹ Tho	8
28273	Phường 9	82	Tỉnh Tiền Giang	Thành phố Mỹ Tho	8
28276	Phường 10	82	Tỉnh Tiền Giang	Thành phố Mỹ Tho	8
28279	Phường Tân Long	82	Tỉnh Tiền Giang	Thành phố Mỹ Tho	8
28282	Xã Đạo Thạnh	82	Tỉnh Tiền Giang	Thành phố Mỹ Tho	10
28285	Xã Trung An	82	Tỉnh Tiền Giang	Thành phố Mỹ Tho	10
28288	Xã Mỹ Phong	82	Tỉnh Tiền Giang	Thành phố Mỹ Tho	10
28291	Xã Tân Mỹ Chánh	82	Tỉnh Tiền Giang	Thành phố Mỹ Tho	10
28294	Phường 3	82	Tỉnh Tiền Giang	Thị xã Gò Công	8
28297	Phường 2	82	Tỉnh Tiền Giang	Thị xã Gò Công	8
28300	Phường 4	82	Tỉnh Tiền Giang	Thị xã Gò Công	8
28303	Phường 1	82	Tỉnh Tiền Giang	Thị xã Gò Công	8
28306	Phường 5	82	Tỉnh Tiền Giang	Thị xã Gò Công	8
28309	Xã Long Hưng	82	Tỉnh Tiền Giang	Thị xã Gò Công	10
28312	Xã Long Thuận	82	Tỉnh Tiền Giang	Thị xã Gò Công	10
28315	Xã Long Chánh	82	Tỉnh Tiền Giang	Thị xã Gò Công	10
28318	Xã Long Hòa	82	Tỉnh Tiền Giang	Thị xã Gò Công	10
28321	Thị trấn Mỹ Phước	82	Tỉnh Tiền Giang	Huyện Tân Phước	9
28324	Xã Tân Hòa Đông	82	Tỉnh Tiền Giang	Huyện Tân Phước	10
28327	Xã Thạnh Tân	82	Tỉnh Tiền Giang	Huyện Tân Phước	10
28330	Xã Thạnh Mỹ	82	Tỉnh Tiền Giang	Huyện Tân Phước	10
28333	Xã Thạnh Hoà	82	Tỉnh Tiền Giang	Huyện Tân Phước	10
28336	Xã Phú Mỹ	82	Tỉnh Tiền Giang	Huyện Tân Phước	10
28339	Xã Tân Hòa Thành	82	Tỉnh Tiền Giang	Huyện Tân Phước	10
28342	Xã Hưng Thạnh	82	Tỉnh Tiền Giang	Huyện Tân Phước	10
28345	Xã Tân Lập 1	82	Tỉnh Tiền Giang	Huyện Tân Phước	10
28348	Xã Tân Hòa Tây	82	Tỉnh Tiền Giang	Huyện Tân Phước	10
28354	Xã Tân Lập 2	82	Tỉnh Tiền Giang	Huyện Tân Phước	10
28357	Xã Phước Lập	82	Tỉnh Tiền Giang	Huyện Tân Phước	10
28360	Thị trấn Cái Bè	82	Tỉnh Tiền Giang	Huyện Cái Bè	9
28363	Xã Hậu Mỹ Bắc B	82	Tỉnh Tiền Giang	Huyện Cái Bè	10
28366	Xã Hậu Mỹ Bắc A	82	Tỉnh Tiền Giang	Huyện Cái Bè	10
28369	Xã Mỹ Trung	82	Tỉnh Tiền Giang	Huyện Cái Bè	10
28372	Xã Hậu Mỹ Trinh	82	Tỉnh Tiền Giang	Huyện Cái Bè	10
28375	Xã Hậu Mỹ Phú	82	Tỉnh Tiền Giang	Huyện Cái Bè	10
28378	Xã Mỹ Tân	82	Tỉnh Tiền Giang	Huyện Cái Bè	10
28381	Xã Mỹ Lợi B	82	Tỉnh Tiền Giang	Huyện Cái Bè	10
28384	Xã Thiện Trung	82	Tỉnh Tiền Giang	Huyện Cái Bè	10
28387	Xã Mỹ Hội	82	Tỉnh Tiền Giang	Huyện Cái Bè	10
28390	Xã An Cư	82	Tỉnh Tiền Giang	Huyện Cái Bè	10
28393	Xã Hậu Thành	82	Tỉnh Tiền Giang	Huyện Cái Bè	10
28396	Xã Mỹ Lợi A	82	Tỉnh Tiền Giang	Huyện Cái Bè	10
28399	Xã Hòa Khánh	82	Tỉnh Tiền Giang	Huyện Cái Bè	10
28402	Xã Thiện Trí	82	Tỉnh Tiền Giang	Huyện Cái Bè	10
28405	Xã Mỹ Đức Đông	82	Tỉnh Tiền Giang	Huyện Cái Bè	10
28408	Xã Mỹ Đức Tây	82	Tỉnh Tiền Giang	Huyện Cái Bè	10
28411	Xã Đông Hòa Hiệp	82	Tỉnh Tiền Giang	Huyện Cái Bè	10
28414	Xã An Thái Đông	82	Tỉnh Tiền Giang	Huyện Cái Bè	10
28417	Xã Tân Hưng	82	Tỉnh Tiền Giang	Huyện Cái Bè	10
28420	Xã Mỹ Lương	82	Tỉnh Tiền Giang	Huyện Cái Bè	10
28423	Xã Tân Thanh	82	Tỉnh Tiền Giang	Huyện Cái Bè	10
28426	Xã An Thái Trung	82	Tỉnh Tiền Giang	Huyện Cái Bè	10
28429	Xã An Hữu	82	Tỉnh Tiền Giang	Huyện Cái Bè	10
28432	Xã Hòa Hưng	82	Tỉnh Tiền Giang	Huyện Cái Bè	10
28435	Phường 1	82	Tỉnh Tiền Giang	Thị xã Cai Lậy	8
28436	Phường 2	82	Tỉnh Tiền Giang	Thị xã Cai Lậy	8
28437	Phường 3	82	Tỉnh Tiền Giang	Thị xã Cai Lậy	8
28438	Xã Thạnh Lộc	82	Tỉnh Tiền Giang	Huyện Cai Lậy	10
28439	Phường 4	82	Tỉnh Tiền Giang	Thị xã Cai Lậy	8
28440	Phường 5	82	Tỉnh Tiền Giang	Thị xã Cai Lậy	8
28441	Xã Mỹ Thành Bắc	82	Tỉnh Tiền Giang	Huyện Cai Lậy	10
28444	Xã Phú Cường	82	Tỉnh Tiền Giang	Huyện Cai Lậy	10
28447	Xã Mỹ Phước Tây	82	Tỉnh Tiền Giang	Thị xã Cai Lậy	10
28450	Xã Mỹ Hạnh Đông	82	Tỉnh Tiền Giang	Thị xã Cai Lậy	10
28453	Xã Mỹ Hạnh Trung	82	Tỉnh Tiền Giang	Thị xã Cai Lậy	10
28456	Xã Mỹ Thành Nam	82	Tỉnh Tiền Giang	Huyện Cai Lậy	10
28459	Xã Tân Phú	82	Tỉnh Tiền Giang	Thị xã Cai Lậy	10
28462	Xã Tân Bình	82	Tỉnh Tiền Giang	Thị xã Cai Lậy	10
28465	Xã Phú Nhuận	82	Tỉnh Tiền Giang	Huyện Cai Lậy	10
28468	Xã Tân Hội	82	Tỉnh Tiền Giang	Thị xã Cai Lậy	10
28471	Thị trấn Bình Phú	82	Tỉnh Tiền Giang	Huyện Cai Lậy	9
28474	Phường Nhị Mỹ	82	Tỉnh Tiền Giang	Thị xã Cai Lậy	8
28477	Xã Nhị Quý	82	Tỉnh Tiền Giang	Thị xã Cai Lậy	10
28480	Xã Thanh Hòa	82	Tỉnh Tiền Giang	Thị xã Cai Lậy	10
28483	Xã Phú Quý	82	Tỉnh Tiền Giang	Thị xã Cai Lậy	10
28486	Xã Long Khánh	82	Tỉnh Tiền Giang	Thị xã Cai Lậy	10
28489	Xã Cẩm Sơn	82	Tỉnh Tiền Giang	Huyện Cai Lậy	10
28492	Xã Phú An	82	Tỉnh Tiền Giang	Huyện Cai Lậy	10
28495	Xã Mỹ Long	82	Tỉnh Tiền Giang	Huyện Cai Lậy	10
28498	Xã Long Tiên	82	Tỉnh Tiền Giang	Huyện Cai Lậy	10
28501	Xã Hiệp Đức	82	Tỉnh Tiền Giang	Huyện Cai Lậy	10
28504	Xã Long Trung	82	Tỉnh Tiền Giang	Huyện Cai Lậy	10
28507	Xã Hội Xuân	82	Tỉnh Tiền Giang	Huyện Cai Lậy	10
28510	Xã Tân Phong	82	Tỉnh Tiền Giang	Huyện Cai Lậy	10
28513	Xã Tam Bình	82	Tỉnh Tiền Giang	Huyện Cai Lậy	10
28516	Xã Ngũ Hiệp	82	Tỉnh Tiền Giang	Huyện Cai Lậy	10
28519	Thị trấn Tân Hiệp	82	Tỉnh Tiền Giang	Huyện Châu Thành	9
28522	Xã Tân Hội Đông	82	Tỉnh Tiền Giang	Huyện Châu Thành	10
28525	Xã Tân Hương	82	Tỉnh Tiền Giang	Huyện Châu Thành	10
28528	Xã Tân Lý Đông	82	Tỉnh Tiền Giang	Huyện Châu Thành	10
28531	Xã Tân Lý Tây	82	Tỉnh Tiền Giang	Huyện Châu Thành	10
28534	Xã Thân Cửu Nghĩa	82	Tỉnh Tiền Giang	Huyện Châu Thành	10
28537	Xã Tam Hiệp	82	Tỉnh Tiền Giang	Huyện Châu Thành	10
28540	Xã Điềm Hy	82	Tỉnh Tiền Giang	Huyện Châu Thành	10
28543	Xã Nhị Bình	82	Tỉnh Tiền Giang	Huyện Châu Thành	10
28546	Xã Dưỡng Điềm	82	Tỉnh Tiền Giang	Huyện Châu Thành	10
28549	Xã Đông Hòa	82	Tỉnh Tiền Giang	Huyện Châu Thành	10
28552	Xã Long Định	82	Tỉnh Tiền Giang	Huyện Châu Thành	10
28555	Xã Hữu Đạo	82	Tỉnh Tiền Giang	Huyện Châu Thành	10
28558	Xã Long An	82	Tỉnh Tiền Giang	Huyện Châu Thành	10
28561	Xã Long Hưng	82	Tỉnh Tiền Giang	Huyện Châu Thành	10
28564	Xã Bình Trưng	82	Tỉnh Tiền Giang	Huyện Châu Thành	10
28567	Xã Phước Thạnh	82	Tỉnh Tiền Giang	Thành phố Mỹ Tho	10
28570	Xã Thạnh Phú	82	Tỉnh Tiền Giang	Huyện Châu Thành	10
28573	Xã Bàn Long	82	Tỉnh Tiền Giang	Huyện Châu Thành	10
28576	Xã Vĩnh Kim	82	Tỉnh Tiền Giang	Huyện Châu Thành	10
28579	Xã Bình Đức	82	Tỉnh Tiền Giang	Huyện Châu Thành	10
28582	Xã Song Thuận	82	Tỉnh Tiền Giang	Huyện Châu Thành	10
28585	Xã Kim Sơn	82	Tỉnh Tiền Giang	Huyện Châu Thành	10
28588	Xã Phú Phong	82	Tỉnh Tiền Giang	Huyện Châu Thành	10
28591	Xã Thới Sơn	82	Tỉnh Tiền Giang	Thành phố Mỹ Tho	10
28594	Thị trấn Chợ Gạo	82	Tỉnh Tiền Giang	Huyện Chợ Gạo	9
28597	Xã Trung Hòa	82	Tỉnh Tiền Giang	Huyện Chợ Gạo	10
28600	Xã Hòa Tịnh	82	Tỉnh Tiền Giang	Huyện Chợ Gạo	10
28603	Xã Mỹ Tịnh An	82	Tỉnh Tiền Giang	Huyện Chợ Gạo	10
28606	Xã Tân Bình Thạnh	82	Tỉnh Tiền Giang	Huyện Chợ Gạo	10
28609	Xã Phú Kiết	82	Tỉnh Tiền Giang	Huyện Chợ Gạo	10
28612	Xã Lương Hòa Lạc	82	Tỉnh Tiền Giang	Huyện Chợ Gạo	10
28615	Xã Thanh Bình	82	Tỉnh Tiền Giang	Huyện Chợ Gạo	10
28618	Xã Quơn Long	82	Tỉnh Tiền Giang	Huyện Chợ Gạo	10
28621	Xã Bình Phục Nhứt	82	Tỉnh Tiền Giang	Huyện Chợ Gạo	10
28624	Xã Đăng Hưng Phước	82	Tỉnh Tiền Giang	Huyện Chợ Gạo	10
28627	Xã Tân Thuận Bình	82	Tỉnh Tiền Giang	Huyện Chợ Gạo	10
28630	Xã Song Bình	82	Tỉnh Tiền Giang	Huyện Chợ Gạo	10
28633	Xã Bình Phan	82	Tỉnh Tiền Giang	Huyện Chợ Gạo	10
28636	Xã Long Bình Điền	82	Tỉnh Tiền Giang	Huyện Chợ Gạo	10
28639	Xã An Thạnh Thủy	82	Tỉnh Tiền Giang	Huyện Chợ Gạo	10
28642	Xã Xuân Đông	82	Tỉnh Tiền Giang	Huyện Chợ Gạo	10
28645	Xã Hòa Định	82	Tỉnh Tiền Giang	Huyện Chợ Gạo	10
28648	Xã Bình Ninh	82	Tỉnh Tiền Giang	Huyện Chợ Gạo	10
28651	Thị trấn Vĩnh Bình	82	Tỉnh Tiền Giang	Huyện Gò Công Tây	9
28654	Xã Đồng Sơn	82	Tỉnh Tiền Giang	Huyện Gò Công Tây	10
28657	Xã Bình Phú	82	Tỉnh Tiền Giang	Huyện Gò Công Tây	10
28660	Xã Đồng Thạnh	82	Tỉnh Tiền Giang	Huyện Gò Công Tây	10
28663	Xã Thành Công	82	Tỉnh Tiền Giang	Huyện Gò Công Tây	10
28666	Xã Bình Nhì	82	Tỉnh Tiền Giang	Huyện Gò Công Tây	10
28669	Xã Yên Luông	82	Tỉnh Tiền Giang	Huyện Gò Công Tây	10
28672	Xã Thạnh Trị	82	Tỉnh Tiền Giang	Huyện Gò Công Tây	10
28675	Xã Thạnh Nhựt	82	Tỉnh Tiền Giang	Huyện Gò Công Tây	10
28678	Xã Long Vĩnh	82	Tỉnh Tiền Giang	Huyện Gò Công Tây	10
28681	Xã Bình Tân	82	Tỉnh Tiền Giang	Huyện Gò Công Tây	10
28684	Xã Vĩnh Hựu	82	Tỉnh Tiền Giang	Huyện Gò Công Tây	10
28687	Xã Long Bình	82	Tỉnh Tiền Giang	Huyện Gò Công Tây	10
28690	Xã Tân Thới	82	Tỉnh Tiền Giang	Huyện Tân Phú Đông	10
28693	Xã Tân Phú	82	Tỉnh Tiền Giang	Huyện Tân Phú Đông	10
28696	Xã Phú Thạnh	82	Tỉnh Tiền Giang	Huyện Tân Phú Đông	10
28699	Xã Tân Thạnh	82	Tỉnh Tiền Giang	Huyện Tân Phú Đông	10
28702	Thị trấn Tân Hòa	82	Tỉnh Tiền Giang	Huyện Gò Công Đông	9
28705	Xã Tăng Hoà	82	Tỉnh Tiền Giang	Huyện Gò Công Đông	10
28708	Xã Bình Đông	82	Tỉnh Tiền Giang	Thị xã Gò Công	10
28711	Xã Tân Phước	82	Tỉnh Tiền Giang	Huyện Gò Công Đông	10
28714	Xã Gia Thuận	82	Tỉnh Tiền Giang	Huyện Gò Công Đông	10
28717	Xã Bình Xuân	82	Tỉnh Tiền Giang	Thị xã Gò Công	10
28720	Thị trấn Vàm Láng	82	Tỉnh Tiền Giang	Huyện Gò Công Đông	9
28723	Xã Tân Tây	82	Tỉnh Tiền Giang	Huyện Gò Công Đông	10
28726	Xã Kiểng Phước	82	Tỉnh Tiền Giang	Huyện Gò Công Đông	10
28729	Xã Tân Trung	82	Tỉnh Tiền Giang	Thị xã Gò Công	10
28732	Xã Tân Đông	82	Tỉnh Tiền Giang	Huyện Gò Công Đông	10
28735	Xã Bình Ân	82	Tỉnh Tiền Giang	Huyện Gò Công Đông	10
28738	Xã Tân Điền	82	Tỉnh Tiền Giang	Huyện Gò Công Đông	10
28741	Xã Bình Nghị	82	Tỉnh Tiền Giang	Huyện Gò Công Đông	10
28744	Xã Phước Trung	82	Tỉnh Tiền Giang	Huyện Gò Công Đông	10
28747	Xã Tân Thành	82	Tỉnh Tiền Giang	Huyện Gò Công Đông	10
28750	Xã Phú Đông	82	Tỉnh Tiền Giang	Huyện Tân Phú Đông	10
28753	Xã Phú Tân	82	Tỉnh Tiền Giang	Huyện Tân Phú Đông	10
28756	Phường Phú Khương	83	Tỉnh Bến Tre	Thành phố Bến Tre	8
28757	Phường Phú Tân	83	Tỉnh Bến Tre	Thành phố Bến Tre	8
28759	Phường 8	83	Tỉnh Bến Tre	Thành phố Bến Tre	8
28762	Phường 6	83	Tỉnh Bến Tre	Thành phố Bến Tre	8
28765	Phường 4	83	Tỉnh Bến Tre	Thành phố Bến Tre	8
28768	Phường 5	83	Tỉnh Bến Tre	Thành phố Bến Tre	8
28777	Phường An Hội	83	Tỉnh Bến Tre	Thành phố Bến Tre	8
28780	Phường 7	83	Tỉnh Bến Tre	Thành phố Bến Tre	8
28783	Xã Sơn Đông	83	Tỉnh Bến Tre	Thành phố Bến Tre	10
28786	Xã Phú Hưng	83	Tỉnh Bến Tre	Thành phố Bến Tre	10
28789	Xã Bình Phú	83	Tỉnh Bến Tre	Thành phố Bến Tre	10
28792	Xã Mỹ Thạnh An	83	Tỉnh Bến Tre	Thành phố Bến Tre	10
28795	Xã Nhơn Thạnh	83	Tỉnh Bến Tre	Thành phố Bến Tre	10
28798	Xã Phú Nhuận	83	Tỉnh Bến Tre	Thành phố Bến Tre	10
28801	Thị trấn Châu Thành	83	Tỉnh Bến Tre	Huyện Châu Thành	9
28804	Xã Tân Thạch	83	Tỉnh Bến Tre	Huyện Châu Thành	10
28807	Xã Qưới Sơn	83	Tỉnh Bến Tre	Huyện Châu Thành	10
28810	Xã An Khánh	83	Tỉnh Bến Tre	Huyện Châu Thành	10
28813	Xã Giao Long	83	Tỉnh Bến Tre	Huyện Châu Thành	10
28819	Xã Phú Túc	83	Tỉnh Bến Tre	Huyện Châu Thành	10
28822	Xã Phú Đức	83	Tỉnh Bến Tre	Huyện Châu Thành	10
28825	Xã Phú An Hòa	83	Tỉnh Bến Tre	Huyện Châu Thành	10
28828	Xã An Phước	83	Tỉnh Bến Tre	Huyện Châu Thành	10
28831	Xã Tam Phước	83	Tỉnh Bến Tre	Huyện Châu Thành	10
28834	Xã Thành Triệu	83	Tỉnh Bến Tre	Huyện Châu Thành	10
28837	Xã Tường Đa	83	Tỉnh Bến Tre	Huyện Châu Thành	10
28840	Xã Tân Phú	83	Tỉnh Bến Tre	Huyện Châu Thành	10
28843	Xã Quới Thành	83	Tỉnh Bến Tre	Huyện Châu Thành	10
28846	Xã Phước Thạnh	83	Tỉnh Bến Tre	Huyện Châu Thành	10
28849	Xã An Hóa	83	Tỉnh Bến Tre	Huyện Châu Thành	10
28852	Xã Tiên Long	83	Tỉnh Bến Tre	Huyện Châu Thành	10
28855	Xã An Hiệp	83	Tỉnh Bến Tre	Huyện Châu Thành	10
28858	Xã Hữu Định	83	Tỉnh Bến Tre	Huyện Châu Thành	10
28861	Thị trấn Tiên Thủy	83	Tỉnh Bến Tre	Huyện Châu Thành	9
28864	Xã Sơn Hòa	83	Tỉnh Bến Tre	Huyện Châu Thành	10
28870	Thị trấn Chợ Lách	83	Tỉnh Bến Tre	Huyện Chợ Lách	9
28873	Xã Phú Phụng	83	Tỉnh Bến Tre	Huyện Chợ Lách	10
28876	Xã Sơn Định	83	Tỉnh Bến Tre	Huyện Chợ Lách	10
28879	Xã Vĩnh Bình	83	Tỉnh Bến Tre	Huyện Chợ Lách	10
28882	Xã Hòa Nghĩa	83	Tỉnh Bến Tre	Huyện Chợ Lách	10
28885	Xã Long Thới	83	Tỉnh Bến Tre	Huyện Chợ Lách	10
28888	Xã Phú Sơn	83	Tỉnh Bến Tre	Huyện Chợ Lách	10
28889	Xã Phú Mỹ	83	Tỉnh Bến Tre	Huyện Mỏ Cày Bắc	10
28891	Xã Tân Thiềng	83	Tỉnh Bến Tre	Huyện Chợ Lách	10
28894	Xã Vĩnh Thành	83	Tỉnh Bến Tre	Huyện Chợ Lách	10
28897	Xã Vĩnh Hòa	83	Tỉnh Bến Tre	Huyện Chợ Lách	10
28900	Xã Hưng Khánh Trung B	83	Tỉnh Bến Tre	Huyện Chợ Lách	10
28901	Xã Hưng Khánh Trung A	83	Tỉnh Bến Tre	Huyện Mỏ Cày Bắc	10
28903	Thị trấn Mỏ Cày	83	Tỉnh Bến Tre	Huyện Mỏ Cày Nam	9
28906	Xã Thanh Tân	83	Tỉnh Bến Tre	Huyện Mỏ Cày Bắc	10
28909	Xã Thạnh Ngãi	83	Tỉnh Bến Tre	Huyện Mỏ Cày Bắc	10
28912	Xã Tân Phú Tây	83	Tỉnh Bến Tre	Huyện Mỏ Cày Bắc	10
28915	Thị trấn Phước Mỹ Trung	83	Tỉnh Bến Tre	Huyện Mỏ Cày Bắc	9
28918	Xã Tân Thành Bình	83	Tỉnh Bến Tre	Huyện Mỏ Cày Bắc	10
28921	Xã Thành An	83	Tỉnh Bến Tre	Huyện Mỏ Cày Bắc	10
28924	Xã Hòa Lộc	83	Tỉnh Bến Tre	Huyện Mỏ Cày Bắc	10
28927	Xã Tân Thanh Tây	83	Tỉnh Bến Tre	Huyện Mỏ Cày Bắc	10
28930	Xã Định Thủy	83	Tỉnh Bến Tre	Huyện Mỏ Cày Nam	10
28933	Xã Tân Bình	83	Tỉnh Bến Tre	Huyện Mỏ Cày Bắc	10
28936	Xã Nhuận Phú Tân	83	Tỉnh Bến Tre	Huyện Mỏ Cày Bắc	10
28939	Xã Đa Phước Hội	83	Tỉnh Bến Tre	Huyện Mỏ Cày Nam	10
28940	Xã Tân Hội	83	Tỉnh Bến Tre	Huyện Mỏ Cày Nam	10
28942	Xã Phước Hiệp	83	Tỉnh Bến Tre	Huyện Mỏ Cày Nam	10
28945	Xã Bình Khánh	83	Tỉnh Bến Tre	Huyện Mỏ Cày Nam	10
28948	Xã Khánh Thạnh Tân	83	Tỉnh Bến Tre	Huyện Mỏ Cày Bắc	10
28951	Xã An Thạnh	83	Tỉnh Bến Tre	Huyện Mỏ Cày Nam	10
28957	Xã An Định	83	Tỉnh Bến Tre	Huyện Mỏ Cày Nam	10
28960	Xã Thành Thới B	83	Tỉnh Bến Tre	Huyện Mỏ Cày Nam	10
28963	Xã Tân Trung	83	Tỉnh Bến Tre	Huyện Mỏ Cày Nam	10
28966	Xã An Thới	83	Tỉnh Bến Tre	Huyện Mỏ Cày Nam	10
28969	Xã Thành Thới A	83	Tỉnh Bến Tre	Huyện Mỏ Cày Nam	10
28972	Xã Minh Đức	83	Tỉnh Bến Tre	Huyện Mỏ Cày Nam	10
28975	Xã Ngãi Đăng	83	Tỉnh Bến Tre	Huyện Mỏ Cày Nam	10
28978	Xã Cẩm Sơn	83	Tỉnh Bến Tre	Huyện Mỏ Cày Nam	10
28981	Xã Hương Mỹ	83	Tỉnh Bến Tre	Huyện Mỏ Cày Nam	10
28984	Thị trấn Giồng Trôm	83	Tỉnh Bến Tre	Huyện Giồng Trôm	9
28987	Xã Phong Nẫm	83	Tỉnh Bến Tre	Huyện Giồng Trôm	10
28993	Xã Mỹ Thạnh	83	Tỉnh Bến Tre	Huyện Giồng Trôm	10
28996	Xã Châu Hòa	83	Tỉnh Bến Tre	Huyện Giồng Trôm	10
28999	Xã Lương Hòa	83	Tỉnh Bến Tre	Huyện Giồng Trôm	10
29002	Xã Lương Quới	83	Tỉnh Bến Tre	Huyện Giồng Trôm	10
29005	Xã Lương Phú	83	Tỉnh Bến Tre	Huyện Giồng Trôm	10
29008	Xã Châu Bình	83	Tỉnh Bến Tre	Huyện Giồng Trôm	10
29011	Xã Thuận Điền	83	Tỉnh Bến Tre	Huyện Giồng Trôm	10
29014	Xã Sơn Phú	83	Tỉnh Bến Tre	Huyện Giồng Trôm	10
29017	Xã Bình Hoà	83	Tỉnh Bến Tre	Huyện Giồng Trôm	10
29020	Xã Phước Long	83	Tỉnh Bến Tre	Huyện Giồng Trôm	10
29023	Xã Hưng Phong	83	Tỉnh Bến Tre	Huyện Giồng Trôm	10
29026	Xã Long Mỹ	83	Tỉnh Bến Tre	Huyện Giồng Trôm	10
29029	Xã Tân Hào	83	Tỉnh Bến Tre	Huyện Giồng Trôm	10
29032	Xã Bình Thành	83	Tỉnh Bến Tre	Huyện Giồng Trôm	10
29035	Xã Tân Thanh	83	Tỉnh Bến Tre	Huyện Giồng Trôm	10
29038	Xã Tân Lợi Thạnh	83	Tỉnh Bến Tre	Huyện Giồng Trôm	10
29041	Xã Thạnh Phú Đông	83	Tỉnh Bến Tre	Huyện Giồng Trôm	10
29044	Xã Hưng Nhượng	83	Tỉnh Bến Tre	Huyện Giồng Trôm	10
29047	Xã Hưng Lễ	83	Tỉnh Bến Tre	Huyện Giồng Trôm	10
29050	Thị trấn Bình Đại	83	Tỉnh Bến Tre	Huyện Bình Đại	9
29053	Xã Tam Hiệp	83	Tỉnh Bến Tre	Huyện Bình Đại	10
29056	Xã Long Định	83	Tỉnh Bến Tre	Huyện Bình Đại	10
29059	Xã Long Hòa	83	Tỉnh Bến Tre	Huyện Bình Đại	10
29062	Xã Phú Thuận	83	Tỉnh Bến Tre	Huyện Bình Đại	10
29065	Xã Vang Quới Tây	83	Tỉnh Bến Tre	Huyện Bình Đại	10
29068	Xã Vang Quới Đông	83	Tỉnh Bến Tre	Huyện Bình Đại	10
29071	Xã Châu Hưng	83	Tỉnh Bến Tre	Huyện Bình Đại	10
29074	Xã Phú Vang	83	Tỉnh Bến Tre	Huyện Bình Đại	10
29077	Xã Lộc Thuận	83	Tỉnh Bến Tre	Huyện Bình Đại	10
29080	Xã Định Trung	83	Tỉnh Bến Tre	Huyện Bình Đại	10
29083	Xã Thới Lai	83	Tỉnh Bến Tre	Huyện Bình Đại	10
29086	Xã Bình Thới	83	Tỉnh Bến Tre	Huyện Bình Đại	10
29089	Xã Phú Long	83	Tỉnh Bến Tre	Huyện Bình Đại	10
29092	Xã Bình Thắng	83	Tỉnh Bến Tre	Huyện Bình Đại	10
29095	Xã Thạnh Trị	83	Tỉnh Bến Tre	Huyện Bình Đại	10
29098	Xã Đại Hòa Lộc	83	Tỉnh Bến Tre	Huyện Bình Đại	10
29101	Xã Thừa Đức	83	Tỉnh Bến Tre	Huyện Bình Đại	10
29104	Xã Thạnh Phước	83	Tỉnh Bến Tre	Huyện Bình Đại	10
29107	Xã Thới Thuận	83	Tỉnh Bến Tre	Huyện Bình Đại	10
29110	Thị trấn Ba Tri	83	Tỉnh Bến Tre	Huyện Ba Tri	9
29113	Xã Tân Mỹ	83	Tỉnh Bến Tre	Huyện Ba Tri	10
29116	Xã Mỹ Hòa	83	Tỉnh Bến Tre	Huyện Ba Tri	10
29119	Xã Tân Xuân	83	Tỉnh Bến Tre	Huyện Ba Tri	10
29122	Xã Mỹ Chánh	83	Tỉnh Bến Tre	Huyện Ba Tri	10
29125	Xã Bảo Thạnh	83	Tỉnh Bến Tre	Huyện Ba Tri	10
29128	Xã An Phú Trung	83	Tỉnh Bến Tre	Huyện Ba Tri	10
29131	Xã Mỹ Thạnh	83	Tỉnh Bến Tre	Huyện Ba Tri	10
29134	Xã Mỹ Nhơn	83	Tỉnh Bến Tre	Huyện Ba Tri	10
29137	Xã Phước Ngãi	83	Tỉnh Bến Tre	Huyện Ba Tri	10
29143	Xã An Ngãi Trung	83	Tỉnh Bến Tre	Huyện Ba Tri	10
29146	Xã Phú Lễ	83	Tỉnh Bến Tre	Huyện Ba Tri	10
29149	Xã An Bình Tây	83	Tỉnh Bến Tre	Huyện Ba Tri	10
29152	Xã Bảo Thuận	83	Tỉnh Bến Tre	Huyện Ba Tri	10
29155	Xã Tân Hưng	83	Tỉnh Bến Tre	Huyện Ba Tri	10
29158	Xã An Ngãi Tây	83	Tỉnh Bến Tre	Huyện Ba Tri	10
29161	Xã An Hiệp	83	Tỉnh Bến Tre	Huyện Ba Tri	10
29164	Xã Vĩnh Hòa	83	Tỉnh Bến Tre	Huyện Ba Tri	10
29167	Xã Tân Thủy	83	Tỉnh Bến Tre	Huyện Ba Tri	10
29170	Xã Vĩnh An	83	Tỉnh Bến Tre	Huyện Ba Tri	10
29173	Xã An Đức	83	Tỉnh Bến Tre	Huyện Ba Tri	10
29176	Xã An Hòa Tây	83	Tỉnh Bến Tre	Huyện Ba Tri	10
29179	Thị trấn Tiệm Tôm	83	Tỉnh Bến Tre	Huyện Ba Tri	9
29182	Thị trấn Thạnh Phú	83	Tỉnh Bến Tre	Huyện Thạnh Phú	9
29185	Xã Phú Khánh	83	Tỉnh Bến Tre	Huyện Thạnh Phú	10
29188	Xã Đại Điền	83	Tỉnh Bến Tre	Huyện Thạnh Phú	10
29191	Xã Quới Điền	83	Tỉnh Bến Tre	Huyện Thạnh Phú	10
29194	Xã Tân Phong	83	Tỉnh Bến Tre	Huyện Thạnh Phú	10
29197	Xã Mỹ Hưng	83	Tỉnh Bến Tre	Huyện Thạnh Phú	10
29200	Xã An Thạnh	83	Tỉnh Bến Tre	Huyện Thạnh Phú	10
29203	Xã Thới Thạnh	83	Tỉnh Bến Tre	Huyện Thạnh Phú	10
29206	Xã Hòa Lợi	83	Tỉnh Bến Tre	Huyện Thạnh Phú	10
29209	Xã An Điền	83	Tỉnh Bến Tre	Huyện Thạnh Phú	10
29212	Xã Bình Thạnh	83	Tỉnh Bến Tre	Huyện Thạnh Phú	10
29215	Xã An Thuận	83	Tỉnh Bến Tre	Huyện Thạnh Phú	10
29218	Xã An Quy	83	Tỉnh Bến Tre	Huyện Thạnh Phú	10
29221	Xã Thạnh Hải	83	Tỉnh Bến Tre	Huyện Thạnh Phú	10
29224	Xã An Nhơn	83	Tỉnh Bến Tre	Huyện Thạnh Phú	10
29227	Xã Giao Thạnh	83	Tỉnh Bến Tre	Huyện Thạnh Phú	10
29230	Xã Thạnh Phong	83	Tỉnh Bến Tre	Huyện Thạnh Phú	10
29233	Xã Mỹ An	83	Tỉnh Bến Tre	Huyện Thạnh Phú	10
29236	Phường 4	84	Tỉnh Trà Vinh	Thành phố Trà Vinh	8
29239	Phường 1	84	Tỉnh Trà Vinh	Thành phố Trà Vinh	8
29242	Phường 3	84	Tỉnh Trà Vinh	Thành phố Trà Vinh	8
29245	Phường 2	84	Tỉnh Trà Vinh	Thành phố Trà Vinh	8
29248	Phường 5	84	Tỉnh Trà Vinh	Thành phố Trà Vinh	8
29251	Phường 6	84	Tỉnh Trà Vinh	Thành phố Trà Vinh	8
29254	Phường 7	84	Tỉnh Trà Vinh	Thành phố Trà Vinh	8
29257	Phường 8	84	Tỉnh Trà Vinh	Thành phố Trà Vinh	8
29260	Phường 9	84	Tỉnh Trà Vinh	Thành phố Trà Vinh	8
29263	Xã Long Đức	84	Tỉnh Trà Vinh	Thành phố Trà Vinh	10
29266	Thị trấn Càng Long	84	Tỉnh Trà Vinh	Huyện Càng Long	9
29269	Xã Mỹ Cẩm	84	Tỉnh Trà Vinh	Huyện Càng Long	10
29272	Xã An Trường A	84	Tỉnh Trà Vinh	Huyện Càng Long	10
29275	Xã An Trường	84	Tỉnh Trà Vinh	Huyện Càng Long	10
29278	Xã Huyền Hội	84	Tỉnh Trà Vinh	Huyện Càng Long	10
29281	Xã Tân An	84	Tỉnh Trà Vinh	Huyện Càng Long	10
29284	Xã Tân Bình	84	Tỉnh Trà Vinh	Huyện Càng Long	10
29287	Xã Bình Phú	84	Tỉnh Trà Vinh	Huyện Càng Long	10
29290	Xã Phương Thạnh	84	Tỉnh Trà Vinh	Huyện Càng Long	10
29293	Xã Đại Phúc	84	Tỉnh Trà Vinh	Huyện Càng Long	10
29296	Xã Đại Phước	84	Tỉnh Trà Vinh	Huyện Càng Long	10
29299	Xã Nhị Long Phú	84	Tỉnh Trà Vinh	Huyện Càng Long	10
29302	Xã Nhị Long	84	Tỉnh Trà Vinh	Huyện Càng Long	10
29305	Xã Đức Mỹ	84	Tỉnh Trà Vinh	Huyện Càng Long	10
29308	Thị trấn Cầu Kè	84	Tỉnh Trà Vinh	Huyện Cầu Kè	9
29311	Xã Hòa Ân	84	Tỉnh Trà Vinh	Huyện Cầu Kè	10
29314	Xã Châu Điền	84	Tỉnh Trà Vinh	Huyện Cầu Kè	10
29317	Xã An Phú Tân	84	Tỉnh Trà Vinh	Huyện Cầu Kè	10
29320	Xã Hoà Tân	84	Tỉnh Trà Vinh	Huyện Cầu Kè	10
29323	Xã Ninh Thới	84	Tỉnh Trà Vinh	Huyện Cầu Kè	10
29326	Xã Phong Phú	84	Tỉnh Trà Vinh	Huyện Cầu Kè	10
29329	Xã Phong Thạnh	84	Tỉnh Trà Vinh	Huyện Cầu Kè	10
29332	Xã Tam Ngãi	84	Tỉnh Trà Vinh	Huyện Cầu Kè	10
29335	Xã Thông Hòa	84	Tỉnh Trà Vinh	Huyện Cầu Kè	10
29338	Xã Thạnh Phú	84	Tỉnh Trà Vinh	Huyện Cầu Kè	10
29341	Thị trấn Tiểu Cần	84	Tỉnh Trà Vinh	Huyện Tiểu Cần	9
29344	Thị trấn Cầu Quan	84	Tỉnh Trà Vinh	Huyện Tiểu Cần	9
29347	Xã Phú Cần	84	Tỉnh Trà Vinh	Huyện Tiểu Cần	10
29350	Xã Hiếu Tử	84	Tỉnh Trà Vinh	Huyện Tiểu Cần	10
29353	Xã Hiếu Trung	84	Tỉnh Trà Vinh	Huyện Tiểu Cần	10
29356	Xã Long Thới	84	Tỉnh Trà Vinh	Huyện Tiểu Cần	10
29359	Xã Hùng Hòa	84	Tỉnh Trà Vinh	Huyện Tiểu Cần	10
29362	Xã Tân Hùng	84	Tỉnh Trà Vinh	Huyện Tiểu Cần	10
29365	Xã Tập Ngãi	84	Tỉnh Trà Vinh	Huyện Tiểu Cần	10
29368	Xã Ngãi Hùng	84	Tỉnh Trà Vinh	Huyện Tiểu Cần	10
29371	Xã Tân Hòa	84	Tỉnh Trà Vinh	Huyện Tiểu Cần	10
29374	Thị trấn Châu Thành	84	Tỉnh Trà Vinh	Huyện Châu Thành	9
29377	Xã Đa Lộc	84	Tỉnh Trà Vinh	Huyện Châu Thành	10
29380	Xã Mỹ Chánh	84	Tỉnh Trà Vinh	Huyện Châu Thành	10
29383	Xã Thanh Mỹ	84	Tỉnh Trà Vinh	Huyện Châu Thành	10
29386	Xã Lương Hoà A	84	Tỉnh Trà Vinh	Huyện Châu Thành	10
29389	Xã Lương Hòa	84	Tỉnh Trà Vinh	Huyện Châu Thành	10
29392	Xã Song Lộc	84	Tỉnh Trà Vinh	Huyện Châu Thành	10
29395	Xã Nguyệt Hóa	84	Tỉnh Trà Vinh	Huyện Châu Thành	10
29398	Xã Hòa Thuận	84	Tỉnh Trà Vinh	Huyện Châu Thành	10
29401	Xã Hòa Lợi	84	Tỉnh Trà Vinh	Huyện Châu Thành	10
29404	Xã Phước Hảo	84	Tỉnh Trà Vinh	Huyện Châu Thành	10
29407	Xã Hưng Mỹ	84	Tỉnh Trà Vinh	Huyện Châu Thành	10
29410	Xã Hòa Minh	84	Tỉnh Trà Vinh	Huyện Châu Thành	10
29413	Xã Long Hòa	84	Tỉnh Trà Vinh	Huyện Châu Thành	10
29416	Thị trấn Cầu Ngang	84	Tỉnh Trà Vinh	Huyện Cầu Ngang	9
29419	Thị trấn Mỹ Long	84	Tỉnh Trà Vinh	Huyện Cầu Ngang	9
29422	Xã Mỹ Long Bắc	84	Tỉnh Trà Vinh	Huyện Cầu Ngang	10
29425	Xã Mỹ Long Nam	84	Tỉnh Trà Vinh	Huyện Cầu Ngang	10
29428	Xã Mỹ Hòa	84	Tỉnh Trà Vinh	Huyện Cầu Ngang	10
29431	Xã Vĩnh Kim	84	Tỉnh Trà Vinh	Huyện Cầu Ngang	10
29434	Xã Kim Hòa	84	Tỉnh Trà Vinh	Huyện Cầu Ngang	10
29437	Xã Hiệp Hòa	84	Tỉnh Trà Vinh	Huyện Cầu Ngang	10
29440	Xã Thuận Hòa	84	Tỉnh Trà Vinh	Huyện Cầu Ngang	10
29443	Xã Long Sơn	84	Tỉnh Trà Vinh	Huyện Cầu Ngang	10
29446	Xã Nhị Trường	84	Tỉnh Trà Vinh	Huyện Cầu Ngang	10
29449	Xã Trường Thọ	84	Tỉnh Trà Vinh	Huyện Cầu Ngang	10
29452	Xã Hiệp Mỹ Đông	84	Tỉnh Trà Vinh	Huyện Cầu Ngang	10
29455	Xã Hiệp Mỹ Tây	84	Tỉnh Trà Vinh	Huyện Cầu Ngang	10
29458	Xã Thạnh Hòa Sơn	84	Tỉnh Trà Vinh	Huyện Cầu Ngang	10
29461	Thị trấn Trà Cú	84	Tỉnh Trà Vinh	Huyện Trà Cú	9
29462	Thị trấn Định An	84	Tỉnh Trà Vinh	Huyện Trà Cú	9
29464	Xã Phước Hưng	84	Tỉnh Trà Vinh	Huyện Trà Cú	10
29467	Xã Tập Sơn	84	Tỉnh Trà Vinh	Huyện Trà Cú	10
29470	Xã Tân Sơn	84	Tỉnh Trà Vinh	Huyện Trà Cú	10
29473	Xã An Quảng Hữu	84	Tỉnh Trà Vinh	Huyện Trà Cú	10
29476	Xã Lưu Nghiệp Anh	84	Tỉnh Trà Vinh	Huyện Trà Cú	10
29479	Xã Ngãi Xuyên	84	Tỉnh Trà Vinh	Huyện Trà Cú	10
29482	Xã Kim Sơn	84	Tỉnh Trà Vinh	Huyện Trà Cú	10
29485	Xã Thanh Sơn	84	Tỉnh Trà Vinh	Huyện Trà Cú	10
29488	Xã Hàm Giang	84	Tỉnh Trà Vinh	Huyện Trà Cú	10
29489	Xã Hàm Tân	84	Tỉnh Trà Vinh	Huyện Trà Cú	10
29491	Xã Đại An	84	Tỉnh Trà Vinh	Huyện Trà Cú	10
29494	Xã Định An	84	Tỉnh Trà Vinh	Huyện Trà Cú	10
29497	Xã Đôn Xuân	84	Tỉnh Trà Vinh	Huyện Duyên Hải	10
29500	Xã Đôn Châu	84	Tỉnh Trà Vinh	Huyện Duyên Hải	10
29503	Xã Ngọc Biên	84	Tỉnh Trà Vinh	Huyện Trà Cú	10
29506	Xã Long Hiệp	84	Tỉnh Trà Vinh	Huyện Trà Cú	10
29509	Xã Tân Hiệp	84	Tỉnh Trà Vinh	Huyện Trà Cú	10
29512	Phường 1	84	Tỉnh Trà Vinh	Thị xã Duyên Hải	8
29513	Thị trấn Long Thành	84	Tỉnh Trà Vinh	Huyện Duyên Hải	9
29515	Xã Long Toàn	84	Tỉnh Trà Vinh	Thị xã Duyên Hải	10
29516	Phường 2	84	Tỉnh Trà Vinh	Thị xã Duyên Hải	8
29518	Xã Long Hữu	84	Tỉnh Trà Vinh	Thị xã Duyên Hải	10
29521	Xã Long Khánh	84	Tỉnh Trà Vinh	Huyện Duyên Hải	10
29524	Xã Dân Thành	84	Tỉnh Trà Vinh	Thị xã Duyên Hải	10
29527	Xã Trường Long Hòa	84	Tỉnh Trà Vinh	Thị xã Duyên Hải	10
29530	Xã Ngũ Lạc	84	Tỉnh Trà Vinh	Huyện Duyên Hải	10
29533	Xã Long Vĩnh	84	Tỉnh Trà Vinh	Huyện Duyên Hải	10
29536	Xã Đông Hải	84	Tỉnh Trà Vinh	Huyện Duyên Hải	10
29539	Xã Hiệp Thạnh	84	Tỉnh Trà Vinh	Thị xã Duyên Hải	10
29542	Phường 9	86	Tỉnh Vĩnh Long	Thành phố Vĩnh Long	8
29545	Phường 5	86	Tỉnh Vĩnh Long	Thành phố Vĩnh Long	8
29548	Phường 1	86	Tỉnh Vĩnh Long	Thành phố Vĩnh Long	8
29551	Phường 2	86	Tỉnh Vĩnh Long	Thành phố Vĩnh Long	8
29554	Phường 4	86	Tỉnh Vĩnh Long	Thành phố Vĩnh Long	8
29557	Phường 3	86	Tỉnh Vĩnh Long	Thành phố Vĩnh Long	8
29560	Phường 8	86	Tỉnh Vĩnh Long	Thành phố Vĩnh Long	8
29563	Phường Tân Ngãi	86	Tỉnh Vĩnh Long	Thành phố Vĩnh Long	8
29566	Phường Tân Hòa	86	Tỉnh Vĩnh Long	Thành phố Vĩnh Long	8
29569	Phường Tân Hội	86	Tỉnh Vĩnh Long	Thành phố Vĩnh Long	8
29572	Phường Trường An	86	Tỉnh Vĩnh Long	Thành phố Vĩnh Long	8
29575	Thị trấn Long Hồ	86	Tỉnh Vĩnh Long	Huyện Long Hồ	9
29578	Xã Đồng Phú	86	Tỉnh Vĩnh Long	Huyện Long Hồ	10
29581	Xã Bình Hòa Phước	86	Tỉnh Vĩnh Long	Huyện Long Hồ	10
29584	Xã Hòa Ninh	86	Tỉnh Vĩnh Long	Huyện Long Hồ	10
29587	Xã An Bình	86	Tỉnh Vĩnh Long	Huyện Long Hồ	10
29590	Xã Thanh Đức	86	Tỉnh Vĩnh Long	Huyện Long Hồ	10
29593	Xã Tân Hạnh	86	Tỉnh Vĩnh Long	Huyện Long Hồ	10
29596	Xã Phước Hậu	86	Tỉnh Vĩnh Long	Huyện Long Hồ	10
29599	Xã Long Phước	86	Tỉnh Vĩnh Long	Huyện Long Hồ	10
29602	Xã Phú Đức	86	Tỉnh Vĩnh Long	Huyện Long Hồ	10
29605	Xã Lộc Hòa	86	Tỉnh Vĩnh Long	Huyện Long Hồ	10
29608	Xã Long An	86	Tỉnh Vĩnh Long	Huyện Long Hồ	10
29611	Xã Phú Quới	86	Tỉnh Vĩnh Long	Huyện Long Hồ	10
29614	Xã Thạnh Quới	86	Tỉnh Vĩnh Long	Huyện Long Hồ	10
29617	Xã Hòa Phú	86	Tỉnh Vĩnh Long	Huyện Long Hồ	10
29623	Xã Mỹ An	86	Tỉnh Vĩnh Long	Huyện Mang Thít	10
29626	Xã Mỹ Phước	86	Tỉnh Vĩnh Long	Huyện Mang Thít	10
29629	Xã An Phước	86	Tỉnh Vĩnh Long	Huyện Mang Thít	10
29632	Xã Nhơn Phú	86	Tỉnh Vĩnh Long	Huyện Mang Thít	10
29635	Xã Long Mỹ	86	Tỉnh Vĩnh Long	Huyện Mang Thít	10
29638	Xã Hòa Tịnh	86	Tỉnh Vĩnh Long	Huyện Mang Thít	10
29641	Thị trấn Cái Nhum	86	Tỉnh Vĩnh Long	Huyện Mang Thít	9
29644	Xã Bình Phước	86	Tỉnh Vĩnh Long	Huyện Mang Thít	10
29647	Xã Chánh An	86	Tỉnh Vĩnh Long	Huyện Mang Thít	10
29650	Xã Tân An Hội	86	Tỉnh Vĩnh Long	Huyện Mang Thít	10
29653	Xã Tân Long	86	Tỉnh Vĩnh Long	Huyện Mang Thít	10
29656	Xã Tân Long Hội	86	Tỉnh Vĩnh Long	Huyện Mang Thít	10
29659	Thị trấn Vũng Liêm	86	Tỉnh Vĩnh Long	Huyện Vũng Liêm	9
29662	Xã Tân Quới Trung	86	Tỉnh Vĩnh Long	Huyện Vũng Liêm	10
29665	Xã Quới Thiện	86	Tỉnh Vĩnh Long	Huyện Vũng Liêm	10
29668	Xã Quới An	86	Tỉnh Vĩnh Long	Huyện Vũng Liêm	10
29671	Xã Trung Chánh	86	Tỉnh Vĩnh Long	Huyện Vũng Liêm	10
29674	Xã Tân An Luông	86	Tỉnh Vĩnh Long	Huyện Vũng Liêm	10
29677	Xã Thanh Bình	86	Tỉnh Vĩnh Long	Huyện Vũng Liêm	10
29680	Xã Trung Thành Tây	86	Tỉnh Vĩnh Long	Huyện Vũng Liêm	10
29683	Xã Trung Hiệp	86	Tỉnh Vĩnh Long	Huyện Vũng Liêm	10
29686	Xã Hiếu Phụng	86	Tỉnh Vĩnh Long	Huyện Vũng Liêm	10
29689	Xã Trung Thành Đông	86	Tỉnh Vĩnh Long	Huyện Vũng Liêm	10
29692	Xã Trung Thành	86	Tỉnh Vĩnh Long	Huyện Vũng Liêm	10
29695	Xã Trung Hiếu	86	Tỉnh Vĩnh Long	Huyện Vũng Liêm	10
29698	Xã Trung Ngãi	86	Tỉnh Vĩnh Long	Huyện Vũng Liêm	10
29701	Xã Hiếu Thuận	86	Tỉnh Vĩnh Long	Huyện Vũng Liêm	10
29704	Xã Trung Nghĩa	86	Tỉnh Vĩnh Long	Huyện Vũng Liêm	10
29707	Xã Trung An	86	Tỉnh Vĩnh Long	Huyện Vũng Liêm	10
29710	Xã Hiếu Nhơn	86	Tỉnh Vĩnh Long	Huyện Vũng Liêm	10
29713	Xã Hiếu Thành	86	Tỉnh Vĩnh Long	Huyện Vũng Liêm	10
29716	Xã Hiếu Nghĩa	86	Tỉnh Vĩnh Long	Huyện Vũng Liêm	10
29719	Thị trấn Tam Bình	86	Tỉnh Vĩnh Long	Huyện Tam Bình	9
29722	Xã Tân Lộc	86	Tỉnh Vĩnh Long	Huyện Tam Bình	10
29725	Xã Phú Thịnh	86	Tỉnh Vĩnh Long	Huyện Tam Bình	10
29728	Xã Hậu Lộc	86	Tỉnh Vĩnh Long	Huyện Tam Bình	10
29731	Xã Hòa Thạnh	86	Tỉnh Vĩnh Long	Huyện Tam Bình	10
29734	Xã Hoà Lộc	86	Tỉnh Vĩnh Long	Huyện Tam Bình	10
29737	Xã Phú Lộc	86	Tỉnh Vĩnh Long	Huyện Tam Bình	10
29740	Xã Song Phú	86	Tỉnh Vĩnh Long	Huyện Tam Bình	10
29743	Xã Hòa Hiệp	86	Tỉnh Vĩnh Long	Huyện Tam Bình	10
29746	Xã Mỹ Lộc	86	Tỉnh Vĩnh Long	Huyện Tam Bình	10
29749	Xã Tân Phú	86	Tỉnh Vĩnh Long	Huyện Tam Bình	10
29752	Xã Long Phú	86	Tỉnh Vĩnh Long	Huyện Tam Bình	10
29755	Xã Mỹ Thạnh Trung	86	Tỉnh Vĩnh Long	Huyện Tam Bình	10
29758	Xã Tường Lộc	86	Tỉnh Vĩnh Long	Huyện Tam Bình	10
29761	Xã Loan Mỹ	86	Tỉnh Vĩnh Long	Huyện Tam Bình	10
29764	Xã Ngãi Tứ	86	Tỉnh Vĩnh Long	Huyện Tam Bình	10
29767	Xã Bình Ninh	86	Tỉnh Vĩnh Long	Huyện Tam Bình	10
29770	Phường Cái Vồn	86	Tỉnh Vĩnh Long	Thị xã Bình Minh	8
29771	Phường Thành Phước	86	Tỉnh Vĩnh Long	Thị xã Bình Minh	8
29773	Xã Tân Hưng	86	Tỉnh Vĩnh Long	Huyện Bình Tân	10
29776	Xã Tân Thành	86	Tỉnh Vĩnh Long	Huyện Bình Tân	10
29779	Xã Thành Trung	86	Tỉnh Vĩnh Long	Huyện Bình Tân	10
29782	Xã Tân An Thạnh	86	Tỉnh Vĩnh Long	Huyện Bình Tân	10
29785	Xã Tân Lược	86	Tỉnh Vĩnh Long	Huyện Bình Tân	10
29788	Xã Nguyễn Văn Thảnh	86	Tỉnh Vĩnh Long	Huyện Bình Tân	10
29791	Xã Thành Lợi	86	Tỉnh Vĩnh Long	Huyện Bình Tân	10
29794	Xã Mỹ Thuận	86	Tỉnh Vĩnh Long	Huyện Bình Tân	10
29797	Xã Tân Bình	86	Tỉnh Vĩnh Long	Huyện Bình Tân	10
29800	Thị trấn Tân Quới	86	Tỉnh Vĩnh Long	Huyện Bình Tân	9
29806	Xã Thuận An	86	Tỉnh Vĩnh Long	Thị xã Bình Minh	10
29809	Xã Đông Thạnh	86	Tỉnh Vĩnh Long	Thị xã Bình Minh	10
29812	Xã Đông Bình	86	Tỉnh Vĩnh Long	Thị xã Bình Minh	10
29813	Phường Đông Thuận	86	Tỉnh Vĩnh Long	Thị xã Bình Minh	8
29815	Xã Mỹ Hòa	86	Tỉnh Vĩnh Long	Thị xã Bình Minh	10
29818	Xã Đông Thành	86	Tỉnh Vĩnh Long	Thị xã Bình Minh	10
29821	Thị trấn Trà Ôn	86	Tỉnh Vĩnh Long	Huyện Trà Ôn	9
29824	Xã Xuân Hiệp	86	Tỉnh Vĩnh Long	Huyện Trà Ôn	10
29827	Xã Nhơn Bình	86	Tỉnh Vĩnh Long	Huyện Trà Ôn	10
29830	Xã Hòa Bình	86	Tỉnh Vĩnh Long	Huyện Trà Ôn	10
29833	Xã Thới Hòa	86	Tỉnh Vĩnh Long	Huyện Trà Ôn	10
29836	Xã Trà Côn	86	Tỉnh Vĩnh Long	Huyện Trà Ôn	10
29839	Xã Tân Mỹ	86	Tỉnh Vĩnh Long	Huyện Trà Ôn	10
29842	Xã Hựu Thành	86	Tỉnh Vĩnh Long	Huyện Trà Ôn	10
29845	Xã Vĩnh Xuân	86	Tỉnh Vĩnh Long	Huyện Trà Ôn	10
29848	Xã Thuận Thới	86	Tỉnh Vĩnh Long	Huyện Trà Ôn	10
29851	Xã Phú Thành	86	Tỉnh Vĩnh Long	Huyện Trà Ôn	10
29854	Xã Thiện Mỹ	86	Tỉnh Vĩnh Long	Huyện Trà Ôn	10
29857	Xã Lục Sỹ Thành	86	Tỉnh Vĩnh Long	Huyện Trà Ôn	10
29860	Xã Tích Thiện	86	Tỉnh Vĩnh Long	Huyện Trà Ôn	10
29863	Phường 11	87	Tỉnh Đồng Tháp	Thành phố Cao Lãnh	8
29866	Phường 1	87	Tỉnh Đồng Tháp	Thành phố Cao Lãnh	8
29869	Phường 2	87	Tỉnh Đồng Tháp	Thành phố Cao Lãnh	8
29872	Phường 4	87	Tỉnh Đồng Tháp	Thành phố Cao Lãnh	8
29875	Phường 3	87	Tỉnh Đồng Tháp	Thành phố Cao Lãnh	8
29878	Phường 6	87	Tỉnh Đồng Tháp	Thành phố Cao Lãnh	8
29881	Xã Mỹ Ngãi	87	Tỉnh Đồng Tháp	Thành phố Cao Lãnh	10
29884	Xã Mỹ Tân	87	Tỉnh Đồng Tháp	Thành phố Cao Lãnh	10
29887	Xã Mỹ Trà	87	Tỉnh Đồng Tháp	Thành phố Cao Lãnh	10
29888	Phường Mỹ Phú	87	Tỉnh Đồng Tháp	Thành phố Cao Lãnh	8
29890	Xã Tân Thuận Tây	87	Tỉnh Đồng Tháp	Thành phố Cao Lãnh	10
29892	Phường Hoà Thuận	87	Tỉnh Đồng Tháp	Thành phố Cao Lãnh	8
29893	Xã Hòa An	87	Tỉnh Đồng Tháp	Thành phố Cao Lãnh	10
29896	Xã Tân Thuận Đông	87	Tỉnh Đồng Tháp	Thành phố Cao Lãnh	10
29899	Xã Tịnh Thới	87	Tỉnh Đồng Tháp	Thành phố Cao Lãnh	10
29902	Phường 3	87	Tỉnh Đồng Tháp	Thành phố Sa Đéc	8
29905	Phường 1	87	Tỉnh Đồng Tháp	Thành phố Sa Đéc	8
29908	Phường 4	87	Tỉnh Đồng Tháp	Thành phố Sa Đéc	8
29911	Phường 2	87	Tỉnh Đồng Tháp	Thành phố Sa Đéc	8
29914	Xã Tân Khánh Đông	87	Tỉnh Đồng Tháp	Thành phố Sa Đéc	10
29917	Phường Tân Quy Đông	87	Tỉnh Đồng Tháp	Thành phố Sa Đéc	8
29919	Phường An Hoà	87	Tỉnh Đồng Tháp	Thành phố Sa Đéc	8
29920	Xã Tân Quy Tây	87	Tỉnh Đồng Tháp	Thành phố Sa Đéc	10
29923	Xã Tân Phú Đông	87	Tỉnh Đồng Tháp	Thành phố Sa Đéc	10
29926	Thị trấn Sa Rài	87	Tỉnh Đồng Tháp	Huyện Tân Hồng	9
29929	Xã Tân Hộ Cơ	87	Tỉnh Đồng Tháp	Huyện Tân Hồng	10
29932	Xã Thông Bình	87	Tỉnh Đồng Tháp	Huyện Tân Hồng	10
29935	Xã Bình Phú	87	Tỉnh Đồng Tháp	Huyện Tân Hồng	10
29938	Xã Tân Thành A	87	Tỉnh Đồng Tháp	Huyện Tân Hồng	10
29941	Xã Tân Thành B	87	Tỉnh Đồng Tháp	Huyện Tân Hồng	10
29944	Xã Tân Phước	87	Tỉnh Đồng Tháp	Huyện Tân Hồng	10
29947	Xã Tân Công Chí	87	Tỉnh Đồng Tháp	Huyện Tân Hồng	10
29950	Xã An Phước	87	Tỉnh Đồng Tháp	Huyện Tân Hồng	10
29954	Phường An Lộc	87	Tỉnh Đồng Tháp	Thành phố Hồng Ngự	8
29955	Phường An Thạnh	87	Tỉnh Đồng Tháp	Thành phố Hồng Ngự	8
29956	Xã Thường Phước 1	87	Tỉnh Đồng Tháp	Huyện Hồng Ngự	10
29959	Xã Bình Thạnh	87	Tỉnh Đồng Tháp	Thành phố Hồng Ngự	10
29962	Xã Thường Thới Hậu A	87	Tỉnh Đồng Tháp	Huyện Hồng Ngự	10
29965	Xã Tân Hội	87	Tỉnh Đồng Tháp	Thành phố Hồng Ngự	10
29971	Thị trấn Thường Thới Tiền	87	Tỉnh Đồng Tháp	Huyện Hồng Ngự	9
29974	Xã Thường Phước 2	87	Tỉnh Đồng Tháp	Huyện Hồng Ngự	10
29977	Xã Thường Lạc	87	Tỉnh Đồng Tháp	Huyện Hồng Ngự	10
29978	Phường An Lạc	87	Tỉnh Đồng Tháp	Thành phố Hồng Ngự	8
29980	Xã Long Khánh A	87	Tỉnh Đồng Tháp	Huyện Hồng Ngự	10
29983	Xã Long Khánh B	87	Tỉnh Đồng Tháp	Huyện Hồng Ngự	10
29986	Phường An Bình B	87	Tỉnh Đồng Tháp	Thành phố Hồng Ngự	8
29989	Phường An Bình A	87	Tỉnh Đồng Tháp	Thành phố Hồng Ngự	8
29992	Xã Long Thuận	87	Tỉnh Đồng Tháp	Huyện Hồng Ngự	10
29995	Xã Phú Thuận B	87	Tỉnh Đồng Tháp	Huyện Hồng Ngự	10
29998	Xã Phú Thuận A	87	Tỉnh Đồng Tháp	Huyện Hồng Ngự	10
30001	Thị trấn Tràm Chim	87	Tỉnh Đồng Tháp	Huyện Tam Nông	9
30004	Xã Hoà Bình	87	Tỉnh Đồng Tháp	Huyện Tam Nông	10
30007	Xã Tân Công Sính	87	Tỉnh Đồng Tháp	Huyện Tam Nông	10
30010	Xã Phú Hiệp	87	Tỉnh Đồng Tháp	Huyện Tam Nông	10
30013	Xã Phú Đức	87	Tỉnh Đồng Tháp	Huyện Tam Nông	10
30016	Xã Phú Thành B	87	Tỉnh Đồng Tháp	Huyện Tam Nông	10
30019	Xã An Hòa	87	Tỉnh Đồng Tháp	Huyện Tam Nông	10
30022	Xã An Long	87	Tỉnh Đồng Tháp	Huyện Tam Nông	10
30025	Xã Phú Cường	87	Tỉnh Đồng Tháp	Huyện Tam Nông	10
30028	Xã Phú Ninh	87	Tỉnh Đồng Tháp	Huyện Tam Nông	10
30031	Xã Phú Thọ	87	Tỉnh Đồng Tháp	Huyện Tam Nông	10
30034	Xã Phú Thành A	87	Tỉnh Đồng Tháp	Huyện Tam Nông	10
30037	Thị trấn Mỹ An	87	Tỉnh Đồng Tháp	Huyện Tháp Mười	9
30040	Xã Thạnh Lợi	87	Tỉnh Đồng Tháp	Huyện Tháp Mười	10
30043	Xã Hưng Thạnh	87	Tỉnh Đồng Tháp	Huyện Tháp Mười	10
30046	Xã Trường Xuân	87	Tỉnh Đồng Tháp	Huyện Tháp Mười	10
30049	Xã Tân Kiều	87	Tỉnh Đồng Tháp	Huyện Tháp Mười	10
30052	Xã Mỹ Hòa	87	Tỉnh Đồng Tháp	Huyện Tháp Mười	10
30055	Xã Mỹ Quý	87	Tỉnh Đồng Tháp	Huyện Tháp Mười	10
30058	Xã Mỹ Đông	87	Tỉnh Đồng Tháp	Huyện Tháp Mười	10
30061	Xã Đốc Binh Kiều	87	Tỉnh Đồng Tháp	Huyện Tháp Mười	10
30064	Xã Mỹ An	87	Tỉnh Đồng Tháp	Huyện Tháp Mười	10
30067	Xã Phú Điền	87	Tỉnh Đồng Tháp	Huyện Tháp Mười	10
30070	Xã Láng Biển	87	Tỉnh Đồng Tháp	Huyện Tháp Mười	10
30073	Xã Thanh Mỹ	87	Tỉnh Đồng Tháp	Huyện Tháp Mười	10
30076	Thị trấn Mỹ Thọ	87	Tỉnh Đồng Tháp	Huyện Cao Lãnh	9
30079	Xã Gáo Giồng	87	Tỉnh Đồng Tháp	Huyện Cao Lãnh	10
30082	Xã Phương Thịnh	87	Tỉnh Đồng Tháp	Huyện Cao Lãnh	10
30085	Xã Ba Sao	87	Tỉnh Đồng Tháp	Huyện Cao Lãnh	10
30088	Xã Phong Mỹ	87	Tỉnh Đồng Tháp	Huyện Cao Lãnh	10
30091	Xã Tân Nghĩa	87	Tỉnh Đồng Tháp	Huyện Cao Lãnh	10
30094	Xã Phương Trà	87	Tỉnh Đồng Tháp	Huyện Cao Lãnh	10
30097	Xã Nhị Mỹ	87	Tỉnh Đồng Tháp	Huyện Cao Lãnh	10
30100	Xã Mỹ Thọ	87	Tỉnh Đồng Tháp	Huyện Cao Lãnh	10
30103	Xã Tân Hội Trung	87	Tỉnh Đồng Tháp	Huyện Cao Lãnh	10
30106	Xã An Bình	87	Tỉnh Đồng Tháp	Huyện Cao Lãnh	10
30109	Xã Mỹ Hội	87	Tỉnh Đồng Tháp	Huyện Cao Lãnh	10
30112	Xã Mỹ Hiệp	87	Tỉnh Đồng Tháp	Huyện Cao Lãnh	10
30115	Xã Mỹ Long	87	Tỉnh Đồng Tháp	Huyện Cao Lãnh	10
30118	Xã Bình Hàng Trung	87	Tỉnh Đồng Tháp	Huyện Cao Lãnh	10
30121	Xã Mỹ Xương	87	Tỉnh Đồng Tháp	Huyện Cao Lãnh	10
30124	Xã Bình Hàng Tây	87	Tỉnh Đồng Tháp	Huyện Cao Lãnh	10
30127	Xã Bình Thạnh	87	Tỉnh Đồng Tháp	Huyện Cao Lãnh	10
30130	Thị trấn Thanh Bình	87	Tỉnh Đồng Tháp	Huyện Thanh Bình	9
30133	Xã Tân Quới	87	Tỉnh Đồng Tháp	Huyện Thanh Bình	10
30136	Xã Tân Hòa	87	Tỉnh Đồng Tháp	Huyện Thanh Bình	10
30139	Xã An Phong	87	Tỉnh Đồng Tháp	Huyện Thanh Bình	10
30142	Xã Phú Lợi	87	Tỉnh Đồng Tháp	Huyện Thanh Bình	10
30145	Xã Tân Mỹ	87	Tỉnh Đồng Tháp	Huyện Thanh Bình	10
30148	Xã Bình Tấn	87	Tỉnh Đồng Tháp	Huyện Thanh Bình	10
30151	Xã Tân Huề	87	Tỉnh Đồng Tháp	Huyện Thanh Bình	10
30154	Xã Tân Bình	87	Tỉnh Đồng Tháp	Huyện Thanh Bình	10
30157	Xã Tân Thạnh	87	Tỉnh Đồng Tháp	Huyện Thanh Bình	10
30160	Xã Tân Phú	87	Tỉnh Đồng Tháp	Huyện Thanh Bình	10
30163	Xã Bình Thành	87	Tỉnh Đồng Tháp	Huyện Thanh Bình	10
30166	Xã Tân Long	87	Tỉnh Đồng Tháp	Huyện Thanh Bình	10
30169	Thị trấn Lấp Vò	87	Tỉnh Đồng Tháp	Huyện Lấp Vò	9
30172	Xã Mỹ An Hưng A	87	Tỉnh Đồng Tháp	Huyện Lấp Vò	10
30175	Xã Tân Mỹ	87	Tỉnh Đồng Tháp	Huyện Lấp Vò	10
30178	Xã Mỹ An Hưng B	87	Tỉnh Đồng Tháp	Huyện Lấp Vò	10
30181	Xã Tân Khánh Trung	87	Tỉnh Đồng Tháp	Huyện Lấp Vò	10
30184	Xã Long Hưng A	87	Tỉnh Đồng Tháp	Huyện Lấp Vò	10
30187	Xã Vĩnh Thạnh	87	Tỉnh Đồng Tháp	Huyện Lấp Vò	10
30190	Xã Long Hưng B	87	Tỉnh Đồng Tháp	Huyện Lấp Vò	10
30193	Xã Bình Thành	87	Tỉnh Đồng Tháp	Huyện Lấp Vò	10
30196	Xã Định An	87	Tỉnh Đồng Tháp	Huyện Lấp Vò	10
30199	Xã Định Yên	87	Tỉnh Đồng Tháp	Huyện Lấp Vò	10
30202	Xã Hội An Đông	87	Tỉnh Đồng Tháp	Huyện Lấp Vò	10
30205	Xã Bình Thạnh Trung	87	Tỉnh Đồng Tháp	Huyện Lấp Vò	10
30208	Thị trấn Lai Vung	87	Tỉnh Đồng Tháp	Huyện Lai Vung	9
30211	Xã Tân Dương	87	Tỉnh Đồng Tháp	Huyện Lai Vung	10
30214	Xã Hòa Thành	87	Tỉnh Đồng Tháp	Huyện Lai Vung	10
30217	Xã Long Hậu	87	Tỉnh Đồng Tháp	Huyện Lai Vung	10
30220	Xã Tân Phước	87	Tỉnh Đồng Tháp	Huyện Lai Vung	10
30223	Xã Hòa Long	87	Tỉnh Đồng Tháp	Huyện Lai Vung	10
30226	Xã Tân Thành	87	Tỉnh Đồng Tháp	Huyện Lai Vung	10
30229	Xã Long Thắng	87	Tỉnh Đồng Tháp	Huyện Lai Vung	10
30232	Xã Vĩnh Thới	87	Tỉnh Đồng Tháp	Huyện Lai Vung	10
30235	Xã Tân Hòa	87	Tỉnh Đồng Tháp	Huyện Lai Vung	10
30238	Xã Định Hòa	87	Tỉnh Đồng Tháp	Huyện Lai Vung	10
30241	Xã Phong Hòa	87	Tỉnh Đồng Tháp	Huyện Lai Vung	10
30244	Thị trấn Cái Tàu Hạ	87	Tỉnh Đồng Tháp	Huyện Châu Thành	9
30247	Xã An Hiệp	87	Tỉnh Đồng Tháp	Huyện Châu Thành	10
30250	Xã An Nhơn	87	Tỉnh Đồng Tháp	Huyện Châu Thành	10
30253	Xã Tân Nhuận Đông	87	Tỉnh Đồng Tháp	Huyện Châu Thành	10
30256	Xã Tân Bình	87	Tỉnh Đồng Tháp	Huyện Châu Thành	10
30259	Xã Tân Phú Trung	87	Tỉnh Đồng Tháp	Huyện Châu Thành	10
30262	Xã Phú Long	87	Tỉnh Đồng Tháp	Huyện Châu Thành	10
30265	Xã An Phú Thuận	87	Tỉnh Đồng Tháp	Huyện Châu Thành	10
30268	Xã Phú Hựu	87	Tỉnh Đồng Tháp	Huyện Châu Thành	10
30271	Xã An Khánh	87	Tỉnh Đồng Tháp	Huyện Châu Thành	10
30274	Xã Tân Phú	87	Tỉnh Đồng Tháp	Huyện Châu Thành	10
30277	Xã Hòa Tân	87	Tỉnh Đồng Tháp	Huyện Châu Thành	10
30280	Phường Mỹ Bình	89	Tỉnh An Giang	Thành phố Long Xuyên	8
30283	Phường Mỹ Long	89	Tỉnh An Giang	Thành phố Long Xuyên	8
30285	Phường Đông Xuyên	89	Tỉnh An Giang	Thành phố Long Xuyên	8
30286	Phường Mỹ Xuyên	89	Tỉnh An Giang	Thành phố Long Xuyên	8
30289	Phường Bình Đức	89	Tỉnh An Giang	Thành phố Long Xuyên	8
30292	Phường Bình Khánh	89	Tỉnh An Giang	Thành phố Long Xuyên	8
30295	Phường Mỹ Phước	89	Tỉnh An Giang	Thành phố Long Xuyên	8
30298	Phường Mỹ Quý	89	Tỉnh An Giang	Thành phố Long Xuyên	8
30301	Phường Mỹ Thới	89	Tỉnh An Giang	Thành phố Long Xuyên	8
30304	Phường Mỹ Thạnh	89	Tỉnh An Giang	Thành phố Long Xuyên	8
30307	Phường Mỹ Hòa	89	Tỉnh An Giang	Thành phố Long Xuyên	8
30310	Xã Mỹ Khánh	89	Tỉnh An Giang	Thành phố Long Xuyên	10
30313	Xã Mỹ Hoà Hưng	89	Tỉnh An Giang	Thành phố Long Xuyên	10
30316	Phường Châu Phú B	89	Tỉnh An Giang	Thành phố Châu Đốc	8
30319	Phường Châu Phú A	89	Tỉnh An Giang	Thành phố Châu Đốc	8
30322	Phường Vĩnh Mỹ	89	Tỉnh An Giang	Thành phố Châu Đốc	8
30325	Phường Núi Sam	89	Tỉnh An Giang	Thành phố Châu Đốc	8
30328	Phường Vĩnh Ngươn	89	Tỉnh An Giang	Thành phố Châu Đốc	8
30331	Xã Vĩnh Tế	89	Tỉnh An Giang	Thành phố Châu Đốc	10
30334	Xã Vĩnh Châu	89	Tỉnh An Giang	Thành phố Châu Đốc	10
30337	Thị trấn An Phú	89	Tỉnh An Giang	Huyện An Phú	9
30340	Xã Khánh An	89	Tỉnh An Giang	Huyện An Phú	10
30341	Thị trấn Long Bình	89	Tỉnh An Giang	Huyện An Phú	9
30343	Xã Khánh Bình	89	Tỉnh An Giang	Huyện An Phú	10
30346	Xã Quốc Thái	89	Tỉnh An Giang	Huyện An Phú	10
30349	Xã Nhơn Hội	89	Tỉnh An Giang	Huyện An Phú	10
30352	Xã Phú Hữu	89	Tỉnh An Giang	Huyện An Phú	10
30355	Xã Phú Hội	89	Tỉnh An Giang	Huyện An Phú	10
30358	Xã Phước Hưng	89	Tỉnh An Giang	Huyện An Phú	10
30361	Xã Vĩnh Lộc	89	Tỉnh An Giang	Huyện An Phú	10
30364	Xã Vĩnh Hậu	89	Tỉnh An Giang	Huyện An Phú	10
30367	Xã Vĩnh Trường	89	Tỉnh An Giang	Huyện An Phú	10
30370	Xã Vĩnh Hội Đông	89	Tỉnh An Giang	Huyện An Phú	10
30373	Thị trấn Đa Phước	89	Tỉnh An Giang	Huyện An Phú	9
30376	Phường Long Thạnh	89	Tỉnh An Giang	Thị xã Tân Châu	8
30377	Phường Long Hưng	89	Tỉnh An Giang	Thị xã Tân Châu	8
30378	Phường Long Châu	89	Tỉnh An Giang	Thị xã Tân Châu	8
30379	Xã Phú Lộc	89	Tỉnh An Giang	Thị xã Tân Châu	10
30382	Xã Vĩnh Xương	89	Tỉnh An Giang	Thị xã Tân Châu	10
30385	Xã Vĩnh Hòa	89	Tỉnh An Giang	Thị xã Tân Châu	10
30387	Xã Tân Thạnh	89	Tỉnh An Giang	Thị xã Tân Châu	10
30388	Xã Tân An	89	Tỉnh An Giang	Thị xã Tân Châu	10
30391	Xã Long An	89	Tỉnh An Giang	Thị xã Tân Châu	10
30394	Phường Long Phú	89	Tỉnh An Giang	Thị xã Tân Châu	8
30397	Xã Châu Phong	89	Tỉnh An Giang	Thị xã Tân Châu	10
30400	Xã Phú Vĩnh	89	Tỉnh An Giang	Thị xã Tân Châu	10
30403	Xã Lê Chánh	89	Tỉnh An Giang	Thị xã Tân Châu	10
30406	Thị trấn Phú Mỹ	89	Tỉnh An Giang	Huyện Phú Tân	9
30409	Thị trấn Chợ Vàm	89	Tỉnh An Giang	Huyện Phú Tân	9
30412	Phường Long Sơn	89	Tỉnh An Giang	Thị xã Tân Châu	8
30415	Xã Long Hoà	89	Tỉnh An Giang	Huyện Phú Tân	10
30418	Xã Phú Long	89	Tỉnh An Giang	Huyện Phú Tân	10
30421	Xã Phú Lâm	89	Tỉnh An Giang	Huyện Phú Tân	10
30424	Xã Phú Hiệp	89	Tỉnh An Giang	Huyện Phú Tân	10
30427	Xã Phú Thạnh	89	Tỉnh An Giang	Huyện Phú Tân	10
30430	Xã Hoà Lạc	89	Tỉnh An Giang	Huyện Phú Tân	10
30433	Xã Phú Thành	89	Tỉnh An Giang	Huyện Phú Tân	10
30436	Xã Phú An	89	Tỉnh An Giang	Huyện Phú Tân	10
30439	Xã Phú Xuân	89	Tỉnh An Giang	Huyện Phú Tân	10
30442	Xã Hiệp Xương	89	Tỉnh An Giang	Huyện Phú Tân	10
30445	Xã Phú Bình	89	Tỉnh An Giang	Huyện Phú Tân	10
30448	Xã Phú Thọ	89	Tỉnh An Giang	Huyện Phú Tân	10
30451	Xã Phú Hưng	89	Tỉnh An Giang	Huyện Phú Tân	10
30454	Xã Bình Thạnh Đông	89	Tỉnh An Giang	Huyện Phú Tân	10
30457	Xã Tân Hòa	89	Tỉnh An Giang	Huyện Phú Tân	10
30460	Xã Tân Trung	89	Tỉnh An Giang	Huyện Phú Tân	10
30463	Thị trấn Cái Dầu	89	Tỉnh An Giang	Huyện Châu Phú	9
30466	Xã Khánh Hòa	89	Tỉnh An Giang	Huyện Châu Phú	10
30469	Xã Mỹ Đức	89	Tỉnh An Giang	Huyện Châu Phú	10
30472	Xã Mỹ Phú	89	Tỉnh An Giang	Huyện Châu Phú	10
30475	Xã Ô Long Vỹ	89	Tỉnh An Giang	Huyện Châu Phú	10
30478	Thị trấn Vĩnh Thạnh Trung	89	Tỉnh An Giang	Huyện Châu Phú	9
30481	Xã Thạnh Mỹ Tây	89	Tỉnh An Giang	Huyện Châu Phú	10
30484	Xã Bình Long	89	Tỉnh An Giang	Huyện Châu Phú	10
30487	Xã Bình Mỹ	89	Tỉnh An Giang	Huyện Châu Phú	10
30490	Xã Bình Thủy	89	Tỉnh An Giang	Huyện Châu Phú	10
30493	Xã Đào Hữu Cảnh	89	Tỉnh An Giang	Huyện Châu Phú	10
30496	Xã Bình Phú	89	Tỉnh An Giang	Huyện Châu Phú	10
30499	Xã Bình Chánh	89	Tỉnh An Giang	Huyện Châu Phú	10
30502	Phường Nhà Bàng	89	Tỉnh An Giang	Thị xã Tịnh Biên	8
30505	Phường Chi Lăng	89	Tỉnh An Giang	Thị xã Tịnh Biên	8
30508	Phường Núi Voi	89	Tỉnh An Giang	Thị xã Tịnh Biên	8
30511	Phường Nhơn Hưng	89	Tỉnh An Giang	Thị xã Tịnh Biên	8
30514	Phường An Phú	89	Tỉnh An Giang	Thị xã Tịnh Biên	8
30517	Phường Thới Sơn	89	Tỉnh An Giang	Thị xã Tịnh Biên	8
30520	Phường Tịnh Biên	89	Tỉnh An Giang	Thị xã Tịnh Biên	8
30523	Xã Văn Giáo	89	Tỉnh An Giang	Thị xã Tịnh Biên	10
30526	Xã An Cư	89	Tỉnh An Giang	Thị xã Tịnh Biên	10
30529	Xã An Nông	89	Tỉnh An Giang	Thị xã Tịnh Biên	10
30532	Xã Vĩnh Trung	89	Tỉnh An Giang	Thị xã Tịnh Biên	10
30535	Xã Tân Lợi	89	Tỉnh An Giang	Thị xã Tịnh Biên	10
30538	Xã An Hảo	89	Tỉnh An Giang	Thị xã Tịnh Biên	10
30541	Xã Tân Lập	89	Tỉnh An Giang	Thị xã Tịnh Biên	10
30544	Thị trấn Tri Tôn	89	Tỉnh An Giang	Huyện Tri Tôn	9
30547	Thị trấn Ba Chúc	89	Tỉnh An Giang	Huyện Tri Tôn	9
30550	Xã Lạc Quới	89	Tỉnh An Giang	Huyện Tri Tôn	10
30553	Xã Lê Trì	89	Tỉnh An Giang	Huyện Tri Tôn	10
30556	Xã Vĩnh Gia	89	Tỉnh An Giang	Huyện Tri Tôn	10
30559	Xã Vĩnh Phước	89	Tỉnh An Giang	Huyện Tri Tôn	10
30562	Xã Châu Lăng	89	Tỉnh An Giang	Huyện Tri Tôn	10
30565	Xã Lương Phi	89	Tỉnh An Giang	Huyện Tri Tôn	10
30568	Xã Lương An Trà	89	Tỉnh An Giang	Huyện Tri Tôn	10
30571	Xã Tà Đảnh	89	Tỉnh An Giang	Huyện Tri Tôn	10
30574	Xã Núi Tô	89	Tỉnh An Giang	Huyện Tri Tôn	10
30577	Xã An Tức	89	Tỉnh An Giang	Huyện Tri Tôn	10
30580	Thị trấn Cô Tô	89	Tỉnh An Giang	Huyện Tri Tôn	9
30583	Xã Tân Tuyến	89	Tỉnh An Giang	Huyện Tri Tôn	10
30586	Xã Ô Lâm	89	Tỉnh An Giang	Huyện Tri Tôn	10
30589	Thị trấn An Châu	89	Tỉnh An Giang	Huyện Châu Thành	9
30592	Xã An Hòa	89	Tỉnh An Giang	Huyện Châu Thành	10
30595	Xã Cần Đăng	89	Tỉnh An Giang	Huyện Châu Thành	10
30598	Xã Vĩnh Hanh	89	Tỉnh An Giang	Huyện Châu Thành	10
30601	Xã Bình Thạnh	89	Tỉnh An Giang	Huyện Châu Thành	10
30604	Thị trấn Vĩnh Bình	89	Tỉnh An Giang	Huyện Châu Thành	9
30607	Xã Bình Hòa	89	Tỉnh An Giang	Huyện Châu Thành	10
30610	Xã Vĩnh An	89	Tỉnh An Giang	Huyện Châu Thành	10
30613	Xã Hòa Bình Thạnh	89	Tỉnh An Giang	Huyện Châu Thành	10
30616	Xã Vĩnh Lợi	89	Tỉnh An Giang	Huyện Châu Thành	10
30619	Xã Vĩnh Nhuận	89	Tỉnh An Giang	Huyện Châu Thành	10
30622	Xã Tân Phú	89	Tỉnh An Giang	Huyện Châu Thành	10
30625	Xã Vĩnh Thành	89	Tỉnh An Giang	Huyện Châu Thành	10
30628	Thị trấn Chợ Mới	89	Tỉnh An Giang	Huyện Chợ Mới	9
30631	Thị trấn Mỹ Luông	89	Tỉnh An Giang	Huyện Chợ Mới	9
30634	Xã Kiến An	89	Tỉnh An Giang	Huyện Chợ Mới	10
30637	Xã Mỹ Hội Đông	89	Tỉnh An Giang	Huyện Chợ Mới	10
30640	Xã Long Điền A	89	Tỉnh An Giang	Huyện Chợ Mới	10
30643	Xã Tấn Mỹ	89	Tỉnh An Giang	Huyện Chợ Mới	10
30646	Xã Long Điền B	89	Tỉnh An Giang	Huyện Chợ Mới	10
30649	Xã Kiến Thành	89	Tỉnh An Giang	Huyện Chợ Mới	10
30652	Xã Mỹ Hiệp	89	Tỉnh An Giang	Huyện Chợ Mới	10
30655	Xã Mỹ An	89	Tỉnh An Giang	Huyện Chợ Mới	10
30658	Xã Nhơn Mỹ	89	Tỉnh An Giang	Huyện Chợ Mới	10
30661	Xã Long Giang	89	Tỉnh An Giang	Huyện Chợ Mới	10
30664	Xã Long Kiến	89	Tỉnh An Giang	Huyện Chợ Mới	10
30667	Xã Bình Phước Xuân	89	Tỉnh An Giang	Huyện Chợ Mới	10
30670	Xã An Thạnh Trung	89	Tỉnh An Giang	Huyện Chợ Mới	10
30673	Thị trấn Hội An	89	Tỉnh An Giang	Huyện Chợ Mới	9
30676	Xã Hòa Bình	89	Tỉnh An Giang	Huyện Chợ Mới	10
30679	Xã Hòa An	89	Tỉnh An Giang	Huyện Chợ Mới	10
30682	Thị trấn Núi Sập	89	Tỉnh An Giang	Huyện Thoại Sơn	9
30685	Thị trấn Phú Hoà	89	Tỉnh An Giang	Huyện Thoại Sơn	9
30688	Thị trấn Óc Eo	89	Tỉnh An Giang	Huyện Thoại Sơn	9
30691	Xã Tây Phú	89	Tỉnh An Giang	Huyện Thoại Sơn	10
30692	Xã An Bình	89	Tỉnh An Giang	Huyện Thoại Sơn	10
30694	Xã Vĩnh Phú	89	Tỉnh An Giang	Huyện Thoại Sơn	10
30697	Xã Vĩnh Trạch	89	Tỉnh An Giang	Huyện Thoại Sơn	10
30700	Xã Phú Thuận	89	Tỉnh An Giang	Huyện Thoại Sơn	10
30703	Xã Vĩnh Chánh	89	Tỉnh An Giang	Huyện Thoại Sơn	10
30706	Xã Định Mỹ	89	Tỉnh An Giang	Huyện Thoại Sơn	10
30709	Xã Định Thành	89	Tỉnh An Giang	Huyện Thoại Sơn	10
30712	Xã Mỹ Phú Đông	89	Tỉnh An Giang	Huyện Thoại Sơn	10
30715	Xã Vọng Đông	89	Tỉnh An Giang	Huyện Thoại Sơn	10
30718	Xã Vĩnh Khánh	89	Tỉnh An Giang	Huyện Thoại Sơn	10
30721	Xã Thoại Giang	89	Tỉnh An Giang	Huyện Thoại Sơn	10
30724	Xã Bình Thành	89	Tỉnh An Giang	Huyện Thoại Sơn	10
30727	Xã Vọng Thê	89	Tỉnh An Giang	Huyện Thoại Sơn	10
30730	Phường Vĩnh Thanh Vân	91	Tỉnh Kiên Giang	Thành phố Rạch Giá	8
30733	Phường Vĩnh Thanh	91	Tỉnh Kiên Giang	Thành phố Rạch Giá	8
30736	Phường Vĩnh Quang	91	Tỉnh Kiên Giang	Thành phố Rạch Giá	8
30739	Phường Vĩnh Hiệp	91	Tỉnh Kiên Giang	Thành phố Rạch Giá	8
30742	Phường Vĩnh Bảo	91	Tỉnh Kiên Giang	Thành phố Rạch Giá	8
30745	Phường Vĩnh Lạc	91	Tỉnh Kiên Giang	Thành phố Rạch Giá	8
30748	Phường An Hòa	91	Tỉnh Kiên Giang	Thành phố Rạch Giá	8
30751	Phường An Bình	91	Tỉnh Kiên Giang	Thành phố Rạch Giá	8
30754	Phường Rạch Sỏi	91	Tỉnh Kiên Giang	Thành phố Rạch Giá	8
30757	Phường Vĩnh Lợi	91	Tỉnh Kiên Giang	Thành phố Rạch Giá	8
30760	Phường Vĩnh Thông	91	Tỉnh Kiên Giang	Thành phố Rạch Giá	8
30763	Xã Phi Thông	91	Tỉnh Kiên Giang	Thành phố Rạch Giá	10
30766	Phường Tô Châu	91	Tỉnh Kiên Giang	Thành phố Hà Tiên	8
30769	Phường Đông Hồ	91	Tỉnh Kiên Giang	Thành phố Hà Tiên	8
30772	Phường Bình San	91	Tỉnh Kiên Giang	Thành phố Hà Tiên	8
30775	Phường Pháo Đài	91	Tỉnh Kiên Giang	Thành phố Hà Tiên	8
30778	Phường Mỹ Đức	91	Tỉnh Kiên Giang	Thành phố Hà Tiên	8
30781	Xã Tiên Hải	91	Tỉnh Kiên Giang	Thành phố Hà Tiên	10
30784	Xã Thuận Yên	91	Tỉnh Kiên Giang	Thành phố Hà Tiên	10
30787	Thị trấn Kiên Lương	91	Tỉnh Kiên Giang	Huyện Kiên Lương	9
30790	Xã Kiên Bình	91	Tỉnh Kiên Giang	Huyện Kiên Lương	10
30791	Xã Vĩnh Phú	91	Tỉnh Kiên Giang	Huyện Giang Thành	10
30793	Xã Vĩnh Điều	91	Tỉnh Kiên Giang	Huyện Giang Thành	10
30796	Xã Tân Khánh Hòa	91	Tỉnh Kiên Giang	Huyện Giang Thành	10
30797	Xã Phú Lợi	91	Tỉnh Kiên Giang	Huyện Giang Thành	10
30799	Xã Phú Mỹ	91	Tỉnh Kiên Giang	Huyện Giang Thành	10
30802	Xã Hòa Điền	91	Tỉnh Kiên Giang	Huyện Kiên Lương	10
30805	Xã Dương Hòa	91	Tỉnh Kiên Giang	Huyện Kiên Lương	10
30808	Xã Bình An	91	Tỉnh Kiên Giang	Huyện Kiên Lương	10
30809	Xã Bình Trị	91	Tỉnh Kiên Giang	Huyện Kiên Lương	10
30811	Xã Sơn Hải	91	Tỉnh Kiên Giang	Huyện Kiên Lương	10
30814	Xã Hòn Nghệ	91	Tỉnh Kiên Giang	Huyện Kiên Lương	10
30817	Thị trấn Hòn Đất	91	Tỉnh Kiên Giang	Huyện Hòn Đất	9
30820	Thị trấn Sóc Sơn	91	Tỉnh Kiên Giang	Huyện Hòn Đất	9
30823	Xã Bình Sơn	91	Tỉnh Kiên Giang	Huyện Hòn Đất	10
30826	Xã Bình Giang	91	Tỉnh Kiên Giang	Huyện Hòn Đất	10
30828	Xã Mỹ Thái	91	Tỉnh Kiên Giang	Huyện Hòn Đất	10
30829	Xã Nam Thái Sơn	91	Tỉnh Kiên Giang	Huyện Hòn Đất	10
30832	Xã Mỹ Hiệp Sơn	91	Tỉnh Kiên Giang	Huyện Hòn Đất	10
30835	Xã Sơn Kiên	91	Tỉnh Kiên Giang	Huyện Hòn Đất	10
30836	Xã Sơn Bình	91	Tỉnh Kiên Giang	Huyện Hòn Đất	10
30838	Xã Mỹ Thuận	91	Tỉnh Kiên Giang	Huyện Hòn Đất	10
30840	Xã Lình Huỳnh	91	Tỉnh Kiên Giang	Huyện Hòn Đất	10
30841	Xã Thổ Sơn	91	Tỉnh Kiên Giang	Huyện Hòn Đất	10
30844	Xã Mỹ Lâm	91	Tỉnh Kiên Giang	Huyện Hòn Đất	10
30847	Xã Mỹ Phước	91	Tỉnh Kiên Giang	Huyện Hòn Đất	10
30850	Thị trấn Tân Hiệp	91	Tỉnh Kiên Giang	Huyện Tân Hiệp	9
30853	Xã Tân Hội	91	Tỉnh Kiên Giang	Huyện Tân Hiệp	10
30856	Xã Tân Thành	91	Tỉnh Kiên Giang	Huyện Tân Hiệp	10
30859	Xã Tân Hiệp B	91	Tỉnh Kiên Giang	Huyện Tân Hiệp	10
30860	Xã Tân Hoà	91	Tỉnh Kiên Giang	Huyện Tân Hiệp	10
30862	Xã Thạnh Đông B	91	Tỉnh Kiên Giang	Huyện Tân Hiệp	10
30865	Xã Thạnh Đông	91	Tỉnh Kiên Giang	Huyện Tân Hiệp	10
30868	Xã Tân Hiệp A	91	Tỉnh Kiên Giang	Huyện Tân Hiệp	10
30871	Xã Tân An	91	Tỉnh Kiên Giang	Huyện Tân Hiệp	10
30874	Xã Thạnh Đông A	91	Tỉnh Kiên Giang	Huyện Tân Hiệp	10
30877	Xã Thạnh Trị	91	Tỉnh Kiên Giang	Huyện Tân Hiệp	10
30880	Thị trấn Minh Lương	91	Tỉnh Kiên Giang	Huyện Châu Thành	9
30883	Xã Mong Thọ A	91	Tỉnh Kiên Giang	Huyện Châu Thành	10
30886	Xã Mong Thọ B	91	Tỉnh Kiên Giang	Huyện Châu Thành	10
30887	Xã Mong Thọ	91	Tỉnh Kiên Giang	Huyện Châu Thành	10
30889	Xã Giục Tượng	91	Tỉnh Kiên Giang	Huyện Châu Thành	10
30892	Xã Vĩnh Hòa Hiệp	91	Tỉnh Kiên Giang	Huyện Châu Thành	10
30893	Xã Vĩnh Hoà Phú	91	Tỉnh Kiên Giang	Huyện Châu Thành	10
30895	Xã Minh Hòa	91	Tỉnh Kiên Giang	Huyện Châu Thành	10
30898	Xã Bình An	91	Tỉnh Kiên Giang	Huyện Châu Thành	10
30901	Xã Thạnh Lộc	91	Tỉnh Kiên Giang	Huyện Châu Thành	10
30904	Thị trấn Giồng Riềng	91	Tỉnh Kiên Giang	Huyện Giồng Riềng	9
30907	Xã Thạnh Hưng	91	Tỉnh Kiên Giang	Huyện Giồng Riềng	10
30910	Xã Thạnh Phước	91	Tỉnh Kiên Giang	Huyện Giồng Riềng	10
30913	Xã Thạnh Lộc	91	Tỉnh Kiên Giang	Huyện Giồng Riềng	10
30916	Xã Thạnh Hòa	91	Tỉnh Kiên Giang	Huyện Giồng Riềng	10
30917	Xã Thạnh Bình	91	Tỉnh Kiên Giang	Huyện Giồng Riềng	10
30919	Xã Bàn Thạch	91	Tỉnh Kiên Giang	Huyện Giồng Riềng	10
30922	Xã Bàn Tân Định	91	Tỉnh Kiên Giang	Huyện Giồng Riềng	10
30925	Xã Ngọc Thành	91	Tỉnh Kiên Giang	Huyện Giồng Riềng	10
30928	Xã Ngọc Chúc	91	Tỉnh Kiên Giang	Huyện Giồng Riềng	10
30931	Xã Ngọc Thuận	91	Tỉnh Kiên Giang	Huyện Giồng Riềng	10
30934	Xã Hòa Hưng	91	Tỉnh Kiên Giang	Huyện Giồng Riềng	10
30937	Xã Hoà Lợi	91	Tỉnh Kiên Giang	Huyện Giồng Riềng	10
30940	Xã Hoà An	91	Tỉnh Kiên Giang	Huyện Giồng Riềng	10
30943	Xã Long Thạnh	91	Tỉnh Kiên Giang	Huyện Giồng Riềng	10
30946	Xã Vĩnh Thạnh	91	Tỉnh Kiên Giang	Huyện Giồng Riềng	10
30947	Xã Vĩnh Phú	91	Tỉnh Kiên Giang	Huyện Giồng Riềng	10
30949	Xã Hòa Thuận	91	Tỉnh Kiên Giang	Huyện Giồng Riềng	10
30950	Xã Ngọc Hoà	91	Tỉnh Kiên Giang	Huyện Giồng Riềng	10
30952	Thị trấn Gò Quao	91	Tỉnh Kiên Giang	Huyện Gò Quao	9
30955	Xã Vĩnh Hòa Hưng Bắc	91	Tỉnh Kiên Giang	Huyện Gò Quao	10
30958	Xã Định Hòa	91	Tỉnh Kiên Giang	Huyện Gò Quao	10
30961	Xã Thới Quản	91	Tỉnh Kiên Giang	Huyện Gò Quao	10
30964	Xã Định An	91	Tỉnh Kiên Giang	Huyện Gò Quao	10
30967	Xã Thủy Liễu	91	Tỉnh Kiên Giang	Huyện Gò Quao	10
30970	Xã Vĩnh Hòa Hưng Nam	91	Tỉnh Kiên Giang	Huyện Gò Quao	10
30973	Xã Vĩnh Phước A	91	Tỉnh Kiên Giang	Huyện Gò Quao	10
30976	Xã Vĩnh Phước B	91	Tỉnh Kiên Giang	Huyện Gò Quao	10
30979	Xã Vĩnh Tuy	91	Tỉnh Kiên Giang	Huyện Gò Quao	10
30982	Xã Vĩnh Thắng	91	Tỉnh Kiên Giang	Huyện Gò Quao	10
30985	Thị trấn Thứ Ba	91	Tỉnh Kiên Giang	Huyện An Biên	9
30988	Xã Tây Yên	91	Tỉnh Kiên Giang	Huyện An Biên	10
30991	Xã Tây Yên A	91	Tỉnh Kiên Giang	Huyện An Biên	10
30994	Xã Nam Yên	91	Tỉnh Kiên Giang	Huyện An Biên	10
30997	Xã Hưng Yên	91	Tỉnh Kiên Giang	Huyện An Biên	10
31000	Xã Nam Thái	91	Tỉnh Kiên Giang	Huyện An Biên	10
31003	Xã Nam Thái A	91	Tỉnh Kiên Giang	Huyện An Biên	10
31006	Xã Đông Thái	91	Tỉnh Kiên Giang	Huyện An Biên	10
31009	Xã Đông Yên	91	Tỉnh Kiên Giang	Huyện An Biên	10
31012	Xã Thạnh Yên	91	Tỉnh Kiên Giang	Huyện U Minh Thượng	10
31015	Xã Thạnh Yên A	91	Tỉnh Kiên Giang	Huyện U Minh Thượng	10
31018	Thị trấn Thứ Mười Một	91	Tỉnh Kiên Giang	Huyện An Minh	9
31021	Xã Thuận Hoà	91	Tỉnh Kiên Giang	Huyện An Minh	10
31024	Xã Đông Hòa	91	Tỉnh Kiên Giang	Huyện An Minh	10
31027	Xã An Minh Bắc	91	Tỉnh Kiên Giang	Huyện U Minh Thượng	10
31030	Xã Đông Thạnh	91	Tỉnh Kiên Giang	Huyện An Minh	10
31031	Xã Tân Thạnh	91	Tỉnh Kiên Giang	Huyện An Minh	10
31033	Xã Đông Hưng	91	Tỉnh Kiên Giang	Huyện An Minh	10
31036	Xã Đông Hưng A	91	Tỉnh Kiên Giang	Huyện An Minh	10
31039	Xã Đông Hưng B	91	Tỉnh Kiên Giang	Huyện An Minh	10
31042	Xã Vân Khánh	91	Tỉnh Kiên Giang	Huyện An Minh	10
31045	Xã Vân Khánh Đông	91	Tỉnh Kiên Giang	Huyện An Minh	10
31048	Xã Vân Khánh Tây	91	Tỉnh Kiên Giang	Huyện An Minh	10
31051	Thị trấn Vĩnh Thuận	91	Tỉnh Kiên Giang	Huyện Vĩnh Thuận	9
31054	Xã Vĩnh Hòa	91	Tỉnh Kiên Giang	Huyện U Minh Thượng	10
31057	Xã Hoà Chánh	91	Tỉnh Kiên Giang	Huyện U Minh Thượng	10
31060	Xã Vĩnh Bình Bắc	91	Tỉnh Kiên Giang	Huyện Vĩnh Thuận	10
31063	Xã Vĩnh Bình Nam	91	Tỉnh Kiên Giang	Huyện Vĩnh Thuận	10
31064	Xã Bình Minh	91	Tỉnh Kiên Giang	Huyện Vĩnh Thuận	10
31066	Xã Minh Thuận	91	Tỉnh Kiên Giang	Huyện U Minh Thượng	10
31069	Xã Vĩnh Thuận	91	Tỉnh Kiên Giang	Huyện Vĩnh Thuận	10
31072	Xã Tân Thuận	91	Tỉnh Kiên Giang	Huyện Vĩnh Thuận	10
31074	Xã Phong Đông	91	Tỉnh Kiên Giang	Huyện Vĩnh Thuận	10
31075	Xã Vĩnh Phong	91	Tỉnh Kiên Giang	Huyện Vĩnh Thuận	10
31078	Phường Dương Đông	91	Tỉnh Kiên Giang	Thành phố Phú Quốc	8
31081	Phường An Thới	91	Tỉnh Kiên Giang	Thành phố Phú Quốc	8
31084	Xã Cửa Cạn	91	Tỉnh Kiên Giang	Thành phố Phú Quốc	10
31087	Xã Gành Dầu	91	Tỉnh Kiên Giang	Thành phố Phú Quốc	10
31090	Xã Cửa Dương	91	Tỉnh Kiên Giang	Thành phố Phú Quốc	10
31093	Xã Hàm Ninh	91	Tỉnh Kiên Giang	Thành phố Phú Quốc	10
31096	Xã Dương Tơ	91	Tỉnh Kiên Giang	Thành phố Phú Quốc	10
31102	Xã Bãi Thơm	91	Tỉnh Kiên Giang	Thành phố Phú Quốc	10
31105	Xã Thổ Châu	91	Tỉnh Kiên Giang	Thành phố Phú Quốc	10
31108	Xã Hòn Tre	91	Tỉnh Kiên Giang	Huyện Kiên Hải	10
31111	Xã Lại Sơn	91	Tỉnh Kiên Giang	Huyện Kiên Hải	10
31114	Xã An Sơn	91	Tỉnh Kiên Giang	Huyện Kiên Hải	10
31115	Xã Nam Du	91	Tỉnh Kiên Giang	Huyện Kiên Hải	10
31117	Phường Cái Khế	92	Thành phố Cần Thơ	Quận Ninh Kiều	8
31120	Phường An Hòa	92	Thành phố Cần Thơ	Quận Ninh Kiều	8
31123	Phường Thới Bình	92	Thành phố Cần Thơ	Quận Ninh Kiều	8
31126	Phường An Nghiệp	92	Thành phố Cần Thơ	Quận Ninh Kiều	8
31129	Phường An Cư	92	Thành phố Cần Thơ	Quận Ninh Kiều	8
31135	Phường Tân An	92	Thành phố Cần Thơ	Quận Ninh Kiều	8
31141	Phường An Phú	92	Thành phố Cần Thơ	Quận Ninh Kiều	8
31144	Phường Xuân Khánh	92	Thành phố Cần Thơ	Quận Ninh Kiều	8
31147	Phường Hưng Lợi	92	Thành phố Cần Thơ	Quận Ninh Kiều	8
31149	Phường An Khánh	92	Thành phố Cần Thơ	Quận Ninh Kiều	8
31150	Phường An Bình	92	Thành phố Cần Thơ	Quận Ninh Kiều	8
31153	Phường Châu Văn Liêm	92	Thành phố Cần Thơ	Quận Ô Môn	8
31154	Phường Thới Hòa	92	Thành phố Cần Thơ	Quận Ô Môn	8
31156	Phường Thới Long	92	Thành phố Cần Thơ	Quận Ô Môn	8
31157	Phường Long Hưng	92	Thành phố Cần Thơ	Quận Ô Môn	8
31159	Phường Thới An	92	Thành phố Cần Thơ	Quận Ô Môn	8
31162	Phường Phước Thới	92	Thành phố Cần Thơ	Quận Ô Môn	8
31165	Phường Trường Lạc	92	Thành phố Cần Thơ	Quận Ô Môn	8
31168	Phường Bình Thủy	92	Thành phố Cần Thơ	Quận Bình Thuỷ	8
31169	Phường Trà An	92	Thành phố Cần Thơ	Quận Bình Thuỷ	8
31171	Phường Trà Nóc	92	Thành phố Cần Thơ	Quận Bình Thuỷ	8
31174	Phường Thới An Đông	92	Thành phố Cần Thơ	Quận Bình Thuỷ	8
31177	Phường An Thới	92	Thành phố Cần Thơ	Quận Bình Thuỷ	8
31178	Phường Bùi Hữu Nghĩa	92	Thành phố Cần Thơ	Quận Bình Thuỷ	8
31180	Phường Long Hòa	92	Thành phố Cần Thơ	Quận Bình Thuỷ	8
31183	Phường Long Tuyền	92	Thành phố Cần Thơ	Quận Bình Thuỷ	8
31186	Phường Lê Bình	92	Thành phố Cần Thơ	Quận Cái Răng	8
31189	Phường Hưng Phú	92	Thành phố Cần Thơ	Quận Cái Răng	8
31192	Phường Hưng Thạnh	92	Thành phố Cần Thơ	Quận Cái Răng	8
31195	Phường Ba Láng	92	Thành phố Cần Thơ	Quận Cái Răng	8
31198	Phường Thường Thạnh	92	Thành phố Cần Thơ	Quận Cái Răng	8
31201	Phường Phú Thứ	92	Thành phố Cần Thơ	Quận Cái Răng	8
31204	Phường Tân Phú	92	Thành phố Cần Thơ	Quận Cái Răng	8
31207	Phường Thốt Nốt	92	Thành phố Cần Thơ	Quận Thốt Nốt	8
31210	Phường Thới Thuận	92	Thành phố Cần Thơ	Quận Thốt Nốt	8
31211	Xã Vĩnh Bình	92	Thành phố Cần Thơ	Huyện Vĩnh Thạnh	10
31212	Phường Thuận An	92	Thành phố Cần Thơ	Quận Thốt Nốt	8
31213	Phường Tân Lộc	92	Thành phố Cần Thơ	Quận Thốt Nốt	8
31216	Phường Trung Nhứt	92	Thành phố Cần Thơ	Quận Thốt Nốt	8
31217	Phường Thạnh Hoà	92	Thành phố Cần Thơ	Quận Thốt Nốt	8
31219	Phường Trung Kiên	92	Thành phố Cần Thơ	Quận Thốt Nốt	8
31222	Xã Trung An	92	Thành phố Cần Thơ	Huyện Cờ Đỏ	10
31225	Xã Trung Thạnh	92	Thành phố Cần Thơ	Huyện Cờ Đỏ	10
31227	Phường Tân Hưng	92	Thành phố Cần Thơ	Quận Thốt Nốt	8
31228	Phường Thuận Hưng	92	Thành phố Cần Thơ	Quận Thốt Nốt	8
31231	Thị trấn Thanh An	92	Thành phố Cần Thơ	Huyện Vĩnh Thạnh	9
31232	Thị trấn Vĩnh Thạnh	92	Thành phố Cần Thơ	Huyện Vĩnh Thạnh	9
31234	Xã Thạnh Mỹ	92	Thành phố Cần Thơ	Huyện Vĩnh Thạnh	10
31237	Xã Vĩnh Trinh	92	Thành phố Cần Thơ	Huyện Vĩnh Thạnh	10
31240	Xã Thạnh An	92	Thành phố Cần Thơ	Huyện Vĩnh Thạnh	10
31241	Xã Thạnh Tiến	92	Thành phố Cần Thơ	Huyện Vĩnh Thạnh	10
31243	Xã Thạnh Thắng	92	Thành phố Cần Thơ	Huyện Vĩnh Thạnh	10
31244	Xã Thạnh Lợi	92	Thành phố Cần Thơ	Huyện Vĩnh Thạnh	10
31246	Xã Thạnh Qưới	92	Thành phố Cần Thơ	Huyện Vĩnh Thạnh	10
31249	Xã Thạnh Phú	92	Thành phố Cần Thơ	Huyện Cờ Đỏ	10
31252	Xã Thạnh Lộc	92	Thành phố Cần Thơ	Huyện Vĩnh Thạnh	10
31255	Xã Trung Hưng	92	Thành phố Cần Thơ	Huyện Cờ Đỏ	10
31258	Thị trấn Thới Lai	92	Thành phố Cần Thơ	Huyện Thới Lai	9
31261	Thị trấn Cờ Đỏ	92	Thành phố Cần Thơ	Huyện Cờ Đỏ	9
31264	Xã Thới Hưng	92	Thành phố Cần Thơ	Huyện Cờ Đỏ	10
31267	Xã Thới Thạnh	92	Thành phố Cần Thơ	Huyện Thới Lai	10
31268	Xã Tân Thạnh	92	Thành phố Cần Thơ	Huyện Thới Lai	10
31270	Xã Xuân Thắng	92	Thành phố Cần Thơ	Huyện Thới Lai	10
31273	Xã Đông Hiệp	92	Thành phố Cần Thơ	Huyện Cờ Đỏ	10
31274	Xã Đông Thắng	92	Thành phố Cần Thơ	Huyện Cờ Đỏ	10
31276	Xã Thới Đông	92	Thành phố Cần Thơ	Huyện Cờ Đỏ	10
31277	Xã Thới Xuân	92	Thành phố Cần Thơ	Huyện Cờ Đỏ	10
31279	Xã Đông Bình	92	Thành phố Cần Thơ	Huyện Thới Lai	10
31282	Xã Đông Thuận	92	Thành phố Cần Thơ	Huyện Thới Lai	10
31285	Xã Thới Tân	92	Thành phố Cần Thơ	Huyện Thới Lai	10
31286	Xã Trường Thắng	92	Thành phố Cần Thơ	Huyện Thới Lai	10
31288	Xã Định Môn	92	Thành phố Cần Thơ	Huyện Thới Lai	10
31291	Xã Trường Thành	92	Thành phố Cần Thơ	Huyện Thới Lai	10
31294	Xã Trường Xuân	92	Thành phố Cần Thơ	Huyện Thới Lai	10
31297	Xã Trường Xuân A	92	Thành phố Cần Thơ	Huyện Thới Lai	10
31298	Xã Trường Xuân B	92	Thành phố Cần Thơ	Huyện Thới Lai	10
31299	Thị trấn Phong Điền	92	Thành phố Cần Thơ	Huyện Phong Điền	9
31300	Xã Nhơn Ái	92	Thành phố Cần Thơ	Huyện Phong Điền	10
31303	Xã Giai Xuân	92	Thành phố Cần Thơ	Huyện Phong Điền	10
31306	Xã Tân Thới	92	Thành phố Cần Thơ	Huyện Phong Điền	10
31309	Xã Trường Long	92	Thành phố Cần Thơ	Huyện Phong Điền	10
31312	Xã Mỹ Khánh	92	Thành phố Cần Thơ	Huyện Phong Điền	10
31315	Xã Nhơn Nghĩa	92	Thành phố Cần Thơ	Huyện Phong Điền	10
31318	Phường I	93	Tỉnh Hậu Giang	Thành phố Vị Thanh	8
31321	Phường III	93	Tỉnh Hậu Giang	Thành phố Vị Thanh	8
31324	Phường IV	93	Tỉnh Hậu Giang	Thành phố Vị Thanh	8
31327	Phường V	93	Tỉnh Hậu Giang	Thành phố Vị Thanh	8
31330	Phường VII	93	Tỉnh Hậu Giang	Thành phố Vị Thanh	8
31333	Xã Vị Tân	93	Tỉnh Hậu Giang	Thành phố Vị Thanh	10
31336	Xã Hoả Lựu	93	Tỉnh Hậu Giang	Thành phố Vị Thanh	10
31338	Xã Tân Tiến	93	Tỉnh Hậu Giang	Thành phố Vị Thanh	10
31339	Xã Hoả Tiến	93	Tỉnh Hậu Giang	Thành phố Vị Thanh	10
31340	Phường Ngã Bảy	93	Tỉnh Hậu Giang	Thành phố Ngã Bảy	8
31341	Phường Lái Hiếu	93	Tỉnh Hậu Giang	Thành phố Ngã Bảy	8
31342	Thị trấn Một Ngàn	93	Tỉnh Hậu Giang	Huyện Châu Thành A	9
31343	Phường Hiệp Thành	93	Tỉnh Hậu Giang	Thành phố Ngã Bảy	8
31344	Phường Hiệp Lợi	93	Tỉnh Hậu Giang	Thành phố Ngã Bảy	8
31345	Xã Tân Hoà	93	Tỉnh Hậu Giang	Huyện Châu Thành A	10
31346	Thị trấn Bảy Ngàn	93	Tỉnh Hậu Giang	Huyện Châu Thành A	9
31348	Xã Trường Long Tây	93	Tỉnh Hậu Giang	Huyện Châu Thành A	10
31351	Xã Trường Long A	93	Tỉnh Hậu Giang	Huyện Châu Thành A	10
31357	Xã Nhơn Nghĩa A	93	Tỉnh Hậu Giang	Huyện Châu Thành A	10
31359	Thị trấn Rạch Gòi	93	Tỉnh Hậu Giang	Huyện Châu Thành A	9
31360	Xã Thạnh Xuân	93	Tỉnh Hậu Giang	Huyện Châu Thành A	10
31362	Thị trấn Cái Tắc	93	Tỉnh Hậu Giang	Huyện Châu Thành A	9
31363	Xã Tân Phú Thạnh	93	Tỉnh Hậu Giang	Huyện Châu Thành A	10
31366	Thị trấn Ngã Sáu	93	Tỉnh Hậu Giang	Huyện Châu Thành	9
31369	Xã Đông Thạnh	93	Tỉnh Hậu Giang	Huyện Châu Thành	10
31375	Xã Đông Phú	93	Tỉnh Hậu Giang	Huyện Châu Thành	10
31378	Xã Phú Hữu	93	Tỉnh Hậu Giang	Huyện Châu Thành	10
31379	Xã Phú Tân	93	Tỉnh Hậu Giang	Huyện Châu Thành	10
31381	Thị trấn Mái Dầm	93	Tỉnh Hậu Giang	Huyện Châu Thành	9
31384	Xã Đông Phước	93	Tỉnh Hậu Giang	Huyện Châu Thành	10
31387	Xã Đông Phước A	93	Tỉnh Hậu Giang	Huyện Châu Thành	10
31393	Thị trấn Kinh Cùng	93	Tỉnh Hậu Giang	Huyện Phụng Hiệp	9
31396	Thị trấn Cây Dương	93	Tỉnh Hậu Giang	Huyện Phụng Hiệp	9
31399	Xã Tân Bình	93	Tỉnh Hậu Giang	Huyện Phụng Hiệp	10
31402	Xã Bình Thành	93	Tỉnh Hậu Giang	Huyện Phụng Hiệp	10
31405	Xã Thạnh Hòa	93	Tỉnh Hậu Giang	Huyện Phụng Hiệp	10
31408	Xã Long Thạnh	93	Tỉnh Hậu Giang	Huyện Phụng Hiệp	10
31411	Xã Đại Thành	93	Tỉnh Hậu Giang	Thành phố Ngã Bảy	10
31414	Xã Tân Thành	93	Tỉnh Hậu Giang	Thành phố Ngã Bảy	10
31417	Xã Phụng Hiệp	93	Tỉnh Hậu Giang	Huyện Phụng Hiệp	10
31420	Xã Hòa Mỹ	93	Tỉnh Hậu Giang	Huyện Phụng Hiệp	10
31423	Xã Hòa An	93	Tỉnh Hậu Giang	Huyện Phụng Hiệp	10
31426	Xã Phương Bình	93	Tỉnh Hậu Giang	Huyện Phụng Hiệp	10
31429	Xã Hiệp Hưng	93	Tỉnh Hậu Giang	Huyện Phụng Hiệp	10
31432	Xã Tân Phước Hưng	93	Tỉnh Hậu Giang	Huyện Phụng Hiệp	10
31433	Thị trấn Búng Tàu	93	Tỉnh Hậu Giang	Huyện Phụng Hiệp	9
31435	Xã Phương Phú	93	Tỉnh Hậu Giang	Huyện Phụng Hiệp	10
31438	Xã Tân Long	93	Tỉnh Hậu Giang	Huyện Phụng Hiệp	10
31441	Thị trấn Nàng Mau	93	Tỉnh Hậu Giang	Huyện Vị Thuỷ	9
31444	Xã Vị Trung	93	Tỉnh Hậu Giang	Huyện Vị Thuỷ	10
31447	Xã Vị Thuỷ	93	Tỉnh Hậu Giang	Huyện Vị Thuỷ	10
31450	Xã Vị Thắng	93	Tỉnh Hậu Giang	Huyện Vị Thuỷ	10
31453	Xã Vĩnh Thuận Tây	93	Tỉnh Hậu Giang	Huyện Vị Thuỷ	10
31456	Xã Vĩnh Trung	93	Tỉnh Hậu Giang	Huyện Vị Thuỷ	10
31459	Xã Vĩnh Tường	93	Tỉnh Hậu Giang	Huyện Vị Thuỷ	10
31462	Xã Vị Đông	93	Tỉnh Hậu Giang	Huyện Vị Thuỷ	10
31465	Xã Vị Thanh	93	Tỉnh Hậu Giang	Huyện Vị Thuỷ	10
31468	Xã Vị Bình	93	Tỉnh Hậu Giang	Huyện Vị Thuỷ	10
31471	Phường Thuận An	93	Tỉnh Hậu Giang	Thị xã Long Mỹ	8
31472	Phường Trà Lồng	93	Tỉnh Hậu Giang	Thị xã Long Mỹ	8
31473	Phường Bình Thạnh	93	Tỉnh Hậu Giang	Thị xã Long Mỹ	8
31474	Xã Long Bình	93	Tỉnh Hậu Giang	Thị xã Long Mỹ	10
31475	Phường Vĩnh Tường	93	Tỉnh Hậu Giang	Thị xã Long Mỹ	8
31477	Xã Long Trị	93	Tỉnh Hậu Giang	Thị xã Long Mỹ	10
31478	Xã Long Trị A	93	Tỉnh Hậu Giang	Thị xã Long Mỹ	10
31480	Xã Long Phú	93	Tỉnh Hậu Giang	Thị xã Long Mỹ	10
31481	Xã Tân Phú	93	Tỉnh Hậu Giang	Thị xã Long Mỹ	10
31483	Xã Thuận Hưng	93	Tỉnh Hậu Giang	Huyện Long Mỹ	10
31484	Xã Thuận Hòa	93	Tỉnh Hậu Giang	Huyện Long Mỹ	10
31486	Xã Vĩnh Thuận Đông	93	Tỉnh Hậu Giang	Huyện Long Mỹ	10
31489	Thị trấn Vĩnh Viễn	93	Tỉnh Hậu Giang	Huyện Long Mỹ	9
31490	Xã Vĩnh Viễn A	93	Tỉnh Hậu Giang	Huyện Long Mỹ	10
31492	Xã Lương Tâm	93	Tỉnh Hậu Giang	Huyện Long Mỹ	10
31493	Xã Lương Nghĩa	93	Tỉnh Hậu Giang	Huyện Long Mỹ	10
31495	Xã Xà Phiên	93	Tỉnh Hậu Giang	Huyện Long Mỹ	10
31498	Phường 5	94	Tỉnh Sóc Trăng	Thành phố Sóc Trăng	8
31501	Phường 7	94	Tỉnh Sóc Trăng	Thành phố Sóc Trăng	8
31504	Phường 8	94	Tỉnh Sóc Trăng	Thành phố Sóc Trăng	8
31507	Phường 6	94	Tỉnh Sóc Trăng	Thành phố Sóc Trăng	8
31510	Phường 2	94	Tỉnh Sóc Trăng	Thành phố Sóc Trăng	8
31513	Phường 1	94	Tỉnh Sóc Trăng	Thành phố Sóc Trăng	8
31516	Phường 4	94	Tỉnh Sóc Trăng	Thành phố Sóc Trăng	8
31519	Phường 3	94	Tỉnh Sóc Trăng	Thành phố Sóc Trăng	8
31522	Phường 9	94	Tỉnh Sóc Trăng	Thành phố Sóc Trăng	8
31525	Phường 10	94	Tỉnh Sóc Trăng	Thành phố Sóc Trăng	8
31528	Thị trấn Kế Sách	94	Tỉnh Sóc Trăng	Huyện Kế Sách	9
31531	Thị trấn An Lạc Thôn	94	Tỉnh Sóc Trăng	Huyện Kế Sách	9
31534	Xã Xuân Hòa	94	Tỉnh Sóc Trăng	Huyện Kế Sách	10
31537	Xã Phong Nẫm	94	Tỉnh Sóc Trăng	Huyện Kế Sách	10
31540	Xã An Lạc Tây	94	Tỉnh Sóc Trăng	Huyện Kế Sách	10
31543	Xã Trinh Phú	94	Tỉnh Sóc Trăng	Huyện Kế Sách	10
31546	Xã Ba Trinh	94	Tỉnh Sóc Trăng	Huyện Kế Sách	10
31549	Xã Thới An Hội	94	Tỉnh Sóc Trăng	Huyện Kế Sách	10
31552	Xã Nhơn Mỹ	94	Tỉnh Sóc Trăng	Huyện Kế Sách	10
31555	Xã Kế Thành	94	Tỉnh Sóc Trăng	Huyện Kế Sách	10
31558	Xã Kế An	94	Tỉnh Sóc Trăng	Huyện Kế Sách	10
31561	Xã Đại Hải	94	Tỉnh Sóc Trăng	Huyện Kế Sách	10
31564	Xã An Mỹ	94	Tỉnh Sóc Trăng	Huyện Kế Sách	10
31567	Thị trấn Huỳnh Hữu Nghĩa	94	Tỉnh Sóc Trăng	Huyện Mỹ Tú	9
31569	Thị trấn Châu Thành	94	Tỉnh Sóc Trăng	Huyện Châu Thành	9
31570	Xã Hồ Đắc Kiện	94	Tỉnh Sóc Trăng	Huyện Châu Thành	10
31573	Xã Phú Tâm	94	Tỉnh Sóc Trăng	Huyện Châu Thành	10
31576	Xã Thuận Hòa	94	Tỉnh Sóc Trăng	Huyện Châu Thành	10
31579	Xã Long Hưng	94	Tỉnh Sóc Trăng	Huyện Mỹ Tú	10
31582	Xã Phú Tân	94	Tỉnh Sóc Trăng	Huyện Châu Thành	10
31585	Xã Thiện Mỹ	94	Tỉnh Sóc Trăng	Huyện Châu Thành	10
31588	Xã Hưng Phú	94	Tỉnh Sóc Trăng	Huyện Mỹ Tú	10
31591	Xã Mỹ Hương	94	Tỉnh Sóc Trăng	Huyện Mỹ Tú	10
31594	Xã An Hiệp	94	Tỉnh Sóc Trăng	Huyện Châu Thành	10
31597	Xã Mỹ Tú	94	Tỉnh Sóc Trăng	Huyện Mỹ Tú	10
31600	Xã An Ninh	94	Tỉnh Sóc Trăng	Huyện Châu Thành	10
31603	Xã Mỹ Phước	94	Tỉnh Sóc Trăng	Huyện Mỹ Tú	10
31606	Xã Thuận Hưng	94	Tỉnh Sóc Trăng	Huyện Mỹ Tú	10
31609	Xã Mỹ Thuận	94	Tỉnh Sóc Trăng	Huyện Mỹ Tú	10
31612	Xã Phú Mỹ	94	Tỉnh Sóc Trăng	Huyện Mỹ Tú	10
31615	Thị trấn Cù Lao Dung	94	Tỉnh Sóc Trăng	Huyện Cù Lao Dung	9
31618	Xã An Thạnh 1	94	Tỉnh Sóc Trăng	Huyện Cù Lao Dung	10
31621	Xã An Thạnh Tây	94	Tỉnh Sóc Trăng	Huyện Cù Lao Dung	10
31624	Xã An Thạnh Đông	94	Tỉnh Sóc Trăng	Huyện Cù Lao Dung	10
31627	Xã Đại Ân 1	94	Tỉnh Sóc Trăng	Huyện Cù Lao Dung	10
31630	Xã An Thạnh 2	94	Tỉnh Sóc Trăng	Huyện Cù Lao Dung	10
31633	Xã An Thạnh 3	94	Tỉnh Sóc Trăng	Huyện Cù Lao Dung	10
31636	Xã An Thạnh Nam	94	Tỉnh Sóc Trăng	Huyện Cù Lao Dung	10
31639	Thị trấn Long Phú	94	Tỉnh Sóc Trăng	Huyện Long Phú	9
31642	Xã Song Phụng	94	Tỉnh Sóc Trăng	Huyện Long Phú	10
31645	Thị trấn Đại Ngãi	94	Tỉnh Sóc Trăng	Huyện Long Phú	9
31648	Xã Hậu Thạnh	94	Tỉnh Sóc Trăng	Huyện Long Phú	10
31651	Xã Long Đức	94	Tỉnh Sóc Trăng	Huyện Long Phú	10
31654	Xã Trường Khánh	94	Tỉnh Sóc Trăng	Huyện Long Phú	10
31657	Xã Phú Hữu	94	Tỉnh Sóc Trăng	Huyện Long Phú	10
31660	Xã Tân Hưng	94	Tỉnh Sóc Trăng	Huyện Long Phú	10
31663	Xã Châu Khánh	94	Tỉnh Sóc Trăng	Huyện Long Phú	10
31666	Xã Tân Thạnh	94	Tỉnh Sóc Trăng	Huyện Long Phú	10
31669	Xã Long Phú	94	Tỉnh Sóc Trăng	Huyện Long Phú	10
31672	Xã Đại Ân 2	94	Tỉnh Sóc Trăng	Huyện Trần Đề	10
31673	Thị trấn Trần Đề	94	Tỉnh Sóc Trăng	Huyện Trần Đề	9
31675	Xã Liêu Tú	94	Tỉnh Sóc Trăng	Huyện Trần Đề	10
31678	Xã Lịch Hội Thượng	94	Tỉnh Sóc Trăng	Huyện Trần Đề	10
31679	Thị trấn Lịch Hội Thượng	94	Tỉnh Sóc Trăng	Huyện Trần Đề	9
31681	Xã Trung Bình	94	Tỉnh Sóc Trăng	Huyện Trần Đề	10
31684	Thị trấn Mỹ Xuyên	94	Tỉnh Sóc Trăng	Huyện Mỹ Xuyên	9
31687	Xã Tài Văn	94	Tỉnh Sóc Trăng	Huyện Trần Đề	10
31690	Xã Đại Tâm	94	Tỉnh Sóc Trăng	Huyện Mỹ Xuyên	10
31693	Xã Tham Đôn	94	Tỉnh Sóc Trăng	Huyện Mỹ Xuyên	10
31696	Xã Viên An	94	Tỉnh Sóc Trăng	Huyện Trần Đề	10
31699	Xã Thạnh Thới An	94	Tỉnh Sóc Trăng	Huyện Trần Đề	10
31702	Xã Thạnh Thới Thuận	94	Tỉnh Sóc Trăng	Huyện Trần Đề	10
31705	Xã Viên Bình	94	Tỉnh Sóc Trăng	Huyện Trần Đề	10
31708	Xã Thạnh Phú	94	Tỉnh Sóc Trăng	Huyện Mỹ Xuyên	10
31711	Xã Ngọc Đông	94	Tỉnh Sóc Trăng	Huyện Mỹ Xuyên	10
31714	Xã Thạnh Quới	94	Tỉnh Sóc Trăng	Huyện Mỹ Xuyên	10
31717	Xã Hòa Tú 1	94	Tỉnh Sóc Trăng	Huyện Mỹ Xuyên	10
31720	Xã Gia Hòa 1	94	Tỉnh Sóc Trăng	Huyện Mỹ Xuyên	10
31723	Xã Ngọc Tố	94	Tỉnh Sóc Trăng	Huyện Mỹ Xuyên	10
31726	Xã Gia Hòa 2	94	Tỉnh Sóc Trăng	Huyện Mỹ Xuyên	10
31729	Xã Hòa Tú II	94	Tỉnh Sóc Trăng	Huyện Mỹ Xuyên	10
31732	Phường 1	94	Tỉnh Sóc Trăng	Thị xã Ngã Năm	8
31735	Phường 2	94	Tỉnh Sóc Trăng	Thị xã Ngã Năm	8
31738	Xã Vĩnh Quới	94	Tỉnh Sóc Trăng	Thị xã Ngã Năm	10
31741	Xã Tân Long	94	Tỉnh Sóc Trăng	Thị xã Ngã Năm	10
31744	Xã Long Bình	94	Tỉnh Sóc Trăng	Thị xã Ngã Năm	10
31747	Phường 3	94	Tỉnh Sóc Trăng	Thị xã Ngã Năm	8
31750	Xã Mỹ Bình	94	Tỉnh Sóc Trăng	Thị xã Ngã Năm	10
31753	Xã Mỹ Quới	94	Tỉnh Sóc Trăng	Thị xã Ngã Năm	10
31756	Thị trấn Phú Lộc	94	Tỉnh Sóc Trăng	Huyện Thạnh Trị	9
31757	Thị trấn Hưng Lợi	94	Tỉnh Sóc Trăng	Huyện Thạnh Trị	9
31759	Xã Lâm Tân	94	Tỉnh Sóc Trăng	Huyện Thạnh Trị	10
31762	Xã Thạnh Tân	94	Tỉnh Sóc Trăng	Huyện Thạnh Trị	10
31765	Xã Lâm Kiết	94	Tỉnh Sóc Trăng	Huyện Thạnh Trị	10
31768	Xã Tuân Tức	94	Tỉnh Sóc Trăng	Huyện Thạnh Trị	10
31771	Xã Vĩnh Thành	94	Tỉnh Sóc Trăng	Huyện Thạnh Trị	10
31774	Xã Thạnh Trị	94	Tỉnh Sóc Trăng	Huyện Thạnh Trị	10
31777	Xã Vĩnh Lợi	94	Tỉnh Sóc Trăng	Huyện Thạnh Trị	10
31780	Xã Châu Hưng	94	Tỉnh Sóc Trăng	Huyện Thạnh Trị	10
31783	Phường 1	94	Tỉnh Sóc Trăng	Thị xã Vĩnh Châu	8
31786	Xã Hòa Đông	94	Tỉnh Sóc Trăng	Thị xã Vĩnh Châu	10
31789	Phường Khánh Hòa	94	Tỉnh Sóc Trăng	Thị xã Vĩnh Châu	8
31792	Xã Vĩnh Hiệp	94	Tỉnh Sóc Trăng	Thị xã Vĩnh Châu	10
31795	Xã Vĩnh Hải	94	Tỉnh Sóc Trăng	Thị xã Vĩnh Châu	10
31798	Xã Lạc Hòa	94	Tỉnh Sóc Trăng	Thị xã Vĩnh Châu	10
31801	Phường 2	94	Tỉnh Sóc Trăng	Thị xã Vĩnh Châu	8
31804	Phường Vĩnh Phước	94	Tỉnh Sóc Trăng	Thị xã Vĩnh Châu	8
31807	Xã Vĩnh Tân	94	Tỉnh Sóc Trăng	Thị xã Vĩnh Châu	10
31810	Xã Lai Hòa	94	Tỉnh Sóc Trăng	Thị xã Vĩnh Châu	10
31813	Phường 2	95	Tỉnh Bạc Liêu	Thành phố Bạc Liêu	8
31816	Phường 3	95	Tỉnh Bạc Liêu	Thành phố Bạc Liêu	8
31819	Phường 5	95	Tỉnh Bạc Liêu	Thành phố Bạc Liêu	8
31822	Phường 7	95	Tỉnh Bạc Liêu	Thành phố Bạc Liêu	8
31825	Phường 1	95	Tỉnh Bạc Liêu	Thành phố Bạc Liêu	8
31828	Phường 8	95	Tỉnh Bạc Liêu	Thành phố Bạc Liêu	8
31831	Phường Nhà Mát	95	Tỉnh Bạc Liêu	Thành phố Bạc Liêu	8
31834	Xã Vĩnh Trạch	95	Tỉnh Bạc Liêu	Thành phố Bạc Liêu	10
31837	Xã Vĩnh Trạch Đông	95	Tỉnh Bạc Liêu	Thành phố Bạc Liêu	10
31840	Xã Hiệp Thành	95	Tỉnh Bạc Liêu	Thành phố Bạc Liêu	10
31843	Thị trấn Ngan Dừa	95	Tỉnh Bạc Liêu	Huyện Hồng Dân	9
31846	Xã Ninh Quới	95	Tỉnh Bạc Liêu	Huyện Hồng Dân	10
31849	Xã Ninh Quới A	95	Tỉnh Bạc Liêu	Huyện Hồng Dân	10
31852	Xã Ninh Hòa	95	Tỉnh Bạc Liêu	Huyện Hồng Dân	10
31855	Xã Lộc Ninh	95	Tỉnh Bạc Liêu	Huyện Hồng Dân	10
31858	Xã Vĩnh Lộc	95	Tỉnh Bạc Liêu	Huyện Hồng Dân	10
31861	Xã Vĩnh Lộc A	95	Tỉnh Bạc Liêu	Huyện Hồng Dân	10
31863	Xã Ninh Thạnh Lợi A	95	Tỉnh Bạc Liêu	Huyện Hồng Dân	10
31864	Xã Ninh Thạnh Lợi	95	Tỉnh Bạc Liêu	Huyện Hồng Dân	10
31867	Thị trấn Phước Long	95	Tỉnh Bạc Liêu	Huyện Phước Long	9
31870	Xã Vĩnh Phú Đông	95	Tỉnh Bạc Liêu	Huyện Phước Long	10
31873	Xã Vĩnh Phú Tây	95	Tỉnh Bạc Liêu	Huyện Phước Long	10
31876	Xã Phước Long	95	Tỉnh Bạc Liêu	Huyện Phước Long	10
31879	Xã Hưng Phú	95	Tỉnh Bạc Liêu	Huyện Phước Long	10
31882	Xã Vĩnh Thanh	95	Tỉnh Bạc Liêu	Huyện Phước Long	10
31885	Xã Phong Thạnh Tây A	95	Tỉnh Bạc Liêu	Huyện Phước Long	10
31888	Xã Phong Thạnh Tây B	95	Tỉnh Bạc Liêu	Huyện Phước Long	10
31891	Thị trấn Hòa Bình	95	Tỉnh Bạc Liêu	Huyện Hoà Bình	9
31894	Xã Vĩnh Hưng	95	Tỉnh Bạc Liêu	Huyện Vĩnh Lợi	10
31897	Xã Vĩnh Hưng A	95	Tỉnh Bạc Liêu	Huyện Vĩnh Lợi	10
31900	Thị trấn Châu Hưng	95	Tỉnh Bạc Liêu	Huyện Vĩnh Lợi	9
31903	Xã Châu Hưng A	95	Tỉnh Bạc Liêu	Huyện Vĩnh Lợi	10
31906	Xã Hưng Thành	95	Tỉnh Bạc Liêu	Huyện Vĩnh Lợi	10
31909	Xã Hưng Hội	95	Tỉnh Bạc Liêu	Huyện Vĩnh Lợi	10
31912	Xã Châu Thới	95	Tỉnh Bạc Liêu	Huyện Vĩnh Lợi	10
31915	Xã Minh Diệu	95	Tỉnh Bạc Liêu	Huyện Hoà Bình	10
31918	Xã Vĩnh Bình	95	Tỉnh Bạc Liêu	Huyện Hoà Bình	10
31921	Xã Long Thạnh	95	Tỉnh Bạc Liêu	Huyện Vĩnh Lợi	10
31924	Xã Vĩnh Mỹ B	95	Tỉnh Bạc Liêu	Huyện Hoà Bình	10
31927	Xã Vĩnh Hậu	95	Tỉnh Bạc Liêu	Huyện Hoà Bình	10
31930	Xã Vĩnh Hậu A	95	Tỉnh Bạc Liêu	Huyện Hoà Bình	10
31933	Xã Vĩnh Mỹ A	95	Tỉnh Bạc Liêu	Huyện Hoà Bình	10
31936	Xã Vĩnh Thịnh	95	Tỉnh Bạc Liêu	Huyện Hoà Bình	10
31942	Phường 1	95	Tỉnh Bạc Liêu	Thị xã Giá Rai	8
31945	Phường Hộ Phòng	95	Tỉnh Bạc Liêu	Thị xã Giá Rai	8
31948	Xã Phong Thạnh Đông	95	Tỉnh Bạc Liêu	Thị xã Giá Rai	10
31951	Phường Láng Tròn	95	Tỉnh Bạc Liêu	Thị xã Giá Rai	8
31954	Xã Phong Tân	95	Tỉnh Bạc Liêu	Thị xã Giá Rai	10
31957	Xã Tân Phong	95	Tỉnh Bạc Liêu	Thị xã Giá Rai	10
31960	Xã Phong Thạnh	95	Tỉnh Bạc Liêu	Thị xã Giá Rai	10
31963	Xã Phong Thạnh A	95	Tỉnh Bạc Liêu	Thị xã Giá Rai	10
31966	Xã Phong Thạnh Tây	95	Tỉnh Bạc Liêu	Thị xã Giá Rai	10
31969	Xã Tân Thạnh	95	Tỉnh Bạc Liêu	Thị xã Giá Rai	10
31972	Thị trấn Gành Hào	95	Tỉnh Bạc Liêu	Huyện Đông Hải	9
31975	Xã Long Điền Đông	95	Tỉnh Bạc Liêu	Huyện Đông Hải	10
31978	Xã Long Điền Đông A	95	Tỉnh Bạc Liêu	Huyện Đông Hải	10
31981	Xã Long Điền	95	Tỉnh Bạc Liêu	Huyện Đông Hải	10
31984	Xã Long Điền Tây	95	Tỉnh Bạc Liêu	Huyện Đông Hải	10
31985	Xã Điền Hải	95	Tỉnh Bạc Liêu	Huyện Đông Hải	10
31987	Xã An Trạch	95	Tỉnh Bạc Liêu	Huyện Đông Hải	10
31988	Xã An Trạch A	95	Tỉnh Bạc Liêu	Huyện Đông Hải	10
31990	Xã An Phúc	95	Tỉnh Bạc Liêu	Huyện Đông Hải	10
31993	Xã Định Thành	95	Tỉnh Bạc Liêu	Huyện Đông Hải	10
31996	Xã Định Thành A	95	Tỉnh Bạc Liêu	Huyện Đông Hải	10
31999	Phường 9	96	Tỉnh Cà Mau	Thành phố Cà Mau	8
32002	Phường 4	96	Tỉnh Cà Mau	Thành phố Cà Mau	8
32005	Phường 1	96	Tỉnh Cà Mau	Thành phố Cà Mau	8
32008	Phường 5	96	Tỉnh Cà Mau	Thành phố Cà Mau	8
32011	Phường 2	96	Tỉnh Cà Mau	Thành phố Cà Mau	8
32014	Phường 8	96	Tỉnh Cà Mau	Thành phố Cà Mau	8
32017	Phường 6	96	Tỉnh Cà Mau	Thành phố Cà Mau	8
32020	Phường 7	96	Tỉnh Cà Mau	Thành phố Cà Mau	8
32022	Phường Tân Xuyên	96	Tỉnh Cà Mau	Thành phố Cà Mau	8
32023	Xã An Xuyên	96	Tỉnh Cà Mau	Thành phố Cà Mau	10
32025	Phường Tân Thành	96	Tỉnh Cà Mau	Thành phố Cà Mau	8
32026	Xã Tân Thành	96	Tỉnh Cà Mau	Thành phố Cà Mau	10
32029	Xã Tắc Vân	96	Tỉnh Cà Mau	Thành phố Cà Mau	10
32032	Xã Lý Văn Lâm	96	Tỉnh Cà Mau	Thành phố Cà Mau	10
32035	Xã Định Bình	96	Tỉnh Cà Mau	Thành phố Cà Mau	10
32038	Xã Hòa Thành	96	Tỉnh Cà Mau	Thành phố Cà Mau	10
32041	Xã Hòa Tân	96	Tỉnh Cà Mau	Thành phố Cà Mau	10
32044	Thị trấn U Minh	96	Tỉnh Cà Mau	Huyện U Minh	9
32047	Xã Khánh Hòa	96	Tỉnh Cà Mau	Huyện U Minh	10
32048	Xã Khánh Thuận	96	Tỉnh Cà Mau	Huyện U Minh	10
32050	Xã Khánh Tiến	96	Tỉnh Cà Mau	Huyện U Minh	10
32053	Xã Nguyễn Phích	96	Tỉnh Cà Mau	Huyện U Minh	10
32056	Xã Khánh Lâm	96	Tỉnh Cà Mau	Huyện U Minh	10
32059	Xã Khánh An	96	Tỉnh Cà Mau	Huyện U Minh	10
32062	Xã Khánh Hội	96	Tỉnh Cà Mau	Huyện U Minh	10
32065	Thị trấn Thới Bình	96	Tỉnh Cà Mau	Huyện Thới Bình	9
32068	Xã Biển Bạch	96	Tỉnh Cà Mau	Huyện Thới Bình	10
32069	Xã Tân Bằng	96	Tỉnh Cà Mau	Huyện Thới Bình	10
32071	Xã Trí Phải	96	Tỉnh Cà Mau	Huyện Thới Bình	10
32072	Xã Trí Lực	96	Tỉnh Cà Mau	Huyện Thới Bình	10
32074	Xã Biển Bạch Đông	96	Tỉnh Cà Mau	Huyện Thới Bình	10
32077	Xã Thới Bình	96	Tỉnh Cà Mau	Huyện Thới Bình	10
32080	Xã Tân Phú	96	Tỉnh Cà Mau	Huyện Thới Bình	10
32083	Xã Tân Lộc Bắc	96	Tỉnh Cà Mau	Huyện Thới Bình	10
32086	Xã Tân Lộc	96	Tỉnh Cà Mau	Huyện Thới Bình	10
32089	Xã Tân Lộc Đông	96	Tỉnh Cà Mau	Huyện Thới Bình	10
32092	Xã Hồ Thị Kỷ	96	Tỉnh Cà Mau	Huyện Thới Bình	10
32095	Thị trấn Trần Văn Thời	96	Tỉnh Cà Mau	Huyện Trần Văn Thời	9
32098	Thị trấn Sông Đốc	96	Tỉnh Cà Mau	Huyện Trần Văn Thời	9
32101	Xã Khánh Bình Tây Bắc	96	Tỉnh Cà Mau	Huyện Trần Văn Thời	10
32104	Xã Khánh Bình Tây	96	Tỉnh Cà Mau	Huyện Trần Văn Thời	10
32107	Xã Trần Hợi	96	Tỉnh Cà Mau	Huyện Trần Văn Thời	10
32108	Xã Khánh Lộc	96	Tỉnh Cà Mau	Huyện Trần Văn Thời	10
32110	Xã Khánh Bình	96	Tỉnh Cà Mau	Huyện Trần Văn Thời	10
32113	Xã Khánh Hưng	96	Tỉnh Cà Mau	Huyện Trần Văn Thời	10
32116	Xã Khánh Bình Đông	96	Tỉnh Cà Mau	Huyện Trần Văn Thời	10
32119	Xã Khánh Hải	96	Tỉnh Cà Mau	Huyện Trần Văn Thời	10
32122	Xã Lợi An	96	Tỉnh Cà Mau	Huyện Trần Văn Thời	10
32124	Xã Phong Điền	96	Tỉnh Cà Mau	Huyện Trần Văn Thời	10
32125	Xã Phong Lạc	96	Tỉnh Cà Mau	Huyện Trần Văn Thời	10
32128	Thị trấn Cái Nước	96	Tỉnh Cà Mau	Huyện Cái Nước	9
32130	Xã Thạnh Phú	96	Tỉnh Cà Mau	Huyện Cái Nước	10
32131	Xã Lương Thế Trân	96	Tỉnh Cà Mau	Huyện Cái Nước	10
32134	Xã Phú Hưng	96	Tỉnh Cà Mau	Huyện Cái Nước	10
32137	Xã Tân Hưng	96	Tỉnh Cà Mau	Huyện Cái Nước	10
32140	Xã Hưng Mỹ	96	Tỉnh Cà Mau	Huyện Cái Nước	10
32141	Xã Hoà Mỹ	96	Tỉnh Cà Mau	Huyện Cái Nước	10
32142	Xã Đông Hưng	96	Tỉnh Cà Mau	Huyện Cái Nước	10
32143	Xã Đông Thới	96	Tỉnh Cà Mau	Huyện Cái Nước	10
32146	Xã Tân Hưng Đông	96	Tỉnh Cà Mau	Huyện Cái Nước	10
32149	Xã Trần Thới	96	Tỉnh Cà Mau	Huyện Cái Nước	10
32152	Thị trấn Đầm Dơi	96	Tỉnh Cà Mau	Huyện Đầm Dơi	9
32155	Xã Tạ An Khương	96	Tỉnh Cà Mau	Huyện Đầm Dơi	10
32158	Xã Tạ An Khương Đông	96	Tỉnh Cà Mau	Huyện Đầm Dơi	10
32161	Xã Trần Phán	96	Tỉnh Cà Mau	Huyện Đầm Dơi	10
32162	Xã Tân Trung	96	Tỉnh Cà Mau	Huyện Đầm Dơi	10
32164	Xã Tân Đức	96	Tỉnh Cà Mau	Huyện Đầm Dơi	10
32167	Xã Tân Thuận	96	Tỉnh Cà Mau	Huyện Đầm Dơi	10
32170	Xã Tạ An Khương Nam	96	Tỉnh Cà Mau	Huyện Đầm Dơi	10
32173	Xã Tân Duyệt	96	Tỉnh Cà Mau	Huyện Đầm Dơi	10
32174	Xã Tân Dân	96	Tỉnh Cà Mau	Huyện Đầm Dơi	10
32176	Xã Tân Tiến	96	Tỉnh Cà Mau	Huyện Đầm Dơi	10
32179	Xã Quách Phẩm Bắc	96	Tỉnh Cà Mau	Huyện Đầm Dơi	10
32182	Xã Quách Phẩm	96	Tỉnh Cà Mau	Huyện Đầm Dơi	10
32185	Xã Thanh Tùng	96	Tỉnh Cà Mau	Huyện Đầm Dơi	10
32186	Xã Ngọc Chánh	96	Tỉnh Cà Mau	Huyện Đầm Dơi	10
32188	Xã Nguyễn Huân	96	Tỉnh Cà Mau	Huyện Đầm Dơi	10
32191	Thị trấn Năm Căn	96	Tỉnh Cà Mau	Huyện Năm Căn	9
32194	Xã Hàm Rồng	96	Tỉnh Cà Mau	Huyện Năm Căn	10
32197	Xã Hiệp Tùng	96	Tỉnh Cà Mau	Huyện Năm Căn	10
32200	Xã Đất Mới	96	Tỉnh Cà Mau	Huyện Năm Căn	10
32201	Xã Lâm Hải	96	Tỉnh Cà Mau	Huyện Năm Căn	10
32203	Xã Hàng Vịnh	96	Tỉnh Cà Mau	Huyện Năm Căn	10
32206	Xã Tam Giang	96	Tỉnh Cà Mau	Huyện Năm Căn	10
32209	Xã Tam Giang Đông	96	Tỉnh Cà Mau	Huyện Năm Căn	10
32212	Thị trấn Cái Đôi Vàm	96	Tỉnh Cà Mau	Huyện Phú Tân	9
32214	Xã Phú Thuận	96	Tỉnh Cà Mau	Huyện Phú Tân	10
32215	Xã Phú Mỹ	96	Tỉnh Cà Mau	Huyện Phú Tân	10
32218	Xã Phú Tân	96	Tỉnh Cà Mau	Huyện Phú Tân	10
32221	Xã Tân Hải	96	Tỉnh Cà Mau	Huyện Phú Tân	10
32224	Xã Việt Thắng	96	Tỉnh Cà Mau	Huyện Phú Tân	10
32227	Xã Tân Hưng Tây	96	Tỉnh Cà Mau	Huyện Phú Tân	10
32228	Xã Rạch Chèo	96	Tỉnh Cà Mau	Huyện Phú Tân	10
32230	Xã Nguyễn Việt Khái	96	Tỉnh Cà Mau	Huyện Phú Tân	10
32233	Xã Tam Giang Tây	96	Tỉnh Cà Mau	Huyện Ngọc Hiển	10
32236	Xã Tân Ân Tây	96	Tỉnh Cà Mau	Huyện Ngọc Hiển	10
32239	Xã Viên An Đông	96	Tỉnh Cà Mau	Huyện Ngọc Hiển	10
32242	Xã Viên An	96	Tỉnh Cà Mau	Huyện Ngọc Hiển	10
32244	Thị trấn Rạch Gốc	96	Tỉnh Cà Mau	Huyện Ngọc Hiển	9
32245	Xã Tân Ân	96	Tỉnh Cà Mau	Huyện Ngọc Hiển	10
32248	Xã Đất Mũi	96	Tỉnh Cà Mau	Huyện Ngọc Hiển	10
