old_ward_code	old_ward_name	old_district_name	old_province_code	old_province_name	new_province_code	new_ward_code	status	candidates
00001	Phường Phúc Xá	Quận Ba Đình	01	Thành phố Hà Nội	01	00097	exact	00097:Phường Hồng Hà
00004	Phường Trúc Bạch	Quận Ba Đình	01	Thành phố Hà Nội	01	00004	exact	00004:Phường Ba Đình
00006	Phường Vĩnh Phúc	Quận Ba Đình	01	Thành phố Hà Nội	01	00008	exact	00008:Phường Ngọc Hà
00007	Phường Cống Vị	Quận Ba Đình	01	Thành phố Hà Nội	01		split	00008:Phường Ngọc Hà|00025:Phường Giảng Võ
00008	Phường Liễu Giai	Quận Ba Đình	01	Thành phố Hà Nội	01	00008	exact	00008:Phường Ngọc Hà
00010	Phường Nguyễn Trung Trực	Quận Ba Đình	01	Thành phố Hà Nội	01		not_found	
00013	Phường Quán Thánh	Quận Ba Đình	01	Thành phố Hà Nội	01	00004	exact	00004:Phường Ba Đình
00016	Phường Ngọc Hà	Quận Ba Đình	01	Thành phố Hà Nội	01	00004	exact	00004:Phường Ba Đình
00019	Phường Điện Biên	Quận Ba Đình	01	Thành phố Hà Nội	01	00190	partial	00190:Phường Ô Chợ Dừa
00022	Phường Đội Cấn	Quận Ba Đình	01	Thành phố Hà Nội	01	00008	partial	00008:Phường Ngọc Hà
00025	Phường Ngọc Khánh	Quận Ba Đình	01	Thành phố Hà Nội	01		split	00008:Phường Ngọc Hà|00025:Phường Giảng Võ|00199:Phường Láng
00028	Phường Kim Mã	Quận Ba Đình	01	Thành phố Hà Nội	01		split	00008:Phường Ngọc Hà|00004:Phường Ba Đình
00031	Phường Giảng Võ	Quận Ba Đình	01	Thành phố Hà Nội	01	00025	exact	00025:Phường Giảng Võ
00034	Phường Thành Công	Quận Ba Đình	01	Thành phố Hà Nội	01	00025	exact	00025:Phường Giảng Võ
00037	Phường Phúc Tân	Quận Hoàn Kiếm	01	Thành phố Hà Nội	01	00097	exact	00097:Phường Hồng Hà
00040	Phường Đồng Xuân	Quận Hoàn Kiếm	01	Thành phố Hà Nội	01	00070	exact	00070:Phường Hoàn Kiếm
00043	Phường Hàng Mã	Quận Hoàn Kiếm	01	Thành phố Hà Nội	01	00070	exact	00070:Phường Hoàn Kiếm
00046	Phường Hàng Buồm	Quận Hoàn Kiếm	01	Thành phố Hà Nội	01	00070	exact	00070:Phường Hoàn Kiếm
00049	Phường Hàng Đào	Quận Hoàn Kiếm	01	Thành phố Hà Nội	01	00070	exact	00070:Phường Hoàn Kiếm
00052	Phường Hàng Bồ	Quận Hoàn Kiếm	01	Thành phố Hà Nội	01	00070	exact	00070:Phường Hoàn Kiếm
00055	Phường Cửa Đông	Quận Hoàn Kiếm	01	Thành phố Hà Nội	01	00070	exact	00070:Phường Hoàn Kiếm
00058	Phường Lý Thái Tổ	Quận Hoàn Kiếm	01	Thành phố Hà Nội	01	00070	exact	00070:Phường Hoàn Kiếm
00061	Phường Hàng Bạc	Quận Hoàn Kiếm	01	Thành phố Hà Nội	01	00070	exact	00070:Phường Hoàn Kiếm
00064	Phường Hàng Gai	Quận Hoàn Kiếm	01	Thành phố Hà Nội	01	00070	exact	00070:Phường Hoàn Kiếm
00067	Phường Chương Dương	Quận Hoàn Kiếm	01	Thành phố Hà Nội	01	00097	exact	00097:Phường Hồng Hà
00070	Phường Hàng Trống	Quận Hoàn Kiếm	01	Thành phố Hà Nội	01		not_found	
00073	Phường Cửa Nam	Quận Hoàn Kiếm	01	Thành phố Hà Nội	01		split	00082:Phường Cửa Nam|00070:Phường Hoàn Kiếm|00004:Phường Ba Đình
00076	Phường Hàng Bông	Quận Hoàn Kiếm	01	Thành phố Hà Nội	01	00082	partial	00082:Phường Cửa Nam
00079	Phường Tràng Tiền	Quận Hoàn Kiếm	01	Thành phố Hà Nội	01		not_found	
00082	Phường Trần Hưng Đạo	Quận Hoàn Kiếm	01	Thành phố Hà Nội	01	00082	exact	00082:Phường Cửa Nam
00085	Phường Phan Chu Trinh	Quận Hoàn Kiếm	01	Thành phố Hà Nội	01	00082	exact	00082:Phường Cửa Nam
00088	Phường Hàng Bài	Quận Hoàn Kiếm	01	Thành phố Hà Nội	01	00082	exact	00082:Phường Cửa Nam
00091	Phường Phú Thượng	Quận Tây Hồ	01	Thành phố Hà Nội	01	00091	partial	00091:Phường Phú Thượng
00094	Phường Nhật Tân	Quận Tây Hồ	01	Thành phố Hà Nội	01		split	00097:Phường Hồng Hà|00103:Phường Tây Hồ
00097	Phường Tứ Liên	Quận Tây Hồ	01	Thành phố Hà Nội	01	00097	exact	00097:Phường Hồng Hà
00100	Phường Quảng An	Quận Tây Hồ	01	Thành phố Hà Nội	01		split	00097:Phường Hồng Hà|00103:Phường Tây Hồ
00103	Phường Xuân La	Quận Tây Hồ	01	Thành phố Hà Nội	01		split	00091:Phường Phú Thượng|00160:Phường Nghĩa Đô|00103:Phường Tây Hồ
00106	Phường Yên Phụ	Quận Tây Hồ	01	Thành phố Hà Nội	01	00097	exact	00097:Phường Hồng Hà
00109	Phường Bưởi	Quận Tây Hồ	01	Thành phố Hà Nội	01	00103	exact	00103:Phường Tây Hồ
00112	Phường Thụy Khuê	Quận Tây Hồ	01	Thành phố Hà Nội	01	00004	exact	00004:Phường Ba Đình
00115	Phường Thượng Thanh	Quận Long Biên	01	Thành phố Hà Nội	01	00118	exact	00118:Phường Bồ Đề
00118	Phường Ngọc Thụy	Quận Long Biên	01	Thành phố Hà Nội	01	00118	partial	00118:Phường Bồ Đề
00121	Phường Giang Biên	Quận Long Biên	01	Thành phố Hà Nội	01		split	00127:Phường Việt Hưng|00136:Phường Phúc Lợi
00124	Phường Đức Giang	Quận Long Biên	01	Thành phố Hà Nội	01	00118	exact	00118:Phường Bồ Đề
00127	Phường Việt Hưng	Quận Long Biên	01	Thành phố Hà Nội	01		split	00127:Phường Việt Hưng|00136:Phường Phúc Lợi
00130	Phường Gia Thụy	Quận Long Biên	01	Thành phố Hà Nội	01	00127	partial	00127:Phường Việt Hưng
00133	Phường Ngọc Lâm	Quận Long Biên	01	Thành phố Hà Nội	01	00118	exact	00118:Phường Bồ Đề
00136	Phường Phúc Lợi	Quận Long Biên	01	Thành phố Hà Nội	01	00127	exact	00127:Phường Việt Hưng
00139	Phường Bồ Đề	Quận Long Biên	01	Thành phố Hà Nội	01		split	00097:Phường Hồng Hà|00145:Phường Long Biên
00142	Phường Sài Đồng	Quận Long Biên	01	Thành phố Hà Nội	01		not_found	
00145	Phường Long Biên	Quận Long Biên	01	Thành phố Hà Nội	01	00145	exact	00145:Phường Long Biên
00148	Phường Thạch Bàn	Quận Long Biên	01	Thành phố Hà Nội	01	00577	partial	00577:Xã Bát Tràng
00151	Phường Phúc Đồng	Quận Long Biên	01	Thành phố Hà Nội	01		split	00118:Phường Bồ Đề|00145:Phường Long Biên|00127:Phường Việt Hưng
00154	Phường Cự Khối	Quận Long Biên	01	Thành phố Hà Nội	01	00577	partial	00577:Xã Bát Tràng
00157	Phường Nghĩa Đô	Quận Cầu Giấy	01	Thành phố Hà Nội	01		split	00160:Phường Nghĩa Đô|00008:Phường Ngọc Hà
00160	Phường Nghĩa Tân	Quận Cầu Giấy	01	Thành phố Hà Nội	01	00160	exact	00160:Phường Nghĩa Đô
00163	Phường Mai Dịch	Quận Cầu Giấy	01	Thành phố Hà Nội	01		split	00160:Phường Nghĩa Đô|00592:Phường Từ Liêm|00619:Phường Phú Diễn
00166	Phường Dịch Vọng	Quận Cầu Giấy	01	Thành phố Hà Nội	01	00160	partial	00160:Phường Nghĩa Đô
00167	Phường Dịch Vọng Hậu	Quận Cầu Giấy	01	Thành phố Hà Nội	01	00166	exact	00166:Phường Cầu Giấy
00169	Phường Quan Hoa	Quận Cầu Giấy	01	Thành phố Hà Nội	01	00166	exact	00166:Phường Cầu Giấy
00172	Phường Yên Hoà	Quận Cầu Giấy	01	Thành phố Hà Nội	01	00175	partial	00175:Phường Yên Hòa
00175	Phường Trung Hoà	Quận Cầu Giấy	01	Thành phố Hà Nội	01		split	00367:Phường Thanh Xuân|00175:Phường Yên Hòa
00178	Phường Cát Linh	Quận Đống Đa	01	Thành phố Hà Nội	01		split	00025:Phường Giảng Võ|00190:Phường Ô Chợ Dừa
00181	Phường Văn Miếu	Quận Đống Đa	01	Thành phố Hà Nội	01		not_found	
00184	Phường Quốc Tử Giám	Quận Đống Đa	01	Thành phố Hà Nội	01		not_found	
00187	Phường Láng Thượng	Quận Đống Đa	01	Thành phố Hà Nội	01	00199	exact	00199:Phường Láng
00190	Phường Ô Chợ Dừa	Quận Đống Đa	01	Thành phố Hà Nội	01	00235	exact	00235:Phường Đống Đa
00193	Phường Văn Chương	Quận Đống Đa	01	Thành phố Hà Nội	01	00226	exact	00226:Phường Văn Miếu - Quốc Tử Giám
00196	Phường Hàng Bột	Quận Đống Đa	01	Thành phố Hà Nội	01	00226	exact	00226:Phường Văn Miếu - Quốc Tử Giám
00199	Phường Láng Hạ	Quận Đống Đa	01	Thành phố Hà Nội	01	00199	partial	00199:Phường Láng
00202	Phường Khâm Thiên	Quận Đống Đa	01	Thành phố Hà Nội	01	00226	exact	00226:Phường Văn Miếu - Quốc Tử Giám
00205	Phường Thổ Quan	Quận Đống Đa	01	Thành phố Hà Nội	01	00226	exact	00226:Phường Văn Miếu - Quốc Tử Giám
00208	Phường Nam Đồng	Quận Đống Đa	01	Thành phố Hà Nội	01		split	00229:Phường Kim Liên|00235:Phường Đống Đa
00211	Phường Trung Phụng	Quận Đống Đa	01	Thành phố Hà Nội	01		not_found	
00214	Phường Quang Trung	Quận Đống Đa	01	Thành phố Hà Nội	01	00235	exact	00235:Phường Đống Đa
00217	Phường Trung Liệt	Quận Đống Đa	01	Thành phố Hà Nội	01		split	00229:Phường Kim Liên|00235:Phường Đống Đa
00220	Phường Phương Liên	Quận Đống Đa	01	Thành phố Hà Nội	01		not_found	
00223	Phường Thịnh Quang	Quận Đống Đa	01	Thành phố Hà Nội	01	00235	exact	00235:Phường Đống Đa
00226	Phường Trung Tự	Quận Đống Đa	01	Thành phố Hà Nội	01		not_found	
00229	Phường Kim Liên	Quận Đống Đa	01	Thành phố Hà Nội	01	00229	exact	00229:Phường Kim Liên
00232	Phường Phương Mai	Quận Đống Đa	01	Thành phố Hà Nội	01		split	00292:Phường Bạch Mai|00229:Phường Kim Liên
00235	Phường Ngã Tư Sở	Quận Đống Đa	01	Thành phố Hà Nội	01		not_found	
00238	Phường Khương Thượng	Quận Đống Đa	01	Thành phố Hà Nội	01	00229	exact	00229:Phường Kim Liên
00241	Phường Nguyễn Du	Quận Hai Bà Trưng	01	Thành phố Hà Nội	01		split	00256:Phường Hai Bà Trưng|00082:Phường Cửa Nam
00244	Phường Bạch Đằng	Quận Hai Bà Trưng	01	Thành phố Hà Nội	01	00256	exact	00256:Phường Hai Bà Trưng
00247	Phường Phạm Đình Hổ	Quận Hai Bà Trưng	01	Thành phố Hà Nội	01		split	00256:Phường Hai Bà Trưng|00082:Phường Cửa Nam
00256	Phường Lê Đại Hành	Quận Hai Bà Trưng	01	Thành phố Hà Nội	01		split	00256:Phường Hai Bà Trưng|00292:Phường Bạch Mai
00259	Phường Đồng Nhân	Quận Hai Bà Trưng	01	Thành phố Hà Nội	01	00256	exact	00256:Phường Hai Bà Trưng
00262	Phường Phố Huế	Quận Hai Bà Trưng	01	Thành phố Hà Nội	01	00256	exact	00256:Phường Hai Bà Trưng
00265	Phường Đống Mác	Quận Hai Bà Trưng	01	Thành phố Hà Nội	01		not_found	
00268	Phường Thanh Lương	Quận Hai Bà Trưng	01	Thành phố Hà Nội	01		split	00097:Phường Hồng Hà|00283:Phường Vĩnh Tuy|00328:Phường Lĩnh Nam
00271	Phường Thanh Nhàn	Quận Hai Bà Trưng	01	Thành phố Hà Nội	01	00256	exact	00256:Phường Hai Bà Trưng
00274	Phường Cầu Dền	Quận Hai Bà Trưng	01	Thành phố Hà Nội	01		not_found	
00277	Phường Bách Khoa	Quận Hai Bà Trưng	01	Thành phố Hà Nội	01	00292	exact	00292:Phường Bạch Mai
00280	Phường Đồng Tâm	Quận Hai Bà Trưng	01	Thành phố Hà Nội	01	00292	exact	00292:Phường Bạch Mai
00283	Phường Vĩnh Tuy	Quận Hai Bà Trưng	01	Thành phố Hà Nội	01	00283	exact	00283:Phường Vĩnh Tuy
00286	Phường Bạch Mai	Quận Hai Bà Trưng	01	Thành phố Hà Nội	01	00292	exact	00292:Phường Bạch Mai
00289	Phường Quỳnh Mai	Quận Hai Bà Trưng	01	Thành phố Hà Nội	01	00292	exact	00292:Phường Bạch Mai
00292	Phường Quỳnh Lôi	Quận Hai Bà Trưng	01	Thành phố Hà Nội	01		not_found	
00295	Phường Minh Khai	Quận Hai Bà Trưng	01	Thành phố Hà Nội	01		split	00292:Phường Bạch Mai|00322:Phường Tương Mai
00298	Phường Trương Định	Quận Hai Bà Trưng	01	Thành phố Hà Nội	01	00292	exact	00292:Phường Bạch Mai
00301	Phường Thanh Trì	Quận Hoàng Mai	01	Thành phố Hà Nội	01		split	00328:Phường Lĩnh Nam|00301:Phường Vĩnh Hưng
00304	Phường Vĩnh Hưng	Quận Hoàng Mai	01	Thành phố Hà Nội	01		split	00331:Phường Hoàng Mai|00283:Phường Vĩnh Tuy|00301:Phường Vĩnh Hưng
00307	Phường Định Công	Quận Hoàng Mai	01	Thành phố Hà Nội	01	00316	exact	00316:Phường Định Công
00310	Phường Mai Động	Quận Hoàng Mai	01	Thành phố Hà Nội	01		split	00322:Phường Tương Mai|00283:Phường Vĩnh Tuy
00313	Phường Tương Mai	Quận Hoàng Mai	01	Thành phố Hà Nội	01	00331	exact	00331:Phường Hoàng Mai
00316	Phường Đại Kim	Quận Hoàng Mai	01	Thành phố Hà Nội	01		split	00364:Phường Khương Đình|00643:Phường Thanh Liệt|00337:Phường Hoàng Liệt|00316:Phường Định Công
00319	Phường Tân Mai	Quận Hoàng Mai	01	Thành phố Hà Nội	01	00331	exact	00331:Phường Hoàng Mai
00322	Phường Hoàng Văn Thụ	Quận Hoàng Mai	01	Thành phố Hà Nội	01	00331	exact	00331:Phường Hoàng Mai
00325	Phường Giáp Bát	Quận Hoàng Mai	01	Thành phố Hà Nội	01	00316	partial	00316:Phường Định Công
00328	Phường Lĩnh Nam	Quận Hoàng Mai	01	Thành phố Hà Nội	01	00301	partial	00301:Phường Vĩnh Hưng
00331	Phường Thịnh Liệt	Quận Hoàng Mai	01	Thành phố Hà Nội	01	00352	partial	00352:Phường Phương Liệt
00334	Phường Trần Phú	Quận Hoàng Mai	01	Thành phố Hà Nội	01		split	00331:Phường Hoàng Mai|00328:Phường Lĩnh Nam
00337	Phường Hoàng Liệt	Quận Hoàng Mai	01	Thành phố Hà Nội	01	00340	partial	00340:Phường Yên Sở
00340	Phường Yên Sở	Quận Hoàng Mai	01	Thành phố Hà Nội	01		split	00331:Phường Hoàng Mai|00328:Phường Lĩnh Nam|00340:Phường Yên Sở
00343	Phường Nhân Chính	Quận Thanh Xuân	01	Thành phố Hà Nội	01		split	00367:Phường Thanh Xuân|00175:Phường Yên Hòa
00346	Phường Thượng Đình	Quận Thanh Xuân	01	Thành phố Hà Nội	01	00367	exact	00367:Phường Thanh Xuân
00349	Phường Khương Trung	Quận Thanh Xuân	01	Thành phố Hà Nội	01	00364	exact	00364:Phường Khương Đình
00352	Phường Khương Mai	Quận Thanh Xuân	01	Thành phố Hà Nội	01	00352	exact	00352:Phường Phương Liệt
00355	Phường Thanh Xuân Trung	Quận Thanh Xuân	01	Thành phố Hà Nội	01	00364	partial	00364:Phường Khương Đình
00358	Phường Phương Liệt	Quận Thanh Xuân	01	Thành phố Hà Nội	01		split	00352:Phường Phương Liệt|00322:Phường Tương Mai
00361	Phường Hạ Đình	Quận Thanh Xuân	01	Thành phố Hà Nội	01	00364	exact	00364:Phường Khương Đình
00364	Phường Khương Đình	Quận Thanh Xuân	01	Thành phố Hà Nội	01	00364	exact	00364:Phường Khương Đình
00367	Phường Thanh Xuân Bắc	Quận Thanh Xuân	01	Thành phố Hà Nội	01	00367	exact	00367:Phường Thanh Xuân
00370	Phường Thanh Xuân Nam	Quận Thanh Xuân	01	Thành phố Hà Nội	01		not_found	
00373	Phường Kim Giang	Quận Thanh Xuân	01	Thành phố Hà Nội	01		not_found	
00376	Thị trấn Sóc Sơn	Huyện Sóc Sơn	01	Thành phố Hà Nội	01	00376	exact	00376:Xã Sóc Sơn
00379	Xã Bắc Sơn	Huyện Sóc Sơn	01	Thành phố Hà Nội	01	00385	exact	00385:Xã Trung Giã
00382	Xã Minh Trí	Huyện Sóc Sơn	01	Thành phố Hà Nội	01	00382	exact	00382:Xã Kim Anh
00385	Xã Hồng Kỳ	Huyện Sóc Sơn	01	Thành phố Hà Nội	01	00385	exact	00385:Xã Trung Giã
00388	Xã Nam Sơn	Huyện Sóc Sơn	01	Thành phố Hà Nội	01	00385	exact	00385:Xã Trung Giã
00391	Xã Trung Giã	Huyện Sóc Sơn	01	Thành phố Hà Nội	01	00385	exact	00385:Xã Trung Giã
00394	Xã Tân Hưng	Huyện Sóc Sơn	01	Thành phố Hà Nội	01	00430	exact	00430:Xã Đa Phúc
00397	Xã Minh Phú	Huyện Sóc Sơn	01	Thành phố Hà Nội	01	00382	exact	00382:Xã Kim Anh
00400	Xã Phù Linh	Huyện Sóc Sơn	01	Thành phố Hà Nội	01	00376	exact	00376:Xã Sóc Sơn
00403	Xã Bắc Phú	Huyện Sóc Sơn	01	Thành phố Hà Nội	01	00430	exact	00430:Xã Đa Phúc
00406	Xã Tân Minh	Huyện Sóc Sơn	01	Thành phố Hà Nội	01		split	00376:Xã Sóc Sơn|10231:Xã Thượng Phúc
00409	Xã Quang Tiến	Huyện Sóc Sơn	01	Thành phố Hà Nội	01	00376	exact	00376:Xã Sóc Sơn
00412	Xã Hiền Ninh	Huyện Sóc Sơn	01	Thành phố Hà Nội	01	00433	exact	00433:Xã Nội Bài
00415	Xã Tân Dân	Huyện Sóc Sơn	01	Thành phố Hà Nội	01	00382	exact	00382:Xã Kim Anh
00418	Xã Tiên Dược	Huyện Sóc Sơn	01	Thành phố Hà Nội	01	00376	exact	00376:Xã Sóc Sơn
00421	Xã Việt Long	Huyện Sóc Sơn	01	Thành phố Hà Nội	01	00430	exact	00430:Xã Đa Phúc
00424	Xã Xuân Giang	Huyện Sóc Sơn	01	Thành phố Hà Nội	01	00430	exact	00430:Xã Đa Phúc
00427	Xã Mai Đình	Huyện Sóc Sơn	01	Thành phố Hà Nội	01	00433	partial	00433:Xã Nội Bài
00430	Xã Đức Hoà	Huyện Sóc Sơn	01	Thành phố Hà Nội	01	00430	exact	00430:Xã Đa Phúc
00433	Xã Thanh Xuân	Huyện Sóc Sơn	01	Thành phố Hà Nội	01	00433	exact	00433:Xã Nội Bài
00436	Xã Đông Xuân	Huyện Sóc Sơn	01	Thành phố Hà Nội	01	00376	exact	00376:Xã Sóc Sơn
00439	Xã Kim Lũ	Huyện Sóc Sơn	01	Thành phố Hà Nội	01	00430	exact	00430:Xã Đa Phúc
00442	Xã Phú Cường	Huyện Sóc Sơn	01	Thành phố Hà Nội	01	00433	exact	00433:Xã Nội Bài
00445	Xã Phú Minh	Huyện Sóc Sơn	01	Thành phố Hà Nội	01	00433	partial	00433:Xã Nội Bài
00448	Xã Phù Lỗ	Huyện Sóc Sơn	01	Thành phố Hà Nội	01	00376	exact	00376:Xã Sóc Sơn
00451	Xã Xuân Thu	Huyện Sóc Sơn	01	Thành phố Hà Nội	01	00430	exact	00430:Xã Đa Phúc
00454	Thị trấn Đông Anh	Huyện Đông Anh	01	Thành phố Hà Nội	01		split	00454:Xã Đông Anh|00475:Xã Thư Lâm
00457	Xã Xuân Nộn	Huyện Đông Anh	01	Thành phố Hà Nội	01		split	00475:Xã Thư Lâm|00466:Xã Phúc Thịnh
00460	Xã Thuỵ Lâm	Huyện Đông Anh	01	Thành phố Hà Nội	01	00475	exact	00475:Xã Thư Lâm
00463	Xã Bắc Hồng	Huyện Đông Anh	01	Thành phố Hà Nội	01	00466	exact	00466:Xã Phúc Thịnh
00466	Xã Nguyên Khê	Huyện Đông Anh	01	Thành phố Hà Nội	01		split	00475:Xã Thư Lâm|00466:Xã Phúc Thịnh
00469	Xã Nam Hồng	Huyện Đông Anh	01	Thành phố Hà Nội	01	00466	exact	00466:Xã Phúc Thịnh
00472	Xã Tiên Dương	Huyện Đông Anh	01	Thành phố Hà Nội	01	00454	exact	00454:Xã Đông Anh
00475	Xã Vân Hà	Huyện Đông Anh	01	Thành phố Hà Nội	01	00475	exact	00475:Xã Thư Lâm
00478	Xã Uy Nỗ	Huyện Đông Anh	01	Thành phố Hà Nội	01	00475	exact	00475:Xã Thư Lâm
00481	Xã Vân Nội	Huyện Đông Anh	01	Thành phố Hà Nội	01	00466	exact	00466:Xã Phúc Thịnh
00484	Xã Liên Hà	Huyện Đông Anh	01	Thành phố Hà Nội	01		split	00454:Xã Đông Anh|00475:Xã Thư Lâm
00487	Xã Việt Hùng	Huyện Đông Anh	01	Thành phố Hà Nội	01	00475	exact	00475:Xã Thư Lâm
00490	Xã Kim Nỗ	Huyện Đông Anh	01	Thành phố Hà Nội	01	00493	exact	00493:Xã Thiên Lộc
00493	Xã Kim Chung	Huyện Đông Anh	01	Thành phố Hà Nội	01	00493	exact	00493:Xã Thiên Lộc
00496	Xã Dục Tú	Huyện Đông Anh	01	Thành phố Hà Nội	01	00475	exact	00475:Xã Thư Lâm
00499	Xã Đại Mạch	Huyện Đông Anh	01	Thành phố Hà Nội	01	00493	exact	00493:Xã Thiên Lộc
00502	Xã Vĩnh Ngọc	Huyện Đông Anh	01	Thành phố Hà Nội	01	00508	partial	00508:Xã Vĩnh Thanh
00505	Xã Cổ Loa	Huyện Đông Anh	01	Thành phố Hà Nội	01	00454	exact	00454:Xã Đông Anh
00508	Xã Hải Bối	Huyện Đông Anh	01	Thành phố Hà Nội	01	00493	exact	00493:Xã Thiên Lộc
00511	Xã Xuân Canh	Huyện Đông Anh	01	Thành phố Hà Nội	01	00508	partial	00508:Xã Vĩnh Thanh
00514	Xã Võng La	Huyện Đông Anh	01	Thành phố Hà Nội	01	00493	exact	00493:Xã Thiên Lộc
00517	Xã Tàm Xá	Huyện Đông Anh	01	Thành phố Hà Nội	01	00508	partial	00508:Xã Vĩnh Thanh
00520	Xã Mai Lâm	Huyện Đông Anh	01	Thành phố Hà Nội	01	00454	exact	00454:Xã Đông Anh
00523	Xã Đông Hội	Huyện Đông Anh	01	Thành phố Hà Nội	01	00454	exact	00454:Xã Đông Anh
00526	Thị trấn Yên Viên	Huyện Gia Lâm	01	Thành phố Hà Nội	01	00541	exact	00541:Xã Phù Đổng
00529	Xã Yên Thường	Huyện Gia Lâm	01	Thành phố Hà Nội	01	00541	exact	00541:Xã Phù Đổng
00532	Xã Yên Viên	Huyện Gia Lâm	01	Thành phố Hà Nội	01	00541	exact	00541:Xã Phù Đổng
00535	Xã Ninh Hiệp	Huyện Gia Lâm	01	Thành phố Hà Nội	01	00541	exact	00541:Xã Phù Đổng
00538	Xã Đình Xuyên	Huyện Gia Lâm	01	Thành phố Hà Nội	01		not_found	
00541	Xã Dương Hà	Huyện Gia Lâm	01	Thành phố Hà Nội	01		not_found	
00544	Xã Phù Đổng	Huyện Gia Lâm	01	Thành phố Hà Nội	01		split	09634:Xã Cổ Đô|00541:Xã Phù Đổng
00547	Xã Trung Mầu	Huyện Gia Lâm	01	Thành phố Hà Nội	01		not_found	
00550	Xã Lệ Chi	Huyện Gia Lâm	01	Thành phố Hà Nội	01	00562	exact	00562:Xã Thuận An
00553	Xã Cổ Bi	Huyện Gia Lâm	01	Thành phố Hà Nội	01	00541	partial	00541:Xã Phù Đổng
00556	Xã Đặng Xá	Huyện Gia Lâm	01	Thành phố Hà Nội	01	00562	exact	00562:Xã Thuận An
00559	Xã Phú Thị	Huyện Gia Lâm	01	Thành phố Hà Nội	01		not_found	
00562	Xã Kim Sơn	Huyện Gia Lâm	01	Thành phố Hà Nội	01	09616	exact	09616:Xã Đoài Phương
00565	Thị trấn Trâu Quỳ	Huyện Gia Lâm	01	Thành phố Hà Nội	01	00565	exact	00565:Xã Gia Lâm
00568	Xã Dương Quang	Huyện Gia Lâm	01	Thành phố Hà Nội	01	00562	exact	00562:Xã Thuận An
00571	Xã Dương Xá	Huyện Gia Lâm	01	Thành phố Hà Nội	01	00565	exact	00565:Xã Gia Lâm
00574	Xã Đông Dư	Huyện Gia Lâm	01	Thành phố Hà Nội	01		not_found	
00577	Xã Đa Tốn	Huyện Gia Lâm	01	Thành phố Hà Nội	01	00565	exact	00565:Xã Gia Lâm
00580	Xã Kiêu Kỵ	Huyện Gia Lâm	01	Thành phố Hà Nội	01	00565	exact	00565:Xã Gia Lâm
00583	Xã Bát Tràng	Huyện Gia Lâm	01	Thành phố Hà Nội	01		split	00145:Phường Long Biên|00565:Xã Gia Lâm
00586	Xã Kim Lan	Huyện Gia Lâm	01	Thành phố Hà Nội	01		not_found	
00589	Xã Văn Đức	Huyện Gia Lâm	01	Thành phố Hà Nội	01		not_found	
00592	Phường Cầu Diễn	Quận Nam Từ Liêm	01	Thành phố Hà Nội	01	00592	exact	00592:Phường Từ Liêm
00595	Phường Thượng Cát	Quận Bắc Từ Liêm	01	Thành phố Hà Nội	01	00598	exact	00598:Phường Thượng Cát
00598	Phường Liên Mạc	Quận Bắc Từ Liêm	01	Thành phố Hà Nội	01	00598	exact	00598:Phường Thượng Cát
00601	Phường Đông Ngạc	Quận Bắc Từ Liêm	01	Thành phố Hà Nội	01		split	00091:Phường Phú Thượng|00602:Phường Đông Ngạc
00602	Phường Đức Thắng	Quận Bắc Từ Liêm	01	Thành phố Hà Nội	01	00602	exact	00602:Phường Đông Ngạc
00604	Phường Thụy Phương	Quận Bắc Từ Liêm	01	Thành phố Hà Nội	01	00602	exact	00602:Phường Đông Ngạc
00607	Phường Tây Tựu	Quận Bắc Từ Liêm	01	Thành phố Hà Nội	01		split	09832:Xã Hoài Đức|00598:Phường Thượng Cát|00613:Phường Tây Tựu
00610	Phường Xuân Đỉnh	Quận Bắc Từ Liêm	01	Thành phố Hà Nội	01		split	00091:Phường Phú Thượng|00611:Phường Xuân Đỉnh
00611	Phường Xuân Tảo	Quận Bắc Từ Liêm	01	Thành phố Hà Nội	01		split	00091:Phường Phú Thượng|00160:Phường Nghĩa Đô
00613	Phường Minh Khai	Quận Bắc Từ Liêm	01	Thành phố Hà Nội	01		split	00598:Phường Thượng Cát|00613:Phường Tây Tựu|00602:Phường Đông Ngạc
00616	Phường Cổ Nhuế 1	Quận Bắc Từ Liêm	01	Thành phố Hà Nội	01		split	00160:Phường Nghĩa Đô|00611:Phường Xuân Đỉnh|00619:Phường Phú Diễn
00617	Phường Cổ Nhuế 2	Quận Bắc Từ Liêm	01	Thành phố Hà Nội	01		split	00598:Phường Thượng Cát|00602:Phường Đông Ngạc
00619	Phường Phú Diễn	Quận Bắc Từ Liêm	01	Thành phố Hà Nội	01	00619	exact	00619:Phường Phú Diễn
00620	Phường Phúc Diễn	Quận Bắc Từ Liêm	01	Thành phố Hà Nội	01	00619	exact	00619:Phường Phú Diễn
00622	Phường Xuân Phương	Quận Nam Từ Liêm	01	Thành phố Hà Nội	01	00622	exact	00622:Phường Xuân Phương
00623	Phường Phương Canh	Quận Nam Từ Liêm	01	Thành phố Hà Nội	01	00622	exact	00622:Phường Xuân Phương
00625	Phường Mỹ Đình 1	Quận Nam Từ Liêm	01	Thành phố Hà Nội	01	00166	exact	00166:Phường Cầu Giấy
00626	Phường Mỹ Đình 2	Quận Nam Từ Liêm	01	Thành phố Hà Nội	01	00166	exact	00166:Phường Cầu Giấy
00628	Phường Tây Mỗ	Quận Nam Từ Liêm	01	Thành phố Hà Nội	01		split	00634:Phường Tây Mỗ|00622:Phường Xuân Phương
00631	Phường Mễ Trì	Quận Nam Từ Liêm	01	Thành phố Hà Nội	01		split	00175:Phường Yên Hòa|00637:Phường Đại Mỗ|00592:Phường Từ Liêm
00632	Phường Phú Đô	Quận Nam Từ Liêm	01	Thành phố Hà Nội	01	00592	exact	00592:Phường Từ Liêm
00634	Phường Đại Mỗ	Quận Nam Từ Liêm	01	Thành phố Hà Nội	01		split	00634:Phường Tây Mỗ|00622:Phường Xuân Phương|09886:Phường Dương Nội|09556:Phường Hà Đông|00637:Phường Đại Mỗ
00637	Phường Trung Văn	Quận Nam Từ Liêm	01	Thành phố Hà Nội	01	00367	exact	00367:Phường Thanh Xuân
00640	Thị trấn Văn Điển	Huyện Thanh Trì	01	Thành phố Hà Nội	01		split	00640:Xã Thanh Trì|00337:Phường Hoàng Liệt
00643	Xã Tân Triều	Huyện Thanh Trì	01	Thành phố Hà Nội	01		split	00364:Phường Khương Đình|09556:Phường Hà Đông|00316:Phường Định Công
00646	Xã Thanh Liệt	Huyện Thanh Trì	01	Thành phố Hà Nội	01		split	00337:Phường Hoàng Liệt|00316:Phường Định Công
00649	Xã Tả Thanh Oai	Huyện Thanh Trì	01	Thành phố Hà Nội	01	00643	exact	00643:Phường Thanh Liệt
00652	Xã Hữu Hoà	Huyện Thanh Trì	01	Thành phố Hà Nội	01		split	00664:Xã Đại Thanh|09568:Phường Phú Lương
00655	Xã Tam Hiệp	Huyện Thanh Trì	01	Thành phố Hà Nội	01		split	00664:Xã Đại Thanh|00337:Phường Hoàng Liệt
00658	Xã Tứ Hiệp	Huyện Thanh Trì	01	Thành phố Hà Nội	01		split	00640:Xã Thanh Trì|00340:Phường Yên Sở
00661	Xã Yên Mỹ	Huyện Thanh Trì	01	Thành phố Hà Nội	01	00685	partial	00685:Xã Nam Phù
00664	Xã Vĩnh Quỳnh	Huyện Thanh Trì	01	Thành phố Hà Nội	01	00640	exact	00640:Xã Thanh Trì
00667	Xã Ngũ Hiệp	Huyện Thanh Trì	01	Thành phố Hà Nội	01	00685	partial	00685:Xã Nam Phù
00670	Xã Duyên Hà	Huyện Thanh Trì	01	Thành phố Hà Nội	01	00640	exact	00640:Xã Thanh Trì
00673	Xã Ngọc Hồi	Huyện Thanh Trì	01	Thành phố Hà Nội	01	00679	exact	00679:Xã Ngọc Hồi
00676	Xã Vạn Phúc	Huyện Thanh Trì	01	Thành phố Hà Nội	01		split	09739:Xã Phúc Lộc|00685:Xã Nam Phù
00679	Xã Đại áng	Huyện Thanh Trì	01	Thành phố Hà Nội	01		split	00679:Xã Ngọc Hồi|10183:Xã Thường Tín
00682	Xã Liên Ninh	Huyện Thanh Trì	01	Thành phố Hà Nội	01		split	00679:Xã Ngọc Hồi|00685:Xã Nam Phù
00685	Xã Đông Mỹ	Huyện Thanh Trì	01	Thành phố Hà Nội	01	00685	exact	00685:Xã Nam Phù
00688	Phường Quang Trung	Thành phố Hà Giang	02	Tỉnh Hà Giang	08		split	00694:Phường Hà Giang 1|00691:Phường Hà Giang 2
00691	Phường Trần Phú	Thành phố Hà Giang	02	Tỉnh Hà Giang	08	00691	exact	00691:Phường Hà Giang 2
00692	Phường Ngọc Hà	Thành phố Hà Giang	02	Tỉnh Hà Giang	08	00691	exact	00691:Phường Hà Giang 2
00694	Phường Nguyễn Trãi	Thành phố Hà Giang	02	Tỉnh Hà Giang	08	00694	exact	00694:Phường Hà Giang 1
00697	Phường Minh Khai	Thành phố Hà Giang	02	Tỉnh Hà Giang	08	00691	exact	00691:Phường Hà Giang 2
00700	Xã Ngọc Đường	Thành phố Hà Giang	02	Tỉnh Hà Giang	08	00700	exact	00700:Xã Ngọc Đường
00703	Xã Kim Thạch	Huyện Vị Xuyên	02	Tỉnh Hà Giang	08	00706	exact	00706:Xã Phú Linh
00706	Xã Phú Linh	Huyện Vị Xuyên	02	Tỉnh Hà Giang	08	00706	exact	00706:Xã Phú Linh
00709	Xã Kim Linh	Huyện Vị Xuyên	02	Tỉnh Hà Giang	08	00706	exact	00706:Xã Phú Linh
00712	Thị trấn Phó Bảng	Huyện Đồng Văn	02	Tỉnh Hà Giang	08	00745	exact	00745:Xã Phố Bảng
00715	Xã Lũng Cú	Huyện Đồng Văn	02	Tỉnh Hà Giang	08	00715	exact	00715:Xã Lũng Cú
00718	Xã Má Lé	Huyện Đồng Văn	02	Tỉnh Hà Giang	08	00715	exact	00715:Xã Lũng Cú
00721	Thị trấn Đồng Văn	Huyện Đồng Văn	02	Tỉnh Hà Giang	08	00721	exact	00721:Xã Đồng Văn
00724	Xã Lũng Táo	Huyện Đồng Văn	02	Tỉnh Hà Giang	08	00715	exact	00715:Xã Lũng Cú
00727	Xã Phố Là	Huyện Đồng Văn	02	Tỉnh Hà Giang	08	00745	exact	00745:Xã Phố Bảng
00730	Xã Thài Phìn Tủng	Huyện Đồng Văn	02	Tỉnh Hà Giang	08	00721	exact	00721:Xã Đồng Văn
00733	Xã Sủng Là	Huyện Đồng Văn	02	Tỉnh Hà Giang	08	00733	exact	00733:Xã Sà Phìn
00736	Xã Xà Phìn	Huyện Đồng Văn	02	Tỉnh Hà Giang	08		not_found	
00739	Xã Tả Phìn	Huyện Đồng Văn	02	Tỉnh Hà Giang	08	00721	exact	00721:Xã Đồng Văn
00742	Xã Tả Lủng	Huyện Đồng Văn	02	Tỉnh Hà Giang	08	00721	exact	00721:Xã Đồng Văn
00745	Xã Phố Cáo	Huyện Đồng Văn	02	Tỉnh Hà Giang	08	00745	exact	00745:Xã Phố Bảng
00748	Xã Sính Lủng	Huyện Đồng Văn	02	Tỉnh Hà Giang	08	00733	exact	00733:Xã Sà Phìn
00751	Xã Sảng Tủng	Huyện Đồng Văn	02	Tỉnh Hà Giang	08	00733	exact	00733:Xã Sà Phìn
00754	Xã Lũng Thầu	Huyện Đồng Văn	02	Tỉnh Hà Giang	08	00745	exact	00745:Xã Phố Bảng
00757	Xã Hố Quáng Phìn	Huyện Đồng Văn	02	Tỉnh Hà Giang	08	00763	exact	00763:Xã Lũng Phìn
00760	Xã Vần Chải	Huyện Đồng Văn	02	Tỉnh Hà Giang	08	00820	exact	00820:Xã Yên Minh
00763	Xã Lũng Phìn	Huyện Đồng Văn	02	Tỉnh Hà Giang	08	00763	exact	00763:Xã Lũng Phìn
00766	Xã Sủng Trái	Huyện Đồng Văn	02	Tỉnh Hà Giang	08	00763	exact	00763:Xã Lũng Phìn
00769	Thị trấn Mèo Vạc	Huyện Mèo Vạc	02	Tỉnh Hà Giang	08	00769	exact	00769:Xã Mèo Vạc
00772	Xã Thượng Phùng	Huyện Mèo Vạc	02	Tỉnh Hà Giang	08	00778	exact	00778:Xã Sơn Vĩ
00775	Xã Pải Lủng	Huyện Mèo Vạc	02	Tỉnh Hà Giang	08	00721	exact	00721:Xã Đồng Văn
00778	Xã Xín Cái	Huyện Mèo Vạc	02	Tỉnh Hà Giang	08	00778	exact	00778:Xã Sơn Vĩ
00781	Xã Pả Vi	Huyện Mèo Vạc	02	Tỉnh Hà Giang	08	00769	exact	00769:Xã Mèo Vạc
00784	Xã Giàng Chu Phìn	Huyện Mèo Vạc	02	Tỉnh Hà Giang	08	00769	exact	00769:Xã Mèo Vạc
00787	Xã Sủng Trà	Huyện Mèo Vạc	02	Tỉnh Hà Giang	08	00787	exact	00787:Xã Sủng Máng
00790	Xã Sủng Máng	Huyện Mèo Vạc	02	Tỉnh Hà Giang	08	00787	exact	00787:Xã Sủng Máng
00793	Xã Sơn Vĩ	Huyện Mèo Vạc	02	Tỉnh Hà Giang	08	00778	exact	00778:Xã Sơn Vĩ
00796	Xã Tả Lủng	Huyện Mèo Vạc	02	Tỉnh Hà Giang	08	00769	exact	00769:Xã Mèo Vạc
00799	Xã Cán Chu Phìn	Huyện Mèo Vạc	02	Tỉnh Hà Giang	08	00802	exact	00802:Xã Khâu Vai
00802	Xã Lũng Pù	Huyện Mèo Vạc	02	Tỉnh Hà Giang	08	00802	exact	00802:Xã Khâu Vai
00805	Xã Lũng Chinh	Huyện Mèo Vạc	02	Tỉnh Hà Giang	08	00787	exact	00787:Xã Sủng Máng
00808	Xã Tát Ngà	Huyện Mèo Vạc	02	Tỉnh Hà Giang	08	00808	exact	00808:Xã Tát Ngà
00811	Xã Nậm Ban	Huyện Mèo Vạc	02	Tỉnh Hà Giang	08	00808	exact	00808:Xã Tát Ngà
00814	Xã Khâu Vai	Huyện Mèo Vạc	02	Tỉnh Hà Giang	08	00802	exact	00802:Xã Khâu Vai
00815	Xã Niêm Tòng	Huyện Mèo Vạc	02	Tỉnh Hà Giang	08	00817	exact	00817:Xã Niêm Sơn
00817	Xã Niêm Sơn	Huyện Mèo Vạc	02	Tỉnh Hà Giang	08	00817	exact	00817:Xã Niêm Sơn
00820	Thị trấn Yên Minh	Huyện Yên Minh	02	Tỉnh Hà Giang	08	00820	exact	00820:Xã Yên Minh
00823	Xã Thắng Mố	Huyện Yên Minh	02	Tỉnh Hà Giang	08	00829	exact	00829:Xã Thắng Mố
00826	Xã Phú Lũng	Huyện Yên Minh	02	Tỉnh Hà Giang	08	00832	exact	00832:Xã Bạch Đích
00829	Xã Sủng Tráng	Huyện Yên Minh	02	Tỉnh Hà Giang	08		not_found	
00832	Xã Bạch Đích	Huyện Yên Minh	02	Tỉnh Hà Giang	08	00832	exact	00832:Xã Bạch Đích
00835	Xã Na Khê	Huyện Yên Minh	02	Tỉnh Hà Giang	08	00832	exact	00832:Xã Bạch Đích
00838	Xã Sủng Thài	Huyện Yên Minh	02	Tỉnh Hà Giang	08	00829	exact	00829:Xã Thắng Mố
00841	Xã Hữu Vinh	Huyện Yên Minh	02	Tỉnh Hà Giang	08	00820	exact	00820:Xã Yên Minh
00844	Xã Lao Và Chải	Huyện Yên Minh	02	Tỉnh Hà Giang	08	00820	exact	00820:Xã Yên Minh
00847	Xã Mậu Duệ	Huyện Yên Minh	02	Tỉnh Hà Giang	08	00847	exact	00847:Xã Mậu Duệ
00850	Xã Đông Minh	Huyện Yên Minh	02	Tỉnh Hà Giang	08	00820	exact	00820:Xã Yên Minh
00853	Xã Mậu Long	Huyện Yên Minh	02	Tỉnh Hà Giang	08	00847	exact	00847:Xã Mậu Duệ
00856	Xã Ngam La	Huyện Yên Minh	02	Tỉnh Hà Giang	08	00847	exact	00847:Xã Mậu Duệ
00859	Xã Ngọc Long	Huyện Yên Minh	02	Tỉnh Hà Giang	08	00859	exact	00859:Xã Ngọc Long
00862	Xã Đường Thượng	Huyện Yên Minh	02	Tỉnh Hà Giang	08	00865	exact	00865:Xã Đường Thượng
00865	Xã Lũng Hồ	Huyện Yên Minh	02	Tỉnh Hà Giang	08	00865	exact	00865:Xã Đường Thượng
00868	Xã Du Tiến	Huyện Yên Minh	02	Tỉnh Hà Giang	08	00871	exact	00871:Xã Du Già
00871	Xã Du Già	Huyện Yên Minh	02	Tỉnh Hà Giang	08	00871	exact	00871:Xã Du Già
00874	Thị trấn Tam Sơn	Huyện Quản Bạ	02	Tỉnh Hà Giang	08	00874	exact	00874:Xã Quản Bạ
00877	Xã Bát Đại Sơn	Huyện Quản Bạ	02	Tỉnh Hà Giang	08	00883	exact	00883:Xã Cán Tỷ
00880	Xã Nghĩa Thuận	Huyện Quản Bạ	02	Tỉnh Hà Giang	08	00889	exact	00889:Xã Nghĩa Thuận
00883	Xã Cán Tỷ	Huyện Quản Bạ	02	Tỉnh Hà Giang	08	00883	exact	00883:Xã Cán Tỷ
00886	Xã Cao Mã Pờ	Huyện Quản Bạ	02	Tỉnh Hà Giang	08	00892	exact	00892:Xã Tùng Vài
00889	Xã Thanh Vân	Huyện Quản Bạ	02	Tỉnh Hà Giang	08	00889	exact	00889:Xã Nghĩa Thuận
00892	Xã Tùng Vài	Huyện Quản Bạ	02	Tỉnh Hà Giang	08	00892	exact	00892:Xã Tùng Vài
00895	Xã Đông Hà	Huyện Quản Bạ	02	Tỉnh Hà Giang	08	00901	exact	00901:Xã Lùng Tám
00898	Xã Quản Bạ	Huyện Quản Bạ	02	Tỉnh Hà Giang	08	00874	exact	00874:Xã Quản Bạ
00901	Xã Lùng Tám	Huyện Quản Bạ	02	Tỉnh Hà Giang	08	00901	exact	00901:Xã Lùng Tám
00904	Xã Quyết Tiến	Huyện Quản Bạ	02	Tỉnh Hà Giang	08	00874	exact	00874:Xã Quản Bạ
00907	Xã Tả Ván	Huyện Quản Bạ	02	Tỉnh Hà Giang	08	00892	exact	00892:Xã Tùng Vài
00910	Xã Thái An	Huyện Quản Bạ	02	Tỉnh Hà Giang	08	00901	exact	00901:Xã Lùng Tám
00913	Thị trấn Vị Xuyên	Huyện Vị Xuyên	02	Tỉnh Hà Giang	08	00913	exact	00913:Xã Vị Xuyên
00916	Thị trấn Nông Trường Việt Lâm	Huyện Vị Xuyên	02	Tỉnh Hà Giang	08	00913	exact	00913:Xã Vị Xuyên
00919	Xã Minh Tân	Huyện Vị Xuyên	02	Tỉnh Hà Giang	08	00919	exact	00919:Xã Minh Tân
00922	Xã Thuận Hoà	Huyện Vị Xuyên	02	Tỉnh Hà Giang	08	00922	exact	00922:Xã Thuận Hòa
00925	Xã Tùng Bá	Huyện Vị Xuyên	02	Tỉnh Hà Giang	08	00925	exact	00925:Xã Tùng Bá
00928	Xã Thanh Thủy	Huyện Vị Xuyên	02	Tỉnh Hà Giang	08	00928	exact	00928:Xã Thanh Thủy
00931	Xã Thanh Đức	Huyện Vị Xuyên	02	Tỉnh Hà Giang	08	00937	exact	00937:Xã Lao Chải
00934	Xã Phong Quang	Huyện Vị Xuyên	02	Tỉnh Hà Giang	08	00691	exact	00691:Phường Hà Giang 2
00937	Xã Xín Chải	Huyện Vị Xuyên	02	Tỉnh Hà Giang	08	00937	exact	00937:Xã Lao Chải
00940	Xã Phương Tiến	Huyện Vị Xuyên	02	Tỉnh Hà Giang	08	00928	exact	00928:Xã Thanh Thủy
00943	Xã Lao Chải	Huyện Vị Xuyên	02	Tỉnh Hà Giang	08	00937	exact	00937:Xã Lao Chải
00946	Xã Phương Độ	Thành phố Hà Giang	02	Tỉnh Hà Giang	08	00694	exact	00694:Phường Hà Giang 1
00949	Xã Phương Thiện	Thành phố Hà Giang	02	Tỉnh Hà Giang	08	00694	exact	00694:Phường Hà Giang 1
00952	Xã Cao Bồ	Huyện Vị Xuyên	02	Tỉnh Hà Giang	08	00952	exact	00952:Xã Cao Bồ
00955	Xã Đạo Đức	Huyện Vị Xuyên	02	Tỉnh Hà Giang	08	00913	exact	00913:Xã Vị Xuyên
00958	Xã Thượng Sơn	Huyện Vị Xuyên	02	Tỉnh Hà Giang	08	00958	exact	00958:Xã Thượng Sơn
00961	Xã Linh Hồ	Huyện Vị Xuyên	02	Tỉnh Hà Giang	08	00970	exact	00970:Xã Linh Hồ
00964	Xã Quảng Ngần	Huyện Vị Xuyên	02	Tỉnh Hà Giang	08	00967	exact	00967:Xã Việt Lâm
00967	Xã Việt Lâm	Huyện Vị Xuyên	02	Tỉnh Hà Giang	08		split	00967:Xã Việt Lâm|00913:Xã Vị Xuyên
00970	Xã Ngọc Linh	Huyện Vị Xuyên	02	Tỉnh Hà Giang	08	00970	exact	00970:Xã Linh Hồ
00973	Xã Ngọc Minh	Huyện Vị Xuyên	02	Tỉnh Hà Giang	08	00976	exact	00976:Xã Bạch Ngọc
00976	Xã Bạch Ngọc	Huyện Vị Xuyên	02	Tỉnh Hà Giang	08	00976	exact	00976:Xã Bạch Ngọc
00979	Xã Trung Thành	Huyện Vị Xuyên	02	Tỉnh Hà Giang	08	00970	exact	00970:Xã Linh Hồ
00982	Xã Minh Sơn	Huyện Bắc Mê	02	Tỉnh Hà Giang	08	00982	exact	00982:Xã Minh Sơn
00985	Xã Giáp Trung	Huyện Bắc Mê	02	Tỉnh Hà Giang	08	00985	exact	00985:Xã Giáp Trung
00988	Xã Yên Định	Huyện Bắc Mê	02	Tỉnh Hà Giang	08		split	00994:Xã Minh Ngọc|00700:Xã Ngọc Đường
00991	Thị trấn Yên Phú	Huyện Bắc Mê	02	Tỉnh Hà Giang	08	00991	exact	00991:Xã Bắc Mê
00994	Xã Minh Ngọc	Huyện Bắc Mê	02	Tỉnh Hà Giang	08	00994	exact	00994:Xã Minh Ngọc
00997	Xã Yên Phong	Huyện Bắc Mê	02	Tỉnh Hà Giang	08	00991	exact	00991:Xã Bắc Mê
01000	Xã Lạc Nông	Huyện Bắc Mê	02	Tỉnh Hà Giang	08	00991	exact	00991:Xã Bắc Mê
01003	Xã Phú Nam	Huyện Bắc Mê	02	Tỉnh Hà Giang	08	01012	exact	01012:Xã Đường Hồng
01006	Xã Yên Cường	Huyện Bắc Mê	02	Tỉnh Hà Giang	08	01006	exact	01006:Xã Yên Cường
01009	Xã Thượng Tân	Huyện Bắc Mê	02	Tỉnh Hà Giang	08	00994	exact	00994:Xã Minh Ngọc
01012	Xã Đường Âm	Huyện Bắc Mê	02	Tỉnh Hà Giang	08	01012	exact	01012:Xã Đường Hồng
01015	Xã Đường Hồng	Huyện Bắc Mê	02	Tỉnh Hà Giang	08	01012	exact	01012:Xã Đường Hồng
01018	Xã Phiêng Luông	Huyện Bắc Mê	02	Tỉnh Hà Giang	08	01006	exact	01006:Xã Yên Cường
01021	Thị trấn Vinh Quang	Huyện Hoàng Su Phì	02	Tỉnh Hà Giang	08	01021	exact	01021:Xã Hoàng Su Phì
01024	Xã Bản Máy	Huyện Hoàng Su Phì	02	Tỉnh Hà Giang	08	01024	exact	01024:Xã Bản Máy
01027	Xã Thàng Tín	Huyện Hoàng Su Phì	02	Tỉnh Hà Giang	08	01033	exact	01033:Xã Thàng Tín
01030	Xã Thèn Chu Phìn	Huyện Hoàng Su Phì	02	Tỉnh Hà Giang	08	01033	exact	01033:Xã Thàng Tín
01033	Xã Pố Lồ	Huyện Hoàng Su Phì	02	Tỉnh Hà Giang	08	01033	exact	01033:Xã Thàng Tín
01036	Xã Bản Phùng	Huyện Hoàng Su Phì	02	Tỉnh Hà Giang	08	01024	exact	01024:Xã Bản Máy
01039	Xã Túng Sán	Huyện Hoàng Su Phì	02	Tỉnh Hà Giang	08	01051	exact	01051:Xã Tân Tiến
01042	Xã Chiến Phố	Huyện Hoàng Su Phì	02	Tỉnh Hà Giang	08	01024	exact	01024:Xã Bản Máy
01045	Xã Đản Ván	Huyện Hoàng Su Phì	02	Tỉnh Hà Giang	08	01021	exact	01021:Xã Hoàng Su Phì
01048	Xã Tụ Nhân	Huyện Hoàng Su Phì	02	Tỉnh Hà Giang	08	01021	exact	01021:Xã Hoàng Su Phì
01051	Xã Tân Tiến	Huyện Hoàng Su Phì	02	Tỉnh Hà Giang	08	01051	exact	01051:Xã Tân Tiến
01054	Xã Nàng Đôn	Huyện Hoàng Su Phì	02	Tỉnh Hà Giang	08	01057	exact	01057:Xã Pờ Ly Ngài
01057	Xã Pờ Ly Ngài	Huyện Hoàng Su Phì	02	Tỉnh Hà Giang	08	01057	exact	01057:Xã Pờ Ly Ngài
01060	Xã Sán Xả Hồ	Huyện Hoàng Su Phì	02	Tỉnh Hà Giang	08		not_found	
01063	Xã Bản Luốc	Huyện Hoàng Su Phì	02	Tỉnh Hà Giang	08	01021	exact	01021:Xã Hoàng Su Phì
01066	Xã Ngàm Đăng Vài	Huyện Hoàng Su Phì	02	Tỉnh Hà Giang	08	01021	exact	01021:Xã Hoàng Su Phì
01069	Xã Bản Nhùng	Huyện Hoàng Su Phì	02	Tỉnh Hà Giang	08	01051	exact	01051:Xã Tân Tiến
01072	Xã Tả Sử Choóng	Huyện Hoàng Su Phì	02	Tỉnh Hà Giang	08	01075	exact	01075:Xã Nậm Dịch
01075	Xã Nậm Dịch	Huyện Hoàng Su Phì	02	Tỉnh Hà Giang	08	01075	exact	01075:Xã Nậm Dịch
01081	Xã Hồ Thầu	Huyện Hoàng Su Phì	02	Tỉnh Hà Giang	08	01084	exact	01084:Xã Hồ Thầu
01084	Xã Nam Sơn	Huyện Hoàng Su Phì	02	Tỉnh Hà Giang	08	01084	exact	01084:Xã Hồ Thầu
01087	Xã Nậm Tỵ	Huyện Hoàng Su Phì	02	Tỉnh Hà Giang	08	01075	exact	01075:Xã Nậm Dịch
01090	Xã Thông Nguyên	Huyện Hoàng Su Phì	02	Tỉnh Hà Giang	08	01090	exact	01090:Xã Thông Nguyên
01093	Xã Nậm Khòa	Huyện Hoàng Su Phì	02	Tỉnh Hà Giang	08	01084	exact	01084:Xã Hồ Thầu
01096	Thị trấn Cốc Pài	Huyện Xín Mần	02	Tỉnh Hà Giang	08	01096	exact	01096:Xã Pà Vầy Sủ
01099	Xã Nàn Xỉn	Huyện Xín Mần	02	Tỉnh Hà Giang	08	01108	exact	01108:Xã Xín Mần
01102	Xã Bản Díu	Huyện Xín Mần	02	Tỉnh Hà Giang	08	01108	exact	01108:Xã Xín Mần
01105	Xã Chí Cà	Huyện Xín Mần	02	Tỉnh Hà Giang	08	01108	exact	01108:Xã Xín Mần
01108	Xã Xín Mần	Huyện Xín Mần	02	Tỉnh Hà Giang	08	01108	exact	01108:Xã Xín Mần
01114	Xã Thèn Phàng	Huyện Xín Mần	02	Tỉnh Hà Giang	08	01108	exact	01108:Xã Xín Mần
01117	Xã Trung Thịnh	Huyện Xín Mần	02	Tỉnh Hà Giang	08	01117	exact	01117:Xã Trung Thịnh
01120	Xã Pà Vầy Sủ	Huyện Xín Mần	02	Tỉnh Hà Giang	08	01096	exact	01096:Xã Pà Vầy Sủ
01123	Xã Cốc Rế	Huyện Xín Mần	02	Tỉnh Hà Giang	08	01117	exact	01117:Xã Trung Thịnh
01126	Xã Thu Tà	Huyện Xín Mần	02	Tỉnh Hà Giang	08	01117	exact	01117:Xã Trung Thịnh
01129	Xã Nàn Ma	Huyện Xín Mần	02	Tỉnh Hà Giang	08	01096	exact	01096:Xã Pà Vầy Sủ
01132	Xã Tả Nhìu	Huyện Xín Mần	02	Tỉnh Hà Giang	08	01141	exact	01141:Xã Nấm Dẩn
01135	Xã Bản Ngò	Huyện Xín Mần	02	Tỉnh Hà Giang	08	01096	exact	01096:Xã Pà Vầy Sủ
01138	Xã Chế Là	Huyện Xín Mần	02	Tỉnh Hà Giang	08	01141	exact	01141:Xã Nấm Dẩn
01141	Xã Nấm Dẩn	Huyện Xín Mần	02	Tỉnh Hà Giang	08	01141	exact	01141:Xã Nấm Dẩn
01144	Xã Quảng Nguyên	Huyện Xín Mần	02	Tỉnh Hà Giang	08	01144	exact	01144:Xã Quảng Nguyên
01147	Xã Nà Chì	Huyện Xín Mần	02	Tỉnh Hà Giang	08	01147	exact	01147:Xã Khuôn Lùng
01150	Xã Khuôn Lùng	Huyện Xín Mần	02	Tỉnh Hà Giang	08	01147	exact	01147:Xã Khuôn Lùng
01153	Thị trấn Việt Quang	Huyện Bắc Quang	02	Tỉnh Hà Giang	08	01153	exact	01153:Xã Bắc Quang
01156	Thị trấn Vĩnh Tuy	Huyện Bắc Quang	02	Tỉnh Hà Giang	08	01156	exact	01156:Xã Vĩnh Tuy
01159	Xã Tân Lập	Huyện Bắc Quang	02	Tỉnh Hà Giang	08	01171	exact	01171:Xã Tân Quang
01162	Xã Tân Thành	Huyện Bắc Quang	02	Tỉnh Hà Giang	08	01171	exact	01171:Xã Tân Quang
01165	Xã Đồng Tiến	Huyện Bắc Quang	02	Tỉnh Hà Giang	08	01165	exact	01165:Xã Đồng Tâm
01168	Xã Đồng Tâm	Huyện Bắc Quang	02	Tỉnh Hà Giang	08	01165	exact	01165:Xã Đồng Tâm
01171	Xã Tân Quang	Huyện Bắc Quang	02	Tỉnh Hà Giang	08	01171	exact	01171:Xã Tân Quang
01174	Xã Thượng Bình	Huyện Bắc Quang	02	Tỉnh Hà Giang	08		not_found	
01177	Xã Hữu Sản	Huyện Bắc Quang	02	Tỉnh Hà Giang	08	01192	exact	01192:Xã Liên Hiệp
01180	Xã Kim Ngọc	Huyện Bắc Quang	02	Tỉnh Hà Giang	08	01180	exact	01180:Xã Bằng Hành
01183	Xã Việt Vinh	Huyện Bắc Quang	02	Tỉnh Hà Giang	08	01153	exact	01153:Xã Bắc Quang
01186	Xã Bằng Hành	Huyện Bắc Quang	02	Tỉnh Hà Giang	08	01180	exact	01180:Xã Bằng Hành
01189	Xã Quang Minh	Huyện Bắc Quang	02	Tỉnh Hà Giang	08	01153	exact	01153:Xã Bắc Quang
01192	Xã Liên Hiệp	Huyện Bắc Quang	02	Tỉnh Hà Giang	08	01192	exact	01192:Xã Liên Hiệp
01195	Xã Vô Điếm	Huyện Bắc Quang	02	Tỉnh Hà Giang	08	01180	exact	01180:Xã Bằng Hành
01198	Xã Việt Hồng	Huyện Bắc Quang	02	Tỉnh Hà Giang	08	01201	exact	01201:Xã Hùng An
01201	Xã Hùng An	Huyện Bắc Quang	02	Tỉnh Hà Giang	08	01201	exact	01201:Xã Hùng An
01204	Xã Đức Xuân	Huyện Bắc Quang	02	Tỉnh Hà Giang	08	01192	exact	01192:Xã Liên Hiệp
01207	Xã Tiên Kiều	Huyện Bắc Quang	02	Tỉnh Hà Giang	08	01201	exact	01201:Xã Hùng An
01210	Xã Vĩnh Hảo	Huyện Bắc Quang	02	Tỉnh Hà Giang	08	01156	exact	01156:Xã Vĩnh Tuy
01213	Xã Vĩnh Phúc	Huyện Bắc Quang	02	Tỉnh Hà Giang	08	01216	exact	01216:Xã Đồng Yên
01216	Xã Đồng Yên	Huyện Bắc Quang	02	Tỉnh Hà Giang	08	01216	exact	01216:Xã Đồng Yên
01219	Xã Đông Thành	Huyện Bắc Quang	02	Tỉnh Hà Giang	08	01156	exact	01156:Xã Vĩnh Tuy
01222	Xã Xuân Minh	Huyện Quang Bình	02	Tỉnh Hà Giang	08	01090	exact	01090:Xã Thông Nguyên
01225	Xã Tiên Nguyên	Huyện Quang Bình	02	Tỉnh Hà Giang	08	01225	exact	01225:Xã Tiên Nguyên
01228	Xã Tân Nam	Huyện Quang Bình	02	Tỉnh Hà Giang	08	01237	exact	01237:Xã Quang Bình
01231	Xã Bản Rịa	Huyện Quang Bình	02	Tỉnh Hà Giang	08	01234	exact	01234:Xã Yên Thành
01234	Xã Yên Thành	Huyện Quang Bình	02	Tỉnh Hà Giang	08	01234	exact	01234:Xã Yên Thành
01237	Thị trấn Yên Bình	Huyện Quang Bình	02	Tỉnh Hà Giang	08	01237	exact	01237:Xã Quang Bình
01240	Xã Tân Trịnh	Huyện Quang Bình	02	Tỉnh Hà Giang	08	01243	exact	01243:Xã Tân Trịnh
01243	Xã Tân Bắc	Huyện Quang Bình	02	Tỉnh Hà Giang	08	01243	exact	01243:Xã Tân Trịnh
01246	Xã Bằng Lang	Huyện Quang Bình	02	Tỉnh Hà Giang	08	01246	exact	01246:Xã Bằng Lang
01249	Xã Yên Hà	Huyện Quang Bình	02	Tỉnh Hà Giang	08	01246	exact	01246:Xã Bằng Lang
01252	Xã Hương Sơn	Huyện Quang Bình	02	Tỉnh Hà Giang	08	01261	exact	01261:Xã Tiên Yên
01255	Xã Xuân Giang	Huyện Quang Bình	02	Tỉnh Hà Giang	08	01255	exact	01255:Xã Xuân Giang
01258	Xã Nà Khương	Huyện Quang Bình	02	Tỉnh Hà Giang	08	01255	exact	01255:Xã Xuân Giang
01261	Xã Tiên Yên	Huyện Quang Bình	02	Tỉnh Hà Giang	08	01261	exact	01261:Xã Tiên Yên
01264	Xã Vĩ Thượng	Huyện Quang Bình	02	Tỉnh Hà Giang	08	01261	exact	01261:Xã Tiên Yên
01267	Phường Sông Hiến	Thành phố Cao Bằng	04	Tỉnh Cao Bằng	04	01273	exact	01273:Phường Thục Phán
01270	Phường Sông Bằng	Thành phố Cao Bằng	04	Tỉnh Cao Bằng	04	01279	exact	01279:Phường Nùng Trí Cao
01273	Phường Hợp Giang	Thành phố Cao Bằng	04	Tỉnh Cao Bằng	04	01273	exact	01273:Phường Thục Phán
01276	Phường Tân Giang	Thành phố Cao Bằng	04	Tỉnh Cao Bằng	04	01288	exact	01288:Phường Tân Giang
01279	Phường Ngọc Xuân	Thành phố Cao Bằng	04	Tỉnh Cao Bằng	04	01279	exact	01279:Phường Nùng Trí Cao
01282	Phường Đề Thám	Thành phố Cao Bằng	04	Tỉnh Cao Bằng	04	01273	exact	01273:Phường Thục Phán
01285	Phường Hoà Chung	Thành phố Cao Bằng	04	Tỉnh Cao Bằng	04	01288	exact	01288:Phường Tân Giang
01288	Phường Duyệt Trung	Thành phố Cao Bằng	04	Tỉnh Cao Bằng	04	01288	exact	01288:Phường Tân Giang
01290	Thị trấn Pác Miầu	Huyện Bảo Lâm	04	Tỉnh Cao Bằng	04	01290	exact	01290:Xã Bảo Lâm
01291	Xã Đức Hạnh	Huyện Bảo Lâm	04	Tỉnh Cao Bằng	04	01324	exact	01324:Xã Cốc Pàng
01294	Xã Lý Bôn	Huyện Bảo Lâm	04	Tỉnh Cao Bằng	04	01294	exact	01294:Xã Lý Bôn
01296	Xã Nam Cao	Huyện Bảo Lâm	04	Tỉnh Cao Bằng	04	01297	exact	01297:Xã Nam Quang
01297	Xã Nam Quang	Huyện Bảo Lâm	04	Tỉnh Cao Bằng	04	01297	exact	01297:Xã Nam Quang
01300	Xã Vĩnh Quang	Huyện Bảo Lâm	04	Tỉnh Cao Bằng	04	01294	exact	01294:Xã Lý Bôn
01303	Xã Quảng Lâm	Huyện Bảo Lâm	04	Tỉnh Cao Bằng	04	01304	exact	01304:Xã Quảng Lâm
01304	Xã Thạch Lâm	Huyện Bảo Lâm	04	Tỉnh Cao Bằng	04	01304	exact	01304:Xã Quảng Lâm
01309	Xã Vĩnh Phong	Huyện Bảo Lâm	04	Tỉnh Cao Bằng	04	01290	exact	01290:Xã Bảo Lâm
01312	Xã Mông Ân	Huyện Bảo Lâm	04	Tỉnh Cao Bằng	04	01290	exact	01290:Xã Bảo Lâm
01315	Xã Thái Học	Huyện Bảo Lâm	04	Tỉnh Cao Bằng	04	01318	exact	01318:Xã Yên Thổ
01316	Xã Thái Sơn	Huyện Bảo Lâm	04	Tỉnh Cao Bằng	04	01318	exact	01318:Xã Yên Thổ
01318	Xã Yên Thổ	Huyện Bảo Lâm	04	Tỉnh Cao Bằng	04	01318	exact	01318:Xã Yên Thổ
01321	Thị trấn Bảo Lạc	Huyện Bảo Lạc	04	Tỉnh Cao Bằng	04	01321	exact	01321:Xã Bảo Lạc
01324	Xã Cốc Pàng	Huyện Bảo Lạc	04	Tỉnh Cao Bằng	04	01324	exact	01324:Xã Cốc Pàng
01327	Xã Thượng Hà	Huyện Bảo Lạc	04	Tỉnh Cao Bằng	04	01327	exact	01327:Xã Cô Ba
01330	Xã Cô Ba	Huyện Bảo Lạc	04	Tỉnh Cao Bằng	04	01327	exact	01327:Xã Cô Ba
01333	Xã Bảo Toàn	Huyện Bảo Lạc	04	Tỉnh Cao Bằng	04	01321	exact	01321:Xã Bảo Lạc
01336	Xã Khánh Xuân	Huyện Bảo Lạc	04	Tỉnh Cao Bằng	04	01336	exact	01336:Xã Khánh Xuân
01339	Xã Xuân Trường	Huyện Bảo Lạc	04	Tỉnh Cao Bằng	04	01339	exact	01339:Xã Xuân Trường
01342	Xã Hồng Trị	Huyện Bảo Lạc	04	Tỉnh Cao Bằng	04	01321	exact	01321:Xã Bảo Lạc
01343	Xã Kim Cúc	Huyện Bảo Lạc	04	Tỉnh Cao Bằng	04	01351	exact	01351:Xã Hưng Đạo
01345	Xã Phan Thanh	Huyện Bảo Lạc	04	Tỉnh Cao Bằng	04	01336	exact	01336:Xã Khánh Xuân
01348	Xã Hồng An	Huyện Bảo Lạc	04	Tỉnh Cao Bằng	04	01339	exact	01339:Xã Xuân Trường
01351	Xã Hưng Đạo	Huyện Bảo Lạc	04	Tỉnh Cao Bằng	04	01351	exact	01351:Xã Hưng Đạo
01352	Xã Hưng Thịnh	Huyện Bảo Lạc	04	Tỉnh Cao Bằng	04	01351	exact	01351:Xã Hưng Đạo
01354	Xã Huy Giáp	Huyện Bảo Lạc	04	Tỉnh Cao Bằng	04	01354	exact	01354:Xã Huy Giáp
01357	Xã Đình Phùng	Huyện Bảo Lạc	04	Tỉnh Cao Bằng	04	01354	exact	01354:Xã Huy Giáp
01359	Xã Sơn Lập	Huyện Bảo Lạc	04	Tỉnh Cao Bằng	04	01360	exact	01360:Xã Sơn Lộ
01360	Xã Sơn Lộ	Huyện Bảo Lạc	04	Tỉnh Cao Bằng	04	01360	exact	01360:Xã Sơn Lộ
01363	Thị trấn Thông Nông	Huyện Hà Quảng	04	Tỉnh Cao Bằng	04	01363	exact	01363:Xã Thông Nông
01366	Xã Cần Yên	Huyện Hà Quảng	04	Tỉnh Cao Bằng	04	01366	exact	01366:Xã Cần Yên
01367	Xã Cần Nông	Huyện Hà Quảng	04	Tỉnh Cao Bằng	04	01366	exact	01366:Xã Cần Yên
01372	Xã Lương Thông	Huyện Hà Quảng	04	Tỉnh Cao Bằng	04	01366	exact	01366:Xã Cần Yên
01375	Xã Đa Thông	Huyện Hà Quảng	04	Tỉnh Cao Bằng	04	01363	exact	01363:Xã Thông Nông
01378	Xã Ngọc Động	Huyện Hà Quảng	04	Tỉnh Cao Bằng	04	01387	exact	01387:Xã Thanh Long
01381	Xã Yên Sơn	Huyện Hà Quảng	04	Tỉnh Cao Bằng	04	01387	exact	01387:Xã Thanh Long
01384	Xã Lương Can	Huyện Hà Quảng	04	Tỉnh Cao Bằng	04	01363	exact	01363:Xã Thông Nông
01387	Xã Thanh Long	Huyện Hà Quảng	04	Tỉnh Cao Bằng	04	01387	exact	01387:Xã Thanh Long
01392	Thị trấn Xuân Hòa	Huyện Hà Quảng	04	Tỉnh Cao Bằng	04	01392	exact	01392:Xã Trường Hà
01393	Xã Lũng Nặm	Huyện Hà Quảng	04	Tỉnh Cao Bằng	04	01393	exact	01393:Xã Lũng Nặm
01399	Xã Trường Hà	Huyện Hà Quảng	04	Tỉnh Cao Bằng	04	01392	exact	01392:Xã Trường Hà
01402	Xã Cải Viên	Huyện Hà Quảng	04	Tỉnh Cao Bằng	04	01414	exact	01414:Xã Tổng Cọt
01411	Xã Nội Thôn	Huyện Hà Quảng	04	Tỉnh Cao Bằng	04	01414	exact	01414:Xã Tổng Cọt
01414	Xã Tổng Cọt	Huyện Hà Quảng	04	Tỉnh Cao Bằng	04	01414	exact	01414:Xã Tổng Cọt
01417	Xã Sóc Hà	Huyện Hà Quảng	04	Tỉnh Cao Bằng	04	01392	exact	01392:Xã Trường Hà
01420	Xã Thượng Thôn	Huyện Hà Quảng	04	Tỉnh Cao Bằng	04	01393	exact	01393:Xã Lũng Nặm
01429	Xã Hồng Sỹ	Huyện Hà Quảng	04	Tỉnh Cao Bằng	04	01438	exact	01438:Xã Hà Quảng
01432	Xã Quý Quân	Huyện Hà Quảng	04	Tỉnh Cao Bằng	04	01392	exact	01392:Xã Trường Hà
01435	Xã Mã Ba	Huyện Hà Quảng	04	Tỉnh Cao Bằng	04	01438	exact	01438:Xã Hà Quảng
01438	Xã Ngọc Đào	Huyện Hà Quảng	04	Tỉnh Cao Bằng	04	01438	exact	01438:Xã Hà Quảng
01447	Thị trấn Trà Lĩnh	Huyện Trùng Khánh	04	Tỉnh Cao Bằng	04	01447	exact	01447:Xã Trà Lĩnh
01453	Xã Tri Phương	Huyện Trùng Khánh	04	Tỉnh Cao Bằng	04	01465	exact	01465:Xã Quang Trung
01456	Xã Quang Hán	Huyện Trùng Khánh	04	Tỉnh Cao Bằng	04	01456	exact	01456:Xã Quang Hán
01462	Xã Xuân Nội	Huyện Trùng Khánh	04	Tỉnh Cao Bằng	04	01465	exact	01465:Xã Quang Trung
01465	Xã Quang Trung	Huyện Trùng Khánh	04	Tỉnh Cao Bằng	04	01465	exact	01465:Xã Quang Trung
01468	Xã Quang Vinh	Huyện Trùng Khánh	04	Tỉnh Cao Bằng	04	01456	exact	01456:Xã Quang Hán
01471	Xã Cao Chương	Huyện Trùng Khánh	04	Tỉnh Cao Bằng	04	01447	exact	01447:Xã Trà Lĩnh
01474	Xã Quốc Toản	Huyện Quảng Hòa	04	Tỉnh Cao Bằng	04	01447	exact	01447:Xã Trà Lĩnh
01477	Thị trấn Trùng Khánh	Huyện Trùng Khánh	04	Tỉnh Cao Bằng	04	01477	exact	01477:Xã Trùng Khánh
01480	Xã Ngọc Khê	Huyện Trùng Khánh	04	Tỉnh Cao Bằng	04	01489	exact	01489:Xã Đình Phong
01481	Xã Ngọc Côn	Huyện Trùng Khánh	04	Tỉnh Cao Bằng	04	01489	exact	01489:Xã Đình Phong
01483	Xã Phong Nậm	Huyện Trùng Khánh	04	Tỉnh Cao Bằng	04	01489	exact	01489:Xã Đình Phong
01489	Xã Đình Phong	Huyện Trùng Khánh	04	Tỉnh Cao Bằng	04	01489	exact	01489:Xã Đình Phong
01495	Xã Đàm Thuỷ	Huyện Trùng Khánh	04	Tỉnh Cao Bằng	04	01501	exact	01501:Xã Đàm Thủy
01498	Xã Khâm Thành	Huyện Trùng Khánh	04	Tỉnh Cao Bằng	04	01477	exact	01477:Xã Trùng Khánh
01501	Xã Chí Viễn	Huyện Trùng Khánh	04	Tỉnh Cao Bằng	04	01501	exact	01501:Xã Đàm Thủy
01504	Xã Lăng Hiếu	Huyện Trùng Khánh	04	Tỉnh Cao Bằng	04	01477	exact	01477:Xã Trùng Khánh
01507	Xã Phong Châu	Huyện Trùng Khánh	04	Tỉnh Cao Bằng	04	01501	exact	01501:Xã Đàm Thủy
01516	Xã Trung Phúc	Huyện Trùng Khánh	04	Tỉnh Cao Bằng	04	01525	exact	01525:Xã Đoài Dương
01519	Xã Cao Thăng	Huyện Trùng Khánh	04	Tỉnh Cao Bằng	04	01525	exact	01525:Xã Đoài Dương
01522	Xã Đức Hồng	Huyện Trùng Khánh	04	Tỉnh Cao Bằng	04	01477	exact	01477:Xã Trùng Khánh
01525	Xã Đoài Dương	Huyện Trùng Khánh	04	Tỉnh Cao Bằng	04	01525	exact	01525:Xã Đoài Dương
01534	Xã Minh Long	Huyện Hạ Lang	04	Tỉnh Cao Bằng	04	01537	exact	01537:Xã Lý Quốc
01537	Xã Lý Quốc	Huyện Hạ Lang	04	Tỉnh Cao Bằng	04	01537	exact	01537:Xã Lý Quốc
01540	Xã Thắng Lợi	Huyện Hạ Lang	04	Tỉnh Cao Bằng	04	01552	exact	01552:Xã Quang Long
01543	Xã Đồng Loan	Huyện Hạ Lang	04	Tỉnh Cao Bằng	04	01537	exact	01537:Xã Lý Quốc
01546	Xã Đức Quang	Huyện Hạ Lang	04	Tỉnh Cao Bằng	04	01552	exact	01552:Xã Quang Long
01549	Xã Kim Loan	Huyện Hạ Lang	04	Tỉnh Cao Bằng	04	01561	exact	01561:Xã Vinh Quý
01552	Xã Quang Long	Huyện Hạ Lang	04	Tỉnh Cao Bằng	04	01552	exact	01552:Xã Quang Long
01555	Xã An Lạc	Huyện Hạ Lang	04	Tỉnh Cao Bằng	04	01561	exact	01561:Xã Vinh Quý
01558	Thị trấn Thanh Nhật	Huyện Hạ Lang	04	Tỉnh Cao Bằng	04	01558	exact	01558:Xã Hạ Lang
01561	Xã Vinh Quý	Huyện Hạ Lang	04	Tỉnh Cao Bằng	04	01561	exact	01561:Xã Vinh Quý
01564	Xã Thống Nhất	Huyện Hạ Lang	04	Tỉnh Cao Bằng	04	01558	exact	01558:Xã Hạ Lang
01567	Xã Cô Ngân	Huyện Hạ Lang	04	Tỉnh Cao Bằng	04	01561	exact	01561:Xã Vinh Quý
01573	Xã Thị Hoa	Huyện Hạ Lang	04	Tỉnh Cao Bằng	04	01558	exact	01558:Xã Hạ Lang
01576	Thị trấn Quảng Uyên	Huyện Quảng Hòa	04	Tỉnh Cao Bằng	04	01576	exact	01576:Xã Quảng Uyên
01579	Xã Phi Hải	Huyện Quảng Hòa	04	Tỉnh Cao Bằng	04	01576	exact	01576:Xã Quảng Uyên
01582	Xã Quảng Hưng	Huyện Quảng Hòa	04	Tỉnh Cao Bằng	04	01594	exact	01594:Xã Độc Lập
01594	Xã Độc Lập	Huyện Quảng Hòa	04	Tỉnh Cao Bằng	04	01594	exact	01594:Xã Độc Lập
01597	Xã Cai Bộ	Huyện Quảng Hòa	04	Tỉnh Cao Bằng	04	01594	exact	01594:Xã Độc Lập
01603	Xã Phúc Sen	Huyện Quảng Hòa	04	Tỉnh Cao Bằng	04	01576	exact	01576:Xã Quảng Uyên
01606	Xã Chí Thảo	Huyện Quảng Hòa	04	Tỉnh Cao Bằng	04	01576	exact	01576:Xã Quảng Uyên
01609	Xã Tự Do	Huyện Quảng Hòa	04	Tỉnh Cao Bằng	04	01618	exact	01618:Xã Hạnh Phúc
01615	Xã Hồng Quang	Huyện Quảng Hòa	04	Tỉnh Cao Bằng	04	01636	exact	01636:Xã Bế Văn Đàn
01618	Xã Ngọc Động	Huyện Quảng Hòa	04	Tỉnh Cao Bằng	04	01618	exact	01618:Xã Hạnh Phúc
01624	Xã Hạnh Phúc	Huyện Quảng Hòa	04	Tỉnh Cao Bằng	04	01618	exact	01618:Xã Hạnh Phúc
01627	Thị trấn Tà Lùng	Huyện Quảng Hòa	04	Tỉnh Cao Bằng	04	01648	exact	01648:Xã Phục Hòa
01630	Xã Bế Văn Đàn	Huyện Quảng Hòa	04	Tỉnh Cao Bằng	04	01636	exact	01636:Xã Bế Văn Đàn
01636	Xã Cách Linh	Huyện Quảng Hòa	04	Tỉnh Cao Bằng	04	01636	exact	01636:Xã Bế Văn Đàn
01639	Xã Đại Sơn	Huyện Quảng Hòa	04	Tỉnh Cao Bằng	04	01648	exact	01648:Xã Phục Hòa
01645	Xã Tiên Thành	Huyện Quảng Hòa	04	Tỉnh Cao Bằng	04	01807	exact	01807:Xã Thạch An
01648	Thị trấn Hoà Thuận	Huyện Quảng Hòa	04	Tỉnh Cao Bằng	04	01648	exact	01648:Xã Phục Hòa
01651	Xã Mỹ Hưng	Huyện Quảng Hòa	04	Tỉnh Cao Bằng	04	01648	exact	01648:Xã Phục Hòa
01654	Thị trấn Nước Hai	Huyện Hoà An	04	Tỉnh Cao Bằng	04	01654	exact	01654:Xã Hòa An
01657	Xã Dân Chủ	Huyện Hoà An	04	Tỉnh Cao Bằng	04	01660	exact	01660:Xã Nam Tuấn
01660	Xã Nam Tuấn	Huyện Hoà An	04	Tỉnh Cao Bằng	04	01660	exact	01660:Xã Nam Tuấn
01666	Xã Đại Tiến	Huyện Hoà An	04	Tỉnh Cao Bằng	04	01654	exact	01654:Xã Hòa An
01669	Xã Đức Long	Huyện Hoà An	04	Tỉnh Cao Bằng	04	01660	exact	01660:Xã Nam Tuấn
01672	Xã Ngũ Lão	Huyện Hoà An	04	Tỉnh Cao Bằng	04	01699	exact	01699:Xã Nguyễn Huệ
01675	Xã Trương Lương	Huyện Hoà An	04	Tỉnh Cao Bằng	04	01747	exact	01747:Xã Minh Tâm
01687	Xã Hồng Việt	Huyện Hoà An	04	Tỉnh Cao Bằng	04	01654	exact	01654:Xã Hòa An
01693	Xã Vĩnh Quang	Thành phố Cao Bằng	04	Tỉnh Cao Bằng	04	01279	exact	01279:Phường Nùng Trí Cao
01696	Xã Hoàng Tung	Huyện Hoà An	04	Tỉnh Cao Bằng	04	01273	exact	01273:Phường Thục Phán
01699	Xã Nguyễn Huệ	Huyện Hoà An	04	Tỉnh Cao Bằng	04	01699	exact	01699:Xã Nguyễn Huệ
01702	Xã Quang Trung	Huyện Hoà An	04	Tỉnh Cao Bằng	04	01699	exact	01699:Xã Nguyễn Huệ
01705	Xã Hưng Đạo	Thành phố Cao Bằng	04	Tỉnh Cao Bằng	04	01273	exact	01273:Phường Thục Phán
01708	Xã Bạch Đằng	Huyện Hoà An	04	Tỉnh Cao Bằng	04	01708	exact	01708:Xã Bạch Đằng
01711	Xã Bình Dương	Huyện Hoà An	04	Tỉnh Cao Bằng	04	01708	exact	01708:Xã Bạch Đằng
01714	Xã Lê Chung	Huyện Hoà An	04	Tỉnh Cao Bằng	04	01288	exact	01288:Phường Tân Giang
01720	Xã Chu Trinh	Thành phố Cao Bằng	04	Tỉnh Cao Bằng	04	01288	exact	01288:Phường Tân Giang
01723	Xã Hồng Nam	Huyện Hoà An	04	Tỉnh Cao Bằng	04	01792	exact	01792:Xã Kim Đồng
01726	Thị trấn Nguyên Bình	Huyện Nguyên Bình	04	Tỉnh Cao Bằng	04	01726	exact	01726:Xã Nguyên Bình
01729	Thị trấn Tĩnh Túc	Huyện Nguyên Bình	04	Tỉnh Cao Bằng	04	01729	exact	01729:Xã Tĩnh Túc
01732	Xã Yên Lạc	Huyện Nguyên Bình	04	Tỉnh Cao Bằng	04	01738	exact	01738:Xã Ca Thành
01735	Xã Triệu Nguyên	Huyện Nguyên Bình	04	Tỉnh Cao Bằng	04	01729	exact	01729:Xã Tĩnh Túc
01738	Xã Ca Thành	Huyện Nguyên Bình	04	Tỉnh Cao Bằng	04	01738	exact	01738:Xã Ca Thành
01744	Xã Vũ Nông	Huyện Nguyên Bình	04	Tỉnh Cao Bằng	04	01729	exact	01729:Xã Tĩnh Túc
01747	Xã Minh Tâm	Huyện Nguyên Bình	04	Tỉnh Cao Bằng	04	01747	exact	01747:Xã Minh Tâm
01750	Xã Thể Dục	Huyện Nguyên Bình	04	Tỉnh Cao Bằng	04	01726	exact	01726:Xã Nguyên Bình
01756	Xã Mai Long	Huyện Nguyên Bình	04	Tỉnh Cao Bằng	04	01768	exact	01768:Xã Phan Thanh
01762	Xã Vũ Minh	Huyện Nguyên Bình	04	Tỉnh Cao Bằng	04	01726	exact	01726:Xã Nguyên Bình
01765	Xã Hoa Thám	Huyện Nguyên Bình	04	Tỉnh Cao Bằng	04	01774	exact	01774:Xã Tam Kim
01768	Xã Phan Thanh	Huyện Nguyên Bình	04	Tỉnh Cao Bằng	04	01768	exact	01768:Xã Phan Thanh
01771	Xã Quang Thành	Huyện Nguyên Bình	04	Tỉnh Cao Bằng	04	01777	exact	01777:Xã Thành Công
01774	Xã Tam Kim	Huyện Nguyên Bình	04	Tỉnh Cao Bằng	04	01774	exact	01774:Xã Tam Kim
01777	Xã Thành Công	Huyện Nguyên Bình	04	Tỉnh Cao Bằng	04	01777	exact	01777:Xã Thành Công
01780	Xã Thịnh Vượng	Huyện Nguyên Bình	04	Tỉnh Cao Bằng	04	01708	exact	01708:Xã Bạch Đằng
01783	Xã Hưng Đạo	Huyện Nguyên Bình	04	Tỉnh Cao Bằng	04	01774	exact	01774:Xã Tam Kim
01786	Thị trấn Đông Khê	Huyện Thạch An	04	Tỉnh Cao Bằng	04	01786	exact	01786:Xã Đông Khê
01789	Xã Canh Tân	Huyện Thạch An	04	Tỉnh Cao Bằng	04	01789	exact	01789:Xã Canh Tân
01792	Xã Kim Đồng	Huyện Thạch An	04	Tỉnh Cao Bằng	04	01792	exact	01792:Xã Kim Đồng
01795	Xã Minh Khai	Huyện Thạch An	04	Tỉnh Cao Bằng	04	01795	exact	01795:Xã Minh Khai
01801	Xã Đức Thông	Huyện Thạch An	04	Tỉnh Cao Bằng	04	01789	exact	01789:Xã Canh Tân
01804	Xã Thái Cường	Huyện Thạch An	04	Tỉnh Cao Bằng	04	01792	exact	01792:Xã Kim Đồng
01807	Xã Vân Trình	Huyện Thạch An	04	Tỉnh Cao Bằng	04	01807	exact	01807:Xã Thạch An
01810	Xã Thụy Hùng	Huyện Thạch An	04	Tỉnh Cao Bằng	04	01822	exact	01822:Xã Đức Long
01813	Xã Quang Trọng	Huyện Thạch An	04	Tỉnh Cao Bằng	04	01795	exact	01795:Xã Minh Khai
01816	Xã Trọng Con	Huyện Thạch An	04	Tỉnh Cao Bằng	04	01786	exact	01786:Xã Đông Khê
01819	Xã Lê Lai	Huyện Thạch An	04	Tỉnh Cao Bằng	04	01807	exact	01807:Xã Thạch An
01822	Xã Đức Long	Huyện Thạch An	04	Tỉnh Cao Bằng	04	01822	exact	01822:Xã Đức Long
01828	Xã Lê Lợi	Huyện Thạch An	04	Tỉnh Cao Bằng	04	01822	exact	01822:Xã Đức Long
01831	Xã Đức Xuân	Huyện Thạch An	04	Tỉnh Cao Bằng	04	01786	exact	01786:Xã Đông Khê
01834	Phường Nguyễn Thị Minh Khai	Thành phố Bắc Kạn	06	Tỉnh Bắc Kạn	19	01840	exact	01840:Phường Đức Xuân
01837	Phường Sông Cầu	Thành phố Bắc Kạn	06	Tỉnh Bắc Kạn	19	01843	exact	01843:Phường Bắc Kạn
01840	Phường Đức Xuân	Thành phố Bắc Kạn	06	Tỉnh Bắc Kạn	19	01840	exact	01840:Phường Đức Xuân
01843	Phường Phùng Chí Kiên	Thành phố Bắc Kạn	06	Tỉnh Bắc Kạn	19	01843	exact	01843:Phường Bắc Kạn
01846	Phường Huyền Tụng	Thành phố Bắc Kạn	06	Tỉnh Bắc Kạn	19	01840	exact	01840:Phường Đức Xuân
01849	Xã Dương Quang	Thành phố Bắc Kạn	06	Tỉnh Bắc Kạn	19	01849	exact	01849:Xã Phong Quang
01852	Xã Nông Thượng	Thành phố Bắc Kạn	06	Tỉnh Bắc Kạn	19	01843	exact	01843:Phường Bắc Kạn
01855	Phường Xuất Hóa	Thành phố Bắc Kạn	06	Tỉnh Bắc Kạn	19	01843	exact	01843:Phường Bắc Kạn
01858	Xã Bằng Thành	Huyện Pác Nặm	06	Tỉnh Bắc Kạn	19	01864	exact	01864:Xã Bằng Thành
01861	Xã Nhạn Môn	Huyện Pác Nặm	06	Tỉnh Bắc Kạn	19	01864	exact	01864:Xã Bằng Thành
01864	Xã Bộc Bố	Huyện Pác Nặm	06	Tỉnh Bắc Kạn	19	01864	exact	01864:Xã Bằng Thành
01867	Xã Công Bằng	Huyện Pác Nặm	06	Tỉnh Bắc Kạn	19	01879	exact	01879:Xã Cao Minh
01870	Xã Giáo Hiệu	Huyện Pác Nặm	06	Tỉnh Bắc Kạn	19	01864	exact	01864:Xã Bằng Thành
01873	Xã Xuân La	Huyện Pác Nặm	06	Tỉnh Bắc Kạn	19	01882	exact	01882:Xã Nghiên Loan
01876	Xã An Thắng	Huyện Pác Nặm	06	Tỉnh Bắc Kạn	19	01882	exact	01882:Xã Nghiên Loan
01879	Xã Cổ Linh	Huyện Pác Nặm	06	Tỉnh Bắc Kạn	19	01879	exact	01879:Xã Cao Minh
01882	Xã Nghiên Loan	Huyện Pác Nặm	06	Tỉnh Bắc Kạn	19	01882	exact	01882:Xã Nghiên Loan
01885	Xã Cao Tân	Huyện Pác Nặm	06	Tỉnh Bắc Kạn	19	01879	exact	01879:Xã Cao Minh
01888	Thị trấn Chợ Rã	Huyện Ba Bể	06	Tỉnh Bắc Kạn	19	01912	exact	01912:Xã Chợ Rã
01891	Xã Bành Trạch	Huyện Ba Bể	06	Tỉnh Bắc Kạn	19	01894	exact	01894:Xã Phúc Lộc
01894	Xã Phúc Lộc	Huyện Ba Bể	06	Tỉnh Bắc Kạn	19	01894	exact	01894:Xã Phúc Lộc
01897	Xã Hà Hiệu	Huyện Ba Bể	06	Tỉnh Bắc Kạn	19	01894	exact	01894:Xã Phúc Lộc
01900	Xã Cao Thượng	Huyện Ba Bể	06	Tỉnh Bắc Kạn	19	01906	exact	01906:Xã Ba Bể
01906	Xã Khang Ninh	Huyện Ba Bể	06	Tỉnh Bắc Kạn	19	01906	exact	01906:Xã Ba Bể
01909	Xã Nam Mẫu	Huyện Ba Bể	06	Tỉnh Bắc Kạn	19	01906	exact	01906:Xã Ba Bể
01912	Xã Thượng Giáo	Huyện Ba Bể	06	Tỉnh Bắc Kạn	19	01912	exact	01912:Xã Chợ Rã
01915	Xã Địa Linh	Huyện Ba Bể	06	Tỉnh Bắc Kạn	19	01912	exact	01912:Xã Chợ Rã
01918	Xã Yến Dương	Huyện Ba Bể	06	Tỉnh Bắc Kạn	19	01921	exact	01921:Xã Thượng Minh
01921	Xã Chu Hương	Huyện Ba Bể	06	Tỉnh Bắc Kạn	19	01921	exact	01921:Xã Thượng Minh
01924	Xã Quảng Khê	Huyện Ba Bể	06	Tỉnh Bắc Kạn	19	01933	exact	01933:Xã Đồng Phúc
01927	Xã Mỹ Phương	Huyện Ba Bể	06	Tỉnh Bắc Kạn	19	01921	exact	01921:Xã Thượng Minh
01930	Xã Hoàng Trĩ	Huyện Ba Bể	06	Tỉnh Bắc Kạn	19	01933	exact	01933:Xã Đồng Phúc
01933	Xã Đồng Phúc	Huyện Ba Bể	06	Tỉnh Bắc Kạn	19	01933	exact	01933:Xã Đồng Phúc
01936	Thị trấn Nà Phặc	Huyện Ngân Sơn	06	Tỉnh Bắc Kạn	19	01936	exact	01936:Xã Nà Phặc
01939	Xã Thượng Ân	Huyện Ngân Sơn	06	Tỉnh Bắc Kạn	19	01942	exact	01942:Xã Bằng Vân
01942	Xã Bằng Vân	Huyện Ngân Sơn	06	Tỉnh Bắc Kạn	19	01942	exact	01942:Xã Bằng Vân
01945	Xã Cốc Đán	Huyện Ngân Sơn	06	Tỉnh Bắc Kạn	19	01954	exact	01954:Xã Ngân Sơn
01948	Xã Trung Hoà	Huyện Ngân Sơn	06	Tỉnh Bắc Kạn	19	01936	exact	01936:Xã Nà Phặc
01951	Xã Đức Vân	Huyện Ngân Sơn	06	Tỉnh Bắc Kạn	19	01954	exact	01954:Xã Ngân Sơn
01954	Thị trấn Vân Tùng	Huyện Ngân Sơn	06	Tỉnh Bắc Kạn	19	01954	exact	01954:Xã Ngân Sơn
01957	Xã Thượng Quan	Huyện Ngân Sơn	06	Tỉnh Bắc Kạn	19	01957	exact	01957:Xã Thượng Quan
01960	Xã Hiệp Lực	Huyện Ngân Sơn	06	Tỉnh Bắc Kạn	19	01960	exact	01960:Xã Hiệp Lực
01963	Xã Thuần Mang	Huyện Ngân Sơn	06	Tỉnh Bắc Kạn	19	01960	exact	01960:Xã Hiệp Lực
01969	Thị trấn Phủ Thông	Huyện Bạch Thông	06	Tỉnh Bắc Kạn	19	01969	exact	01969:Xã Phủ Thông
01975	Xã Vi Hương	Huyện Bạch Thông	06	Tỉnh Bắc Kạn	19	01969	exact	01969:Xã Phủ Thông
01978	Xã Sĩ Bình	Huyện Bạch Thông	06	Tỉnh Bắc Kạn	19		not_found	
01981	Xã Vũ Muộn	Huyện Bạch Thông	06	Tỉnh Bắc Kạn	19	01981	exact	01981:Xã Vĩnh Thông
01984	Xã Đôn Phong	Huyện Bạch Thông	06	Tỉnh Bắc Kạn	19	01849	exact	01849:Xã Phong Quang
01990	Xã Lục Bình	Huyện Bạch Thông	06	Tỉnh Bắc Kạn	19	01969	exact	01969:Xã Phủ Thông
01993	Xã Tân Tú	Huyện Bạch Thông	06	Tỉnh Bắc Kạn	19	01969	exact	01969:Xã Phủ Thông
01999	Xã Nguyên Phúc	Huyện Bạch Thông	06	Tỉnh Bắc Kạn	19	02008	exact	02008:Xã Cẩm Giàng
02002	Xã Cao Sơn	Huyện Bạch Thông	06	Tỉnh Bắc Kạn	19	01981	exact	01981:Xã Vĩnh Thông
02005	Xã Quân Hà	Huyện Bạch Thông	06	Tỉnh Bắc Kạn	19	02008	exact	02008:Xã Cẩm Giàng
02008	Xã Cẩm Giàng	Huyện Bạch Thông	06	Tỉnh Bắc Kạn	19	02008	exact	02008:Xã Cẩm Giàng
02011	Xã Mỹ Thanh	Huyện Bạch Thông	06	Tỉnh Bắc Kạn	19	02008	exact	02008:Xã Cẩm Giàng
02014	Xã Dương Phong	Huyện Bạch Thông	06	Tỉnh Bắc Kạn	19	02014	exact	02014:Xã Bạch Thông
02017	Xã Quang Thuận	Huyện Bạch Thông	06	Tỉnh Bắc Kạn	19	02014	exact	02014:Xã Bạch Thông
02020	Thị trấn Bằng Lũng	Huyện Chợ Đồn	06	Tỉnh Bắc Kạn	19	02020	exact	02020:Xã Chợ Đồn
02023	Xã Xuân Lạc	Huyện Chợ Đồn	06	Tỉnh Bắc Kạn	19	02026	exact	02026:Xã Nam Cường
02026	Xã Nam Cường	Huyện Chợ Đồn	06	Tỉnh Bắc Kạn	19	02026	exact	02026:Xã Nam Cường
02029	Xã Đồng Lạc	Huyện Chợ Đồn	06	Tỉnh Bắc Kạn	19	02026	exact	02026:Xã Nam Cường
02032	Xã Tân Lập	Huyện Chợ Đồn	06	Tỉnh Bắc Kạn	19	02038	exact	02038:Xã Quảng Bạch
02035	Xã Bản Thi	Huyện Chợ Đồn	06	Tỉnh Bắc Kạn	19	02044	exact	02044:Xã Yên Thịnh
02038	Xã Quảng Bạch	Huyện Chợ Đồn	06	Tỉnh Bắc Kạn	19	02038	exact	02038:Xã Quảng Bạch
02041	Xã Bằng Phúc	Huyện Chợ Đồn	06	Tỉnh Bắc Kạn	19	01933	exact	01933:Xã Đồng Phúc
02044	Xã Yên Thịnh	Huyện Chợ Đồn	06	Tỉnh Bắc Kạn	19	02044	exact	02044:Xã Yên Thịnh
02047	Xã Yên Thượng	Huyện Chợ Đồn	06	Tỉnh Bắc Kạn	19	02044	exact	02044:Xã Yên Thịnh
02050	Xã Phương Viên	Huyện Chợ Đồn	06	Tỉnh Bắc Kạn	19	02020	exact	02020:Xã Chợ Đồn
02053	Xã Ngọc Phái	Huyện Chợ Đồn	06	Tỉnh Bắc Kạn	19	02020	exact	02020:Xã Chợ Đồn
02059	Xã Đồng Thắng	Huyện Chợ Đồn	06	Tỉnh Bắc Kạn	19	02014	exact	02014:Xã Bạch Thông
02062	Xã Lương Bằng	Huyện Chợ Đồn	06	Tỉnh Bắc Kạn	19	02071	exact	02071:Xã Nghĩa Tá
02065	Xã Bằng Lãng	Huyện Chợ Đồn	06	Tỉnh Bắc Kạn	19	02020	exact	02020:Xã Chợ Đồn
02068	Xã Đại Sảo	Huyện Chợ Đồn	06	Tỉnh Bắc Kạn	19	02083	exact	02083:Xã Yên Phong
02071	Xã Nghĩa Tá	Huyện Chợ Đồn	06	Tỉnh Bắc Kạn	19	02071	exact	02071:Xã Nghĩa Tá
02077	Xã Yên Mỹ	Huyện Chợ Đồn	06	Tỉnh Bắc Kạn	19	02083	exact	02083:Xã Yên Phong
02080	Xã Bình Trung	Huyện Chợ Đồn	06	Tỉnh Bắc Kạn	19	02071	exact	02071:Xã Nghĩa Tá
02083	Xã Yên Phong	Huyện Chợ Đồn	06	Tỉnh Bắc Kạn	19	02083	exact	02083:Xã Yên Phong
02086	Thị trấn Đồng Tâm	Huyện Chợ Mới	06	Tỉnh Bắc Kạn	19	02086	exact	02086:Xã Chợ Mới
02089	Xã Tân Sơn	Huyện Chợ Mới	06	Tỉnh Bắc Kạn	19	02104	exact	02104:Xã Tân Kỳ
02092	Xã Thanh Vận	Huyện Chợ Mới	06	Tỉnh Bắc Kạn	19	02101	exact	02101:Xã Thanh Mai
02095	Xã Mai Lạp	Huyện Chợ Mới	06	Tỉnh Bắc Kạn	19	02101	exact	02101:Xã Thanh Mai
02098	Xã Hoà Mục	Huyện Chợ Mới	06	Tỉnh Bắc Kạn	19	02104	exact	02104:Xã Tân Kỳ
02101	Xã Thanh Mai	Huyện Chợ Mới	06	Tỉnh Bắc Kạn	19	02101	exact	02101:Xã Thanh Mai
02104	Xã Cao Kỳ	Huyện Chợ Mới	06	Tỉnh Bắc Kạn	19	02104	exact	02104:Xã Tân Kỳ
02107	Xã Nông Hạ	Huyện Chợ Mới	06	Tỉnh Bắc Kạn	19	02107	exact	02107:Xã Thanh Thịnh
02110	Xã Yên Cư	Huyện Chợ Mới	06	Tỉnh Bắc Kạn	19	02116	exact	02116:Xã Yên Bình
02113	Xã Thanh Thịnh	Huyện Chợ Mới	06	Tỉnh Bắc Kạn	19	02107	exact	02107:Xã Thanh Thịnh
02116	Xã Yên Hân	Huyện Chợ Mới	06	Tỉnh Bắc Kạn	19	02116	exact	02116:Xã Yên Bình
02122	Xã Như Cố	Huyện Chợ Mới	06	Tỉnh Bắc Kạn	19	02086	exact	02086:Xã Chợ Mới
02125	Xã Bình Văn	Huyện Chợ Mới	06	Tỉnh Bắc Kạn	19	02116	exact	02116:Xã Yên Bình
02131	Xã Quảng Chu	Huyện Chợ Mới	06	Tỉnh Bắc Kạn	19	02086	exact	02086:Xã Chợ Mới
02137	Xã Văn Vũ	Huyện Na Rì	06	Tỉnh Bắc Kạn	19	02152	exact	02152:Xã Cường Lợi
02140	Xã Văn Lang	Huyện Na Rì	06	Tỉnh Bắc Kạn	19		split	05665:Xã Văn Lăng|02143:Xã Văn Lang
02143	Xã Lương Thượng	Huyện Na Rì	06	Tỉnh Bắc Kạn	19	02143	exact	02143:Xã Văn Lang
02146	Xã Kim Hỷ	Huyện Na Rì	06	Tỉnh Bắc Kạn	19	02143	exact	02143:Xã Văn Lang
02152	Xã Cường Lợi	Huyện Na Rì	06	Tỉnh Bắc Kạn	19	02152	exact	02152:Xã Cường Lợi
02155	Thị trấn Yến Lạc	Huyện Na Rì	06	Tỉnh Bắc Kạn	19	02155	exact	02155:Xã Na Rì
02158	Xã Kim Lư	Huyện Na Rì	06	Tỉnh Bắc Kạn	19	02155	exact	02155:Xã Na Rì
02161	Xã Sơn Thành	Huyện Na Rì	06	Tỉnh Bắc Kạn	19	02155	exact	02155:Xã Na Rì
02170	Xã Văn Minh	Huyện Na Rì	06	Tỉnh Bắc Kạn	19	02176	exact	02176:Xã Trần Phú
02173	Xã Côn Minh	Huyện Na Rì	06	Tỉnh Bắc Kạn	19	02185	exact	02185:Xã Côn Minh
02176	Xã Cư Lễ	Huyện Na Rì	06	Tỉnh Bắc Kạn	19	02176	exact	02176:Xã Trần Phú
02179	Xã Trần Phú	Huyện Na Rì	06	Tỉnh Bắc Kạn	19	02176	exact	02176:Xã Trần Phú
02185	Xã Quang Phong	Huyện Na Rì	06	Tỉnh Bắc Kạn	19	02185	exact	02185:Xã Côn Minh
02188	Xã Dương Sơn	Huyện Na Rì	06	Tỉnh Bắc Kạn	19	02185	exact	02185:Xã Côn Minh
02191	Xã Xuân Dương	Huyện Na Rì	06	Tỉnh Bắc Kạn	19	02191	exact	02191:Xã Xuân Dương
02194	Xã Đổng Xá	Huyện Na Rì	06	Tỉnh Bắc Kạn	19	02191	exact	02191:Xã Xuân Dương
02197	Xã Liêm Thuỷ	Huyện Na Rì	06	Tỉnh Bắc Kạn	19	02191	exact	02191:Xã Xuân Dương
02200	Phường Phan Thiết	Thành phố Tuyên Quang	08	Tỉnh Tuyên Quang	08	02215	exact	02215:Phường Minh Xuân
02203	Phường Minh Xuân	Thành phố Tuyên Quang	08	Tỉnh Tuyên Quang	08	02215	exact	02215:Phường Minh Xuân
02206	Phường Tân Quang	Thành phố Tuyên Quang	08	Tỉnh Tuyên Quang	08	02215	exact	02215:Phường Minh Xuân
02209	Xã Tràng Đà	Thành phố Tuyên Quang	08	Tỉnh Tuyên Quang	08	02212	exact	02212:Phường Nông Tiến
02212	Phường Nông Tiến	Thành phố Tuyên Quang	08	Tỉnh Tuyên Quang	08	02212	exact	02212:Phường Nông Tiến
02215	Phường Ỷ La	Thành phố Tuyên Quang	08	Tỉnh Tuyên Quang	08	02215	exact	02215:Phường Minh Xuân
02216	Phường Tân Hà	Thành phố Tuyên Quang	08	Tỉnh Tuyên Quang	08	02215	exact	02215:Phường Minh Xuân
02218	Phường Hưng Thành	Thành phố Tuyên Quang	08	Tỉnh Tuyên Quang	08	02512	exact	02512:Phường An Tường
02221	Thị trấn Na Hang	Huyện Na Hang	08	Tỉnh Tuyên Quang	08	02221	exact	02221:Xã Nà Hang
02227	Xã Sinh Long	Huyện Na Hang	08	Tỉnh Tuyên Quang	08	02245	exact	02245:Xã Côn Lôn
02230	Xã Thượng Giáp	Huyện Na Hang	08	Tỉnh Tuyên Quang	08	02239	exact	02239:Xã Thượng Nông
02233	Xã Phúc Yên	Huyện Lâm Bình	08	Tỉnh Tuyên Quang	08	02266	exact	02266:Xã Lâm Bình
02239	Xã Thượng Nông	Huyện Na Hang	08	Tỉnh Tuyên Quang	08	02239	exact	02239:Xã Thượng Nông
02242	Xã Xuân Lập	Huyện Lâm Bình	08	Tỉnh Tuyên Quang	08	02266	exact	02266:Xã Lâm Bình
02245	Xã Côn Lôn	Huyện Na Hang	08	Tỉnh Tuyên Quang	08	02245	exact	02245:Xã Côn Lôn
02248	Xã Yên Hoa	Huyện Na Hang	08	Tỉnh Tuyên Quang	08	02248	exact	02248:Xã Yên Hoa
02251	Xã Khuôn Hà	Huyện Lâm Bình	08	Tỉnh Tuyên Quang	08	02269	exact	02269:Xã Thượng Lâm
02254	Xã Hồng Thái	Huyện Na Hang	08	Tỉnh Tuyên Quang	08	02260	exact	02260:Xã Hồng Thái
02260	Xã Đà Vị	Huyện Na Hang	08	Tỉnh Tuyên Quang	08	02260	exact	02260:Xã Hồng Thái
02263	Xã Khau Tinh	Huyện Na Hang	08	Tỉnh Tuyên Quang	08	02248	exact	02248:Xã Yên Hoa
02266	Thị trấn Lăng Can	Huyện Lâm Bình	08	Tỉnh Tuyên Quang	08	02266	exact	02266:Xã Lâm Bình
02269	Xã Thượng Lâm	Huyện Lâm Bình	08	Tỉnh Tuyên Quang	08	02269	exact	02269:Xã Thượng Lâm
02275	Xã Sơn Phú	Huyện Na Hang	08	Tỉnh Tuyên Quang	08	02260	exact	02260:Xã Hồng Thái
02281	Xã Năng Khả	Huyện Na Hang	08	Tỉnh Tuyên Quang	08	02221	exact	02221:Xã Nà Hang
02284	Xã Thanh Tương	Huyện Na Hang	08	Tỉnh Tuyên Quang	08	02221	exact	02221:Xã Nà Hang
02287	Thị trấn Vĩnh Lộc	Huyện Chiêm Hóa	08	Tỉnh Tuyên Quang	08	02287	exact	02287:Xã Chiêm Hóa
02290	Xã Bình An	Huyện Lâm Bình	08	Tỉnh Tuyên Quang	08	02296	exact	02296:Xã Bình An
02293	Xã Hồng Quang	Huyện Lâm Bình	08	Tỉnh Tuyên Quang	08	02302	exact	02302:Xã Minh Quang
02296	Xã Thổ Bình	Huyện Lâm Bình	08	Tỉnh Tuyên Quang	08	02296	exact	02296:Xã Bình An
02299	Xã Phúc Sơn	Huyện Lâm Bình	08	Tỉnh Tuyên Quang	08	02302	exact	02302:Xã Minh Quang
02302	Xã Minh Quang	Huyện Lâm Bình	08	Tỉnh Tuyên Quang	08	02302	exact	02302:Xã Minh Quang
02305	Xã Trung Hà	Huyện Chiêm Hóa	08	Tỉnh Tuyên Quang	08	02305	exact	02305:Xã Trung Hà
02308	Xã Tân Mỹ	Huyện Chiêm Hóa	08	Tỉnh Tuyên Quang	08	02308	exact	02308:Xã Tân Mỹ
02311	Xã Hà Lang	Huyện Chiêm Hóa	08	Tỉnh Tuyên Quang	08	02320	exact	02320:Xã Tân An
02314	Xã Hùng Mỹ	Huyện Chiêm Hóa	08	Tỉnh Tuyên Quang	08	02308	exact	02308:Xã Tân Mỹ
02317	Xã Yên Lập	Huyện Chiêm Hóa	08	Tỉnh Tuyên Quang	08	02317	exact	02317:Xã Yên Lập
02320	Xã Tân An	Huyện Chiêm Hóa	08	Tỉnh Tuyên Quang	08	02320	exact	02320:Xã Tân An
02323	Xã Bình Phú	Huyện Chiêm Hóa	08	Tỉnh Tuyên Quang	08	02317	exact	02317:Xã Yên Lập
02326	Xã Xuân Quang	Huyện Chiêm Hóa	08	Tỉnh Tuyên Quang	08	02287	exact	02287:Xã Chiêm Hóa
02329	Xã Ngọc Hội	Huyện Chiêm Hóa	08	Tỉnh Tuyên Quang	08	02287	exact	02287:Xã Chiêm Hóa
02332	Xã Phú Bình	Huyện Chiêm Hóa	08	Tỉnh Tuyên Quang	08	02332	exact	02332:Xã Kiên Đài
02335	Xã Hòa Phú	Huyện Chiêm Hóa	08	Tỉnh Tuyên Quang	08	02365	exact	02365:Xã Yên Nguyên
02338	Xã Phúc Thịnh	Huyện Chiêm Hóa	08	Tỉnh Tuyên Quang	08	02287	exact	02287:Xã Chiêm Hóa
02341	Xã Kiên Đài	Huyện Chiêm Hóa	08	Tỉnh Tuyên Quang	08	02332	exact	02332:Xã Kiên Đài
02344	Xã Tân Thịnh	Huyện Chiêm Hóa	08	Tỉnh Tuyên Quang	08	02353	exact	02353:Xã Hòa An
02347	Xã Trung Hòa	Huyện Chiêm Hóa	08	Tỉnh Tuyên Quang	08	02287	exact	02287:Xã Chiêm Hóa
02350	Xã Kim Bình	Huyện Chiêm Hóa	08	Tỉnh Tuyên Quang	08	02350	exact	02350:Xã Kim Bình
02353	Xã Hòa An	Huyện Chiêm Hóa	08	Tỉnh Tuyên Quang	08	02353	exact	02353:Xã Hòa An
02356	Xã Vinh Quang	Huyện Chiêm Hóa	08	Tỉnh Tuyên Quang	08	02350	exact	02350:Xã Kim Bình
02359	Xã Tri Phú	Huyện Chiêm Hóa	08	Tỉnh Tuyên Quang	08	02359	exact	02359:Xã Tri Phú
02362	Xã Nhân Lý	Huyện Chiêm Hóa	08	Tỉnh Tuyên Quang	08	02353	exact	02353:Xã Hòa An
02365	Xã Yên Nguyên	Huyện Chiêm Hóa	08	Tỉnh Tuyên Quang	08	02365	exact	02365:Xã Yên Nguyên
02368	Xã Linh Phú	Huyện Chiêm Hóa	08	Tỉnh Tuyên Quang	08	02359	exact	02359:Xã Tri Phú
02371	Xã Bình Nhân	Huyện Chiêm Hóa	08	Tỉnh Tuyên Quang	08	02350	exact	02350:Xã Kim Bình
02374	Thị trấn Tân Yên	Huyện Hàm Yên	08	Tỉnh Tuyên Quang	08	02374	exact	02374:Xã Hàm Yên
02377	Xã Yên Thuận	Huyện Hàm Yên	08	Tỉnh Tuyên Quang	08	02380	exact	02380:Xã Bạch Xa
02380	Xã Bạch Xa	Huyện Hàm Yên	08	Tỉnh Tuyên Quang	08	02380	exact	02380:Xã Bạch Xa
02383	Xã Minh Khương	Huyện Hàm Yên	08	Tỉnh Tuyên Quang	08	02380	exact	02380:Xã Bạch Xa
02386	Xã Yên Lâm	Huyện Hàm Yên	08	Tỉnh Tuyên Quang	08	02398	exact	02398:Xã Yên Phú
02389	Xã Minh Dân	Huyện Hàm Yên	08	Tỉnh Tuyên Quang	08	02392	exact	02392:Xã Phù Lưu
02392	Xã Phù Lưu	Huyện Hàm Yên	08	Tỉnh Tuyên Quang	08	02392	exact	02392:Xã Phù Lưu
02395	Xã Minh Hương	Huyện Hàm Yên	08	Tỉnh Tuyên Quang	08	02404	exact	02404:Xã Bình Xa
02398	Xã Yên Phú	Huyện Hàm Yên	08	Tỉnh Tuyên Quang	08	02398	exact	02398:Xã Yên Phú
02401	Xã Tân Thành	Huyện Hàm Yên	08	Tỉnh Tuyên Quang	08	02374	exact	02374:Xã Hàm Yên
02404	Xã Bình Xa	Huyện Hàm Yên	08	Tỉnh Tuyên Quang	08	02404	exact	02404:Xã Bình Xa
02407	Xã Thái Sơn	Huyện Hàm Yên	08	Tỉnh Tuyên Quang	08	02407	exact	02407:Xã Thái Sơn
02410	Xã Nhân Mục	Huyện Hàm Yên	08	Tỉnh Tuyên Quang	08	02374	exact	02374:Xã Hàm Yên
02413	Xã Thành Long	Huyện Hàm Yên	08	Tỉnh Tuyên Quang	08	02407	exact	02407:Xã Thái Sơn
02416	Xã Bằng Cốc	Huyện Hàm Yên	08	Tỉnh Tuyên Quang	08	02374	exact	02374:Xã Hàm Yên
02419	Xã Thái Hòa	Huyện Hàm Yên	08	Tỉnh Tuyên Quang	08	02419	exact	02419:Xã Thái Hòa
02422	Xã Đức Ninh	Huyện Hàm Yên	08	Tỉnh Tuyên Quang	08	02419	exact	02419:Xã Thái Hòa
02425	Xã Hùng Đức	Huyện Hàm Yên	08	Tỉnh Tuyên Quang	08	02425	exact	02425:Xã Hùng Đức
02431	Xã Quí Quân	Huyện Yên Sơn	08	Tỉnh Tuyên Quang	08		not_found	
02434	Xã Lực Hành	Huyện Yên Sơn	08	Tỉnh Tuyên Quang	08	02434	exact	02434:Xã Lực Hành
02437	Xã Kiến Thiết	Huyện Yên Sơn	08	Tỉnh Tuyên Quang	08	02437	exact	02437:Xã Kiến Thiết
02440	Xã Trung Minh	Huyện Yên Sơn	08	Tỉnh Tuyên Quang	08	02455	exact	02455:Xã Hùng Lợi
02443	Xã Chiêu Yên	Huyện Yên Sơn	08	Tỉnh Tuyên Quang	08	02434	exact	02434:Xã Lực Hành
02446	Xã Trung Trực	Huyện Yên Sơn	08	Tỉnh Tuyên Quang	08	02449	exact	02449:Xã Xuân Vân
02449	Xã Xuân Vân	Huyện Yên Sơn	08	Tỉnh Tuyên Quang	08	02449	exact	02449:Xã Xuân Vân
02452	Xã Phúc Ninh	Huyện Yên Sơn	08	Tỉnh Tuyên Quang	08	02449	exact	02449:Xã Xuân Vân
02455	Xã Hùng Lợi	Huyện Yên Sơn	08	Tỉnh Tuyên Quang	08	02455	exact	02455:Xã Hùng Lợi
02458	Xã Trung Sơn	Huyện Yên Sơn	08	Tỉnh Tuyên Quang	08	02458	exact	02458:Xã Trung Sơn
02461	Xã Tân Tiến	Huyện Yên Sơn	08	Tỉnh Tuyên Quang	08	02470	exact	02470:Xã Tân Long
02464	Xã Tứ Quận	Huyện Yên Sơn	08	Tỉnh Tuyên Quang	08	02473	exact	02473:Xã Yên Sơn
02467	Xã Đạo Viện	Huyện Yên Sơn	08	Tỉnh Tuyên Quang	08	02458	exact	02458:Xã Trung Sơn
02470	Xã Tân Long	Huyện Yên Sơn	08	Tỉnh Tuyên Quang	08	02470	exact	02470:Xã Tân Long
02473	Thị trấn Yên Sơn	Huyện Yên Sơn	08	Tỉnh Tuyên Quang	08	02473	exact	02473:Xã Yên Sơn
02476	Xã Kim Quan	Huyện Yên Sơn	08	Tỉnh Tuyên Quang	08	02545	exact	02545:Xã Tân Trào
02479	Xã Lang Quán	Huyện Yên Sơn	08	Tỉnh Tuyên Quang	08	02473	exact	02473:Xã Yên Sơn
02482	Xã Phú Thịnh	Huyện Yên Sơn	08	Tỉnh Tuyên Quang	08	02494	exact	02494:Xã Thái Bình
02485	Xã Công Đa	Huyện Yên Sơn	08	Tỉnh Tuyên Quang	08	02458	exact	02458:Xã Trung Sơn
02488	Xã Trung Môn	Huyện Yên Sơn	08	Tỉnh Tuyên Quang	08		not_found	
02491	Xã Chân Sơn	Huyện Yên Sơn	08	Tỉnh Tuyên Quang	08	02473	exact	02473:Xã Yên Sơn
02494	Xã Thái Bình	Huyện Yên Sơn	08	Tỉnh Tuyên Quang	08		split	02494:Xã Thái Bình|02212:Phường Nông Tiến
02497	Xã Kim Phú	Thành phố Tuyên Quang	08	Tỉnh Tuyên Quang	08		split	02215:Phường Minh Xuân|02509:Phường Mỹ Lâm
02500	Xã Tiến Bộ	Huyện Yên Sơn	08	Tỉnh Tuyên Quang	08	02494	exact	02494:Xã Thái Bình
02503	Xã An Khang	Thành phố Tuyên Quang	08	Tỉnh Tuyên Quang	08	02512	exact	02512:Phường An Tường
02506	Xã Mỹ Bằng	Huyện Yên Sơn	08	Tỉnh Tuyên Quang	08	02509	exact	02509:Phường Mỹ Lâm
02509	Phường Mỹ Lâm	Thành phố Tuyên Quang	08	Tỉnh Tuyên Quang	08	02509	exact	02509:Phường Mỹ Lâm
02512	Phường An Tường	Thành phố Tuyên Quang	08	Tỉnh Tuyên Quang	08	02512	exact	02512:Phường An Tường
02515	Xã Lưỡng Vượng	Thành phố Tuyên Quang	08	Tỉnh Tuyên Quang	08	02512	exact	02512:Phường An Tường
02518	Xã Hoàng Khai	Huyện Yên Sơn	08	Tỉnh Tuyên Quang	08	02512	exact	02512:Phường An Tường
02521	Xã Thái Long	Thành phố Tuyên Quang	08	Tỉnh Tuyên Quang	08	02524	exact	02524:Phường Bình Thuận
02524	Phường Đội Cấn	Thành phố Tuyên Quang	08	Tỉnh Tuyên Quang	08	02524	exact	02524:Phường Bình Thuận
02527	Xã Nhữ Hán	Huyện Yên Sơn	08	Tỉnh Tuyên Quang	08	02530	exact	02530:Xã Nhữ Khê
02530	Xã Nhữ Khê	Huyện Yên Sơn	08	Tỉnh Tuyên Quang	08	02530	exact	02530:Xã Nhữ Khê
02533	Xã Đội Bình	Huyện Yên Sơn	08	Tỉnh Tuyên Quang	08	02530	exact	02530:Xã Nhữ Khê
02536	Thị trấn Sơn Dương	Huyện Sơn Dương	08	Tỉnh Tuyên Quang	08	02536	exact	02536:Xã Sơn Dương
02539	Xã Trung Yên	Huyện Sơn Dương	08	Tỉnh Tuyên Quang	08	02545	exact	02545:Xã Tân Trào
02542	Xã Minh Thanh	Huyện Sơn Dương	08	Tỉnh Tuyên Quang	08	02554	exact	02554:Xã Minh Thanh
02545	Xã Tân Trào	Huyện Sơn Dương	08	Tỉnh Tuyên Quang	08	02545	exact	02545:Xã Tân Trào
02548	Xã Vĩnh Lợi	Huyện Sơn Dương	08	Tỉnh Tuyên Quang	08	02548	exact	02548:Xã Bình Ca
02551	Xã Thượng Ấm	Huyện Sơn Dương	08	Tỉnh Tuyên Quang	08	02548	exact	02548:Xã Bình Ca
02554	Xã Bình Yên	Huyện Sơn Dương	08	Tỉnh Tuyên Quang	08	02554	exact	02554:Xã Minh Thanh
02557	Xã Lương Thiện	Huyện Sơn Dương	08	Tỉnh Tuyên Quang	08	02554	exact	02554:Xã Minh Thanh
02560	Xã Tú Thịnh	Huyện Sơn Dương	08	Tỉnh Tuyên Quang	08	02536	exact	02536:Xã Sơn Dương
02563	Xã Cấp Tiến	Huyện Sơn Dương	08	Tỉnh Tuyên Quang	08	02548	exact	02548:Xã Bình Ca
02566	Xã Hợp Thành	Huyện Sơn Dương	08	Tỉnh Tuyên Quang	08	02536	exact	02536:Xã Sơn Dương
02569	Xã Phúc Ứng	Huyện Sơn Dương	08	Tỉnh Tuyên Quang	08	02536	exact	02536:Xã Sơn Dương
02572	Xã Đông Thọ	Huyện Sơn Dương	08	Tỉnh Tuyên Quang	08	02572	exact	02572:Xã Đông Thọ
02575	Xã Kháng Nhật	Huyện Sơn Dương	08	Tỉnh Tuyên Quang	08	02578	exact	02578:Xã Tân Thanh
02578	Xã Hợp Hòa	Huyện Sơn Dương	08	Tỉnh Tuyên Quang	08	02578	exact	02578:Xã Tân Thanh
02584	Xã Quyết Thắng	Huyện Sơn Dương	08	Tỉnh Tuyên Quang	08	02572	exact	02572:Xã Đông Thọ
02587	Xã Đồng Quý	Huyện Sơn Dương	08	Tỉnh Tuyên Quang	08	02572	exact	02572:Xã Đông Thọ
02590	Xã Tân Thanh	Huyện Sơn Dương	08	Tỉnh Tuyên Quang	08		split	02578:Xã Tân Thanh|02374:Xã Hàm Yên|01171:Xã Tân Quang
02593	Xã Vân Sơn	Huyện Sơn Dương	08	Tỉnh Tuyên Quang	08		not_found	
02596	Xã Văn Phú	Huyện Sơn Dương	08	Tỉnh Tuyên Quang	08	02608	exact	02608:Xã Hồng Sơn
02599	Xã Chi Thiết	Huyện Sơn Dương	08	Tỉnh Tuyên Quang	08	02608	exact	02608:Xã Hồng Sơn
02602	Xã Đông Lợi	Huyện Sơn Dương	08	Tỉnh Tuyên Quang	08	02623	exact	02623:Xã Trường Sinh
02605	Xã Thiện Kế	Huyện Sơn Dương	08	Tỉnh Tuyên Quang	08	02620	exact	02620:Xã Sơn Thủy
02608	Xã Hồng Lạc	Huyện Sơn Dương	08	Tỉnh Tuyên Quang	08		not_found	
02611	Xã Phú Lương	Huyện Sơn Dương	08	Tỉnh Tuyên Quang	08	02611	exact	02611:Xã Phú Lương
02614	Xã Ninh Lai	Huyện Sơn Dương	08	Tỉnh Tuyên Quang	08	02620	exact	02620:Xã Sơn Thủy
02617	Xã Đại Phú	Huyện Sơn Dương	08	Tỉnh Tuyên Quang	08	02611	exact	02611:Xã Phú Lương
02620	Xã Sơn Nam	Huyện Sơn Dương	08	Tỉnh Tuyên Quang	08	02620	exact	02620:Xã Sơn Thủy
02623	Xã Hào Phú	Huyện Sơn Dương	08	Tỉnh Tuyên Quang	08	02623	exact	02623:Xã Trường Sinh
02626	Xã Tam Đa	Huyện Sơn Dương	08	Tỉnh Tuyên Quang	08	02611	exact	02611:Xã Phú Lương
02632	Xã Trường Sinh	Huyện Sơn Dương	08	Tỉnh Tuyên Quang	08	02623	exact	02623:Xã Trường Sinh
02635	Phường Duyên Hải	Thành phố Lào Cai	10	Tỉnh Lào Cai	15	02647	exact	02647:Phường Lào Cai
02641	Phường Lào Cai	Thành phố Lào Cai	10	Tỉnh Lào Cai	15	02647	exact	02647:Phường Lào Cai
02644	Phường Cốc Lếu	Thành phố Lào Cai	10	Tỉnh Lào Cai	15	02647	exact	02647:Phường Lào Cai
02647	Phường Kim Tân	Thành phố Lào Cai	10	Tỉnh Lào Cai	15	02647	exact	02647:Phường Lào Cai
02650	Phường Bắc Lệnh	Thành phố Lào Cai	10	Tỉnh Lào Cai	15	02671	exact	02671:Phường Cam Đường
02653	Phường Pom Hán	Thành phố Lào Cai	10	Tỉnh Lào Cai	15	02671	exact	02671:Phường Cam Đường
02656	Phường Xuân Tăng	Thành phố Lào Cai	10	Tỉnh Lào Cai	15	02671	exact	02671:Phường Cam Đường
02658	Phường Bình Minh	Thành phố Lào Cai	10	Tỉnh Lào Cai	15	02671	exact	02671:Phường Cam Đường
02659	Xã Thống Nhất	Thành phố Lào Cai	10	Tỉnh Lào Cai	15	02923	exact	02923:Xã Gia Phú
02662	Xã Đồng Tuyển	Thành phố Lào Cai	10	Tỉnh Lào Cai	15	02746	exact	02746:Xã Cốc San
02665	Xã Vạn Hoà	Thành phố Lào Cai	10	Tỉnh Lào Cai	15	02647	exact	02647:Phường Lào Cai
02668	Phường Bắc Cường	Thành phố Lào Cai	10	Tỉnh Lào Cai	15	02671	exact	02671:Phường Cam Đường
02671	Phường Nam Cường	Thành phố Lào Cai	10	Tỉnh Lào Cai	15	02671	exact	02671:Phường Cam Đường
02674	Xã Cam Đường	Thành phố Lào Cai	10	Tỉnh Lào Cai	15	02671	exact	02671:Phường Cam Đường
02677	Xã Tả Phời	Thành phố Lào Cai	10	Tỉnh Lào Cai	15	02680	exact	02680:Xã Hợp Thành
02680	Xã Hợp Thành	Thành phố Lào Cai	10	Tỉnh Lào Cai	15	02680	exact	02680:Xã Hợp Thành
02683	Thị trấn Bát Xát	Huyện Bát Xát	10	Tỉnh Lào Cai	15	02683	exact	02683:Xã Bát Xát
02686	Xã A Mú Sung	Huyện Bát Xát	10	Tỉnh Lào Cai	15	02686	exact	02686:Xã A Mú Sung
02689	Xã Nậm Chạc	Huyện Bát Xát	10	Tỉnh Lào Cai	15	02686	exact	02686:Xã A Mú Sung
02692	Xã A Lù	Huyện Bát Xát	10	Tỉnh Lào Cai	15	02701	exact	02701:Xã Y Tý
02695	Xã Trịnh Tường	Huyện Bát Xát	10	Tỉnh Lào Cai	15	02695	exact	02695:Xã Trịnh Tường
02701	Xã Y Tý	Huyện Bát Xát	10	Tỉnh Lào Cai	15	02701	exact	02701:Xã Y Tý
02704	Xã Cốc Mỳ	Huyện Bát Xát	10	Tỉnh Lào Cai	15	02695	exact	02695:Xã Trịnh Tường
02707	Xã Dền Sáng	Huyện Bát Xát	10	Tỉnh Lào Cai	15	02707	exact	02707:Xã Dền Sáng
02710	Xã Bản Vược	Huyện Bát Xát	10	Tỉnh Lào Cai	15	02683	exact	02683:Xã Bát Xát
02713	Xã Sàng Ma Sáo	Huyện Bát Xát	10	Tỉnh Lào Cai	15	02707	exact	02707:Xã Dền Sáng
02716	Xã Bản Qua	Huyện Bát Xát	10	Tỉnh Lào Cai	15	02683	exact	02683:Xã Bát Xát
02719	Xã Mường Vi	Huyện Bát Xát	10	Tỉnh Lào Cai	15	02725	exact	02725:Xã Bản Xèo
02722	Xã Dền Thàng	Huyện Bát Xát	10	Tỉnh Lào Cai	15	02707	exact	02707:Xã Dền Sáng
02725	Xã Bản Xèo	Huyện Bát Xát	10	Tỉnh Lào Cai	15	02725	exact	02725:Xã Bản Xèo
02728	Xã Mường Hum	Huyện Bát Xát	10	Tỉnh Lào Cai	15	02728	exact	02728:Xã Mường Hum
02731	Xã Trung Lèng Hồ	Huyện Bát Xát	10	Tỉnh Lào Cai	15	02728	exact	02728:Xã Mường Hum
02734	Xã Quang Kim	Huyện Bát Xát	10	Tỉnh Lào Cai	15	02683	exact	02683:Xã Bát Xát
02737	Xã Pa Cheo	Huyện Bát Xát	10	Tỉnh Lào Cai	15	02725	exact	02725:Xã Bản Xèo
02740	Xã Nậm Pung	Huyện Bát Xát	10	Tỉnh Lào Cai	15	02728	exact	02728:Xã Mường Hum
02743	Xã Phìn Ngan	Huyện Bát Xát	10	Tỉnh Lào Cai	15	02683	exact	02683:Xã Bát Xát
02746	Xã Cốc San	Thành phố Lào Cai	10	Tỉnh Lào Cai	15	02746	exact	02746:Xã Cốc San
02749	Xã Tòng Sành	Huyện Bát Xát	10	Tỉnh Lào Cai	15	02746	exact	02746:Xã Cốc San
02752	Xã Pha Long	Huyện Mường Khương	10	Tỉnh Lào Cai	15	02752	exact	02752:Xã Pha Long
02755	Xã Tả Ngải Chồ	Huyện Mường Khương	10	Tỉnh Lào Cai	15	02752	exact	02752:Xã Pha Long
02758	Xã Tung Chung Phố	Huyện Mường Khương	10	Tỉnh Lào Cai	15	02761	exact	02761:Xã Mường Khương
02761	Thị trấn Mường Khương	Huyện Mường Khương	10	Tỉnh Lào Cai	15	02761	exact	02761:Xã Mường Khương
02764	Xã Dìn Chin	Huyện Mường Khương	10	Tỉnh Lào Cai	15	02752	exact	02752:Xã Pha Long
02767	Xã Tả Gia Khâu	Huyện Mường Khương	10	Tỉnh Lào Cai	15	02752	exact	02752:Xã Pha Long
02770	Xã Nậm Chảy	Huyện Mường Khương	10	Tỉnh Lào Cai	15		split	03076:Xã Nậm Chày|02761:Xã Mường Khương
02773	Xã Nấm Lư	Huyện Mường Khương	10	Tỉnh Lào Cai	15	02761	exact	02761:Xã Mường Khương
02776	Xã Lùng Khấu Nhin	Huyện Mường Khương	10	Tỉnh Lào Cai	15	02782	exact	02782:Xã Cao Sơn
02779	Xã Thanh Bình	Huyện Mường Khương	10	Tỉnh Lào Cai	15	02761	exact	02761:Xã Mường Khương
02782	Xã Cao Sơn	Huyện Mường Khương	10	Tỉnh Lào Cai	15	02782	exact	02782:Xã Cao Sơn
02785	Xã Lùng Vai	Huyện Mường Khương	10	Tỉnh Lào Cai	15	02788	exact	02788:Xã Bản Lầu
02788	Xã Bản Lầu	Huyện Mường Khương	10	Tỉnh Lào Cai	15	02788	exact	02788:Xã Bản Lầu
02791	Xã La Pan Tẩn	Huyện Mường Khương	10	Tỉnh Lào Cai	15		split	04492:Xã Púng Luông|02782:Xã Cao Sơn
02794	Xã Tả Thàng	Huyện Mường Khương	10	Tỉnh Lào Cai	15	02782	exact	02782:Xã Cao Sơn
02797	Xã Bản Sen	Huyện Mường Khương	10	Tỉnh Lào Cai	15	02788	exact	02788:Xã Bản Lầu
02800	Xã Nàn Sán	Huyện Si Ma Cai	10	Tỉnh Lào Cai	15	02809	exact	02809:Xã Si Ma Cai
02803	Xã Thào Chư Phìn	Huyện Si Ma Cai	10	Tỉnh Lào Cai	15	02824	exact	02824:Xã Sín Chéng
02806	Xã Bản Mế	Huyện Si Ma Cai	10	Tỉnh Lào Cai	15	02824	exact	02824:Xã Sín Chéng
02809	Thị trấn Si Ma Cai	Huyện Si Ma Cai	10	Tỉnh Lào Cai	15	02809	exact	02809:Xã Si Ma Cai
02812	Xã Sán Chải	Huyện Si Ma Cai	10	Tỉnh Lào Cai	15	02809	exact	02809:Xã Si Ma Cai
02818	Xã Lùng Thẩn	Huyện Si Ma Cai	10	Tỉnh Lào Cai	15	02848	exact	02848:Xã Lùng Phình
02821	Xã Cán Cấu	Huyện Si Ma Cai	10	Tỉnh Lào Cai	15	02809	exact	02809:Xã Si Ma Cai
02824	Xã Sín Chéng	Huyện Si Ma Cai	10	Tỉnh Lào Cai	15	02824	exact	02824:Xã Sín Chéng
02827	Xã Quan Hồ Thẩn	Huyện Si Ma Cai	10	Tỉnh Lào Cai	15	02809	exact	02809:Xã Si Ma Cai
02836	Xã Nàn Xín	Huyện Si Ma Cai	10	Tỉnh Lào Cai	15		not_found	
02839	Thị trấn Bắc Hà	Huyện Bắc Hà	10	Tỉnh Lào Cai	15	02839	exact	02839:Xã Bắc Hà
02842	Xã Lùng Cải	Huyện Bắc Hà	10	Tỉnh Lào Cai	15	02842	exact	02842:Xã Tả Củ Tỷ
02848	Xã Lùng Phình	Huyện Bắc Hà	10	Tỉnh Lào Cai	15	02848	exact	02848:Xã Lùng Phình
02851	Xã Tả Van Chư	Huyện Bắc Hà	10	Tỉnh Lào Cai	15	02848	exact	02848:Xã Lùng Phình
02854	Xã Tả Củ Tỷ	Huyện Bắc Hà	10	Tỉnh Lào Cai	15	02842	exact	02842:Xã Tả Củ Tỷ
02857	Xã Thải Giàng Phố	Huyện Bắc Hà	10	Tỉnh Lào Cai	15	02839	exact	02839:Xã Bắc Hà
02863	Xã Hoàng Thu Phố	Huyện Bắc Hà	10	Tỉnh Lào Cai	15	02839	exact	02839:Xã Bắc Hà
02866	Xã Bản Phố	Huyện Bắc Hà	10	Tỉnh Lào Cai	15	02839	exact	02839:Xã Bắc Hà
02869	Xã Bản Liền	Huyện Bắc Hà	10	Tỉnh Lào Cai	15	02869	exact	02869:Xã Bản Liền
02872	Xã Tà Chải	Huyện Bắc Hà	10	Tỉnh Lào Cai	15		not_found	
02875	Xã Na Hối	Huyện Bắc Hà	10	Tỉnh Lào Cai	15	02839	exact	02839:Xã Bắc Hà
02878	Xã Cốc Ly	Huyện Bắc Hà	10	Tỉnh Lào Cai	15	02890	exact	02890:Xã Bảo Nhai
02881	Xã Nậm Mòn	Huyện Bắc Hà	10	Tỉnh Lào Cai	15	02839	exact	02839:Xã Bắc Hà
02884	Xã Nậm Đét	Huyện Bắc Hà	10	Tỉnh Lào Cai	15	02890	exact	02890:Xã Bảo Nhai
02887	Xã Nậm Khánh	Huyện Bắc Hà	10	Tỉnh Lào Cai	15	02869	exact	02869:Xã Bản Liền
02890	Xã Bảo Nhai	Huyện Bắc Hà	10	Tỉnh Lào Cai	15	02890	exact	02890:Xã Bảo Nhai
02893	Xã Nậm Lúc	Huyện Bắc Hà	10	Tỉnh Lào Cai	15	02896	exact	02896:Xã Cốc Lầu
02896	Xã Cốc Lầu	Huyện Bắc Hà	10	Tỉnh Lào Cai	15	02896	exact	02896:Xã Cốc Lầu
02899	Xã Bản Cái	Huyện Bắc Hà	10	Tỉnh Lào Cai	15	02896	exact	02896:Xã Cốc Lầu
02902	Thị trấn N.T Phong Hải	Huyện Bảo Thắng	10	Tỉnh Lào Cai	15		not_found	
02905	Thị trấn Phố Lu	Huyện Bảo Thắng	10	Tỉnh Lào Cai	15	02905	exact	02905:Xã Bảo Thắng
02908	Thị trấn Tằng Loỏng	Huyện Bảo Thắng	10	Tỉnh Lào Cai	15	02908	exact	02908:Xã Tằng Loỏng
02911	Xã Bản Phiệt	Huyện Bảo Thắng	10	Tỉnh Lào Cai	15	02647	exact	02647:Phường Lào Cai
02914	Xã Bản Cầm	Huyện Bảo Thắng	10	Tỉnh Lào Cai	15	02902	exact	02902:Xã Phong Hải
02917	Xã Thái Niên	Huyện Bảo Thắng	10	Tỉnh Lào Cai	15	02905	exact	02905:Xã Bảo Thắng
02920	Xã Phong Niên	Huyện Bảo Thắng	10	Tỉnh Lào Cai	15	02926	exact	02926:Xã Xuân Quang
02923	Xã Gia Phú	Huyện Bảo Thắng	10	Tỉnh Lào Cai	15	02923	exact	02923:Xã Gia Phú
02926	Xã Xuân Quang	Huyện Bảo Thắng	10	Tỉnh Lào Cai	15	02926	exact	02926:Xã Xuân Quang
02929	Xã Sơn Hải	Huyện Bảo Thắng	10	Tỉnh Lào Cai	15	02905	exact	02905:Xã Bảo Thắng
02932	Xã Xuân Giao	Huyện Bảo Thắng	10	Tỉnh Lào Cai	15	02923	exact	02923:Xã Gia Phú
02935	Xã Trì Quang	Huyện Bảo Thắng	10	Tỉnh Lào Cai	15	02926	exact	02926:Xã Xuân Quang
02938	Xã Sơn Hà	Huyện Bảo Thắng	10	Tỉnh Lào Cai	15	02905	exact	02905:Xã Bảo Thắng
02944	Xã Phú Nhuận	Huyện Bảo Thắng	10	Tỉnh Lào Cai	15	02908	exact	02908:Xã Tằng Loỏng
02947	Thị trấn Phố Ràng	Huyện Bảo Yên	10	Tỉnh Lào Cai	15	02947	exact	02947:Xã Bảo Yên
02950	Xã Tân Tiến	Huyện Bảo Yên	10	Tỉnh Lào Cai	15	02953	exact	02953:Xã Nghĩa Đô
02953	Xã Nghĩa Đô	Huyện Bảo Yên	10	Tỉnh Lào Cai	15	02953	exact	02953:Xã Nghĩa Đô
02956	Xã Vĩnh Yên	Huyện Bảo Yên	10	Tỉnh Lào Cai	15	02953	exact	02953:Xã Nghĩa Đô
02959	Xã Điện Quan	Huyện Bảo Yên	10	Tỉnh Lào Cai	15	02968	exact	02968:Xã Thượng Hà
02962	Xã Xuân Hoà	Huyện Bảo Yên	10	Tỉnh Lào Cai	15	02962	exact	02962:Xã Xuân Hòa
02965	Xã Tân Dương	Huyện Bảo Yên	10	Tỉnh Lào Cai	15	02962	exact	02962:Xã Xuân Hòa
02968	Xã Thượng Hà	Huyện Bảo Yên	10	Tỉnh Lào Cai	15	02968	exact	02968:Xã Thượng Hà
02971	Xã Kim Sơn	Huyện Bảo Yên	10	Tỉnh Lào Cai	15	02989	exact	02989:Xã Bảo Hà
02974	Xã Cam Cọn	Huyện Bảo Yên	10	Tỉnh Lào Cai	15	02989	exact	02989:Xã Bảo Hà
02977	Xã Minh Tân	Huyện Bảo Yên	10	Tỉnh Lào Cai	15	02968	exact	02968:Xã Thượng Hà
02980	Xã Xuân Thượng	Huyện Bảo Yên	10	Tỉnh Lào Cai	15	02947	exact	02947:Xã Bảo Yên
02983	Xã Việt Tiến	Huyện Bảo Yên	10	Tỉnh Lào Cai	15	02998	exact	02998:Xã Phúc Khánh
02986	Xã Yên Sơn	Huyện Bảo Yên	10	Tỉnh Lào Cai	15	02947	exact	02947:Xã Bảo Yên
02989	Xã Bảo Hà	Huyện Bảo Yên	10	Tỉnh Lào Cai	15	02989	exact	02989:Xã Bảo Hà
02992	Xã Lương Sơn	Huyện Bảo Yên	10	Tỉnh Lào Cai	15	02947	exact	02947:Xã Bảo Yên
02998	Xã Phúc Khánh	Huyện Bảo Yên	10	Tỉnh Lào Cai	15	02998	exact	02998:Xã Phúc Khánh
03001	Phường Sa Pa	Thị xã Sa Pa	10	Tỉnh Lào Cai	15	03006	exact	03006:Phường Sa Pa
03002	Phường Sa Pả	Thị xã Sa Pa	10	Tỉnh Lào Cai	15	03006	exact	03006:Phường Sa Pa
03003	Phường Ô Quý Hồ	Thị xã Sa Pa	10	Tỉnh Lào Cai	15	03006	exact	03006:Phường Sa Pa
03004	Xã Ngũ Chỉ Sơn	Thị xã Sa Pa	10	Tỉnh Lào Cai	15	03004	exact	03004:Xã Ngũ Chỉ Sơn
03006	Phường Phan Si Păng	Thị xã Sa Pa	10	Tỉnh Lào Cai	15	03006	exact	03006:Phường Sa Pa
03010	Xã Trung Chải	Thị xã Sa Pa	10	Tỉnh Lào Cai	15	03013	exact	03013:Xã Tả Phìn
03013	Xã Tả Phìn	Thị xã Sa Pa	10	Tỉnh Lào Cai	15	03013	exact	03013:Xã Tả Phìn
03016	Phường Hàm Rồng	Thị xã Sa Pa	10	Tỉnh Lào Cai	15	03006	exact	03006:Phường Sa Pa
03019	Xã Hoàng Liên	Thị xã Sa Pa	10	Tỉnh Lào Cai	15	03037	exact	03037:Xã Tả Van
03022	Xã Thanh Bình	Thị xã Sa Pa	10	Tỉnh Lào Cai	15	03046	exact	03046:Xã Bản Hồ
03028	Phường Cầu Mây	Thị xã Sa Pa	10	Tỉnh Lào Cai	15	03006	exact	03006:Phường Sa Pa
03037	Xã Mường Hoa	Thị xã Sa Pa	10	Tỉnh Lào Cai	15	03037	exact	03037:Xã Tả Van
03040	Xã Tả Van	Thị xã Sa Pa	10	Tỉnh Lào Cai	15	03037	exact	03037:Xã Tả Van
03043	Xã Mường Bo	Thị xã Sa Pa	10	Tỉnh Lào Cai	15	03043	exact	03043:Xã Mường Bo
03046	Xã Bản Hồ	Thị xã Sa Pa	10	Tỉnh Lào Cai	15	03046	exact	03046:Xã Bản Hồ
03052	Xã Liên Minh	Thị xã Sa Pa	10	Tỉnh Lào Cai	15	03043	exact	03043:Xã Mường Bo
03055	Thị trấn Khánh Yên	Huyện Văn Bàn	10	Tỉnh Lào Cai	15	03082	exact	03082:Xã Văn Bàn
03061	Xã Võ Lao	Huyện Văn Bàn	10	Tỉnh Lào Cai	15	03061	exact	03061:Xã Võ Lao
03064	Xã Sơn Thuỷ	Huyện Văn Bàn	10	Tỉnh Lào Cai	15	03082	exact	03082:Xã Văn Bàn
03067	Xã Nậm Mả	Huyện Văn Bàn	10	Tỉnh Lào Cai	15	03061	exact	03061:Xã Võ Lao
03070	Xã Tân Thượng	Huyện Văn Bàn	10	Tỉnh Lào Cai	15	02989	exact	02989:Xã Bảo Hà
03073	Xã Nậm Rạng	Huyện Văn Bàn	10	Tỉnh Lào Cai	15		not_found	
03076	Xã Nậm Chầy	Huyện Văn Bàn	10	Tỉnh Lào Cai	15		split	03076:Xã Nậm Chày|02761:Xã Mường Khương
03079	Xã Tân An	Huyện Văn Bàn	10	Tỉnh Lào Cai	15	02989	exact	02989:Xã Bảo Hà
03082	Xã Khánh Yên Thượng	Huyện Văn Bàn	10	Tỉnh Lào Cai	15	03082	exact	03082:Xã Văn Bàn
03085	Xã Nậm Xé	Huyện Văn Bàn	10	Tỉnh Lào Cai	15	03085	exact	03085:Xã Nậm Xé
03088	Xã Dần Thàng	Huyện Văn Bàn	10	Tỉnh Lào Cai	15	03076	exact	03076:Xã Nậm Chày
03091	Xã Chiềng Ken	Huyện Văn Bàn	10	Tỉnh Lào Cai	15	03091	exact	03091:Xã Chiềng Ken
03094	Xã Làng Giàng	Huyện Văn Bàn	10	Tỉnh Lào Cai	15	03082	exact	03082:Xã Văn Bàn
03097	Xã Hoà Mạc	Huyện Văn Bàn	10	Tỉnh Lào Cai	15	03082	exact	03082:Xã Văn Bàn
03100	Xã Khánh Yên Trung	Huyện Văn Bàn	10	Tỉnh Lào Cai	15	03103	exact	03103:Xã Khánh Yên
03103	Xã Khánh Yên Hạ	Huyện Văn Bàn	10	Tỉnh Lào Cai	15	03103	exact	03103:Xã Khánh Yên
03106	Xã Dương Quỳ	Huyện Văn Bàn	10	Tỉnh Lào Cai	15	03106	exact	03106:Xã Dương Quỳ
03109	Xã Nậm Tha	Huyện Văn Bàn	10	Tỉnh Lào Cai	15	03091	exact	03091:Xã Chiềng Ken
03112	Xã Minh Lương	Huyện Văn Bàn	10	Tỉnh Lào Cai	15	03121	exact	03121:Xã Minh Lương
03115	Xã Thẩm Dương	Huyện Văn Bàn	10	Tỉnh Lào Cai	15	03106	exact	03106:Xã Dương Quỳ
03118	Xã Liêm Phú	Huyện Văn Bàn	10	Tỉnh Lào Cai	15	03103	exact	03103:Xã Khánh Yên
03121	Xã Nậm Xây	Huyện Văn Bàn	10	Tỉnh Lào Cai	15	03121	exact	03121:Xã Minh Lương
03124	Phường Noong Bua	Thành phố Điện Biên Phủ	11	Tỉnh Điện Biên	11	03334	exact	03334:Phường Mường Thanh
03127	Phường Him Lam	Thành phố Điện Biên Phủ	11	Tỉnh Điện Biên	11	03127	exact	03127:Phường Điện Biên Phủ
03130	Phường Thanh Bình	Thành phố Điện Biên Phủ	11	Tỉnh Điện Biên	11	03127	exact	03127:Phường Điện Biên Phủ
03133	Phường Tân Thanh	Thành phố Điện Biên Phủ	11	Tỉnh Điện Biên	11	03127	exact	03127:Phường Điện Biên Phủ
03136	Phường Mường Thanh	Thành phố Điện Biên Phủ	11	Tỉnh Điện Biên	11	03127	exact	03127:Phường Điện Biên Phủ
03139	Phường Nam Thanh	Thành phố Điện Biên Phủ	11	Tỉnh Điện Biên	11	03334	exact	03334:Phường Mường Thanh
03142	Phường Thanh Trường	Thành phố Điện Biên Phủ	11	Tỉnh Điện Biên	11	03127	exact	03127:Phường Điện Biên Phủ
03145	Xã Thanh Minh	Thành phố Điện Biên Phủ	11	Tỉnh Điện Biên	11	03127	exact	03127:Phường Điện Biên Phủ
03148	Phường Sông Đà	Thị xã Mường Lay	11	Tỉnh Điện Biên	11	03151	exact	03151:Phường Mường Lay
03151	Phường Na Lay	Thị xã Mường Lay	11	Tỉnh Điện Biên	11	03151	exact	03151:Phường Mường Lay
03154	Xã Sín Thầu	Huyện Mường Nhé	11	Tỉnh Điện Biên	11	03158	exact	03158:Xã Sín Thầu
03155	Xã Sen Thượng	Huyện Mường Nhé	11	Tỉnh Điện Biên	11	03158	exact	03158:Xã Sín Thầu
03156	Xã Nậm Tin	Huyện Nậm Pồ	11	Tỉnh Điện Biên	11	03166	exact	03166:Xã Mường Chà
03157	Xã Chung Chải	Huyện Mường Nhé	11	Tỉnh Điện Biên	11	03160	exact	03160:Xã Mường Nhé
03158	Xã Leng Su Sìn	Huyện Mường Nhé	11	Tỉnh Điện Biên	11	03158	exact	03158:Xã Sín Thầu
03159	Xã Pá Mỳ	Huyện Mường Nhé	11	Tỉnh Điện Biên	11	03162	exact	03162:Xã Nậm Kè
03160	Xã Mường Nhé	Huyện Mường Nhé	11	Tỉnh Điện Biên	11	03160	exact	03160:Xã Mường Nhé
03161	Xã Nậm Vì	Huyện Mường Nhé	11	Tỉnh Điện Biên	11	03160	exact	03160:Xã Mường Nhé
03162	Xã Nậm Kè	Huyện Mường Nhé	11	Tỉnh Điện Biên	11	03162	exact	03162:Xã Nậm Kè
03163	Xã Mường Toong	Huyện Mường Nhé	11	Tỉnh Điện Biên	11	03163	exact	03163:Xã Mường Toong
03164	Xã Quảng Lâm	Huyện Mường Nhé	11	Tỉnh Điện Biên	11	03164	exact	03164:Xã Quảng Lâm
03165	Xã Pa Tần	Huyện Nậm Pồ	11	Tỉnh Điện Biên	11	03166	exact	03166:Xã Mường Chà
03166	Xã Chà Cang	Huyện Nậm Pồ	11	Tỉnh Điện Biên	11	03166	exact	03166:Xã Mường Chà
03167	Xã Na Cô Sa	Huyện Nậm Pồ	11	Tỉnh Điện Biên	11	03164	exact	03164:Xã Quảng Lâm
03168	Xã Nà Khoa	Huyện Nậm Pồ	11	Tỉnh Điện Biên	11	03169	exact	03169:Xã Nà Hỳ
03169	Xã Nà Hỳ	Huyện Nậm Pồ	11	Tỉnh Điện Biên	11	03169	exact	03169:Xã Nà Hỳ
03170	Xã Nà Bủng	Huyện Nậm Pồ	11	Tỉnh Điện Biên	11	03176	exact	03176:Xã Nà Bủng
03171	Xã Nậm Nhừ	Huyện Nậm Pồ	11	Tỉnh Điện Biên	11	03169	exact	03169:Xã Nà Hỳ
03172	Thị trấn Mường Chà	Huyện Mường Chà	11	Tỉnh Điện Biên	11	03172	exact	03172:Xã Na Sang
03173	Xã Nậm Chua	Huyện Nậm Pồ	11	Tỉnh Điện Biên	11	03169	exact	03169:Xã Nà Hỳ
03174	Xã Nậm Khăn	Huyện Nậm Pồ	11	Tỉnh Điện Biên	11	03175	exact	03175:Xã Chà Tở
03175	Xã Chà Tở	Huyện Nậm Pồ	11	Tỉnh Điện Biên	11	03175	exact	03175:Xã Chà Tở
03176	Xã Vàng Đán	Huyện Nậm Pồ	11	Tỉnh Điện Biên	11	03176	exact	03176:Xã Nà Bủng
03177	Xã Huổi Lếnh	Huyện Mường Nhé	11	Tỉnh Điện Biên	11		not_found	
03178	Xã Xá Tổng	Huyện Mường Chà	11	Tỉnh Điện Biên	11		not_found	
03181	Xã Mường Tùng	Huyện Mường Chà	11	Tỉnh Điện Biên	11	03181	exact	03181:Xã Mường Tùng
03184	Xã Lay Nưa	Thị xã Mường Lay	11	Tỉnh Điện Biên	11	03151	exact	03151:Phường Mường Lay
03187	Xã Chà Nưa	Huyện Nậm Pồ	11	Tỉnh Điện Biên	11	03166	exact	03166:Xã Mường Chà
03190	Xã Hừa Ngài	Huyện Mường Chà	11	Tỉnh Điện Biên	11	03193	exact	03193:Xã Pa Ham
03191	Xã Huổi Mí	Huyện Mường Chà	11	Tỉnh Điện Biên	11	03194	exact	03194:Xã Nậm Nèn
03193	Xã Pa Ham	Huyện Mường Chà	11	Tỉnh Điện Biên	11	03193	exact	03193:Xã Pa Ham
03194	Xã Nậm Nèn	Huyện Mường Chà	11	Tỉnh Điện Biên	11	03194	exact	03194:Xã Nậm Nèn
03196	Xã Huổi Lèng	Huyện Mường Chà	11	Tỉnh Điện Biên	11	03181	exact	03181:Xã Mường Tùng
03197	Xã Sa Lông	Huyện Mường Chà	11	Tỉnh Điện Biên	11	03172	exact	03172:Xã Na Sang
03198	Xã Phìn Hồ	Huyện Nậm Pồ	11	Tỉnh Điện Biên	11	03199	exact	03199:Xã Si Pa Phìn
03199	Xã Si Pa Phìn	Huyện Nậm Pồ	11	Tỉnh Điện Biên	11	03199	exact	03199:Xã Si Pa Phìn
03200	Xã Ma Thì Hồ	Huyện Mường Chà	11	Tỉnh Điện Biên	11	03172	exact	03172:Xã Na Sang
03201	Xã Na Sang	Huyện Mường Chà	11	Tỉnh Điện Biên	11	03172	exact	03172:Xã Na Sang
03202	Xã Mường Mươn	Huyện Mường Chà	11	Tỉnh Điện Biên	11	03202	exact	03202:Xã Mường Pồn
03203	Thị trấn Điện Biên Đông	Huyện Điện Biên Đông	11	Tỉnh Điện Biên	11	03203	exact	03203:Xã Na Son
03205	Xã Na Son	Huyện Điện Biên Đông	11	Tỉnh Điện Biên	11	03203	exact	03203:Xã Na Son
03208	Xã Phì Nhừ	Huyện Điện Biên Đông	11	Tỉnh Điện Biên	11	03208	exact	03208:Xã Xa Dung
03211	Xã Chiềng Sơ	Huyện Điện Biên Đông	11	Tỉnh Điện Biên	11	03214	exact	03214:Xã Mường Luân
03214	Xã Mường Luân	Huyện Điện Biên Đông	11	Tỉnh Điện Biên	11	03214	exact	03214:Xã Mường Luân
03217	Thị trấn Tủa Chùa	Huyện Tủa Chùa	11	Tỉnh Điện Biên	11	03217	exact	03217:Xã Tủa Chùa
03220	Xã Huổi Só	Huyện Tủa Chùa	11	Tỉnh Điện Biên	11	03220	exact	03220:Xã Tủa Thàng
03223	Xã Xín Chải	Huyện Tủa Chùa	11	Tỉnh Điện Biên	11		not_found	
03226	Xã Tả Sìn Thàng	Huyện Tủa Chùa	11	Tỉnh Điện Biên	11	03226	exact	03226:Xã Sín Chải
03229	Xã Lao Xả Phình	Huyện Tủa Chùa	11	Tỉnh Điện Biên	11	03226	exact	03226:Xã Sín Chải
03232	Xã Tả Phìn	Huyện Tủa Chùa	11	Tỉnh Điện Biên	11	03241	exact	03241:Xã Sính Phình
03235	Xã Tủa Thàng	Huyện Tủa Chùa	11	Tỉnh Điện Biên	11	03220	exact	03220:Xã Tủa Thàng
03238	Xã Trung Thu	Huyện Tủa Chùa	11	Tỉnh Điện Biên	11	03241	exact	03241:Xã Sính Phình
03241	Xã Sính Phình	Huyện Tủa Chùa	11	Tỉnh Điện Biên	11	03241	exact	03241:Xã Sính Phình
03244	Xã Sáng Nhè	Huyện Tủa Chùa	11	Tỉnh Điện Biên	11	03244	exact	03244:Xã Sáng Nhè
03247	Xã Mường Đun	Huyện Tủa Chùa	11	Tỉnh Điện Biên	11	03244	exact	03244:Xã Sáng Nhè
03250	Xã Mường Báng	Huyện Tủa Chùa	11	Tỉnh Điện Biên	11	03217	exact	03217:Xã Tủa Chùa
03253	Thị trấn Tuần Giáo	Huyện Tuần Giáo	11	Tỉnh Điện Biên	11	03253	exact	03253:Xã Tuần Giáo
03256	Thị trấn Mường Ảng	Huyện Mường Ảng	11	Tỉnh Điện Biên	11	03256	exact	03256:Xã Mường Ảng
03259	Xã Phình Sáng	Huyện Tuần Giáo	11	Tỉnh Điện Biên	11	03244	exact	03244:Xã Sáng Nhè
03260	Xã Rạng Đông	Huyện Tuần Giáo	11	Tỉnh Điện Biên	11	03260	exact	03260:Xã Pú Nhung
03262	Xã Mùn Chung	Huyện Tuần Giáo	11	Tỉnh Điện Biên	11	03268	exact	03268:Xã Mường Mùn
03263	Xã Nà Tòng	Huyện Tuần Giáo	11	Tỉnh Điện Biên	11		split	03358:Xã Núa Ngam|03217:Xã Tủa Chùa
03265	Xã Ta Ma	Huyện Tuần Giáo	11	Tỉnh Điện Biên	11	03260	exact	03260:Xã Pú Nhung
03268	Xã Mường Mùn	Huyện Tuần Giáo	11	Tỉnh Điện Biên	11	03268	exact	03268:Xã Mường Mùn
03269	Xã Pú Xi	Huyện Tuần Giáo	11	Tỉnh Điện Biên	11	03268	exact	03268:Xã Mường Mùn
03271	Xã Pú Nhung	Huyện Tuần Giáo	11	Tỉnh Điện Biên	11	03260	exact	03260:Xã Pú Nhung
03274	Xã Quài Nưa	Huyện Tuần Giáo	11	Tỉnh Điện Biên	11	03253	exact	03253:Xã Tuần Giáo
03277	Xã Mường Thín	Huyện Tuần Giáo	11	Tỉnh Điện Biên	11	03283	exact	03283:Xã Chiềng Sinh
03280	Xã Tỏa Tình	Huyện Tuần Giáo	11	Tỉnh Điện Biên	11	03295	exact	03295:Xã Quài Tở
03283	Xã Nà Sáy	Huyện Tuần Giáo	11	Tỉnh Điện Biên	11	03283	exact	03283:Xã Chiềng Sinh
03284	Xã Mường Khong	Huyện Tuần Giáo	11	Tỉnh Điện Biên	11	03283	exact	03283:Xã Chiềng Sinh
03286	Xã Mường Đăng	Huyện Mường Ảng	11	Tỉnh Điện Biên	11	03316	exact	03316:Xã Nà Tấu
03287	Xã Ngối Cáy	Huyện Mường Ảng	11	Tỉnh Điện Biên	11	03316	exact	03316:Xã Nà Tấu
03289	Xã Quài Cang	Huyện Tuần Giáo	11	Tỉnh Điện Biên	11	03253	exact	03253:Xã Tuần Giáo
03292	Xã Ẳng Tở	Huyện Mường Ảng	11	Tỉnh Điện Biên	11	03301	exact	03301:Xã Búng Lao
03295	Xã Quài Tở	Huyện Tuần Giáo	11	Tỉnh Điện Biên	11	03295	exact	03295:Xã Quài Tở
03298	Xã Chiềng Sinh	Huyện Tuần Giáo	11	Tỉnh Điện Biên	11	03283	exact	03283:Xã Chiềng Sinh
03299	Xã Chiềng Đông	Huyện Tuần Giáo	11	Tỉnh Điện Biên	11	03301	exact	03301:Xã Búng Lao
03301	Xã Búng Lao	Huyện Mường Ảng	11	Tỉnh Điện Biên	11	03301	exact	03301:Xã Búng Lao
03302	Xã Xuân Lao	Huyện Mường Ảng	11	Tỉnh Điện Biên	11	03313	exact	03313:Xã Mường Lạn
03304	Xã Tênh Phông	Huyện Tuần Giáo	11	Tỉnh Điện Biên	11	03295	exact	03295:Xã Quài Tở
03307	Xã Ẳng Nưa	Huyện Mường Ảng	11	Tỉnh Điện Biên	11	03256	exact	03256:Xã Mường Ảng
03310	Xã Ẳng Cang	Huyện Mường Ảng	11	Tỉnh Điện Biên	11	03256	exact	03256:Xã Mường Ảng
03312	Xã Nặm Lịch	Huyện Mường Ảng	11	Tỉnh Điện Biên	11	03313	exact	03313:Xã Mường Lạn
03313	Xã Mường Lạn	Huyện Mường Ảng	11	Tỉnh Điện Biên	11	03313	exact	03313:Xã Mường Lạn
03316	Xã Nà Tấu	Thành phố Điện Biên Phủ	11	Tỉnh Điện Biên	11	03316	exact	03316:Xã Nà Tấu
03317	Xã Nà Nhạn	Thành phố Điện Biên Phủ	11	Tỉnh Điện Biên	11	03325	exact	03325:Xã Mường Phăng
03319	Xã Mường Pồn	Huyện Điện Biên	11	Tỉnh Điện Biên	11	03202	exact	03202:Xã Mường Pồn
03322	Xã Thanh Nưa	Huyện Điện Biên	11	Tỉnh Điện Biên	11	03328	exact	03328:Xã Thanh Nưa
03323	Xã Hua Thanh	Huyện Điện Biên	11	Tỉnh Điện Biên	11	03328	exact	03328:Xã Thanh Nưa
03325	Xã Mường Phăng	Thành phố Điện Biên Phủ	11	Tỉnh Điện Biên	11	03325	exact	03325:Xã Mường Phăng
03326	Xã Pá Khoang	Thành phố Điện Biên Phủ	11	Tỉnh Điện Biên	11	03325	exact	03325:Xã Mường Phăng
03328	Xã Thanh Luông	Huyện Điện Biên	11	Tỉnh Điện Biên	11	03328	exact	03328:Xã Thanh Nưa
03331	Xã Thanh Hưng	Huyện Điện Biên	11	Tỉnh Điện Biên	11	03328	exact	03328:Xã Thanh Nưa
03334	Xã Thanh Xương	Huyện Điện Biên	11	Tỉnh Điện Biên	11	03334	exact	03334:Phường Mường Thanh
03337	Xã Thanh Chăn	Huyện Điện Biên	11	Tỉnh Điện Biên	11	03328	exact	03328:Xã Thanh Nưa
03340	Xã Pa Thơm	Huyện Điện Biên	11	Tỉnh Điện Biên	11	03349	exact	03349:Xã Thanh Yên
03343	Xã Thanh An	Huyện Điện Biên	11	Tỉnh Điện Biên	11	03352	exact	03352:Xã Thanh An
03346	Xã Thanh Yên	Huyện Điện Biên	11	Tỉnh Điện Biên	11	03349	exact	03349:Xã Thanh Yên
03349	Xã Noong Luống	Huyện Điện Biên	11	Tỉnh Điện Biên	11	03349	exact	03349:Xã Thanh Yên
03352	Xã Noọng Hẹt	Huyện Điện Biên	11	Tỉnh Điện Biên	11	03352	exact	03352:Xã Thanh An
03355	Xã Sam Mứn	Huyện Điện Biên	11	Tỉnh Điện Biên	11	03352	exact	03352:Xã Thanh An
03356	Xã Pom Lót	Huyện Điện Biên	11	Tỉnh Điện Biên	11	03356	exact	03356:Xã Sam Mứn
03358	Xã Núa Ngam	Huyện Điện Biên	11	Tỉnh Điện Biên	11	03358	exact	03358:Xã Núa Ngam
03359	Xã Hẹ Muông	Huyện Điện Biên	11	Tỉnh Điện Biên	11	03358	exact	03358:Xã Núa Ngam
03361	Xã Na Ư	Huyện Điện Biên	11	Tỉnh Điện Biên	11	03356	exact	03356:Xã Sam Mứn
03364	Xã Mường Nhà	Huyện Điện Biên	11	Tỉnh Điện Biên	11	03368	exact	03368:Xã Mường Nhà
03365	Xã Na Tông	Huyện Điện Biên	11	Tỉnh Điện Biên	11		split	03358:Xã Núa Ngam|03217:Xã Tủa Chùa
03367	Xã Mường Lói	Huyện Điện Biên	11	Tỉnh Điện Biên	11	03368	exact	03368:Xã Mường Nhà
03368	Xã Phu Luông	Huyện Điện Biên	11	Tỉnh Điện Biên	11	03368	exact	03368:Xã Mường Nhà
03370	Xã Pú Nhi	Huyện Điện Biên Đông	11	Tỉnh Điện Biên	11	03370	exact	03370:Xã Pu Nhi
03371	Xã Nong U	Huyện Điện Biên Đông	11	Tỉnh Điện Biên	11	03370	exact	03370:Xã Pu Nhi
03373	Xã Xa Dung	Huyện Điện Biên Đông	11	Tỉnh Điện Biên	11	03208	exact	03208:Xã Xa Dung
03376	Xã Keo Lôm	Huyện Điện Biên Đông	11	Tỉnh Điện Biên	11	03203	exact	03203:Xã Na Son
03379	Xã Luân Giới	Huyện Điện Biên Đông	11	Tỉnh Điện Biên	11	03214	exact	03214:Xã Mường Luân
03382	Xã Phình Giàng	Huyện Điện Biên Đông	11	Tỉnh Điện Biên	11	03382	exact	03382:Xã Phình Giàng
03383	Xã Pú Hồng	Huyện Điện Biên Đông	11	Tỉnh Điện Biên	11	03382	exact	03382:Xã Phình Giàng
03384	Xã Tìa Dình	Huyện Điện Biên Đông	11	Tỉnh Điện Biên	11	03385	exact	03385:Xã Tìa Dình
03385	Xã Háng Lìa	Huyện Điện Biên Đông	11	Tỉnh Điện Biên	11	03385	exact	03385:Xã Tìa Dình
03386	Phường Quyết Thắng	Thành phố Lai Châu	12	Tỉnh Lai Châu	12	03388	exact	03388:Phường Đoàn Kết
03387	Phường Tân Phong	Thành phố Lai Châu	12	Tỉnh Lai Châu	12	03408	exact	03408:Phường Tân Phong
03388	Phường Quyết Tiến	Thành phố Lai Châu	12	Tỉnh Lai Châu	12	03388	exact	03388:Phường Đoàn Kết
03389	Phường Đoàn Kết	Thành phố Lai Châu	12	Tỉnh Lai Châu	12	03388	exact	03388:Phường Đoàn Kết
03390	Thị trấn Tam Đường	Huyện Tam Đường	12	Tỉnh Lai Châu	12	03390	exact	03390:Xã Bình Lư
03391	Xã Lả Nhì Thàng	Huyện Phong Thổ	12	Tỉnh Lai Châu	12		not_found	
03394	Xã Thèn Sin	Huyện Tam Đường	12	Tỉnh Lai Châu	12	03394	exact	03394:Xã Sin Suối Hồ
03400	Xã Tả Lèng	Huyện Tam Đường	12	Tỉnh Lai Châu	12	03405	exact	03405:Xã Tả Lèng
03403	Xã Sùng Phài	Thành phố Lai Châu	12	Tỉnh Lai Châu	12	03388	exact	03388:Phường Đoàn Kết
03405	Xã Giang Ma	Huyện Tam Đường	12	Tỉnh Lai Châu	12	03405	exact	03405:Xã Tả Lèng
03406	Xã Hồ Thầu	Huyện Tam Đường	12	Tỉnh Lai Châu	12	03405	exact	03405:Xã Tả Lèng
03408	Phường Đông Phong	Thành phố Lai Châu	12	Tỉnh Lai Châu	12	03408	exact	03408:Phường Tân Phong
03409	Xã San Thàng	Thành phố Lai Châu	12	Tỉnh Lai Châu	12	03408	exact	03408:Phường Tân Phong
03412	Xã Bình Lư	Huyện Tam Đường	12	Tỉnh Lai Châu	12	03390	exact	03390:Xã Bình Lư
03413	Xã Sơn Bình	Huyện Tam Đường	12	Tỉnh Lai Châu	12	03390	exact	03390:Xã Bình Lư
03415	Xã Nùng Nàng	Huyện Tam Đường	12	Tỉnh Lai Châu	12	03408	exact	03408:Phường Tân Phong
03418	Xã Bản Giang	Huyện Tam Đường	12	Tỉnh Lai Châu	12	03408	exact	03408:Phường Tân Phong
03421	Xã Bản Hon	Huyện Tam Đường	12	Tỉnh Lai Châu	12	03430	exact	03430:Xã Khun Há
03424	Xã Bản Bo	Huyện Tam Đường	12	Tỉnh Lai Châu	12	03424	exact	03424:Xã Bản Bo
03427	Xã Nà Tăm	Huyện Tam Đường	12	Tỉnh Lai Châu	12	03424	exact	03424:Xã Bản Bo
03430	Xã Khun Há	Huyện Tam Đường	12	Tỉnh Lai Châu	12	03430	exact	03430:Xã Khun Há
03433	Thị trấn Mường Tè	Huyện Mường Tè	12	Tỉnh Lai Châu	12	03433	exact	03433:Xã Bum Tở
03434	Thị trấn Nậm Nhùn	Huyện Nậm Nhùn	12	Tỉnh Lai Châu	12	03434	exact	03434:Xã Nậm Hàng
03436	Xã Thu Lũm	Huyện Mường Tè	12	Tỉnh Lai Châu	12	03439	exact	03439:Xã Thu Lũm
03439	Xã Ka Lăng	Huyện Mường Tè	12	Tỉnh Lai Châu	12	03439	exact	03439:Xã Thu Lũm
03440	Xã Tá Bạ	Huyện Mường Tè	12	Tỉnh Lai Châu	12	03442	exact	03442:Xã Pa Ủ
03442	Xã Pa ủ	Huyện Mường Tè	12	Tỉnh Lai Châu	12	03442	exact	03442:Xã Pa Ủ
03445	Xã Mường Tè	Huyện Mường Tè	12	Tỉnh Lai Châu	12	03445	exact	03445:Xã Mường Tè
03448	Xã Pa Vệ Sử	Huyện Mường Tè	12	Tỉnh Lai Châu	12	03466	exact	03466:Xã Bum Nưa
03451	Xã Mù Cả	Huyện Mường Tè	12	Tỉnh Lai Châu	12	03451	exact	03451:Xã Mù Cả
03454	Xã Bum Tở	Huyện Mường Tè	12	Tỉnh Lai Châu	12	03433	exact	03433:Xã Bum Tở
03457	Xã Nậm Khao	Huyện Mường Tè	12	Tỉnh Lai Châu	12	03445	exact	03445:Xã Mường Tè
03460	Xã Hua Bun	Huyện Nậm Nhùn	12	Tỉnh Lai Châu	12		not_found	
03463	Xã Tà Tổng	Huyện Mường Tè	12	Tỉnh Lai Châu	12	03463	exact	03463:Xã Tà Tổng
03466	Xã Bum Nưa	Huyện Mường Tè	12	Tỉnh Lai Châu	12	03466	exact	03466:Xã Bum Nưa
03467	Xã Vàng San	Huyện Mường Tè	12	Tỉnh Lai Châu	12	03460	exact	03460:Xã Hua Bum
03469	Xã Kan Hồ	Huyện Mường Tè	12	Tỉnh Lai Châu	12		not_found	
03472	Xã Mường Mô	Huyện Nậm Nhùn	12	Tỉnh Lai Châu	12	03472	exact	03472:Xã Mường Mô
03473	Xã Nậm Chà	Huyện Nậm Nhùn	12	Tỉnh Lai Châu	12		split	03472:Xã Mường Mô|03517:Xã Nậm Tăm
03474	Xã Nậm Manh	Huyện Nậm Nhùn	12	Tỉnh Lai Châu	12	03434	exact	03434:Xã Nậm Hàng
03475	Xã Nậm Hàng	Huyện Nậm Nhùn	12	Tỉnh Lai Châu	12	03434	exact	03434:Xã Nậm Hàng
03478	Thị trấn Sìn Hồ	Huyện Sìn Hồ	12	Tỉnh Lai Châu	12	03478	exact	03478:Xã Sìn Hồ
03481	Xã Lê Lợi	Huyện Nậm Nhùn	12	Tỉnh Lai Châu	12	03487	exact	03487:Xã Lê Lợi
03484	Xã Pú Đao	Huyện Nậm Nhùn	12	Tỉnh Lai Châu	12	03487	exact	03487:Xã Lê Lợi
03487	Xã Chăn Nưa	Huyện Sìn Hồ	12	Tỉnh Lai Châu	12	03487	exact	03487:Xã Lê Lợi
03488	Xã Nậm Pì	Huyện Nậm Nhùn	12	Tỉnh Lai Châu	12	03487	exact	03487:Xã Lê Lợi
03490	Xã Huổi Luông	Huyện Phong Thổ	12	Tỉnh Lai Châu	12	03549	exact	03549:Xã Phong Thổ
03493	Xã Pa Tần	Huyện Sìn Hồ	12	Tỉnh Lai Châu	12	03503	exact	03503:Xã Pa Tần
03496	Xã Phìn Hồ	Huyện Sìn Hồ	12	Tỉnh Lai Châu	12	03508	exact	03508:Xã Hồng Thu
03499	Xã Hồng Thu	Huyện Sìn Hồ	12	Tỉnh Lai Châu	12	03508	exact	03508:Xã Hồng Thu
03502	Xã Nậm Ban	Huyện Nậm Nhùn	12	Tỉnh Lai Châu	12	03503	exact	03503:Xã Pa Tần
03503	Xã Trung Chải	Huyện Nậm Nhùn	12	Tỉnh Lai Châu	12	03503	exact	03503:Xã Pa Tần
03505	Xã Phăng Sô Lin	Huyện Sìn Hồ	12	Tỉnh Lai Châu	12	03478	exact	03478:Xã Sìn Hồ
03508	Xã Ma Quai	Huyện Sìn Hồ	12	Tỉnh Lai Châu	12	03508	exact	03508:Xã Hồng Thu
03509	Xã Lùng Thàng	Huyện Sìn Hồ	12	Tỉnh Lai Châu	12	03517	exact	03517:Xã Nậm Tăm
03511	Xã Tả Phìn	Huyện Sìn Hồ	12	Tỉnh Lai Châu	12	03478	exact	03478:Xã Sìn Hồ
03514	Xã Sà Dề Phìn	Huyện Sìn Hồ	12	Tỉnh Lai Châu	12	03478	exact	03478:Xã Sìn Hồ
03517	Xã Nậm Tăm	Huyện Sìn Hồ	12	Tỉnh Lai Châu	12	03517	exact	03517:Xã Nậm Tăm
03520	Xã Tả Ngảo	Huyện Sìn Hồ	12	Tỉnh Lai Châu	12	03529	exact	03529:Xã Tủa Sín Chải
03523	Xã Pu Sam Cáp	Huyện Sìn Hồ	12	Tỉnh Lai Châu	12	03532	exact	03532:Xã Pu Sam Cáp
03526	Xã Nậm Cha	Huyện Sìn Hồ	12	Tỉnh Lai Châu	12		split	03472:Xã Mường Mô|03517:Xã Nậm Tăm
03527	Xã Pa Khoá	Huyện Sìn Hồ	12	Tỉnh Lai Châu	12	03532	exact	03532:Xã Pu Sam Cáp
03529	Xã Làng Mô	Huyện Sìn Hồ	12	Tỉnh Lai Châu	12	03529	exact	03529:Xã Tủa Sín Chải
03532	Xã Noong Hẻo	Huyện Sìn Hồ	12	Tỉnh Lai Châu	12	03532	exact	03532:Xã Pu Sam Cáp
03535	Xã Nậm Mạ	Huyện Sìn Hồ	12	Tỉnh Lai Châu	12	03538	exact	03538:Xã Nậm Mạ
03538	Xã Căn Co	Huyện Sìn Hồ	12	Tỉnh Lai Châu	12	03538	exact	03538:Xã Nậm Mạ
03541	Xã Tủa Sín Chải	Huyện Sìn Hồ	12	Tỉnh Lai Châu	12	03529	exact	03529:Xã Tủa Sín Chải
03544	Xã Nậm Cuổi	Huyện Sìn Hồ	12	Tỉnh Lai Châu	12	03544	exact	03544:Xã Nậm Cuổi
03547	Xã Nậm Hăn	Huyện Sìn Hồ	12	Tỉnh Lai Châu	12	03544	exact	03544:Xã Nậm Cuổi
03549	Thị trấn Phong Thổ	Huyện Phong Thổ	12	Tỉnh Lai Châu	12	03549	exact	03549:Xã Phong Thổ
03550	Xã Sì Lở Lầu	Huyện Phong Thổ	12	Tỉnh Lai Châu	12	03562	exact	03562:Xã Sì Lở Lầu
03553	Xã Mồ Sì San	Huyện Phong Thổ	12	Tỉnh Lai Châu	12	03562	exact	03562:Xã Sì Lở Lầu
03559	Xã Pa Vây Sử	Huyện Phong Thổ	12	Tỉnh Lai Châu	12	03562	exact	03562:Xã Sì Lở Lầu
03562	Xã Vàng Ma Chải	Huyện Phong Thổ	12	Tỉnh Lai Châu	12	03562	exact	03562:Xã Sì Lở Lầu
03565	Xã Tông Qua Lìn	Huyện Phong Thổ	12	Tỉnh Lai Châu	12		not_found	
03568	Xã Mù Sang	Huyện Phong Thổ	12	Tỉnh Lai Châu	12	03571	exact	03571:Xã Dào San
03571	Xã Dào San	Huyện Phong Thổ	12	Tỉnh Lai Châu	12	03571	exact	03571:Xã Dào San
03574	Xã Ma Ly Pho	Huyện Phong Thổ	12	Tỉnh Lai Châu	12		not_found	
03577	Xã Bản Lang	Huyện Phong Thổ	12	Tỉnh Lai Châu	12	03583	exact	03583:Xã Khổng Lào
03580	Xã Hoang Thèn	Huyện Phong Thổ	12	Tỉnh Lai Châu	12	03583	exact	03583:Xã Khổng Lào
03583	Xã Khổng Lào	Huyện Phong Thổ	12	Tỉnh Lai Châu	12	03583	exact	03583:Xã Khổng Lào
03586	Xã Nậm Xe	Huyện Phong Thổ	12	Tỉnh Lai Châu	12	03394	exact	03394:Xã Sin Suối Hồ
03589	Xã Mường So	Huyện Phong Thổ	12	Tỉnh Lai Châu	12	03549	exact	03549:Xã Phong Thổ
03592	Xã Sin Suối Hồ	Huyện Phong Thổ	12	Tỉnh Lai Châu	12	03394	exact	03394:Xã Sin Suối Hồ
03595	Thị trấn Than Uyên	Huyện Than Uyên	12	Tỉnh Lai Châu	12	03595	exact	03595:Xã Than Uyên
03598	Thị trấn Tân Uyên	Huyện Tân Uyên	12	Tỉnh Lai Châu	12	03598	exact	03598:Xã Tân Uyên
03601	Xã Mường Khoa	Huyện Tân Uyên	12	Tỉnh Lai Châu	12	03601	exact	03601:Xã Mường Khoa
03602	Xã Phúc Khoa	Huyện Tân Uyên	12	Tỉnh Lai Châu	12	03601	exact	03601:Xã Mường Khoa
03604	Xã Thân Thuộc	Huyện Tân Uyên	12	Tỉnh Lai Châu	12	03598	exact	03598:Xã Tân Uyên
03605	Xã Trung Đồng	Huyện Tân Uyên	12	Tỉnh Lai Châu	12	03598	exact	03598:Xã Tân Uyên
03607	Xã Hố Mít	Huyện Tân Uyên	12	Tỉnh Lai Châu	12	03616	exact	03616:Xã Pắc Ta
03610	Xã Nậm Cần	Huyện Tân Uyên	12	Tỉnh Lai Châu	12	03598	exact	03598:Xã Tân Uyên
03613	Xã Nậm Sỏ	Huyện Tân Uyên	12	Tỉnh Lai Châu	12	03613	exact	03613:Xã Nậm Sỏ
03616	Xã Pắc Ta	Huyện Tân Uyên	12	Tỉnh Lai Châu	12	03616	exact	03616:Xã Pắc Ta
03618	Xã Phúc Than	Huyện Than Uyên	12	Tỉnh Lai Châu	12	03618	exact	03618:Xã Mường Than
03619	Xã Mường Than	Huyện Than Uyên	12	Tỉnh Lai Châu	12	03595	exact	03595:Xã Than Uyên
03622	Xã Tà Mít	Huyện Tân Uyên	12	Tỉnh Lai Châu	12	03613	exact	03613:Xã Nậm Sỏ
03625	Xã Mường Mít	Huyện Than Uyên	12	Tỉnh Lai Châu	12	03618	exact	03618:Xã Mường Than
03628	Xã Pha Mu	Huyện Than Uyên	12	Tỉnh Lai Châu	12	03637	exact	03637:Xã Mường Kim
03631	Xã Mường Cang	Huyện Than Uyên	12	Tỉnh Lai Châu	12	03595	exact	03595:Xã Than Uyên
03632	Xã Hua Nà	Huyện Than Uyên	12	Tỉnh Lai Châu	12	03595	exact	03595:Xã Than Uyên
03634	Xã Tà Hừa	Huyện Than Uyên	12	Tỉnh Lai Châu	12	03637	exact	03637:Xã Mường Kim
03637	Xã Mường Kim	Huyện Than Uyên	12	Tỉnh Lai Châu	12	03637	exact	03637:Xã Mường Kim
03638	Xã Tà Mung	Huyện Than Uyên	12	Tỉnh Lai Châu	12	03637	exact	03637:Xã Mường Kim
03640	Xã Tà Gia	Huyện Than Uyên	12	Tỉnh Lai Châu	12	03640	exact	03640:Xã Khoen On
03643	Xã Khoen On	Huyện Than Uyên	12	Tỉnh Lai Châu	12	03640	exact	03640:Xã Khoen On
03646	Phường Chiềng Lề	Thành phố Sơn La	14	Tỉnh Sơn La	14	03646	exact	03646:Phường Tô Hiệu
03649	Phường Tô Hiệu	Thành phố Sơn La	14	Tỉnh Sơn La	14	03646	exact	03646:Phường Tô Hiệu
03652	Phường Quyết Thắng	Thành phố Sơn La	14	Tỉnh Sơn La	14	03646	exact	03646:Phường Tô Hiệu
03655	Phường Quyết Tâm	Thành phố Sơn La	14	Tỉnh Sơn La	14	03646	exact	03646:Phường Tô Hiệu
03658	Xã Chiềng Cọ	Thành phố Sơn La	14	Tỉnh Sơn La	14	03670	exact	03670:Phường Chiềng Cơi
03661	Xã Chiềng Đen	Thành phố Sơn La	14	Tỉnh Sơn La	14	03664	exact	03664:Phường Chiềng An
03664	Xã Chiềng Xôm	Thành phố Sơn La	14	Tỉnh Sơn La	14	03664	exact	03664:Phường Chiềng An
03667	Phường Chiềng An	Thành phố Sơn La	14	Tỉnh Sơn La	14	03664	exact	03664:Phường Chiềng An
03670	Phường Chiềng Cơi	Thành phố Sơn La	14	Tỉnh Sơn La	14	03670	exact	03670:Phường Chiềng Cơi
03673	Xã Chiềng Ngần	Thành phố Sơn La	14	Tỉnh Sơn La	14	03679	exact	03679:Phường Chiềng Sinh
03676	Xã Hua La	Thành phố Sơn La	14	Tỉnh Sơn La	14	03670	exact	03670:Phường Chiềng Cơi
03679	Phường Chiềng Sinh	Thành phố Sơn La	14	Tỉnh Sơn La	14	03679	exact	03679:Phường Chiềng Sinh
03682	Xã Mường Chiên	Huyện Quỳnh Nhai	14	Tỉnh Sơn La	14	03688	exact	03688:Xã Mường Chiên
03685	Xã Cà Nàng	Huyện Quỳnh Nhai	14	Tỉnh Sơn La	14	03688	exact	03688:Xã Mường Chiên
03688	Xã Chiềng Khay	Huyện Quỳnh Nhai	14	Tỉnh Sơn La	14	03688	exact	03688:Xã Mường Chiên
03694	Xã Mường Giôn	Huyện Quỳnh Nhai	14	Tỉnh Sơn La	14	03694	exact	03694:Xã Mường Giôn
03697	Xã Pá Ma Pha Khinh	Huyện Quỳnh Nhai	14	Tỉnh Sơn La	14	03694	exact	03694:Xã Mường Giôn
03700	Xã Chiềng Ơn	Huyện Quỳnh Nhai	14	Tỉnh Sơn La	14		split	04087:Xã Yên Sơn|03703:Xã Quỳnh Nhai
03703	Xã Mường Giàng	Huyện Quỳnh Nhai	14	Tỉnh Sơn La	14		not_found	
03706	Xã Chiềng Bằng	Huyện Quỳnh Nhai	14	Tỉnh Sơn La	14	03703	exact	03703:Xã Quỳnh Nhai
03709	Xã Mường Sại	Huyện Quỳnh Nhai	14	Tỉnh Sơn La	14		split	03712:Xã Mường Sại|04222:Xã Chiềng Khương
03712	Xã Nậm ét	Huyện Quỳnh Nhai	14	Tỉnh Sơn La	14	03712	exact	03712:Xã Mường Sại
03718	Xã Chiềng Khoang	Huyện Quỳnh Nhai	14	Tỉnh Sơn La	14	03703	exact	03703:Xã Quỳnh Nhai
03721	Thị trấn Thuận Châu	Huyện Thuận Châu	14	Tỉnh Sơn La	14	03721	exact	03721:Xã Thuận Châu
03724	Xã Phổng Lái	Huyện Thuận Châu	14	Tỉnh Sơn La	14	03724	exact	03724:Xã Bình Thuận
03727	Xã Mường é	Huyện Thuận Châu	14	Tỉnh Sơn La	14	03727	exact	03727:Xã Mường É
03730	Xã Chiềng Pha	Huyện Thuận Châu	14	Tỉnh Sơn La	14	03724	exact	03724:Xã Bình Thuận
03733	Xã Chiềng La	Huyện Thuận Châu	14	Tỉnh Sơn La	14	03754	exact	03754:Xã Chiềng La
03736	Xã Chiềng Ngàm	Huyện Thuận Châu	14	Tỉnh Sơn La	14	03754	exact	03754:Xã Chiềng La
03739	Xã Liệp Tè	Huyện Thuận Châu	14	Tỉnh Sơn La	14	03757	exact	03757:Xã Mường Khiêng
03742	Xã é Tòng	Huyện Thuận Châu	14	Tỉnh Sơn La	14	03763	exact	03763:Xã Long Hẹ
03745	Xã Phổng Lập	Huyện Thuận Châu	14	Tỉnh Sơn La	14	03727	exact	03727:Xã Mường É
03748	Xã Phổng Lăng	Huyện Thuận Châu	14	Tỉnh Sơn La	14		not_found	
03751	Xã Chiềng Ly	Huyện Thuận Châu	14	Tỉnh Sơn La	14		not_found	
03754	Xã Noong Lay	Huyện Thuận Châu	14	Tỉnh Sơn La	14		not_found	
03757	Xã Mường Khiêng	Huyện Thuận Châu	14	Tỉnh Sơn La	14	03757	exact	03757:Xã Mường Khiêng
03760	Xã Mường Bám	Huyện Thuận Châu	14	Tỉnh Sơn La	14	03760	exact	03760:Xã Mường Bám
03763	Xã Long Hẹ	Huyện Thuận Châu	14	Tỉnh Sơn La	14	03763	exact	03763:Xã Long Hẹ
03766	Xã Chiềng Bôm	Huyện Thuận Châu	14	Tỉnh Sơn La	14	03784	exact	03784:Xã Nậm Lầu
03769	Xã Thôm Mòn	Huyện Thuận Châu	14	Tỉnh Sơn La	14	03721	exact	03721:Xã Thuận Châu
03772	Xã Tông Lạnh	Huyện Thuận Châu	14	Tỉnh Sơn La	14	03721	exact	03721:Xã Thuận Châu
03775	Xã Tông Cọ	Huyện Thuận Châu	14	Tỉnh Sơn La	14	03754	exact	03754:Xã Chiềng La
03778	Xã Bó Mười	Huyện Thuận Châu	14	Tỉnh Sơn La	14	03757	exact	03757:Xã Mường Khiêng
03781	Xã Co Mạ	Huyện Thuận Châu	14	Tỉnh Sơn La	14	03781	exact	03781:Xã Co Mạ
03784	Xã Púng Tra	Huyện Thuận Châu	14	Tỉnh Sơn La	14	03784	exact	03784:Xã Nậm Lầu
03787	Xã Chiềng Pấc	Huyện Thuận Châu	14	Tỉnh Sơn La	14	03721	exact	03721:Xã Thuận Châu
03790	Xã Nậm Lầu	Huyện Thuận Châu	14	Tỉnh Sơn La	14	03784	exact	03784:Xã Nậm Lầu
03793	Xã Bon Phặng	Huyện Thuận Châu	14	Tỉnh Sơn La	14	03799	exact	03799:Xã Muổi Nọi
03796	Xã Co Tòng	Huyện Thuận Châu	14	Tỉnh Sơn La	14	03781	exact	03781:Xã Co Mạ
03799	Xã Muổi Nọi	Huyện Thuận Châu	14	Tỉnh Sơn La	14	03799	exact	03799:Xã Muổi Nọi
03802	Xã Pá Lông	Huyện Thuận Châu	14	Tỉnh Sơn La	14	03781	exact	03781:Xã Co Mạ
03805	Xã Bản Lầm	Huyện Thuận Châu	14	Tỉnh Sơn La	14	03799	exact	03799:Xã Muổi Nọi
03808	Thị trấn Ít Ong	Huyện Mường La	14	Tỉnh Sơn La	14	03808	exact	03808:Xã Mường La
03811	Xã Nậm Giôn	Huyện Mường La	14	Tỉnh Sơn La	14	03814	exact	03814:Xã Chiềng Lao
03814	Xã Chiềng Lao	Huyện Mường La	14	Tỉnh Sơn La	14	03814	exact	03814:Xã Chiềng Lao
03817	Xã Hua Trai	Huyện Mường La	14	Tỉnh Sơn La	14	03814	exact	03814:Xã Chiềng Lao
03820	Xã Ngọc Chiến	Huyện Mường La	14	Tỉnh Sơn La	14	03820	exact	03820:Xã Ngọc Chiến
03823	Xã Mường Trai	Huyện Mường La	14	Tỉnh Sơn La	14	03808	exact	03808:Xã Mường La
03826	Xã Nậm Păm	Huyện Mường La	14	Tỉnh Sơn La	14	03808	exact	03808:Xã Mường La
03829	Xã Chiềng Muôn	Huyện Mường La	14	Tỉnh Sơn La	14	03808	exact	03808:Xã Mường La
03832	Xã Chiềng Ân	Huyện Mường La	14	Tỉnh Sơn La	14	03850	exact	03850:Xã Chiềng Hoa
03835	Xã Pi Toong	Huyện Mường La	14	Tỉnh Sơn La	14	03808	exact	03808:Xã Mường La
03838	Xã Chiềng Công	Huyện Mường La	14	Tỉnh Sơn La	14	03850	exact	03850:Xã Chiềng Hoa
03841	Xã Tạ Bú	Huyện Mường La	14	Tỉnh Sơn La	14	03847	exact	03847:Xã Mường Bú
03844	Xã Chiềng San	Huyện Mường La	14	Tỉnh Sơn La	14	03808	exact	03808:Xã Mường La
03847	Xã Mường Bú	Huyện Mường La	14	Tỉnh Sơn La	14	03847	exact	03847:Xã Mường Bú
03850	Xã Chiềng Hoa	Huyện Mường La	14	Tỉnh Sơn La	14	03850	exact	03850:Xã Chiềng Hoa
03853	Xã Mường Chùm	Huyện Mường La	14	Tỉnh Sơn La	14	03847	exact	03847:Xã Mường Bú
03856	Thị trấn Bắc Yên	Huyện Bắc Yên	14	Tỉnh Sơn La	14	03856	exact	03856:Xã Bắc Yên
03859	Xã Phiêng Ban	Huyện Bắc Yên	14	Tỉnh Sơn La	14	03856	exact	03856:Xã Bắc Yên
03862	Xã Hang Chú	Huyện Bắc Yên	14	Tỉnh Sơn La	14	03862	exact	03862:Xã Xím Vàng
03865	Xã Xím Vàng	Huyện Bắc Yên	14	Tỉnh Sơn La	14	03862	exact	03862:Xã Xím Vàng
03868	Xã Tà Xùa	Huyện Bắc Yên	14	Tỉnh Sơn La	14	03868	exact	03868:Xã Tà Xùa
03869	Xã Háng Đồng	Huyện Bắc Yên	14	Tỉnh Sơn La	14	03868	exact	03868:Xã Tà Xùa
03871	Xã Pắc Ngà	Huyện Bắc Yên	14	Tỉnh Sơn La	14	03871	exact	03871:Xã Pắc Ngà
03874	Xã Làng Chếu	Huyện Bắc Yên	14	Tỉnh Sơn La	14	03868	exact	03868:Xã Tà Xùa
03877	Xã Chim Vàn	Huyện Bắc Yên	14	Tỉnh Sơn La	14	03871	exact	03871:Xã Pắc Ngà
03880	Xã Mường Khoa	Huyện Bắc Yên	14	Tỉnh Sơn La	14	03880	exact	03880:Xã Tạ Khoa
03883	Xã Song Pe	Huyện Bắc Yên	14	Tỉnh Sơn La	14	03856	exact	03856:Xã Bắc Yên
03886	Xã Hồng Ngài	Huyện Bắc Yên	14	Tỉnh Sơn La	14	03856	exact	03856:Xã Bắc Yên
03889	Xã Tạ Khoa	Huyện Bắc Yên	14	Tỉnh Sơn La	14	03880	exact	03880:Xã Tạ Khoa
03890	Xã Hua Nhàn	Huyện Bắc Yên	14	Tỉnh Sơn La	14	03880	exact	03880:Xã Tạ Khoa
03892	Xã Phiêng Côn	Huyện Bắc Yên	14	Tỉnh Sơn La	14	03892	exact	03892:Xã Chiềng Sại
03895	Xã Chiềng Sại	Huyện Bắc Yên	14	Tỉnh Sơn La	14	03892	exact	03892:Xã Chiềng Sại
03898	Thị trấn Phù Yên	Huyện Phù Yên	14	Tỉnh Sơn La	14		not_found	
03901	Xã Suối Tọ	Huyện Phù Yên	14	Tỉnh Sơn La	14	03901	exact	03901:Xã Suối Tọ
03904	Xã Mường Thải	Huyện Phù Yên	14	Tỉnh Sơn La	14	03907	exact	03907:Xã Mường Cơi
03907	Xã Mường Cơi	Huyện Phù Yên	14	Tỉnh Sơn La	14	03907	exact	03907:Xã Mường Cơi
03910	Xã Quang Huy	Huyện Phù Yên	14	Tỉnh Sơn La	14		not_found	
03913	Xã Huy Bắc	Huyện Phù Yên	14	Tỉnh Sơn La	14		not_found	
03916	Xã Huy Thượng	Huyện Phù Yên	14	Tỉnh Sơn La	14	03910	exact	03910:Xã Phù Yên
03919	Xã Tân Lang	Huyện Phù Yên	14	Tỉnh Sơn La	14	03907	exact	03907:Xã Mường Cơi
03922	Xã Gia Phù	Huyện Phù Yên	14	Tỉnh Sơn La	14	03922	exact	03922:Xã Gia Phù
03925	Xã Tường Phù	Huyện Phù Yên	14	Tỉnh Sơn La	14	03922	exact	03922:Xã Gia Phù
03928	Xã Huy Hạ	Huyện Phù Yên	14	Tỉnh Sơn La	14	03910	exact	03910:Xã Phù Yên
03931	Xã Huy Tân	Huyện Phù Yên	14	Tỉnh Sơn La	14	03910	exact	03910:Xã Phù Yên
03934	Xã Mường Lang	Huyện Phù Yên	14	Tỉnh Sơn La	14	03943	exact	03943:Xã Mường Bang
03937	Xã Suối Bau	Huyện Phù Yên	14	Tỉnh Sơn La	14	03922	exact	03922:Xã Gia Phù
03940	Xã Huy Tường	Huyện Phù Yên	14	Tỉnh Sơn La	14	03910	exact	03910:Xã Phù Yên
03943	Xã Mường Do	Huyện Phù Yên	14	Tỉnh Sơn La	14	03943	exact	03943:Xã Mường Bang
03946	Xã Sập Xa	Huyện Phù Yên	14	Tỉnh Sơn La	14	03922	exact	03922:Xã Gia Phù
03949	Xã Tường Thượng	Huyện Phù Yên	14	Tỉnh Sơn La	14	03958	exact	03958:Xã Tường Hạ
03952	Xã Tường Tiến	Huyện Phù Yên	14	Tỉnh Sơn La	14	03958	exact	03958:Xã Tường Hạ
03955	Xã Tường Phong	Huyện Phù Yên	14	Tỉnh Sơn La	14	03958	exact	03958:Xã Tường Hạ
03958	Xã Tường Hạ	Huyện Phù Yên	14	Tỉnh Sơn La	14	03958	exact	03958:Xã Tường Hạ
03961	Xã Kim Bon	Huyện Phù Yên	14	Tỉnh Sơn La	14	03961	exact	03961:Xã Kim Bon
03964	Xã Mường Bang	Huyện Phù Yên	14	Tỉnh Sơn La	14		split	04123:Xã Chiềng Mung|03943:Xã Mường Bang
03967	Xã Đá Đỏ	Huyện Phù Yên	14	Tỉnh Sơn La	14	03961	exact	03961:Xã Kim Bon
03970	Xã Tân Phong	Huyện Phù Yên	14	Tỉnh Sơn La	14	03970	exact	03970:Xã Tân Phong
03973	Xã Nam Phong	Huyện Phù Yên	14	Tỉnh Sơn La	14	03970	exact	03970:Xã Tân Phong
03976	Xã Bắc Phong	Huyện Phù Yên	14	Tỉnh Sơn La	14	03970	exact	03970:Xã Tân Phong
03979	Thị trấn Mộc Châu	Huyện Mộc Châu	14	Tỉnh Sơn La	14		not_found	
03982	Thị trấn NT Mộc Châu	Huyện Mộc Châu	14	Tỉnh Sơn La	14		not_found	
03985	Xã Chiềng Sơn	Huyện Mộc Châu	14	Tỉnh Sơn La	14	03985	exact	03985:Xã Chiềng Sơn
03988	Xã Tân Hợp	Huyện Mộc Châu	14	Tỉnh Sơn La	14		not_found	
03991	Xã Qui Hướng	Huyện Mộc Châu	14	Tỉnh Sơn La	14		not_found	
03994	Xã Suối Bàng	Huyện Vân Hồ	14	Tỉnh Sơn La	14	04018	exact	04018:Xã Tô Múa
03997	Xã Tân Lập	Huyện Mộc Châu	14	Tỉnh Sơn La	14		not_found	
04000	Xã Nà Mường	Huyện Mộc Châu	14	Tỉnh Sơn La	14		not_found	
04003	Xã Tà Lai	Huyện Mộc Châu	14	Tỉnh Sơn La	14		not_found	
04006	Xã Song Khủa	Huyện Vân Hồ	14	Tỉnh Sơn La	14	04006	exact	04006:Xã Song Khủa
04009	Xã Liên Hoà	Huyện Vân Hồ	14	Tỉnh Sơn La	14	04006	exact	04006:Xã Song Khủa
04012	Xã Chiềng Hắc	Huyện Mộc Châu	14	Tỉnh Sơn La	14		split	03980:Phường Mộc Châu|04078:Xã Chiềng Hặc
04015	Xã Hua Păng	Huyện Mộc Châu	14	Tỉnh Sơn La	14		not_found	
04018	Xã Tô Múa	Huyện Vân Hồ	14	Tỉnh Sơn La	14	04018	exact	04018:Xã Tô Múa
04021	Xã Mường Tè	Huyện Vân Hồ	14	Tỉnh Sơn La	14	04006	exact	04006:Xã Song Khủa
04024	Xã Chiềng Khừa	Huyện Mộc Châu	14	Tỉnh Sơn La	14	04045	exact	04045:Xã Lóng Sập
04027	Xã Mường Sang	Huyện Mộc Châu	14	Tỉnh Sơn La	14		not_found	
04030	Xã Đông Sang	Huyện Mộc Châu	14	Tỉnh Sơn La	14		not_found	
04033	Xã Phiêng Luông	Huyện Mộc Châu	14	Tỉnh Sơn La	14		not_found	
04036	Xã Chiềng Khoa	Huyện Vân Hồ	14	Tỉnh Sơn La	14	04018	exact	04018:Xã Tô Múa
04039	Xã Mường Men	Huyện Vân Hồ	14	Tỉnh Sơn La	14	04048	exact	04048:Xã Vân Hồ
04042	Xã Quang Minh	Huyện Vân Hồ	14	Tỉnh Sơn La	14	04006	exact	04006:Xã Song Khủa
04045	Xã Lóng Sập	Huyện Mộc Châu	14	Tỉnh Sơn La	14	04045	exact	04045:Xã Lóng Sập
04048	Xã Vân Hồ	Huyện Vân Hồ	14	Tỉnh Sơn La	14	04048	exact	04048:Xã Vân Hồ
04051	Xã Lóng Luông	Huyện Vân Hồ	14	Tỉnh Sơn La	14	04048	exact	04048:Xã Vân Hồ
04054	Xã Chiềng Yên	Huyện Vân Hồ	14	Tỉnh Sơn La	14	04048	exact	04048:Xã Vân Hồ
04056	Xã Chiềng Xuân	Huyện Vân Hồ	14	Tỉnh Sơn La	14	03985	exact	03985:Xã Chiềng Sơn
04057	Xã Xuân Nha	Huyện Vân Hồ	14	Tỉnh Sơn La	14	04057	exact	04057:Xã Xuân Nha
04058	Xã Tân Xuân	Huyện Vân Hồ	14	Tỉnh Sơn La	14	04057	exact	04057:Xã Xuân Nha
04060	Thị trấn Yên Châu	Huyện Yên Châu	14	Tỉnh Sơn La	14	04075	exact	04075:Xã Yên Châu
04063	Xã Chiềng Đông	Huyện Yên Châu	14	Tỉnh Sơn La	14		split	04132:Xã Chiềng Mai|04075:Xã Yên Châu
04066	Xã Sập Vạt	Huyện Yên Châu	14	Tỉnh Sơn La	14	04075	exact	04075:Xã Yên Châu
04069	Xã Chiềng Sàng	Huyện Yên Châu	14	Tỉnh Sơn La	14	04075	exact	04075:Xã Yên Châu
04072	Xã Chiềng Pằn	Huyện Yên Châu	14	Tỉnh Sơn La	14	04075	exact	04075:Xã Yên Châu
04075	Xã Viêng Lán	Huyện Yên Châu	14	Tỉnh Sơn La	14		not_found	
04078	Xã Chiềng Hặc	Huyện Yên Châu	14	Tỉnh Sơn La	14		split	03980:Phường Mộc Châu|04078:Xã Chiềng Hặc
04081	Xã Mường Lựm	Huyện Yên Châu	14	Tỉnh Sơn La	14	04078	exact	04078:Xã Chiềng Hặc
04084	Xã Chiềng On	Huyện Yên Châu	14	Tỉnh Sơn La	14		split	04087:Xã Yên Sơn|03703:Xã Quỳnh Nhai
04087	Xã Yên Sơn	Huyện Yên Châu	14	Tỉnh Sơn La	14	04087	exact	04087:Xã Yên Sơn
04090	Xã Chiềng Khoi	Huyện Yên Châu	14	Tỉnh Sơn La	14	04075	exact	04075:Xã Yên Châu
04093	Xã Tú Nang	Huyện Yên Châu	14	Tỉnh Sơn La	14	04078	exact	04078:Xã Chiềng Hặc
04096	Xã Lóng Phiêng	Huyện Yên Châu	14	Tỉnh Sơn La	14	04096	exact	04096:Xã Lóng Phiêng
04099	Xã Phiêng Khoài	Huyện Yên Châu	14	Tỉnh Sơn La	14	04099	exact	04099:Xã Phiêng Khoài
04102	Xã Chiềng Tương	Huyện Yên Châu	14	Tỉnh Sơn La	14	04096	exact	04096:Xã Lóng Phiêng
04105	Thị trấn Hát Lót	Huyện Mai Sơn	14	Tỉnh Sơn La	14	04105	exact	04105:Xã Mai Sơn
04108	Xã Chiềng Sung	Huyện Mai Sơn	14	Tỉnh Sơn La	14	04108	exact	04108:Xã Chiềng Sung
04111	Xã Mường Bằng	Huyện Mai Sơn	14	Tỉnh Sơn La	14		split	04123:Xã Chiềng Mung|03943:Xã Mường Bang
04114	Xã Chiềng Chăn	Huyện Mai Sơn	14	Tỉnh Sơn La	14	04108	exact	04108:Xã Chiềng Sung
04117	Xã Mương Chanh	Huyện Mai Sơn	14	Tỉnh Sơn La	14	04117	exact	04117:Xã Mường Chanh
04120	Xã Chiềng Ban	Huyện Mai Sơn	14	Tỉnh Sơn La	14	04132	exact	04132:Xã Chiềng Mai
04123	Xã Chiềng Mung	Huyện Mai Sơn	14	Tỉnh Sơn La	14	04123	exact	04123:Xã Chiềng Mung
04126	Xã Mường Bon	Huyện Mai Sơn	14	Tỉnh Sơn La	14	04123	exact	04123:Xã Chiềng Mung
04129	Xã Chiềng Chung	Huyện Mai Sơn	14	Tỉnh Sơn La	14	04117	exact	04117:Xã Mường Chanh
04132	Xã Chiềng Mai	Huyện Mai Sơn	14	Tỉnh Sơn La	14	04132	exact	04132:Xã Chiềng Mai
04135	Xã Hát Lót	Huyện Mai Sơn	14	Tỉnh Sơn La	14	04105	exact	04105:Xã Mai Sơn
04136	Xã Nà Pó	Huyện Mai Sơn	14	Tỉnh Sơn La	14		not_found	
04138	Xã Cò Nòi	Huyện Mai Sơn	14	Tỉnh Sơn La	14	04105	exact	04105:Xã Mai Sơn
04141	Xã Chiềng Nơi	Huyện Mai Sơn	14	Tỉnh Sơn La	14	04144	exact	04144:Xã Phiêng Cằm
04144	Xã Phiêng Cằm	Huyện Mai Sơn	14	Tỉnh Sơn La	14	04144	exact	04144:Xã Phiêng Cằm
04147	Xã Chiềng Dong	Huyện Mai Sơn	14	Tỉnh Sơn La	14		split	04132:Xã Chiềng Mai|04075:Xã Yên Châu
04150	Xã Chiềng Kheo	Huyện Mai Sơn	14	Tỉnh Sơn La	14	04132	exact	04132:Xã Chiềng Mai
04153	Xã Chiềng Ve	Huyện Mai Sơn	14	Tỉnh Sơn La	14	04132	exact	04132:Xã Chiềng Mai
04156	Xã Chiềng Lương	Huyện Mai Sơn	14	Tỉnh Sơn La	14	04159	exact	04159:Xã Phiêng Pằn
04159	Xã Phiêng Pằn	Huyện Mai Sơn	14	Tỉnh Sơn La	14	04159	exact	04159:Xã Phiêng Pằn
04162	Xã Nà Ơt	Huyện Mai Sơn	14	Tỉnh Sơn La	14	04159	exact	04159:Xã Phiêng Pằn
04165	Xã Tà Hộc	Huyện Mai Sơn	14	Tỉnh Sơn La	14	04136	exact	04136:Xã Tà Hộc
04168	Thị trấn Sông Mã	Huyện Sông Mã	14	Tỉnh Sơn La	14	04168	exact	04168:Xã Sông Mã
04171	Xã Bó Sinh	Huyện Sông Mã	14	Tỉnh Sơn La	14	04171	exact	04171:Xã Bó Sinh
04174	Xã Pú Pẩu	Huyện Sông Mã	14	Tỉnh Sơn La	14		not_found	
04177	Xã Chiềng Phung	Huyện Sông Mã	14	Tỉnh Sơn La	14	04186	exact	04186:Xã Nậm Ty
04180	Xã Chiềng En	Huyện Sông Mã	14	Tỉnh Sơn La	14	04171	exact	04171:Xã Bó Sinh
04183	Xã Mường Lầm	Huyện Sông Mã	14	Tỉnh Sơn La	14	04183	exact	04183:Xã Mường Lầm
04186	Xã Nậm Ty	Huyện Sông Mã	14	Tỉnh Sơn La	14	04186	exact	04186:Xã Nậm Ty
04189	Xã Đứa Mòn	Huyện Sông Mã	14	Tỉnh Sơn La	14	04183	exact	04183:Xã Mường Lầm
04192	Xã Yên Hưng	Huyện Sông Mã	14	Tỉnh Sơn La	14	04195	exact	04195:Xã Chiềng Sơ
04195	Xã Chiềng Sơ	Huyện Sông Mã	14	Tỉnh Sơn La	14	04195	exact	04195:Xã Chiềng Sơ
04198	Xã Nà Nghịu	Huyện Sông Mã	14	Tỉnh Sơn La	14	04168	exact	04168:Xã Sông Mã
04201	Xã Nậm Mằn	Huyện Sông Mã	14	Tỉnh Sơn La	14	04210	exact	04210:Xã Huổi Một
04204	Xã Chiềng Khoong	Huyện Sông Mã	14	Tỉnh Sơn La	14	04204	exact	04204:Xã Chiềng Khoong
04207	Xã Chiềng Cang	Huyện Sông Mã	14	Tỉnh Sơn La	14	04219	exact	04219:Xã Mường Hung
04210	Xã Huổi Một	Huyện Sông Mã	14	Tỉnh Sơn La	14	04210	exact	04210:Xã Huổi Một
04213	Xã Mường Sai	Huyện Sông Mã	14	Tỉnh Sơn La	14		split	03712:Xã Mường Sại|04222:Xã Chiềng Khương
04216	Xã Mường Cai	Huyện Sông Mã	14	Tỉnh Sơn La	14	04204	exact	04204:Xã Chiềng Khoong
04219	Xã Mường Hung	Huyện Sông Mã	14	Tỉnh Sơn La	14	04219	exact	04219:Xã Mường Hung
04222	Xã Chiềng Khương	Huyện Sông Mã	14	Tỉnh Sơn La	14	04222	exact	04222:Xã Chiềng Khương
04225	Xã Sam Kha	Huyện Sốp Cộp	14	Tỉnh Sơn La	14	04228	exact	04228:Xã Púng Bánh
04228	Xã Púng Bánh	Huyện Sốp Cộp	14	Tỉnh Sơn La	14	04228	exact	04228:Xã Púng Bánh
04231	Xã Sốp Cộp	Huyện Sốp Cộp	14	Tỉnh Sơn La	14	04231	exact	04231:Xã Sốp Cộp
04234	Xã Dồm Cang	Huyện Sốp Cộp	14	Tỉnh Sơn La	14	04228	exact	04228:Xã Púng Bánh
04237	Xã Nậm Lạnh	Huyện Sốp Cộp	14	Tỉnh Sơn La	14	04231	exact	04231:Xã Sốp Cộp
04240	Xã Mường Lèo	Huyện Sốp Cộp	14	Tỉnh Sơn La	14	04240	exact	04240:Xã Mường Lèo
04243	Xã Mường Và	Huyện Sốp Cộp	14	Tỉnh Sơn La	14	04231	exact	04231:Xã Sốp Cộp
04246	Xã Mường Lạn	Huyện Sốp Cộp	14	Tỉnh Sơn La	14	04246	exact	04246:Xã Mường Lạn
04249	Phường Yên Thịnh	Thành phố Yên Bái	15	Tỉnh Yên Bái	15	04279	exact	04279:Phường Văn Phú
04252	Phường Yên Ninh	Thành phố Yên Bái	15	Tỉnh Yên Bái	15	04252	exact	04252:Phường Yên Bái
04255	Phường Minh Tân	Thành phố Yên Bái	15	Tỉnh Yên Bái	15	04252	exact	04252:Phường Yên Bái
04258	Phường Nguyễn Thái Học	Thành phố Yên Bái	15	Tỉnh Yên Bái	15	04252	exact	04252:Phường Yên Bái
04261	Phường Đồng Tâm	Thành phố Yên Bái	15	Tỉnh Yên Bái	15	04252	exact	04252:Phường Yên Bái
04264	Phường Nguyễn Phúc	Thành phố Yên Bái	15	Tỉnh Yên Bái	15		not_found	
04267	Phường Hồng Hà	Thành phố Yên Bái	15	Tỉnh Yên Bái	15	04252	exact	04252:Phường Yên Bái
04270	Xã Minh Bảo	Thành phố Yên Bái	15	Tỉnh Yên Bái	15	04273	exact	04273:Phường Nam Cường
04273	Phường Nam Cường	Thành phố Yên Bái	15	Tỉnh Yên Bái	15	04273	exact	04273:Phường Nam Cường
04276	Xã Tuy Lộc	Thành phố Yên Bái	15	Tỉnh Yên Bái	15	04273	exact	04273:Phường Nam Cường
04279	Xã Tân Thịnh	Thành phố Yên Bái	15	Tỉnh Yên Bái	15	04279	exact	04279:Phường Văn Phú
04282	Phường Pú Trạng	Thị xã Nghĩa Lộ	15	Tỉnh Yên Bái	15	04288	exact	04288:Phường Nghĩa Lộ
04285	Phường Trung Tâm	Thị xã Nghĩa Lộ	15	Tỉnh Yên Bái	15	04663	exact	04663:Phường Trung Tâm
04288	Phường Tân An	Thị xã Nghĩa Lộ	15	Tỉnh Yên Bái	15	04288	exact	04288:Phường Nghĩa Lộ
04291	Phường Cầu Thia	Thị xã Nghĩa Lộ	15	Tỉnh Yên Bái	15	04681	exact	04681:Phường Cầu Thia
04294	Xã Nghĩa Lợi	Thị xã Nghĩa Lộ	15	Tỉnh Yên Bái	15	04663	exact	04663:Phường Trung Tâm
04297	Xã Nghĩa Phúc	Thị xã Nghĩa Lộ	15	Tỉnh Yên Bái	15	04660	exact	04660:Xã Liên Sơn
04300	Xã Nghĩa An	Thị xã Nghĩa Lộ	15	Tỉnh Yên Bái	15	04288	exact	04288:Phường Nghĩa Lộ
04303	Thị trấn Yên Thế	Huyện Lục Yên	15	Tỉnh Yên Bái	15	04303	exact	04303:Xã Lục Yên
04306	Xã Tân Phượng	Huyện Lục Yên	15	Tỉnh Yên Bái	15	04309	exact	04309:Xã Lâm Thượng
04309	Xã Lâm Thượng	Huyện Lục Yên	15	Tỉnh Yên Bái	15	04309	exact	04309:Xã Lâm Thượng
04312	Xã Khánh Thiện	Huyện Lục Yên	15	Tỉnh Yên Bái	15	04309	exact	04309:Xã Lâm Thượng
04315	Xã Minh Chuẩn	Huyện Lục Yên	15	Tỉnh Yên Bái	15	04336	exact	04336:Xã Tân Lĩnh
04318	Xã Mai Sơn	Huyện Lục Yên	15	Tỉnh Yên Bái	15	04309	exact	04309:Xã Lâm Thượng
04321	Xã Khai Trung	Huyện Lục Yên	15	Tỉnh Yên Bái	15	04336	exact	04336:Xã Tân Lĩnh
04324	Xã Mường Lai	Huyện Lục Yên	15	Tỉnh Yên Bái	15	04345	exact	04345:Xã Mường Lai
04327	Xã An Lạc	Huyện Lục Yên	15	Tỉnh Yên Bái	15	04342	exact	04342:Xã Khánh Hòa
04330	Xã Minh Xuân	Huyện Lục Yên	15	Tỉnh Yên Bái	15	04303	exact	04303:Xã Lục Yên
04333	Xã Tô Mậu	Huyện Lục Yên	15	Tỉnh Yên Bái	15	04342	exact	04342:Xã Khánh Hòa
04336	Xã Tân Lĩnh	Huyện Lục Yên	15	Tỉnh Yên Bái	15	04336	exact	04336:Xã Tân Lĩnh
04339	Xã Yên Thắng	Huyện Lục Yên	15	Tỉnh Yên Bái	15	04303	exact	04303:Xã Lục Yên
04342	Xã Khánh Hoà	Huyện Lục Yên	15	Tỉnh Yên Bái	15	04342	exact	04342:Xã Khánh Hòa
04345	Xã Vĩnh Lạc	Huyện Lục Yên	15	Tỉnh Yên Bái	15	04345	exact	04345:Xã Mường Lai
04348	Xã Liễu Đô	Huyện Lục Yên	15	Tỉnh Yên Bái	15	04303	exact	04303:Xã Lục Yên
04351	Xã Động Quan	Huyện Lục Yên	15	Tỉnh Yên Bái	15	04342	exact	04342:Xã Khánh Hòa
04354	Xã Tân Lập	Huyện Lục Yên	15	Tỉnh Yên Bái	15	04336	exact	04336:Xã Tân Lĩnh
04357	Xã Minh Tiến	Huyện Lục Yên	15	Tỉnh Yên Bái	15	04345	exact	04345:Xã Mường Lai
04360	Xã Trúc Lâu	Huyện Lục Yên	15	Tỉnh Yên Bái	15	04363	exact	04363:Xã Phúc Lợi
04363	Xã Phúc Lợi	Huyện Lục Yên	15	Tỉnh Yên Bái	15	04363	exact	04363:Xã Phúc Lợi
04366	Xã Phan Thanh	Huyện Lục Yên	15	Tỉnh Yên Bái	15	04336	exact	04336:Xã Tân Lĩnh
04369	Xã An Phú	Huyện Lục Yên	15	Tỉnh Yên Bái	15	04345	exact	04345:Xã Mường Lai
04372	Xã Trung Tâm	Huyện Lục Yên	15	Tỉnh Yên Bái	15	04363	exact	04363:Xã Phúc Lợi
04375	Thị trấn Mậu A	Huyện Văn Yên	15	Tỉnh Yên Bái	15	04375	exact	04375:Xã Mậu A
04378	Xã Lang Thíp	Huyện Văn Yên	15	Tỉnh Yên Bái	15	04381	exact	04381:Xã Lâm Giang
04381	Xã Lâm Giang	Huyện Văn Yên	15	Tỉnh Yên Bái	15	04381	exact	04381:Xã Lâm Giang
04384	Xã Châu Quế Thượng	Huyện Văn Yên	15	Tỉnh Yên Bái	15	04387	exact	04387:Xã Châu Quế
04387	Xã Châu Quế Hạ	Huyện Văn Yên	15	Tỉnh Yên Bái	15	04387	exact	04387:Xã Châu Quế
04390	Xã An Bình	Huyện Văn Yên	15	Tỉnh Yên Bái	15	04399	exact	04399:Xã Đông Cuông
04393	Xã Quang Minh	Huyện Văn Yên	15	Tỉnh Yên Bái	15	04399	exact	04399:Xã Đông Cuông
04396	Xã Đông An	Huyện Văn Yên	15	Tỉnh Yên Bái	15	04399	exact	04399:Xã Đông Cuông
04399	Xã Đông Cuông	Huyện Văn Yên	15	Tỉnh Yên Bái	15	04399	exact	04399:Xã Đông Cuông
04402	Xã Phong Dụ Hạ	Huyện Văn Yên	15	Tỉnh Yên Bái	15	04402	exact	04402:Xã Phong Dụ Hạ
04405	Xã Mậu Đông	Huyện Văn Yên	15	Tỉnh Yên Bái	15	04375	exact	04375:Xã Mậu A
04408	Xã Ngòi A	Huyện Văn Yên	15	Tỉnh Yên Bái	15	04375	exact	04375:Xã Mậu A
04411	Xã Xuân Tầm	Huyện Văn Yên	15	Tỉnh Yên Bái	15	04402	exact	04402:Xã Phong Dụ Hạ
04414	Xã Tân Hợp	Huyện Văn Yên	15	Tỉnh Yên Bái	15	04429	exact	04429:Xã Tân Hợp
04417	Xã An Thịnh	Huyện Văn Yên	15	Tỉnh Yên Bái	15	04375	exact	04375:Xã Mậu A
04420	Xã Yên Thái	Huyện Văn Yên	15	Tỉnh Yên Bái	15	04375	exact	04375:Xã Mậu A
04423	Xã Phong Dụ Thượng	Huyện Văn Yên	15	Tỉnh Yên Bái	15	04423	exact	04423:Xã Phong Dụ Thượng
04426	Xã Yên Hợp	Huyện Văn Yên	15	Tỉnh Yên Bái	15	04441	exact	04441:Xã Xuân Ái
04429	Xã Đại Sơn	Huyện Văn Yên	15	Tỉnh Yên Bái	15	04429	exact	04429:Xã Tân Hợp
04435	Xã Đại Phác	Huyện Văn Yên	15	Tỉnh Yên Bái	15	04441	exact	04441:Xã Xuân Ái
04438	Xã Yên Phú	Huyện Văn Yên	15	Tỉnh Yên Bái	15	04441	exact	04441:Xã Xuân Ái
04441	Xã Xuân Ái	Huyện Văn Yên	15	Tỉnh Yên Bái	15	04441	exact	04441:Xã Xuân Ái
04447	Xã Viễn Sơn	Huyện Văn Yên	15	Tỉnh Yên Bái	15	04441	exact	04441:Xã Xuân Ái
04450	Xã Mỏ Vàng	Huyện Văn Yên	15	Tỉnh Yên Bái	15	04450	exact	04450:Xã Mỏ Vàng
04453	Xã Nà Hẩu	Huyện Văn Yên	15	Tỉnh Yên Bái	15	04429	exact	04429:Xã Tân Hợp
04456	Thị trấn Mù Căng Chải	Huyện Mù Căng Chải	15	Tỉnh Yên Bái	15	04456	exact	04456:Xã Mù Cang Chải
04459	Xã Hồ Bốn	Huyện Mù Căng Chải	15	Tỉnh Yên Bái	15	04465	exact	04465:Xã Khao Mang
04462	Xã Nậm Có	Huyện Mù Căng Chải	15	Tỉnh Yên Bái	15	04462	exact	04462:Xã Nậm Có
04465	Xã Khao Mang	Huyện Mù Căng Chải	15	Tỉnh Yên Bái	15	04465	exact	04465:Xã Khao Mang
04468	Xã Mồ Dề	Huyện Mù Căng Chải	15	Tỉnh Yên Bái	15	04456	exact	04456:Xã Mù Cang Chải
04471	Xã Chế Cu Nha	Huyện Mù Căng Chải	15	Tỉnh Yên Bái	15	04456	exact	04456:Xã Mù Cang Chải
04474	Xã Lao Chải	Huyện Mù Căng Chải	15	Tỉnh Yên Bái	15	04474	exact	04474:Xã Lao Chải
04477	Xã Kim Nọi	Huyện Mù Căng Chải	15	Tỉnh Yên Bái	15	04456	exact	04456:Xã Mù Cang Chải
04480	Xã Cao Phạ	Huyện Mù Căng Chải	15	Tỉnh Yên Bái	15	04630	exact	04630:Xã Tú Lệ
04483	Xã La Pán Tẩn	Huyện Mù Căng Chải	15	Tỉnh Yên Bái	15		split	04492:Xã Púng Luông|02782:Xã Cao Sơn
04486	Xã Dế Su Phình	Huyện Mù Căng Chải	15	Tỉnh Yên Bái	15		not_found	
04489	Xã Chế Tạo	Huyện Mù Căng Chải	15	Tỉnh Yên Bái	15	04489	exact	04489:Xã Chế Tạo
04492	Xã Púng Luông	Huyện Mù Căng Chải	15	Tỉnh Yên Bái	15	04492	exact	04492:Xã Púng Luông
04495	Xã Nậm Khắt	Huyện Mù Căng Chải	15	Tỉnh Yên Bái	15	04492	exact	04492:Xã Púng Luông
04498	Thị trấn Cổ Phúc	Huyện Trấn Yên	15	Tỉnh Yên Bái	15	04498	exact	04498:Xã Trấn Yên
04501	Xã Tân Đồng	Huyện Trấn Yên	15	Tỉnh Yên Bái	15	04498	exact	04498:Xã Trấn Yên
04504	Xã Báo Đáp	Huyện Trấn Yên	15	Tỉnh Yên Bái	15	04498	exact	04498:Xã Trấn Yên
04507	Xã Đào Thịnh	Huyện Trấn Yên	15	Tỉnh Yên Bái	15		not_found	
04510	Xã Việt Thành	Huyện Trấn Yên	15	Tỉnh Yên Bái	15		not_found	
04513	Xã Hòa Cuông	Huyện Trấn Yên	15	Tỉnh Yên Bái	15	04498	exact	04498:Xã Trấn Yên
04516	Xã Minh Quán	Huyện Trấn Yên	15	Tỉnh Yên Bái	15		split	04543:Phường Âu Lâu|04498:Xã Trấn Yên
04519	Xã Quy Mông	Huyện Trấn Yên	15	Tỉnh Yên Bái	15	04531	exact	04531:Xã Quy Mông
04522	Xã Cường Thịnh	Huyện Trấn Yên	15	Tỉnh Yên Bái	15	04273	exact	04273:Phường Nam Cường
04525	Xã Kiên Thành	Huyện Trấn Yên	15	Tỉnh Yên Bái	15	04531	exact	04531:Xã Quy Mông
04528	Xã Nga Quán	Huyện Trấn Yên	15	Tỉnh Yên Bái	15		not_found	
04531	Xã Y Can	Huyện Trấn Yên	15	Tỉnh Yên Bái	15	04531	exact	04531:Xã Quy Mông
04537	Xã Lương Thịnh	Huyện Trấn Yên	15	Tỉnh Yên Bái	15	04537	exact	04537:Xã Lương Thịnh
04540	Xã Âu Lâu	Thành phố Yên Bái	15	Tỉnh Yên Bái	15	04543	exact	04543:Phường Âu Lâu
04543	Xã Giới Phiên	Thành phố Yên Bái	15	Tỉnh Yên Bái	15	04543	exact	04543:Phường Âu Lâu
04546	Phường Hợp Minh	Thành phố Yên Bái	15	Tỉnh Yên Bái	15	04543	exact	04543:Phường Âu Lâu
04558	Xã Văn Phú	Thành phố Yên Bái	15	Tỉnh Yên Bái	15	04279	exact	04279:Phường Văn Phú
04561	Xã Bảo Hưng	Huyện Trấn Yên	15	Tỉnh Yên Bái	15		not_found	
04564	Xã Việt Cường	Huyện Trấn Yên	15	Tỉnh Yên Bái	15	04564	exact	04564:Xã Việt Hồng
04567	Xã Minh Quân	Huyện Trấn Yên	15	Tỉnh Yên Bái	15		split	04543:Phường Âu Lâu|04498:Xã Trấn Yên
04570	Xã Hồng Ca	Huyện Trấn Yên	15	Tỉnh Yên Bái	15	04576	exact	04576:Xã Hưng Khánh
04573	Xã Hưng Thịnh	Huyện Trấn Yên	15	Tỉnh Yên Bái	15	04537	exact	04537:Xã Lương Thịnh
04576	Xã Hưng Khánh	Huyện Trấn Yên	15	Tỉnh Yên Bái	15	04576	exact	04576:Xã Hưng Khánh
04579	Xã Việt Hồng	Huyện Trấn Yên	15	Tỉnh Yên Bái	15	04564	exact	04564:Xã Việt Hồng
04582	Xã Vân Hội	Huyện Trấn Yên	15	Tỉnh Yên Bái	15	04564	exact	04564:Xã Việt Hồng
04585	Thị trấn Trạm Tấu	Huyện Trạm Tấu	15	Tỉnh Yên Bái	15	04585	exact	04585:Xã Hạnh Phúc
04588	Xã Túc Đán	Huyện Trạm Tấu	15	Tỉnh Yên Bái	15	04606	exact	04606:Xã Trạm Tấu
04591	Xã Pá Lau	Huyện Trạm Tấu	15	Tỉnh Yên Bái	15	04606	exact	04606:Xã Trạm Tấu
04594	Xã Xà Hồ	Huyện Trạm Tấu	15	Tỉnh Yên Bái	15	04585	exact	04585:Xã Hạnh Phúc
04597	Xã Phình Hồ	Huyện Trạm Tấu	15	Tỉnh Yên Bái	15	04609	exact	04609:Xã Phình Hồ
04600	Xã Trạm Tấu	Huyện Trạm Tấu	15	Tỉnh Yên Bái	15	04606	exact	04606:Xã Trạm Tấu
04603	Xã Tà Si Láng	Huyện Trạm Tấu	15	Tỉnh Yên Bái	15		not_found	
04606	Xã Pá Hu	Huyện Trạm Tấu	15	Tỉnh Yên Bái	15	04606	exact	04606:Xã Trạm Tấu
04609	Xã Làng Nhì	Huyện Trạm Tấu	15	Tỉnh Yên Bái	15	04609	exact	04609:Xã Phình Hồ
04612	Xã Bản Công	Huyện Trạm Tấu	15	Tỉnh Yên Bái	15	04585	exact	04585:Xã Hạnh Phúc
04615	Xã Bản Mù	Huyện Trạm Tấu	15	Tỉnh Yên Bái	15	04609	exact	04609:Xã Phình Hồ
04618	Xã Hát Lìu	Huyện Trạm Tấu	15	Tỉnh Yên Bái	15		not_found	
04621	Thị trấn NT Liên Sơn	Huyện Văn Chấn	15	Tỉnh Yên Bái	15		not_found	
04624	Xã Nghĩa Lộ	Thị xã Nghĩa Lộ	15	Tỉnh Yên Bái	15	04663	exact	04663:Phường Trung Tâm
04627	Thị trấn NT Trần Phú	Huyện Văn Chấn	15	Tỉnh Yên Bái	15		not_found	
04630	Xã Tú Lệ	Huyện Văn Chấn	15	Tỉnh Yên Bái	15	04630	exact	04630:Xã Tú Lệ
04633	Xã Nậm Búng	Huyện Văn Chấn	15	Tỉnh Yên Bái	15	04636	exact	04636:Xã Gia Hội
04636	Xã Gia Hội	Huyện Văn Chấn	15	Tỉnh Yên Bái	15	04636	exact	04636:Xã Gia Hội
04639	Xã Sùng Đô	Huyện Văn Chấn	15	Tỉnh Yên Bái	15	04651	exact	04651:Xã Sơn Lương
04642	Xã Nậm Mười	Huyện Văn Chấn	15	Tỉnh Yên Bái	15	04651	exact	04651:Xã Sơn Lương
04645	Xã An Lương	Huyện Văn Chấn	15	Tỉnh Yên Bái	15	04450	exact	04450:Xã Mỏ Vàng
04648	Xã Nậm Lành	Huyện Văn Chấn	15	Tỉnh Yên Bái	15	04636	exact	04636:Xã Gia Hội
04651	Xã Sơn Lương	Huyện Văn Chấn	15	Tỉnh Yên Bái	15	04651	exact	04651:Xã Sơn Lương
04654	Xã Suối Quyền	Huyện Văn Chấn	15	Tỉnh Yên Bái	15	04651	exact	04651:Xã Sơn Lương
04657	Xã Suối Giàng	Huyện Văn Chấn	15	Tỉnh Yên Bái	15	04672	exact	04672:Xã Văn Chấn
04660	Xã Sơn A	Thị xã Nghĩa Lộ	15	Tỉnh Yên Bái	15	04660	exact	04660:Xã Liên Sơn
04663	Xã Phù Nham	Thị xã Nghĩa Lộ	15	Tỉnh Yên Bái	15	04663	exact	04663:Phường Trung Tâm
04666	Xã Nghĩa Sơn	Huyện Văn Chấn	15	Tỉnh Yên Bái	15	04288	exact	04288:Phường Nghĩa Lộ
04669	Xã Suối Bu	Huyện Văn Chấn	15	Tỉnh Yên Bái	15	04672	exact	04672:Xã Văn Chấn
04672	Thị trấn Sơn Thịnh	Huyện Văn Chấn	15	Tỉnh Yên Bái	15	04672	exact	04672:Xã Văn Chấn
04675	Xã Thanh Lương	Thị xã Nghĩa Lộ	15	Tỉnh Yên Bái	15	04681	exact	04681:Phường Cầu Thia
04678	Xã Hạnh Sơn	Thị xã Nghĩa Lộ	15	Tỉnh Yên Bái	15	04681	exact	04681:Phường Cầu Thia
04681	Xã Phúc Sơn	Thị xã Nghĩa Lộ	15	Tỉnh Yên Bái	15	04681	exact	04681:Phường Cầu Thia
04684	Xã Thạch Lương	Thị xã Nghĩa Lộ	15	Tỉnh Yên Bái	15	04681	exact	04681:Phường Cầu Thia
04687	Xã Đại Lịch	Huyện Văn Chấn	15	Tỉnh Yên Bái	15	04699	exact	04699:Xã Chấn Thịnh
04690	Xã Đồng Khê	Huyện Văn Chấn	15	Tỉnh Yên Bái	15	04672	exact	04672:Xã Văn Chấn
04693	Xã Cát Thịnh	Huyện Văn Chấn	15	Tỉnh Yên Bái	15	04693	exact	04693:Xã Cát Thịnh
04696	Xã Tân Thịnh	Huyện Văn Chấn	15	Tỉnh Yên Bái	15	04699	exact	04699:Xã Chấn Thịnh
04699	Xã Chấn Thịnh	Huyện Văn Chấn	15	Tỉnh Yên Bái	15	04699	exact	04699:Xã Chấn Thịnh
04702	Xã Bình Thuận	Huyện Văn Chấn	15	Tỉnh Yên Bái	15	04711	exact	04711:Xã Nghĩa Tâm
04705	Xã Thượng Bằng La	Huyện Văn Chấn	15	Tỉnh Yên Bái	15	04705	exact	04705:Xã Thượng Bằng La
04708	Xã Minh An	Huyện Văn Chấn	15	Tỉnh Yên Bái	15	04711	exact	04711:Xã Nghĩa Tâm
04711	Xã Nghĩa Tâm	Huyện Văn Chấn	15	Tỉnh Yên Bái	15	04711	exact	04711:Xã Nghĩa Tâm
04714	Thị trấn Yên Bình	Huyện Yên Bình	15	Tỉnh Yên Bái	15		not_found	
04717	Thị trấn Thác Bà	Huyện Yên Bình	15	Tỉnh Yên Bái	15	04717	exact	04717:Xã Thác Bà
04720	Xã Xuân Long	Huyện Yên Bình	15	Tỉnh Yên Bái	15	04726	exact	04726:Xã Cảm Nhân
04726	Xã Cảm Nhân	Huyện Yên Bình	15	Tỉnh Yên Bái	15	04726	exact	04726:Xã Cảm Nhân
04729	Xã Ngọc Chấn	Huyện Yên Bình	15	Tỉnh Yên Bái	15	04726	exact	04726:Xã Cảm Nhân
04732	Xã Tân Nguyên	Huyện Yên Bình	15	Tỉnh Yên Bái	15	04750	exact	04750:Xã Bảo Ái
04735	Xã Phúc Ninh	Huyện Yên Bình	15	Tỉnh Yên Bái	15	04744	exact	04744:Xã Yên Thành
04738	Xã Bảo Ái	Huyện Yên Bình	15	Tỉnh Yên Bái	15	04750	exact	04750:Xã Bảo Ái
04741	Xã Mỹ Gia	Huyện Yên Bình	15	Tỉnh Yên Bái	15	04744	exact	04744:Xã Yên Thành
04744	Xã Xuân Lai	Huyện Yên Bình	15	Tỉnh Yên Bái	15	04744	exact	04744:Xã Yên Thành
04747	Xã Mông Sơn	Huyện Yên Bình	15	Tỉnh Yên Bái	15	04750	exact	04750:Xã Bảo Ái
04750	Xã Cảm Ân	Huyện Yên Bình	15	Tỉnh Yên Bái	15	04750	exact	04750:Xã Bảo Ái
04753	Xã Yên Thành	Huyện Yên Bình	15	Tỉnh Yên Bái	15	04744	exact	04744:Xã Yên Thành
04756	Xã Tân Hương	Huyện Yên Bình	15	Tỉnh Yên Bái	15		not_found	
04759	Xã Phúc An	Huyện Yên Bình	15	Tỉnh Yên Bái	15	04744	exact	04744:Xã Yên Thành
04762	Xã Bạch Hà	Huyện Yên Bình	15	Tỉnh Yên Bái	15	04717	exact	04717:Xã Thác Bà
04765	Xã Vũ Linh	Huyện Yên Bình	15	Tỉnh Yên Bái	15	04717	exact	04717:Xã Thác Bà
04768	Xã Đại Đồng	Huyện Yên Bình	15	Tỉnh Yên Bái	15		not_found	
04771	Xã Vĩnh Kiên	Huyện Yên Bình	15	Tỉnh Yên Bái	15	04717	exact	04717:Xã Thác Bà
04774	Xã Yên Bình	Huyện Yên Bình	15	Tỉnh Yên Bái	15	04714	exact	04714:Xã Yên Bình
04777	Xã Thịnh Hưng	Huyện Yên Bình	15	Tỉnh Yên Bái	15		not_found	
04780	Xã Hán Đà	Huyện Yên Bình	15	Tỉnh Yên Bái	15	04717	exact	04717:Xã Thác Bà
04783	Xã Phú Thịnh	Huyện Yên Bình	15	Tỉnh Yên Bái	15	04279	exact	04279:Phường Văn Phú
04786	Xã Đại Minh	Huyện Yên Bình	15	Tỉnh Yên Bái	15	04717	exact	04717:Xã Thác Bà
04789	Phường Thái Bình	Thành phố Hòa Bình	17	Tỉnh Hoà Bình	25	04828	exact	04828:Phường Thống Nhất
04792	Phường Tân Hòa	Thành phố Hòa Bình	17	Tỉnh Hoà Bình	25	04792	exact	04792:Phường Tân Hòa
04795	Phường Thịnh Lang	Thành phố Hòa Bình	17	Tỉnh Hoà Bình	25	04795	exact	04795:Phường Hòa Bình
04798	Phường Hữu Nghị	Thành phố Hòa Bình	17	Tỉnh Hoà Bình	25	04795	exact	04795:Phường Hòa Bình
04801	Phường Tân Thịnh	Thành phố Hòa Bình	17	Tỉnh Hoà Bình	25	04795	exact	04795:Phường Hòa Bình
04804	Phường Đồng Tiến	Thành phố Hòa Bình	17	Tỉnh Hoà Bình	25	04795	exact	04795:Phường Hòa Bình
04807	Phường Phương Lâm	Thành phố Hòa Bình	17	Tỉnh Hoà Bình	25	04795	exact	04795:Phường Hòa Bình
04813	Xã Yên Mông	Thành phố Hòa Bình	17	Tỉnh Hoà Bình	25	04792	exact	04792:Phường Tân Hòa
04816	Phường Quỳnh Lâm	Thành phố Hòa Bình	17	Tỉnh Hoà Bình	25	04795	exact	04795:Phường Hòa Bình
04819	Phường Dân Chủ	Thành phố Hòa Bình	17	Tỉnh Hoà Bình	25	04828	exact	04828:Phường Thống Nhất
04825	Xã Hòa Bình	Thành phố Hòa Bình	17	Tỉnh Hoà Bình	25	04792	exact	04792:Phường Tân Hòa
04828	Phường Thống Nhất	Thành phố Hòa Bình	17	Tỉnh Hoà Bình	25	04828	exact	04828:Phường Thống Nhất
04831	Thị trấn Đà Bắc	Huyện Đà Bắc	17	Tỉnh Hoà Bình	25	04831	exact	04831:Xã Đà Bắc
04834	Xã Nánh Nghê	Huyện Đà Bắc	17	Tỉnh Hoà Bình	25	04846	exact	04846:Xã Đức Nhàn
04840	Xã Giáp Đắt	Huyện Đà Bắc	17	Tỉnh Hoà Bình	25	04849	exact	04849:Xã Tân Pheo
04846	Xã Mường Chiềng	Huyện Đà Bắc	17	Tỉnh Hoà Bình	25	04846	exact	04846:Xã Đức Nhàn
04849	Xã Tân Pheo	Huyện Đà Bắc	17	Tỉnh Hoà Bình	25	04849	exact	04849:Xã Tân Pheo
04852	Xã Đồng Chum	Huyện Đà Bắc	17	Tỉnh Hoà Bình	25	04849	exact	04849:Xã Tân Pheo
04855	Xã Tân Minh	Huyện Đà Bắc	17	Tỉnh Hoà Bình	25		split	04876:Xã Cao Sơn|08611:Xã Văn Miếu
04858	Xã Đoàn Kết	Huyện Đà Bắc	17	Tỉnh Hoà Bình	25	04873	exact	04873:Xã Quy Đức
04861	Xã Đồng Ruộng	Huyện Đà Bắc	17	Tỉnh Hoà Bình	25	04873	exact	04873:Xã Quy Đức
04867	Xã Tú Lý	Huyện Đà Bắc	17	Tỉnh Hoà Bình	25	04831	exact	04831:Xã Đà Bắc
04870	Xã Trung Thành	Huyện Đà Bắc	17	Tỉnh Hoà Bình	25	04873	exact	04873:Xã Quy Đức
04873	Xã Yên Hòa	Huyện Đà Bắc	17	Tỉnh Hoà Bình	25	04873	exact	04873:Xã Quy Đức
04876	Xã Cao Sơn	Huyện Đà Bắc	17	Tỉnh Hoà Bình	25	04876	exact	04876:Xã Cao Sơn
04879	Xã Toàn Sơn	Huyện Đà Bắc	17	Tỉnh Hoà Bình	25	04831	exact	04831:Xã Đà Bắc
04882	Xã Tân Thành	Huyện Mai Châu	17	Tỉnh Hoà Bình	25	05206	exact	05206:Xã Tân Mai
04885	Xã Hiền Lương	Huyện Đà Bắc	17	Tỉnh Hoà Bình	25	04831	exact	04831:Xã Đà Bắc
04888	Xã Tiền Phong	Huyện Đà Bắc	17	Tỉnh Hoà Bình	25	04891	exact	04891:Xã Tiền Phong
04891	Xã Vầy Nưa	Huyện Đà Bắc	17	Tỉnh Hoà Bình	25		split	04828:Phường Thống Nhất|04891:Xã Tiền Phong
04894	Phường Kỳ Sơn	Thành phố Hòa Bình	17	Tỉnh Hoà Bình	25	04894	exact	04894:Phường Kỳ Sơn
04897	Xã Thịnh Minh	Thành phố Hòa Bình	17	Tỉnh Hoà Bình	25	04897	exact	04897:Xã Thịnh Minh
04903	Xã Hợp Thành	Thành phố Hòa Bình	17	Tỉnh Hoà Bình	25	04897	exact	04897:Xã Thịnh Minh
04906	Xã Quang Tiến	Thành phố Hòa Bình	17	Tỉnh Hoà Bình	25	04897	exact	04897:Xã Thịnh Minh
04912	Xã Mông Hóa	Thành phố Hòa Bình	17	Tỉnh Hoà Bình	25	04894	exact	04894:Phường Kỳ Sơn
04918	Phường Trung Minh	Thành phố Hòa Bình	17	Tỉnh Hoà Bình	25	04795	exact	04795:Phường Hòa Bình
04921	Xã Độc Lập	Thành phố Hòa Bình	17	Tỉnh Hoà Bình	25	04894	exact	04894:Phường Kỳ Sơn
04924	Thị trấn Lương Sơn	Huyện Lương Sơn	17	Tỉnh Hoà Bình	25	04924	exact	04924:Xã Lương Sơn
04927	Xã Yên Trung	Huyện Thạch Thất	01	Thành phố Hà Nội	01	04930	exact	04930:Xã Yên Xuân
04930	Xã Yên Bình	Huyện Thạch Thất	01	Thành phố Hà Nội	01	04930	exact	04930:Xã Yên Xuân
04936	Xã Tiến Xuân	Huyện Thạch Thất	01	Thành phố Hà Nội	01		split	09988:Xã Hòa Lạc|04930:Xã Yên Xuân
04939	Xã Đông Xuân	Huyện Quốc Oai	01	Thành phố Hà Nội	01	04930	exact	04930:Xã Yên Xuân
04942	Xã Lâm Sơn	Huyện Lương Sơn	17	Tỉnh Hoà Bình	25		split	04924:Xã Lương Sơn|08467:Xã Vạn Xuân
04945	Xã Hòa Sơn	Huyện Lương Sơn	17	Tỉnh Hoà Bình	25	04924	exact	04924:Xã Lương Sơn
04951	Xã Tân Vinh	Huyện Lương Sơn	17	Tỉnh Hoà Bình	25	04924	exact	04924:Xã Lương Sơn
04954	Xã Nhuận Trạch	Huyện Lương Sơn	17	Tỉnh Hoà Bình	25	04924	exact	04924:Xã Lương Sơn
04957	Xã Cao Sơn	Huyện Lương Sơn	17	Tỉnh Hoà Bình	25		split	04924:Xã Lương Sơn|04960:Xã Liên Sơn
04960	Xã Cư Yên	Huyện Lương Sơn	17	Tỉnh Hoà Bình	25	04960	exact	04960:Xã Liên Sơn
04969	Xã Liên Sơn	Huyện Lương Sơn	17	Tỉnh Hoà Bình	25		split	08788:Xã Thái Hòa|04960:Xã Liên Sơn
04978	Thị trấn Bo	Huyện Kim Bôi	17	Tỉnh Hoà Bình	25	04978	exact	04978:Xã Kim Bôi
04981	Thị trấn Ba Hàng Đồi	Huyện Lạc Thủy	17	Tỉnh Hoà Bình	25	05395	exact	05395:Xã An Nghĩa
04984	Xã Đú Sáng	Huyện Kim Bôi	17	Tỉnh Hoà Bình	25	04990	exact	04990:Xã Nật Sơn
04987	Xã Hùng Sơn	Huyện Kim Bôi	17	Tỉnh Hoà Bình	25	04990	exact	04990:Xã Nật Sơn
04990	Xã Bình Sơn	Huyện Kim Bôi	17	Tỉnh Hoà Bình	25	04990	exact	04990:Xã Nật Sơn
04999	Xã Tú Sơn	Huyện Kim Bôi	17	Tỉnh Hoà Bình	25	05014	exact	05014:Xã Mường Động
05005	Xã Vĩnh Tiến	Huyện Kim Bôi	17	Tỉnh Hoà Bình	25		split	08620:Xã Long Cốc|05014:Xã Mường Động
05008	Xã Cao Dương	Huyện Lương Sơn	17	Tỉnh Hoà Bình	25	05047	exact	05047:Xã Cao Dương
05014	Xã Đông Bắc	Huyện Kim Bôi	17	Tỉnh Hoà Bình	25	05014	exact	05014:Xã Mường Động
05017	Xã Xuân Thủy	Huyện Kim Bôi	17	Tỉnh Hoà Bình	25	04990	exact	04990:Xã Nật Sơn
05026	Xã Vĩnh Đồng	Huyện Kim Bôi	17	Tỉnh Hoà Bình	25	04978	exact	04978:Xã Kim Bôi
05035	Xã Kim Lập	Huyện Kim Bôi	17	Tỉnh Hoà Bình	25	05068	exact	05068:Xã Hợp Kim
05038	Xã Hợp Tiến	Huyện Kim Bôi	17	Tỉnh Hoà Bình	25	05014	exact	05014:Xã Mường Động
05041	Xã Thanh Sơn	Huyện Lương Sơn	17	Tỉnh Hoà Bình	25		split	05047:Xã Cao Dương|05200:Xã Mai Châu
05047	Xã Thanh Cao	Huyện Lương Sơn	17	Tỉnh Hoà Bình	25	05047	exact	05047:Xã Cao Dương
05065	Xã Kim Bôi	Huyện Kim Bôi	17	Tỉnh Hoà Bình	25	04978	exact	04978:Xã Kim Bôi
05068	Xã Nam Thượng	Huyện Kim Bôi	17	Tỉnh Hoà Bình	25	05068	exact	05068:Xã Hợp Kim
05077	Xã Cuối Hạ	Huyện Kim Bôi	17	Tỉnh Hoà Bình	25	05086	exact	05086:Xã Dũng Tiến
05080	Xã Sào Báy	Huyện Kim Bôi	17	Tỉnh Hoà Bình	25	05068	exact	05068:Xã Hợp Kim
05083	Xã Mi Hòa	Huyện Kim Bôi	17	Tỉnh Hoà Bình	25		not_found	
05086	Xã Nuông Dăm	Huyện Kim Bôi	17	Tỉnh Hoà Bình	25	05086	exact	05086:Xã Dũng Tiến
05089	Thị trấn Cao Phong	Huyện Cao Phong	17	Tỉnh Hoà Bình	25	05089	exact	05089:Xã Cao Phong
05092	Xã Bình Thanh	Huyện Cao Phong	17	Tỉnh Hoà Bình	25	05092	exact	05092:Xã Thung Nai
05095	Xã Thung Nai	Huyện Cao Phong	17	Tỉnh Hoà Bình	25	05092	exact	05092:Xã Thung Nai
05098	Xã Bắc Phong	Huyện Cao Phong	17	Tỉnh Hoà Bình	25	05092	exact	05092:Xã Thung Nai
05101	Xã Thu Phong	Huyện Cao Phong	17	Tỉnh Hoà Bình	25	05089	exact	05089:Xã Cao Phong
05104	Xã Hợp Phong	Huyện Cao Phong	17	Tỉnh Hoà Bình	25	05089	exact	05089:Xã Cao Phong
05110	Xã Tây Phong	Huyện Cao Phong	17	Tỉnh Hoà Bình	25	05116	exact	05116:Xã Mường Thàng
05116	Xã Dũng Phong	Huyện Cao Phong	17	Tỉnh Hoà Bình	25	05116	exact	05116:Xã Mường Thàng
05119	Xã Nam Phong	Huyện Cao Phong	17	Tỉnh Hoà Bình	25	05116	exact	05116:Xã Mường Thàng
05125	Xã Thạch Yên	Huyện Cao Phong	17	Tỉnh Hoà Bình	25	05116	exact	05116:Xã Mường Thàng
05128	Thị trấn Mãn Đức	Huyện Tân Lạc	17	Tỉnh Hoà Bình	25	05128	exact	05128:Xã Tân Lạc
05134	Xã Suối Hoa	Huyện Tân Lạc	17	Tỉnh Hoà Bình	25	05134	exact	05134:Xã Mường Hoa
05137	Xã Phú Vinh	Huyện Tân Lạc	17	Tỉnh Hoà Bình	25	05134	exact	05134:Xã Mường Hoa
05140	Xã Phú Cường	Huyện Tân Lạc	17	Tỉnh Hoà Bình	25	05158	exact	05158:Xã Mường Bi
05143	Xã Mỹ Hòa	Huyện Tân Lạc	17	Tỉnh Hoà Bình	25		split	05158:Xã Mường Bi|05086:Xã Dũng Tiến
05152	Xã Quyết Chiến	Huyện Tân Lạc	17	Tỉnh Hoà Bình	25	05152	exact	05152:Xã Vân Sơn
05158	Xã Phong Phú	Huyện Tân Lạc	17	Tỉnh Hoà Bình	25	05158	exact	05158:Xã Mường Bi
05164	Xã Tử Nê	Huyện Tân Lạc	17	Tỉnh Hoà Bình	25	05128	exact	05128:Xã Tân Lạc
05167	Xã Thanh Hối	Huyện Tân Lạc	17	Tỉnh Hoà Bình	25	05128	exact	05128:Xã Tân Lạc
05170	Xã Ngọc Mỹ	Huyện Tân Lạc	17	Tỉnh Hoà Bình	25	05128	exact	05128:Xã Tân Lạc
05173	Xã Đông Lai	Huyện Tân Lạc	17	Tỉnh Hoà Bình	25	05128	exact	05128:Xã Tân Lạc
05176	Xã Vân Sơn	Huyện Tân Lạc	17	Tỉnh Hoà Bình	25		split	05152:Xã Vân Sơn|05293:Xã Thượng Cốc
05182	Xã Nhân Mỹ	Huyện Tân Lạc	17	Tỉnh Hoà Bình	25	05191	exact	05191:Xã Toàn Thắng
05191	Xã Lỗ Sơn	Huyện Tân Lạc	17	Tỉnh Hoà Bình	25	05191	exact	05191:Xã Toàn Thắng
05194	Xã Ngổ Luông	Huyện Tân Lạc	17	Tỉnh Hoà Bình	25	05152	exact	05152:Xã Vân Sơn
05197	Xã Gia Mô	Huyện Tân Lạc	17	Tỉnh Hoà Bình	25	05191	exact	05191:Xã Toàn Thắng
05200	Thị trấn Mai Châu	Huyện Mai Châu	17	Tỉnh Hoà Bình	25	05200	exact	05200:Xã Mai Châu
05206	Xã Sơn Thủy	Huyện Mai Châu	17	Tỉnh Hoà Bình	25	05206	exact	05206:Xã Tân Mai
05209	Xã Pà Cò	Huyện Mai Châu	17	Tỉnh Hoà Bình	25	05212	exact	05212:Xã Pà Cò
05212	Xã Hang Kia	Huyện Mai Châu	17	Tỉnh Hoà Bình	25	05212	exact	05212:Xã Pà Cò
05221	Xã Đồng Tân	Huyện Mai Châu	17	Tỉnh Hoà Bình	25		split	05212:Xã Pà Cò|05200:Xã Mai Châu
05224	Xã Cun Pheo	Huyện Mai Châu	17	Tỉnh Hoà Bình	25	05212	exact	05212:Xã Pà Cò
05227	Xã Bao La	Huyện Mai Châu	17	Tỉnh Hoà Bình	25	05245	exact	05245:Xã Bao La
05233	Xã Tòng Đậu	Huyện Mai Châu	17	Tỉnh Hoà Bình	25	05200	exact	05200:Xã Mai Châu
05242	Xã Nà Phòn	Huyện Mai Châu	17	Tỉnh Hoà Bình	25	05200	exact	05200:Xã Mai Châu
05245	Xã Săm Khóe	Huyện Mai Châu	17	Tỉnh Hoà Bình	25		not_found	
05248	Xã Chiềng Châu	Huyện Mai Châu	17	Tỉnh Hoà Bình	25	05251	exact	05251:Xã Mai Hạ
05251	Xã Mai Hạ	Huyện Mai Châu	17	Tỉnh Hoà Bình	25	05251	exact	05251:Xã Mai Hạ
05254	Xã Thành Sơn	Huyện Mai Châu	17	Tỉnh Hoà Bình	25		split	05047:Xã Cao Dương|05200:Xã Mai Châu
05257	Xã Mai Hịch	Huyện Mai Châu	17	Tỉnh Hoà Bình	25	05245	exact	05245:Xã Bao La
05263	Xã Vạn Mai	Huyện Mai Châu	17	Tỉnh Hoà Bình	25	05251	exact	05251:Xã Mai Hạ
05266	Thị trấn Vụ Bản	Huyện Lạc Sơn	17	Tỉnh Hoà Bình	25	05266	exact	05266:Xã Lạc Sơn
05269	Xã Quý Hòa	Huyện Lạc Sơn	17	Tỉnh Hoà Bình	25	05287	exact	05287:Xã Mường Vang
05272	Xã Miền Đồi	Huyện Lạc Sơn	17	Tỉnh Hoà Bình	25	05293	exact	05293:Xã Thượng Cốc
05275	Xã Mỹ Thành	Huyện Lạc Sơn	17	Tỉnh Hoà Bình	25	05290	exact	05290:Xã Nhân Nghĩa
05278	Xã Tuân Đạo	Huyện Lạc Sơn	17	Tỉnh Hoà Bình	25	05287	exact	05287:Xã Mường Vang
05281	Xã Văn Nghĩa	Huyện Lạc Sơn	17	Tỉnh Hoà Bình	25	05290	exact	05290:Xã Nhân Nghĩa
05284	Xã Văn Sơn	Huyện Lạc Sơn	17	Tỉnh Hoà Bình	25		split	05152:Xã Vân Sơn|05293:Xã Thượng Cốc
05287	Xã Tân Lập	Huyện Lạc Sơn	17	Tỉnh Hoà Bình	25	05287	exact	05287:Xã Mường Vang
05290	Xã Nhân Nghĩa	Huyện Lạc Sơn	17	Tỉnh Hoà Bình	25	05290	exact	05290:Xã Nhân Nghĩa
05293	Xã Thượng Cốc	Huyện Lạc Sơn	17	Tỉnh Hoà Bình	25	05293	exact	05293:Xã Thượng Cốc
05299	Xã Quyết Thắng	Huyện Lạc Sơn	17	Tỉnh Hoà Bình	25	05323	exact	05323:Xã Quyết Thắng
05302	Xã Xuất Hóa	Huyện Lạc Sơn	17	Tỉnh Hoà Bình	25	05305	exact	05305:Xã Yên Phú
05305	Xã Yên Phú	Huyện Lạc Sơn	17	Tỉnh Hoà Bình	25	05305	exact	05305:Xã Yên Phú
05308	Xã Bình Hẻm	Huyện Lạc Sơn	17	Tỉnh Hoà Bình	25	05305	exact	05305:Xã Yên Phú
05320	Xã Định Cư	Huyện Lạc Sơn	17	Tỉnh Hoà Bình	25	05323	exact	05323:Xã Quyết Thắng
05323	Xã Chí Đạo	Huyện Lạc Sơn	17	Tỉnh Hoà Bình	25	05323	exact	05323:Xã Quyết Thắng
05329	Xã Ngọc Sơn	Huyện Lạc Sơn	17	Tỉnh Hoà Bình	25	05329	exact	05329:Xã Ngọc Sơn
05332	Xã Hương Nhượng	Huyện Lạc Sơn	17	Tỉnh Hoà Bình	25	05266	exact	05266:Xã Lạc Sơn
05335	Xã Vũ Bình	Huyện Lạc Sơn	17	Tỉnh Hoà Bình	25	05266	exact	05266:Xã Lạc Sơn
05338	Xã Tự Do	Huyện Lạc Sơn	17	Tỉnh Hoà Bình	25	05329	exact	05329:Xã Ngọc Sơn
05341	Xã Yên Nghiệp	Huyện Lạc Sơn	17	Tỉnh Hoà Bình	25	05347	exact	05347:Xã Đại Đồng
05344	Xã Tân Mỹ	Huyện Lạc Sơn	17	Tỉnh Hoà Bình	25	05347	exact	05347:Xã Đại Đồng
05347	Xã Ân Nghĩa	Huyện Lạc Sơn	17	Tỉnh Hoà Bình	25	05347	exact	05347:Xã Đại Đồng
05350	Xã Ngọc Lâu	Huyện Lạc Sơn	17	Tỉnh Hoà Bình	25	05329	exact	05329:Xã Ngọc Sơn
05353	Thị trấn Hàng Trạm	Huyện Yên Thủy	17	Tỉnh Hoà Bình	25	05353	exact	05353:Xã Yên Thủy
05356	Xã Lạc Sỹ	Huyện Yên Thủy	17	Tỉnh Hoà Bình	25	05362	exact	05362:Xã Lạc Lương
05362	Xã Lạc Lương	Huyện Yên Thủy	17	Tỉnh Hoà Bình	25	05362	exact	05362:Xã Lạc Lương
05365	Xã Bảo Hiệu	Huyện Yên Thủy	17	Tỉnh Hoà Bình	25	05362	exact	05362:Xã Lạc Lương
05368	Xã Đa Phúc	Huyện Yên Thủy	17	Tỉnh Hoà Bình	25	05362	exact	05362:Xã Lạc Lương
05371	Xã Hữu Lợi	Huyện Yên Thủy	17	Tỉnh Hoà Bình	25	05386	exact	05386:Xã Yên Trị
05374	Xã Lạc Thịnh	Huyện Yên Thủy	17	Tỉnh Hoà Bình	25	05353	exact	05353:Xã Yên Thủy
05380	Xã Đoàn Kết	Huyện Yên Thủy	17	Tỉnh Hoà Bình	25	05386	exact	05386:Xã Yên Trị
05383	Xã Phú Lai	Huyện Yên Thủy	17	Tỉnh Hoà Bình	25	05353	exact	05353:Xã Yên Thủy
05386	Xã Yên Trị	Huyện Yên Thủy	17	Tỉnh Hoà Bình	25	05386	exact	05386:Xã Yên Trị
05389	Xã Ngọc Lương	Huyện Yên Thủy	17	Tỉnh Hoà Bình	25	05386	exact	05386:Xã Yên Trị
05392	Thị trấn Chi Nê	Huyện Lạc Thủy	17	Tỉnh Hoà Bình	25	05392	exact	05392:Xã Lạc Thủy
05395	Xã Phú Nghĩa	Huyện Lạc Thủy	17	Tỉnh Hoà Bình	25	05395	exact	05395:Xã An Nghĩa
05398	Xã Phú Thành	Huyện Lạc Thủy	17	Tỉnh Hoà Bình	25	05395	exact	05395:Xã An Nghĩa
05404	Xã Hưng Thi	Huyện Lạc Thủy	17	Tỉnh Hoà Bình	25	05425	exact	05425:Xã An Bình
05413	Xã Khoan Dụ	Huyện Lạc Thủy	17	Tỉnh Hoà Bình	25	05392	exact	05392:Xã Lạc Thủy
05419	Xã Đồng Tâm	Huyện Lạc Thủy	17	Tỉnh Hoà Bình	25	05392	exact	05392:Xã Lạc Thủy
05422	Xã Yên Bồng	Huyện Lạc Thủy	17	Tỉnh Hoà Bình	25	05392	exact	05392:Xã Lạc Thủy
05425	Xã Thống Nhất	Huyện Lạc Thủy	17	Tỉnh Hoà Bình	25	05425	exact	05425:Xã An Bình
05428	Xã An Bình	Huyện Lạc Thủy	17	Tỉnh Hoà Bình	25	05425	exact	05425:Xã An Bình
05431	Phường Quán Triều	Thành phố Thái Nguyên	19	Tỉnh Thái Nguyên	19	05482	exact	05482:Phường Quan Triều
05434	Phường Quang Vinh	Thành phố Thái Nguyên	19	Tỉnh Thái Nguyên	19	05482	exact	05482:Phường Quan Triều
05437	Phường Túc Duyên	Thành phố Thái Nguyên	19	Tỉnh Thái Nguyên	19	05443	exact	05443:Phường Phan Đình Phùng
05440	Phường Hoàng Văn Thụ	Thành phố Thái Nguyên	19	Tỉnh Thái Nguyên	19	05443	exact	05443:Phường Phan Đình Phùng
05443	Phường Trưng Vương	Thành phố Thái Nguyên	19	Tỉnh Thái Nguyên	19	05443	exact	05443:Phường Phan Đình Phùng
05446	Phường Quang Trung	Thành phố Thái Nguyên	19	Tỉnh Thái Nguyên	19	05443	exact	05443:Phường Phan Đình Phùng
05449	Phường Phan Đình Phùng	Thành phố Thái Nguyên	19	Tỉnh Thái Nguyên	19	05443	exact	05443:Phường Phan Đình Phùng
05452	Phường Tân Thịnh	Thành phố Thái Nguyên	19	Tỉnh Thái Nguyên	19	05443	exact	05443:Phường Phan Đình Phùng
05455	Phường Thịnh Đán	Thành phố Thái Nguyên	19	Tỉnh Thái Nguyên	19	05455	exact	05455:Phường Quyết Thắng
05458	Phường Đồng Quang	Thành phố Thái Nguyên	19	Tỉnh Thái Nguyên	19	05443	exact	05443:Phường Phan Đình Phùng
05461	Phường Gia Sàng	Thành phố Thái Nguyên	19	Tỉnh Thái Nguyên	19		split	05443:Phường Phan Đình Phùng|05467:Phường Gia Sàng
05464	Phường Tân Lập	Thành phố Thái Nguyên	19	Tỉnh Thái Nguyên	19	05500	exact	05500:Phường Tích Lương
05467	Phường Cam Giá	Thành phố Thái Nguyên	19	Tỉnh Thái Nguyên	19		split	05467:Phường Gia Sàng|05500:Phường Tích Lương
05470	Phường Phú Xá	Thành phố Thái Nguyên	19	Tỉnh Thái Nguyên	19	05500	exact	05500:Phường Tích Lương
05473	Phường Hương Sơn	Thành phố Thái Nguyên	19	Tỉnh Thái Nguyên	19	05467	exact	05467:Phường Gia Sàng
05476	Phường Trung Thành	Thành phố Thái Nguyên	19	Tỉnh Thái Nguyên	19	05500	exact	05500:Phường Tích Lương
05479	Phường Tân Thành	Thành phố Thái Nguyên	19	Tỉnh Thái Nguyên	19	05500	exact	05500:Phường Tích Lương
05482	Phường Tân Long	Thành phố Thái Nguyên	19	Tỉnh Thái Nguyên	19	05482	exact	05482:Phường Quan Triều
05485	Xã Phúc Hà	Thành phố Thái Nguyên	19	Tỉnh Thái Nguyên	19	05455	exact	05455:Phường Quyết Thắng
05488	Xã Phúc Xuân	Thành phố Thái Nguyên	19	Tỉnh Thái Nguyên	19	05488	exact	05488:Xã Đại Phúc
05491	Xã Quyết Thắng	Thành phố Thái Nguyên	19	Tỉnh Thái Nguyên	19	05455	exact	05455:Phường Quyết Thắng
05494	Xã Phúc Trìu	Thành phố Thái Nguyên	19	Tỉnh Thái Nguyên	19	05488	exact	05488:Xã Đại Phúc
05497	Xã Thịnh Đức	Thành phố Thái Nguyên	19	Tỉnh Thái Nguyên	19	05503	exact	05503:Xã Tân Cương
05500	Phường Tích Lương	Thành phố Thái Nguyên	19	Tỉnh Thái Nguyên	19	05500	exact	05500:Phường Tích Lương
05503	Xã Tân Cương	Thành phố Thái Nguyên	19	Tỉnh Thái Nguyên	19	05503	exact	05503:Xã Tân Cương
05506	Phường Lương Sơn	Thành phố Sông Công	19	Tỉnh Thái Nguyên	19	05528	exact	05528:Phường Bách Quang
05509	Phường Châu Sơn	Thành phố Sông Công	19	Tỉnh Thái Nguyên	19	05533	exact	05533:Phường Bá Xuyên
05512	Phường Mỏ Chè	Thành phố Sông Công	19	Tỉnh Thái Nguyên	19	05533	exact	05533:Phường Bá Xuyên
05515	Phường Cải Đan	Thành phố Sông Công	19	Tỉnh Thái Nguyên	19	05518	exact	05518:Phường Sông Công
05518	Phường Thắng Lợi	Thành phố Sông Công	19	Tỉnh Thái Nguyên	19	05518	exact	05518:Phường Sông Công
05521	Phường Phố Cò	Thành phố Sông Công	19	Tỉnh Thái Nguyên	19	05518	exact	05518:Phường Sông Công
05527	Xã Tân Quang	Thành phố Sông Công	19	Tỉnh Thái Nguyên	19	05528	exact	05528:Phường Bách Quang
05528	Phường Bách Quang	Thành phố Sông Công	19	Tỉnh Thái Nguyên	19	05528	exact	05528:Phường Bách Quang
05530	Xã Bình Sơn	Thành phố Sông Công	19	Tỉnh Thái Nguyên	19	05503	exact	05503:Xã Tân Cương
05533	Xã Bá Xuyên	Thành phố Sông Công	19	Tỉnh Thái Nguyên	19	05533	exact	05533:Phường Bá Xuyên
05536	Thị trấn Chợ Chu	Huyện Định Hóa	19	Tỉnh Thái Nguyên	19	05569	exact	05569:Xã Định Hóa
05539	Xã Linh Thông	Huyện Định Hóa	19	Tỉnh Thái Nguyên	19	05542	exact	05542:Xã Lam Vỹ
05542	Xã Lam Vỹ	Huyện Định Hóa	19	Tỉnh Thái Nguyên	19	05542	exact	05542:Xã Lam Vỹ
05545	Xã Quy Kỳ	Huyện Định Hóa	19	Tỉnh Thái Nguyên	19	05551	exact	05551:Xã Kim Phượng
05548	Xã Tân Thịnh	Huyện Định Hóa	19	Tỉnh Thái Nguyên	19	05563	exact	05563:Xã Phượng Tiến
05551	Xã Kim Phượng	Huyện Định Hóa	19	Tỉnh Thái Nguyên	19	05551	exact	05551:Xã Kim Phượng
05554	Xã Bảo Linh	Huyện Định Hóa	19	Tỉnh Thái Nguyên	19	05569	exact	05569:Xã Định Hóa
05560	Xã Phúc Chu	Huyện Định Hóa	19	Tỉnh Thái Nguyên	19	05569	exact	05569:Xã Định Hóa
05563	Xã Tân Dương	Huyện Định Hóa	19	Tỉnh Thái Nguyên	19	05563	exact	05563:Xã Phượng Tiến
05566	Xã Phượng Tiến	Huyện Định Hóa	19	Tỉnh Thái Nguyên	19	05563	exact	05563:Xã Phượng Tiến
05569	Xã Bảo Cường	Huyện Định Hóa	19	Tỉnh Thái Nguyên	19		not_found	
05572	Xã Đồng Thịnh	Huyện Định Hóa	19	Tỉnh Thái Nguyên	19	05569	exact	05569:Xã Định Hóa
05575	Xã Định Biên	Huyện Định Hóa	19	Tỉnh Thái Nguyên	19	05587	exact	05587:Xã Bình Yên
05578	Xã Thanh Định	Huyện Định Hóa	19	Tỉnh Thái Nguyên	19	05587	exact	05587:Xã Bình Yên
05581	Xã Trung Hội	Huyện Định Hóa	19	Tỉnh Thái Nguyên	19	05581	exact	05581:Xã Trung Hội
05584	Xã Trung Lương	Huyện Định Hóa	19	Tỉnh Thái Nguyên	19	05587	exact	05587:Xã Bình Yên
05587	Xã Bình Yên	Huyện Định Hóa	19	Tỉnh Thái Nguyên	19	05587	exact	05587:Xã Bình Yên
05590	Xã Điềm Mặc	Huyện Định Hóa	19	Tỉnh Thái Nguyên	19	05602	exact	05602:Xã Phú Đình
05593	Xã Phú Tiến	Huyện Định Hóa	19	Tỉnh Thái Nguyên	19	05581	exact	05581:Xã Trung Hội
05596	Xã Bộc Nhiêu	Huyện Định Hóa	19	Tỉnh Thái Nguyên	19	05581	exact	05581:Xã Trung Hội
05599	Xã Sơn Phú	Huyện Định Hóa	19	Tỉnh Thái Nguyên	19	05605	exact	05605:Xã Bình Thành
05602	Xã Phú Đình	Huyện Định Hóa	19	Tỉnh Thái Nguyên	19	05602	exact	05602:Xã Phú Đình
05605	Xã Bình Thành	Huyện Định Hóa	19	Tỉnh Thái Nguyên	19	05605	exact	05605:Xã Bình Thành
05608	Thị trấn Giang Tiên	Huyện Phú Lương	19	Tỉnh Thái Nguyên	19	05611	exact	05611:Xã Phú Lương
05611	Thị trấn Đu	Huyện Phú Lương	19	Tỉnh Thái Nguyên	19	05611	exact	05611:Xã Phú Lương
05614	Xã Yên Ninh	Huyện Phú Lương	19	Tỉnh Thái Nguyên	19	05620	exact	05620:Xã Yên Trạch
05617	Xã Yên Trạch	Huyện Phú Lương	19	Tỉnh Thái Nguyên	19	05620	exact	05620:Xã Yên Trạch
05620	Xã Yên Đổ	Huyện Phú Lương	19	Tỉnh Thái Nguyên	19	05620	exact	05620:Xã Yên Trạch
05623	Xã Yên Lạc	Huyện Phú Lương	19	Tỉnh Thái Nguyên	19	05611	exact	05611:Xã Phú Lương
05626	Xã Ôn Lương	Huyện Phú Lương	19	Tỉnh Thái Nguyên	19	05632	exact	05632:Xã Hợp Thành
05629	Xã Động Đạt	Huyện Phú Lương	19	Tỉnh Thái Nguyên	19	05611	exact	05611:Xã Phú Lương
05632	Xã Phủ Lý	Huyện Phú Lương	19	Tỉnh Thái Nguyên	19	05632	exact	05632:Xã Hợp Thành
05635	Xã Phú Đô	Huyện Phú Lương	19	Tỉnh Thái Nguyên	19	05641	exact	05641:Xã Vô Tranh
05638	Xã Hợp Thành	Huyện Phú Lương	19	Tỉnh Thái Nguyên	19	05632	exact	05632:Xã Hợp Thành
05641	Xã Tức Tranh	Huyện Phú Lương	19	Tỉnh Thái Nguyên	19	05641	exact	05641:Xã Vô Tranh
05644	Xã Phấn Mễ	Huyện Phú Lương	19	Tỉnh Thái Nguyên	19		not_found	
05647	Xã Vô Tranh	Huyện Phú Lương	19	Tỉnh Thái Nguyên	19	05641	exact	05641:Xã Vô Tranh
05650	Xã Cổ Lũng	Huyện Phú Lương	19	Tỉnh Thái Nguyên	19	05641	exact	05641:Xã Vô Tranh
05653	Xã Sơn Cẩm	Thành phố Thái Nguyên	19	Tỉnh Thái Nguyên	19	05482	exact	05482:Phường Quan Triều
05656	Thị trấn Sông Cầu	Huyện Đồng Hỷ	19	Tỉnh Thái Nguyên	19	05692	exact	05692:Xã Đồng Hỷ
05659	Phường Chùa Hang	Thành phố Thái Nguyên	19	Tỉnh Thái Nguyên	19	05710	exact	05710:Phường Linh Sơn
05662	Thị trấn Trại Cau	Huyện Đồng Hỷ	19	Tỉnh Thái Nguyên	19	05662	exact	05662:Xã Trại Cau
05665	Xã Văn Lăng	Huyện Đồng Hỷ	19	Tỉnh Thái Nguyên	19		split	05665:Xã Văn Lăng|02143:Xã Văn Lang
05668	Xã Tân Long	Huyện Đồng Hỷ	19	Tỉnh Thái Nguyên	19	05674	exact	05674:Xã Quang Sơn
05671	Xã Hòa Bình	Huyện Đồng Hỷ	19	Tỉnh Thái Nguyên	19	05665	exact	05665:Xã Văn Lăng
05674	Xã Quang Sơn	Huyện Đồng Hỷ	19	Tỉnh Thái Nguyên	19	05674	exact	05674:Xã Quang Sơn
05677	Xã Minh Lập	Huyện Đồng Hỷ	19	Tỉnh Thái Nguyên	19	05692	exact	05692:Xã Đồng Hỷ
05680	Xã Văn Hán	Huyện Đồng Hỷ	19	Tỉnh Thái Nguyên	19	05680	exact	05680:Xã Văn Hán
05683	Xã Hóa Trung	Huyện Đồng Hỷ	19	Tỉnh Thái Nguyên	19	05692	exact	05692:Xã Đồng Hỷ
05686	Xã Khe Mo	Huyện Đồng Hỷ	19	Tỉnh Thái Nguyên	19	05680	exact	05680:Xã Văn Hán
05689	Xã Cây Thị	Huyện Đồng Hỷ	19	Tỉnh Thái Nguyên	19	05707	exact	05707:Xã Nam Hòa
05692	Thị trấn Hóa Thượng	Huyện Đồng Hỷ	19	Tỉnh Thái Nguyên	19	05692	exact	05692:Xã Đồng Hỷ
05695	Xã Cao Ngạn	Thành phố Thái Nguyên	19	Tỉnh Thái Nguyên	19	05710	exact	05710:Phường Linh Sơn
05698	Xã Hợp Tiến	Huyện Đồng Hỷ	19	Tỉnh Thái Nguyên	19	05662	exact	05662:Xã Trại Cau
05701	Xã Linh Sơn	Thành phố Thái Nguyên	19	Tỉnh Thái Nguyên	19	05710	exact	05710:Phường Linh Sơn
05704	Xã Tân Lợi	Huyện Đồng Hỷ	19	Tỉnh Thái Nguyên	19		not_found	
05707	Xã Nam Hòa	Huyện Đồng Hỷ	19	Tỉnh Thái Nguyên	19	05707	exact	05707:Xã Nam Hòa
05710	Phường Đồng Bẩm	Thành phố Thái Nguyên	19	Tỉnh Thái Nguyên	19	05710	exact	05710:Phường Linh Sơn
05713	Xã Huống Thượng	Thành phố Thái Nguyên	19	Tỉnh Thái Nguyên	19	05710	exact	05710:Phường Linh Sơn
05716	Thị trấn Đình Cả	Huyện Võ Nhai	19	Tỉnh Thái Nguyên	19	05716	exact	05716:Xã Võ Nhai
05719	Xã Sảng Mộc	Huyện Võ Nhai	19	Tỉnh Thái Nguyên	19	05719	exact	05719:Xã Sảng Mộc
05722	Xã Nghinh Tường	Huyện Võ Nhai	19	Tỉnh Thái Nguyên	19	05722	exact	05722:Xã Nghinh Tường
05725	Xã Thần Xa	Huyện Võ Nhai	19	Tỉnh Thái Nguyên	19	05725	exact	05725:Xã Thần Sa
05728	Xã Vũ Chấn	Huyện Võ Nhai	19	Tỉnh Thái Nguyên	19	05722	exact	05722:Xã Nghinh Tường
05731	Xã Thượng Nung	Huyện Võ Nhai	19	Tỉnh Thái Nguyên	19	05725	exact	05725:Xã Thần Sa
05734	Xã Phú Thượng	Huyện Võ Nhai	19	Tỉnh Thái Nguyên	19	05716	exact	05716:Xã Võ Nhai
05737	Xã Cúc Đường	Huyện Võ Nhai	19	Tỉnh Thái Nguyên	19	05740	exact	05740:Xã La Hiên
05740	Xã La Hiên	Huyện Võ Nhai	19	Tỉnh Thái Nguyên	19	05740	exact	05740:Xã La Hiên
05743	Xã Lâu Thượng	Huyện Võ Nhai	19	Tỉnh Thái Nguyên	19	05716	exact	05716:Xã Võ Nhai
05746	Xã Tràng Xá	Huyện Võ Nhai	19	Tỉnh Thái Nguyên	19	05746	exact	05746:Xã Tràng Xá
05749	Xã Phương Giao	Huyện Võ Nhai	19	Tỉnh Thái Nguyên	19	05755	exact	05755:Xã Dân Tiến
05752	Xã Liên Minh	Huyện Võ Nhai	19	Tỉnh Thái Nguyên	19	05746	exact	05746:Xã Tràng Xá
05755	Xã Dân Tiến	Huyện Võ Nhai	19	Tỉnh Thái Nguyên	19	05755	exact	05755:Xã Dân Tiến
05758	Xã Bình Long	Huyện Võ Nhai	19	Tỉnh Thái Nguyên	19	05755	exact	05755:Xã Dân Tiến
05761	Thị trấn Hùng Sơn	Huyện Đại Từ	19	Tỉnh Thái Nguyên	19	05488	exact	05488:Xã Đại Phúc
05767	Xã Phúc Lương	Huyện Đại Từ	19	Tỉnh Thái Nguyên	19	05776	exact	05776:Xã Đức Lương
05770	Xã Minh Tiến	Huyện Đại Từ	19	Tỉnh Thái Nguyên	19	05776	exact	05776:Xã Đức Lương
05773	Xã Yên Lãng	Huyện Đại Từ	19	Tỉnh Thái Nguyên	19	05773	exact	05773:Xã Phú Xuyên
05776	Xã Đức Lương	Huyện Đại Từ	19	Tỉnh Thái Nguyên	19	05776	exact	05776:Xã Đức Lương
05779	Xã Phú Cường	Huyện Đại Từ	19	Tỉnh Thái Nguyên	19	05800	exact	05800:Xã Phú Thịnh
05782	Xã Na Mao	Huyện Đại Từ	19	Tỉnh Thái Nguyên	19		not_found	
05785	Xã Phú Lạc	Huyện Đại Từ	19	Tỉnh Thái Nguyên	19	05788	exact	05788:Xã Phú Lạc
05788	Xã Tân Linh	Huyện Đại Từ	19	Tỉnh Thái Nguyên	19	05788	exact	05788:Xã Phú Lạc
05791	Xã Phú Thịnh	Huyện Đại Từ	19	Tỉnh Thái Nguyên	19	05800	exact	05800:Xã Phú Thịnh
05794	Xã Phục Linh	Huyện Đại Từ	19	Tỉnh Thái Nguyên	19	05788	exact	05788:Xã Phú Lạc
05797	Xã Phú Xuyên	Huyện Đại Từ	19	Tỉnh Thái Nguyên	19	05773	exact	05773:Xã Phú Xuyên
05800	Xã Bản Ngoại	Huyện Đại Từ	19	Tỉnh Thái Nguyên	19	05800	exact	05800:Xã Phú Thịnh
05803	Xã Tiên Hội	Huyện Đại Từ	19	Tỉnh Thái Nguyên	19	05818	exact	05818:Xã La Bằng
05809	Xã Cù Vân	Huyện Đại Từ	19	Tỉnh Thái Nguyên	19	05809	exact	05809:Xã An Khánh
05812	Xã Hà Thượng	Huyện Đại Từ	19	Tỉnh Thái Nguyên	19	05809	exact	05809:Xã An Khánh
05815	Xã La Bằng	Huyện Đại Từ	19	Tỉnh Thái Nguyên	19	05818	exact	05818:Xã La Bằng
05818	Xã Hoàng Nông	Huyện Đại Từ	19	Tỉnh Thái Nguyên	19	05818	exact	05818:Xã La Bằng
05821	Xã Khôi Kỳ	Huyện Đại Từ	19	Tỉnh Thái Nguyên	19	05830	exact	05830:Xã Đại Từ
05824	Xã An Khánh	Huyện Đại Từ	19	Tỉnh Thái Nguyên	19	05809	exact	05809:Xã An Khánh
05827	Xã Tân Thái	Huyện Đại Từ	19	Tỉnh Thái Nguyên	19	05488	exact	05488:Xã Đại Phúc
05830	Xã Bình Thuận	Huyện Đại Từ	19	Tỉnh Thái Nguyên	19	05830	exact	05830:Xã Đại Từ
05833	Xã Lục Ba	Huyện Đại Từ	19	Tỉnh Thái Nguyên	19	05830	exact	05830:Xã Đại Từ
05836	Xã Mỹ Yên	Huyện Đại Từ	19	Tỉnh Thái Nguyên	19	05830	exact	05830:Xã Đại Từ
05839	Xã Vạn Thọ	Huyện Đại Từ	19	Tỉnh Thái Nguyên	19		not_found	
05842	Xã Văn Yên	Huyện Đại Từ	19	Tỉnh Thái Nguyên	19	05845	exact	05845:Xã Vạn Phú
05845	Xã Ký Phú	Huyện Đại Từ	19	Tỉnh Thái Nguyên	19		not_found	
05848	Xã Cát Nê	Huyện Đại Từ	19	Tỉnh Thái Nguyên	19	05851	exact	05851:Xã Quân Chu
05851	Thị trấn Quân Chu	Huyện Đại Từ	19	Tỉnh Thái Nguyên	19	05851	exact	05851:Xã Quân Chu
05854	Phường Bãi Bông	Thành phố Phổ Yên	19	Tỉnh Thái Nguyên	19	05860	exact	05860:Phường Phổ Yên
05857	Phường Bắc Sơn	Thành phố Phổ Yên	19	Tỉnh Thái Nguyên	19	05857	exact	05857:Phường Phúc Thuận
05860	Phường Ba Hàng	Thành phố Phổ Yên	19	Tỉnh Thái Nguyên	19	05860	exact	05860:Phường Phổ Yên
05863	Xã Phúc Tân	Thành phố Phổ Yên	19	Tỉnh Thái Nguyên	19	05488	exact	05488:Xã Đại Phúc
05866	Xã Phúc Thuận	Thành phố Phổ Yên	19	Tỉnh Thái Nguyên	19	05857	exact	05857:Phường Phúc Thuận
05869	Phường Hồng Tiến	Thành phố Phổ Yên	19	Tỉnh Thái Nguyên	19	05860	exact	05860:Phường Phổ Yên
05872	Xã Minh Đức	Thành phố Phổ Yên	19	Tỉnh Thái Nguyên	19	05857	exact	05857:Phường Phúc Thuận
05875	Phường Đắc Sơn	Thành phố Phổ Yên	19	Tỉnh Thái Nguyên	19		not_found	
05878	Phường Đồng Tiến	Thành phố Phổ Yên	19	Tỉnh Thái Nguyên	19	05890	exact	05890:Phường Vạn Xuân
05881	Xã Thành Công	Thành phố Phổ Yên	19	Tỉnh Thái Nguyên	19	05881	exact	05881:Xã Thành Công
05884	Phường Tiên Phong	Thành phố Phổ Yên	19	Tỉnh Thái Nguyên	19	05890	exact	05890:Phường Vạn Xuân
05887	Xã Vạn Phái	Thành phố Phổ Yên	19	Tỉnh Thái Nguyên	19	05881	exact	05881:Xã Thành Công
05890	Phường Nam Tiến	Thành phố Phổ Yên	19	Tỉnh Thái Nguyên	19	05890	exact	05890:Phường Vạn Xuân
05893	Phường Tân Hương	Thành phố Phổ Yên	19	Tỉnh Thái Nguyên	19	05890	exact	05890:Phường Vạn Xuân
05896	Phường Đông Cao	Thành phố Phổ Yên	19	Tỉnh Thái Nguyên	19	05899	exact	05899:Phường Trung Thành
05899	Phường Trung Thành	Thành phố Phổ Yên	19	Tỉnh Thái Nguyên	19	05899	exact	05899:Phường Trung Thành
05902	Phường Tân Phú	Thành phố Phổ Yên	19	Tỉnh Thái Nguyên	19	05899	exact	05899:Phường Trung Thành
05905	Phường Thuận Thành	Thành phố Phổ Yên	19	Tỉnh Thái Nguyên	19	05899	exact	05899:Phường Trung Thành
05908	Thị trấn Hương Sơn	Huyện Phú Bình	19	Tỉnh Thái Nguyên	19	05908	exact	05908:Xã Phú Bình
05911	Xã Bàn Đạt	Huyện Phú Bình	19	Tỉnh Thái Nguyên	19	05917	exact	05917:Xã Tân Khánh
05914	Xã Đồng Liên	Thành phố Thái Nguyên	19	Tỉnh Thái Nguyên	19	05467	exact	05467:Phường Gia Sàng
05917	Xã Tân Khánh	Huyện Phú Bình	19	Tỉnh Thái Nguyên	19	05917	exact	05917:Xã Tân Khánh
05920	Xã Tân Kim	Huyện Phú Bình	19	Tỉnh Thái Nguyên	19	05923	exact	05923:Xã Tân Thành
05923	Xã Tân Thành	Huyện Phú Bình	19	Tỉnh Thái Nguyên	19	05923	exact	05923:Xã Tân Thành
05926	Xã Đào Xá	Huyện Phú Bình	19	Tỉnh Thái Nguyên	19	05917	exact	05917:Xã Tân Khánh
05929	Xã Bảo Lý	Huyện Phú Bình	19	Tỉnh Thái Nguyên	19	05908	exact	05908:Xã Phú Bình
05932	Xã Thượng Đình	Huyện Phú Bình	19	Tỉnh Thái Nguyên	19		split	05908:Xã Phú Bình|05941:Xã Điềm Thụy
05935	Xã Tân Hòa	Huyện Phú Bình	19	Tỉnh Thái Nguyên	19	05923	exact	05923:Xã Tân Thành
05938	Xã Nhã Lộng	Huyện Phú Bình	19	Tỉnh Thái Nguyên	19	05908	exact	05908:Xã Phú Bình
05941	Xã Điềm Thụy	Huyện Phú Bình	19	Tỉnh Thái Nguyên	19	05941	exact	05941:Xã Điềm Thụy
05944	Xã Xuân Phương	Huyện Phú Bình	19	Tỉnh Thái Nguyên	19	05908	exact	05908:Xã Phú Bình
05947	Xã Tân Đức	Huyện Phú Bình	19	Tỉnh Thái Nguyên	19	05953	exact	05953:Xã Kha Sơn
05950	Xã Úc Kỳ	Huyện Phú Bình	19	Tỉnh Thái Nguyên	19	05908	exact	05908:Xã Phú Bình
05953	Xã Lương Phú	Huyện Phú Bình	19	Tỉnh Thái Nguyên	19	05953	exact	05953:Xã Kha Sơn
05956	Xã Nga My	Huyện Phú Bình	19	Tỉnh Thái Nguyên	19	05941	exact	05941:Xã Điềm Thụy
05959	Xã Kha Sơn	Huyện Phú Bình	19	Tỉnh Thái Nguyên	19	05953	exact	05953:Xã Kha Sơn
05962	Xã Thanh Ninh	Huyện Phú Bình	19	Tỉnh Thái Nguyên	19	05953	exact	05953:Xã Kha Sơn
05965	Xã Dương Thành	Huyện Phú Bình	19	Tỉnh Thái Nguyên	19	05953	exact	05953:Xã Kha Sơn
05968	Xã Hà Châu	Huyện Phú Bình	19	Tỉnh Thái Nguyên	19	05941	exact	05941:Xã Điềm Thụy
05971	Phường Hoàng Văn Thụ	Thành phố Lạng Sơn	20	Tỉnh Lạng Sơn	20	06187	exact	06187:Phường Kỳ Lừa
05974	Phường Tam Thanh	Thành phố Lạng Sơn	20	Tỉnh Lạng Sơn	20	05986	exact	05986:Phường Tam Thanh
05977	Phường Vĩnh Trại	Thành phố Lạng Sơn	20	Tỉnh Lạng Sơn	20	05977	exact	05977:Phường Đông Kinh
05980	Phường Đông Kinh	Thành phố Lạng Sơn	20	Tỉnh Lạng Sơn	20	05977	exact	05977:Phường Đông Kinh
05983	Phường Chi Lăng	Thành phố Lạng Sơn	20	Tỉnh Lạng Sơn	20	05983	exact	05983:Phường Lương Văn Tri
05986	Xã Hoàng Đồng	Thành phố Lạng Sơn	20	Tỉnh Lạng Sơn	20	05986	exact	05986:Phường Tam Thanh
05989	Xã Quảng Lạc	Thành phố Lạng Sơn	20	Tỉnh Lạng Sơn	20	05983	exact	05983:Phường Lương Văn Tri
05992	Xã Mai Pha	Thành phố Lạng Sơn	20	Tỉnh Lạng Sơn	20	05977	exact	05977:Phường Đông Kinh
05995	Thị trấn Thất Khê	Huyện Tràng Định	20	Tỉnh Lạng Sơn	20	06040	exact	06040:Xã Thất Khê
05998	Xã Khánh Long	Huyện Tràng Định	20	Tỉnh Lạng Sơn	20	06001	exact	06001:Xã Đoàn Kết
06001	Xã Đoàn Kết	Huyện Tràng Định	20	Tỉnh Lạng Sơn	20	06001	exact	06001:Xã Đoàn Kết
06004	Xã Quốc Khánh	Huyện Tràng Định	20	Tỉnh Lạng Sơn	20	06004	exact	06004:Xã Quốc Khánh
06007	Xã Vĩnh Tiến	Huyện Tràng Định	20	Tỉnh Lạng Sơn	20		not_found	
06010	Xã Cao Minh	Huyện Tràng Định	20	Tỉnh Lạng Sơn	20	06001	exact	06001:Xã Đoàn Kết
06013	Xã Chí Minh	Huyện Tràng Định	20	Tỉnh Lạng Sơn	20	06040	exact	06040:Xã Thất Khê
06016	Xã Tri Phương	Huyện Tràng Định	20	Tỉnh Lạng Sơn	20	06004	exact	06004:Xã Quốc Khánh
06019	Xã Tân Tiến	Huyện Tràng Định	20	Tỉnh Lạng Sơn	20	06019	exact	06019:Xã Tân Tiến
06022	Xã Tân Yên	Huyện Tràng Định	20	Tỉnh Lạng Sơn	20	06019	exact	06019:Xã Tân Tiến
06025	Xã Đội Cấn	Huyện Tràng Định	20	Tỉnh Lạng Sơn	20	06004	exact	06004:Xã Quốc Khánh
06028	Xã Tân Minh	Huyện Tràng Định	20	Tỉnh Lạng Sơn	20	06037	exact	06037:Xã Kháng Chiến
06031	Xã Kim Đồng	Huyện Tràng Định	20	Tỉnh Lạng Sơn	20	06019	exact	06019:Xã Tân Tiến
06034	Xã Chi Lăng	Huyện Tràng Định	20	Tỉnh Lạng Sơn	20	06040	exact	06040:Xã Thất Khê
06037	Xã Trung Thành	Huyện Tràng Định	20	Tỉnh Lạng Sơn	20	06037	exact	06037:Xã Kháng Chiến
06040	Xã Đại Đồng	Huyện Tràng Định	20	Tỉnh Lạng Sơn	20		not_found	
06043	Xã Đào Viên	Huyện Tràng Định	20	Tỉnh Lạng Sơn	20	06058	exact	06058:Xã Quốc Việt
06046	Xã Đề Thám	Huyện Tràng Định	20	Tỉnh Lạng Sơn	20	06046	exact	06046:Xã Tràng Định
06049	Xã Kháng Chiến	Huyện Tràng Định	20	Tỉnh Lạng Sơn	20	06037	exact	06037:Xã Kháng Chiến
06055	Xã Hùng Sơn	Huyện Tràng Định	20	Tỉnh Lạng Sơn	20	06046	exact	06046:Xã Tràng Định
06058	Xã Quốc Việt	Huyện Tràng Định	20	Tỉnh Lạng Sơn	20	06058	exact	06058:Xã Quốc Việt
06061	Xã Hùng Việt	Huyện Tràng Định	20	Tỉnh Lạng Sơn	20	06046	exact	06046:Xã Tràng Định
06067	Xã Hưng Đạo	Huyện Bình Gia	20	Tỉnh Lạng Sơn	20	06073	exact	06073:Xã Hoa Thám
06070	Xã Vĩnh Yên	Huyện Bình Gia	20	Tỉnh Lạng Sơn	20	06076	exact	06076:Xã Quý Hòa
06073	Xã Hoa Thám	Huyện Bình Gia	20	Tỉnh Lạng Sơn	20	06073	exact	06073:Xã Hoa Thám
06076	Xã Quý Hòa	Huyện Bình Gia	20	Tỉnh Lạng Sơn	20	06076	exact	06076:Xã Quý Hòa
06079	Xã Hồng Phong	Huyện Bình Gia	20	Tỉnh Lạng Sơn	20	06079	exact	06079:Xã Hồng Phong
06082	Xã Yên Lỗ	Huyện Bình Gia	20	Tỉnh Lạng Sơn	20	06085	exact	06085:Xã Thiện Hòa
06085	Xã Thiện Hòa	Huyện Bình Gia	20	Tỉnh Lạng Sơn	20	06085	exact	06085:Xã Thiện Hòa
06088	Xã Quang Trung	Huyện Bình Gia	20	Tỉnh Lạng Sơn	20	06091	exact	06091:Xã Thiện Thuật
06091	Xã Thiện Thuật	Huyện Bình Gia	20	Tỉnh Lạng Sơn	20	06091	exact	06091:Xã Thiện Thuật
06094	Xã Minh Khai	Huyện Bình Gia	20	Tỉnh Lạng Sơn	20	06079	exact	06079:Xã Hồng Phong
06097	Xã Thiện Long	Huyện Bình Gia	20	Tỉnh Lạng Sơn	20	06103	exact	06103:Xã Thiện Long
06100	Xã Hoàng Văn Thụ	Huyện Bình Gia	20	Tỉnh Lạng Sơn	20	06112	exact	06112:Xã Bình Gia
06103	Xã Hòa Bình	Huyện Bình Gia	20	Tỉnh Lạng Sơn	20	06103	exact	06103:Xã Thiện Long
06106	Xã Mông Ân	Huyện Bình Gia	20	Tỉnh Lạng Sơn	20	06112	exact	06112:Xã Bình Gia
06109	Xã Tân Hòa	Huyện Bình Gia	20	Tỉnh Lạng Sơn	20	06103	exact	06103:Xã Thiện Long
06112	Thị trấn Bình Gia	Huyện Bình Gia	20	Tỉnh Lạng Sơn	20	06112	exact	06112:Xã Bình Gia
06115	Xã Hồng Thái	Huyện Bình Gia	20	Tỉnh Lạng Sơn	20	06115	exact	06115:Xã Tân Văn
06118	Xã Bình La	Huyện Bình Gia	20	Tỉnh Lạng Sơn	20	06115	exact	06115:Xã Tân Văn
06121	Xã Tân Văn	Huyện Bình Gia	20	Tỉnh Lạng Sơn	20	06115	exact	06115:Xã Tân Văn
06124	Thị trấn Na Sầm	Huyện Văn Lãng	20	Tỉnh Lạng Sơn	20	06124	exact	06124:Xã Na Sầm
06127	Xã Trùng Khánh	Huyện Văn Lãng	20	Tỉnh Lạng Sơn	20	06148	exact	06148:Xã Thụy Hùng
06133	Xã Bắc La	Huyện Văn Lãng	20	Tỉnh Lạng Sơn	20	06154	exact	06154:Xã Văn Lãng
06136	Xã Thụy Hùng	Huyện Văn Lãng	20	Tỉnh Lạng Sơn	20	06148	exact	06148:Xã Thụy Hùng
06139	Xã Bắc Hùng	Huyện Văn Lãng	20	Tỉnh Lạng Sơn	20	06124	exact	06124:Xã Na Sầm
06142	Xã Tân Tác	Huyện Văn Lãng	20	Tỉnh Lạng Sơn	20	06154	exact	06154:Xã Văn Lãng
06148	Xã Thanh Long	Huyện Văn Lãng	20	Tỉnh Lạng Sơn	20	06148	exact	06148:Xã Thụy Hùng
06151	Xã Hội Hoan	Huyện Văn Lãng	20	Tỉnh Lạng Sơn	20	06151	exact	06151:Xã Hội Hoan
06154	Xã Bắc Việt	Huyện Văn Lãng	20	Tỉnh Lạng Sơn	20	06154	exact	06154:Xã Văn Lãng
06157	Xã Hoàng Việt	Huyện Văn Lãng	20	Tỉnh Lạng Sơn	20	06124	exact	06124:Xã Na Sầm
06160	Xã Gia Miễn	Huyện Văn Lãng	20	Tỉnh Lạng Sơn	20	06151	exact	06151:Xã Hội Hoan
06163	Xã Thành Hòa	Huyện Văn Lãng	20	Tỉnh Lạng Sơn	20	06154	exact	06154:Xã Văn Lãng
06166	Xã Tân Thanh	Huyện Văn Lãng	20	Tỉnh Lạng Sơn	20		split	06445:Xã Tân Thành|06376:Xã Nhất Hòa|06172:Xã Hoàng Văn Thụ|06316:Xã Tân Đoàn
06172	Xã Tân Mỹ	Huyện Văn Lãng	20	Tỉnh Lạng Sơn	20	06172	exact	06172:Xã Hoàng Văn Thụ
06175	Xã Hồng Thái	Huyện Văn Lãng	20	Tỉnh Lạng Sơn	20		split	06115:Xã Tân Văn|06172:Xã Hoàng Văn Thụ
06178	Xã Hoàng Văn Thụ	Huyện Văn Lãng	20	Tỉnh Lạng Sơn	20	06172	exact	06172:Xã Hoàng Văn Thụ
06181	Xã Nhạc Kỳ	Huyện Văn Lãng	20	Tỉnh Lạng Sơn	20	06172	exact	06172:Xã Hoàng Văn Thụ
06184	Thị trấn Đồng Đăng	Huyện Cao Lộc	20	Tỉnh Lạng Sơn	20	06184	exact	06184:Xã Đồng Đăng
06187	Thị trấn Cao Lộc	Huyện Cao Lộc	20	Tỉnh Lạng Sơn	20	06187	exact	06187:Phường Kỳ Lừa
06190	Xã Bảo Lâm	Huyện Cao Lộc	20	Tỉnh Lạng Sơn	20	06184	exact	06184:Xã Đồng Đăng
06193	Xã Thanh Lòa	Huyện Cao Lộc	20	Tỉnh Lạng Sơn	20	06211	exact	06211:Xã Cao Lộc
06196	Xã Cao Lâu	Huyện Cao Lộc	20	Tỉnh Lạng Sơn	20	06196	exact	06196:Xã Ba Sơn
06199	Xã Thạch Đạn	Huyện Cao Lộc	20	Tỉnh Lạng Sơn	20	06211	exact	06211:Xã Cao Lộc
06202	Xã Xuất Lễ	Huyện Cao Lộc	20	Tỉnh Lạng Sơn	20	06196	exact	06196:Xã Ba Sơn
06205	Xã Hồng Phong	Huyện Cao Lộc	20	Tỉnh Lạng Sơn	20		split	06079:Xã Hồng Phong|06184:Xã Đồng Đăng
06208	Xã Thụy Hùng	Huyện Cao Lộc	20	Tỉnh Lạng Sơn	20	06184	exact	06184:Xã Đồng Đăng
06211	Xã Lộc Yên	Huyện Cao Lộc	20	Tỉnh Lạng Sơn	20	06211	exact	06211:Xã Cao Lộc
06214	Xã Phú Xá	Huyện Cao Lộc	20	Tỉnh Lạng Sơn	20	06184	exact	06184:Xã Đồng Đăng
06217	Xã Bình Trung	Huyện Cao Lộc	20	Tỉnh Lạng Sơn	20	06286	exact	06286:Xã Khánh Khê
06220	Xã Hải Yến	Huyện Cao Lộc	20	Tỉnh Lạng Sơn	20	06220	exact	06220:Xã Công Sơn
06223	Xã Hòa Cư	Huyện Cao Lộc	20	Tỉnh Lạng Sơn	20	06220	exact	06220:Xã Công Sơn
06226	Xã Hợp Thành	Huyện Cao Lộc	20	Tỉnh Lạng Sơn	20	06187	exact	06187:Phường Kỳ Lừa
06232	Xã Công Sơn	Huyện Cao Lộc	20	Tỉnh Lạng Sơn	20	06220	exact	06220:Xã Công Sơn
06235	Xã Gia Cát	Huyện Cao Lộc	20	Tỉnh Lạng Sơn	20	06187	exact	06187:Phường Kỳ Lừa
06238	Xã Mẫu Sơn	Huyện Cao Lộc	20	Tỉnh Lạng Sơn	20	06196	exact	06196:Xã Ba Sơn
06241	Xã Xuân Long	Huyện Cao Lộc	20	Tỉnh Lạng Sơn	20	06286	exact	06286:Xã Khánh Khê
06244	Xã Tân Liên	Huyện Cao Lộc	20	Tỉnh Lạng Sơn	20	06187	exact	06187:Phường Kỳ Lừa
06247	Xã Yên Trạch	Huyện Cao Lộc	20	Tỉnh Lạng Sơn	20	05977	exact	05977:Phường Đông Kinh
06250	Xã Tân Thành	Huyện Cao Lộc	20	Tỉnh Lạng Sơn	20	06316	exact	06316:Xã Tân Đoàn
06253	Thị trấn Văn Quan	Huyện Văn Quan	20	Tỉnh Lạng Sơn	20	06253	exact	06253:Xã Văn Quan
06256	Xã Trấn Ninh	Huyện Văn Quan	20	Tỉnh Lạng Sơn	20	06280	exact	06280:Xã Điềm He
06268	Xã Liên Hội	Huyện Văn Quan	20	Tỉnh Lạng Sơn	20	06280	exact	06280:Xã Điềm He
06274	Xã Hòa Bình	Huyện Văn Quan	20	Tỉnh Lạng Sơn	20	06253	exact	06253:Xã Văn Quan
06277	Xã Tú Xuyên	Huyện Văn Quan	20	Tỉnh Lạng Sơn	20	06253	exact	06253:Xã Văn Quan
06280	Xã Điềm He	Huyện Văn Quan	20	Tỉnh Lạng Sơn	20	06280	exact	06280:Xã Điềm He
06283	Xã An Sơn	Huyện Văn Quan	20	Tỉnh Lạng Sơn	20	06298	exact	06298:Xã Yên Phúc
06286	Xã Khánh Khê	Huyện Văn Quan	20	Tỉnh Lạng Sơn	20	06286	exact	06286:Xã Khánh Khê
06292	Xã Lương Năng	Huyện Văn Quan	20	Tỉnh Lạng Sơn	20	06313	exact	06313:Xã Tri Lễ
06295	Xã Đồng Giáp	Huyện Văn Quan	20	Tỉnh Lạng Sơn	20		not_found	
06298	Xã Bình Phúc	Huyện Văn Quan	20	Tỉnh Lạng Sơn	20	06298	exact	06298:Xã Yên Phúc
06301	Xã Tràng Các	Huyện Văn Quan	20	Tỉnh Lạng Sơn	20		not_found	
06307	Xã Tân Đoàn	Huyện Văn Quan	20	Tỉnh Lạng Sơn	20	06316	exact	06316:Xã Tân Đoàn
06313	Xã Tri Lễ	Huyện Văn Quan	20	Tỉnh Lạng Sơn	20	06313	exact	06313:Xã Tri Lễ
06316	Xã Tràng Phái	Huyện Văn Quan	20	Tỉnh Lạng Sơn	20	06316	exact	06316:Xã Tân Đoàn
06319	Xã Yên Phúc	Huyện Văn Quan	20	Tỉnh Lạng Sơn	20	06298	exact	06298:Xã Yên Phúc
06322	Xã Hữu Lễ	Huyện Văn Quan	20	Tỉnh Lạng Sơn	20	06313	exact	06313:Xã Tri Lễ
06325	Thị trấn Bắc Sơn	Huyện Bắc Sơn	20	Tỉnh Lạng Sơn	20	06325	exact	06325:Xã Bắc Sơn
06328	Xã Long Đống	Huyện Bắc Sơn	20	Tỉnh Lạng Sơn	20	06325	exact	06325:Xã Bắc Sơn
06331	Xã Vạn Thủy	Huyện Bắc Sơn	20	Tỉnh Lạng Sơn	20		split	06481:Xã Chiến Thắng|06337:Xã Tân Tri
06337	Xã Đồng ý	Huyện Bắc Sơn	20	Tỉnh Lạng Sơn	20	06337	exact	06337:Xã Tân Tri
06340	Xã Tân Tri	Huyện Bắc Sơn	20	Tỉnh Lạng Sơn	20	06337	exact	06337:Xã Tân Tri
06343	Xã Bắc Quỳnh	Huyện Bắc Sơn	20	Tỉnh Lạng Sơn	20	06325	exact	06325:Xã Bắc Sơn
06349	Xã Hưng Vũ	Huyện Bắc Sơn	20	Tỉnh Lạng Sơn	20	06349	exact	06349:Xã Hưng Vũ
06352	Xã Tân Lập	Huyện Bắc Sơn	20	Tỉnh Lạng Sơn	20	06367	exact	06367:Xã Vũ Lăng
06355	Xã Vũ Sơn	Huyện Bắc Sơn	20	Tỉnh Lạng Sơn	20	06364	exact	06364:Xã Vũ Lễ
06358	Xã Chiêu Vũ	Huyện Bắc Sơn	20	Tỉnh Lạng Sơn	20	06367	exact	06367:Xã Vũ Lăng
06361	Xã Tân Hương	Huyện Bắc Sơn	20	Tỉnh Lạng Sơn	20	06367	exact	06367:Xã Vũ Lăng
06364	Xã Chiến Thắng	Huyện Bắc Sơn	20	Tỉnh Lạng Sơn	20	06364	exact	06364:Xã Vũ Lễ
06367	Xã Vũ Lăng	Huyện Bắc Sơn	20	Tỉnh Lạng Sơn	20	06367	exact	06367:Xã Vũ Lăng
06370	Xã Trấn Yên	Huyện Bắc Sơn	20	Tỉnh Lạng Sơn	20	06349	exact	06349:Xã Hưng Vũ
06373	Xã Vũ Lễ	Huyện Bắc Sơn	20	Tỉnh Lạng Sơn	20	06364	exact	06364:Xã Vũ Lễ
06376	Xã Nhất Hòa	Huyện Bắc Sơn	20	Tỉnh Lạng Sơn	20	06376	exact	06376:Xã Nhất Hòa
06379	Xã Tân Thành	Huyện Bắc Sơn	20	Tỉnh Lạng Sơn	20	06376	exact	06376:Xã Nhất Hòa
06382	Xã Nhất Tiến	Huyện Bắc Sơn	20	Tỉnh Lạng Sơn	20		split	06376:Xã Nhất Hòa|06415:Xã Vân Nham
06385	Thị trấn Hữu Lũng	Huyện Hữu Lũng	20	Tỉnh Lạng Sơn	20	06385	exact	06385:Xã Hữu Lũng
06388	Xã Hữu Liên	Huyện Hữu Lũng	20	Tỉnh Lạng Sơn	20	06400	exact	06400:Xã Hữu Liên
06391	Xã Yên Bình	Huyện Hữu Lũng	20	Tỉnh Lạng Sơn	20	06391	exact	06391:Xã Yên Bình
06394	Xã Quyết Thắng	Huyện Hữu Lũng	20	Tỉnh Lạng Sơn	20	06391	exact	06391:Xã Yên Bình
06397	Xã Hòa Bình	Huyện Hữu Lũng	20	Tỉnh Lạng Sơn	20	06391	exact	06391:Xã Yên Bình
06400	Xã Yên Thịnh	Huyện Hữu Lũng	20	Tỉnh Lạng Sơn	20	06400	exact	06400:Xã Hữu Liên
06403	Xã Yên Sơn	Huyện Hữu Lũng	20	Tỉnh Lạng Sơn	20	06427	exact	06427:Xã Cai Kinh
06406	Xã Thiện Tân	Huyện Hữu Lũng	20	Tỉnh Lạng Sơn	20	06436	exact	06436:Xã Thiện Tân
06412	Xã Yên Vượng	Huyện Hữu Lũng	20	Tỉnh Lạng Sơn	20	06427	exact	06427:Xã Cai Kinh
06415	Xã Minh Tiến	Huyện Hữu Lũng	20	Tỉnh Lạng Sơn	20	06415	exact	06415:Xã Vân Nham
06418	Xã Nhật Tiến	Huyện Hữu Lũng	20	Tỉnh Lạng Sơn	20		split	06376:Xã Nhất Hòa|06415:Xã Vân Nham
06421	Xã Thanh Sơn	Huyện Hữu Lũng	20	Tỉnh Lạng Sơn	20	06436	exact	06436:Xã Thiện Tân
06424	Xã Đồng Tân	Huyện Hữu Lũng	20	Tỉnh Lạng Sơn	20	06385	exact	06385:Xã Hữu Lũng
06427	Xã Cai Kinh	Huyện Hữu Lũng	20	Tỉnh Lạng Sơn	20	06427	exact	06427:Xã Cai Kinh
06430	Xã Hòa Lạc	Huyện Hữu Lũng	20	Tỉnh Lạng Sơn	20	06445	exact	06445:Xã Tân Thành
06433	Xã Vân Nham	Huyện Hữu Lũng	20	Tỉnh Lạng Sơn	20	06415	exact	06415:Xã Vân Nham
06436	Xã Đồng Tiến	Huyện Hữu Lũng	20	Tỉnh Lạng Sơn	20	06436	exact	06436:Xã Thiện Tân
06442	Xã Tân Thành	Huyện Hữu Lũng	20	Tỉnh Lạng Sơn	20	06445	exact	06445:Xã Tân Thành
06445	Xã Hòa Sơn	Huyện Hữu Lũng	20	Tỉnh Lạng Sơn	20	06445	exact	06445:Xã Tân Thành
06448	Xã Minh Sơn	Huyện Hữu Lũng	20	Tỉnh Lạng Sơn	20	06457	exact	06457:Xã Tuấn Sơn
06451	Xã Hồ Sơn	Huyện Hữu Lũng	20	Tỉnh Lạng Sơn	20	06385	exact	06385:Xã Hữu Lũng
06454	Xã Sơn Hà	Huyện Hữu Lũng	20	Tỉnh Lạng Sơn	20		not_found	
06457	Xã Minh Hòa	Huyện Hữu Lũng	20	Tỉnh Lạng Sơn	20	06457	exact	06457:Xã Tuấn Sơn
06460	Xã Hòa Thắng	Huyện Hữu Lũng	20	Tỉnh Lạng Sơn	20	06457	exact	06457:Xã Tuấn Sơn
06463	Thị trấn Đồng Mỏ	Huyện Chi Lăng	20	Tỉnh Lạng Sơn	20	06463	exact	06463:Xã Chi Lăng
06466	Thị trấn Chi Lăng	Huyện Chi Lăng	20	Tỉnh Lạng Sơn	20	06463	exact	06463:Xã Chi Lăng
06469	Xã Vân An	Huyện Chi Lăng	20	Tỉnh Lạng Sơn	20	06481	exact	06481:Xã Chiến Thắng
06472	Xã Vân Thủy	Huyện Chi Lăng	20	Tỉnh Lạng Sơn	20		split	06481:Xã Chiến Thắng|06337:Xã Tân Tri
06475	Xã Gia Lộc	Huyện Chi Lăng	20	Tỉnh Lạng Sơn	20	06475	exact	06475:Xã Bằng Mạc
06478	Xã Bắc Thủy	Huyện Chi Lăng	20	Tỉnh Lạng Sơn	20	06496	exact	06496:Xã Nhân Lý
06481	Xã Chiến Thắng	Huyện Chi Lăng	20	Tỉnh Lạng Sơn	20	06481	exact	06481:Xã Chiến Thắng
06484	Xã Mai Sao	Huyện Chi Lăng	20	Tỉnh Lạng Sơn	20	06496	exact	06496:Xã Nhân Lý
06487	Xã Bằng Hữu	Huyện Chi Lăng	20	Tỉnh Lạng Sơn	20	06475	exact	06475:Xã Bằng Mạc
06490	Xã Thượng Cường	Huyện Chi Lăng	20	Tỉnh Lạng Sơn	20	06475	exact	06475:Xã Bằng Mạc
06493	Xã Bằng Mạc	Huyện Chi Lăng	20	Tỉnh Lạng Sơn	20	06475	exact	06475:Xã Bằng Mạc
06496	Xã Nhân Lý	Huyện Chi Lăng	20	Tỉnh Lạng Sơn	20	06496	exact	06496:Xã Nhân Lý
06499	Xã Lâm Sơn	Huyện Chi Lăng	20	Tỉnh Lạng Sơn	20	06496	exact	06496:Xã Nhân Lý
06502	Xã Liên Sơn	Huyện Chi Lăng	20	Tỉnh Lạng Sơn	20	06481	exact	06481:Xã Chiến Thắng
06505	Xã Vạn Linh	Huyện Chi Lăng	20	Tỉnh Lạng Sơn	20	06505	exact	06505:Xã Vạn Linh
06508	Xã Hòa Bình	Huyện Chi Lăng	20	Tỉnh Lạng Sơn	20	06505	exact	06505:Xã Vạn Linh
06514	Xã Hữu Kiên	Huyện Chi Lăng	20	Tỉnh Lạng Sơn	20	06517	exact	06517:Xã Quan Sơn
06517	Xã Quan Sơn	Huyện Chi Lăng	20	Tỉnh Lạng Sơn	20	06517	exact	06517:Xã Quan Sơn
06520	Xã Y Tịch	Huyện Chi Lăng	20	Tỉnh Lạng Sơn	20	06505	exact	06505:Xã Vạn Linh
06523	Xã Chi Lăng	Huyện Chi Lăng	20	Tỉnh Lạng Sơn	20	06463	exact	06463:Xã Chi Lăng
06526	Thị trấn Na Dương	Huyện Lộc Bình	20	Tỉnh Lạng Sơn	20	06526	exact	06526:Xã Na Dương
06529	Thị trấn Lộc Bình	Huyện Lộc Bình	20	Tỉnh Lạng Sơn	20	06529	exact	06529:Xã Lộc Bình
06532	Xã Mẫu Sơn	Huyện Lộc Bình	20	Tỉnh Lạng Sơn	20	06541	exact	06541:Xã Mẫu Sơn
06541	Xã Yên Khoái	Huyện Lộc Bình	20	Tỉnh Lạng Sơn	20	06541	exact	06541:Xã Mẫu Sơn
06544	Xã Khánh Xuân	Huyện Lộc Bình	20	Tỉnh Lạng Sơn	20	06529	exact	06529:Xã Lộc Bình
06547	Xã Tú Mịch	Huyện Lộc Bình	20	Tỉnh Lạng Sơn	20	06541	exact	06541:Xã Mẫu Sơn
06550	Xã Hữu Khánh	Huyện Lộc Bình	20	Tỉnh Lạng Sơn	20	06529	exact	06529:Xã Lộc Bình
06553	Xã Đồng Bục	Huyện Lộc Bình	20	Tỉnh Lạng Sơn	20	06529	exact	06529:Xã Lộc Bình
06559	Xã Tam Gia	Huyện Lộc Bình	20	Tỉnh Lạng Sơn	20	06565	exact	06565:Xã Khuất Xá
06562	Xã Tú Đoạn	Huyện Lộc Bình	20	Tỉnh Lạng Sơn	20	06526	exact	06526:Xã Na Dương
06565	Xã Khuất Xá	Huyện Lộc Bình	20	Tỉnh Lạng Sơn	20	06565	exact	06565:Xã Khuất Xá
06574	Xã Tĩnh Bắc	Huyện Lộc Bình	20	Tỉnh Lạng Sơn	20		not_found	
06577	Xã Thống Nhất	Huyện Lộc Bình	20	Tỉnh Lạng Sơn	20	06577	exact	06577:Xã Thống Nhất
06589	Xã Sàn Viên	Huyện Lộc Bình	20	Tỉnh Lạng Sơn	20	06601	exact	06601:Xã Lợi Bác
06592	Xã Đông Quan	Huyện Lộc Bình	20	Tỉnh Lạng Sơn	20	06526	exact	06526:Xã Na Dương
06595	Xã Minh Hiệp	Huyện Lộc Bình	20	Tỉnh Lạng Sơn	20	06577	exact	06577:Xã Thống Nhất
06598	Xã Hữu Lân	Huyện Lộc Bình	20	Tỉnh Lạng Sơn	20	06577	exact	06577:Xã Thống Nhất
06601	Xã Lợi Bác	Huyện Lộc Bình	20	Tỉnh Lạng Sơn	20	06601	exact	06601:Xã Lợi Bác
06604	Xã Nam Quan	Huyện Lộc Bình	20	Tỉnh Lạng Sơn	20	06607	exact	06607:Xã Xuân Dương
06607	Xã Xuân Dương	Huyện Lộc Bình	20	Tỉnh Lạng Sơn	20	06607	exact	06607:Xã Xuân Dương
06610	Xã Ái Quốc	Huyện Lộc Bình	20	Tỉnh Lạng Sơn	20	06607	exact	06607:Xã Xuân Dương
06613	Thị trấn Đình Lập	Huyện Đình Lập	20	Tỉnh Lạng Sơn	20	06613	exact	06613:Xã Đình Lập
06616	Thị trấn NT Thái Bình	Huyện Đình Lập	20	Tỉnh Lạng Sơn	20		not_found	
06619	Xã Bắc Xa	Huyện Đình Lập	20	Tỉnh Lạng Sơn	20	06625	exact	06625:Xã Kiên Mộc
06622	Xã Bính Xá	Huyện Đình Lập	20	Tỉnh Lạng Sơn	20		split	06625:Xã Kiên Mộc|06613:Xã Đình Lập
06625	Xã Kiên Mộc	Huyện Đình Lập	20	Tỉnh Lạng Sơn	20		split	06637:Xã Châu Sơn|06625:Xã Kiên Mộc
06628	Xã Đình Lập	Huyện Đình Lập	20	Tỉnh Lạng Sơn	20	06613	exact	06613:Xã Đình Lập
06631	Xã Thái Bình	Huyện Đình Lập	20	Tỉnh Lạng Sơn	20	06616	exact	06616:Xã Thái Bình
06634	Xã Cường Lợi	Huyện Đình Lập	20	Tỉnh Lạng Sơn	20	06637	exact	06637:Xã Châu Sơn
06637	Xã Châu Sơn	Huyện Đình Lập	20	Tỉnh Lạng Sơn	20	06637	exact	06637:Xã Châu Sơn
06640	Xã Lâm Ca	Huyện Đình Lập	20	Tỉnh Lạng Sơn	20	06616	exact	06616:Xã Thái Bình
06643	Xã Đồng Thắng	Huyện Đình Lập	20	Tỉnh Lạng Sơn	20	06637	exact	06637:Xã Châu Sơn
06646	Xã Bắc Lãng	Huyện Đình Lập	20	Tỉnh Lạng Sơn	20	06637	exact	06637:Xã Châu Sơn
06649	Phường Hà Khánh	Thành phố Hạ Long	22	Tỉnh Quảng Ninh	22	06658	exact	06658:Phường Cao Xanh
06652	Phường Hà Phong	Thành phố Hạ Long	22	Tỉnh Quảng Ninh	22	06652	exact	06652:Phường Hà Tu
06655	Phường Hà Khẩu	Thành phố Hạ Long	22	Tỉnh Quảng Ninh	22		split	06661:Phường Việt Hưng|06706:Phường Tuần Châu
06658	Phường Cao Xanh	Thành phố Hạ Long	22	Tỉnh Quảng Ninh	22	06658	exact	06658:Phường Cao Xanh
06661	Phường Giếng Đáy	Thành phố Hạ Long	22	Tỉnh Quảng Ninh	22	06661	exact	06661:Phường Việt Hưng
06664	Phường Hà Tu	Thành phố Hạ Long	22	Tỉnh Quảng Ninh	22	06652	exact	06652:Phường Hà Tu
06667	Phường Hà Trung	Thành phố Hạ Long	22	Tỉnh Quảng Ninh	22	06676	exact	06676:Phường Hà Lầm
06670	Phường Hà Lầm	Thành phố Hạ Long	22	Tỉnh Quảng Ninh	22	06676	exact	06676:Phường Hà Lầm
06673	Phường Bãi Cháy	Thành phố Hạ Long	22	Tỉnh Quảng Ninh	22	06673	exact	06673:Phường Bãi Cháy
06676	Phường Cao Thắng	Thành phố Hạ Long	22	Tỉnh Quảng Ninh	22	06676	exact	06676:Phường Hà Lầm
06679	Phường Hùng Thắng	Thành phố Hạ Long	22	Tỉnh Quảng Ninh	22	06673	exact	06673:Phường Bãi Cháy
06682	Phường Yết Kiêu	Thành phố Hạ Long	22	Tỉnh Quảng Ninh	22		not_found	
06685	Phường Trần Hưng Đạo	Thành phố Hạ Long	22	Tỉnh Quảng Ninh	22	06685	exact	06685:Phường Hồng Gai
06688	Phường Hồng Hải	Thành phố Hạ Long	22	Tỉnh Quảng Ninh	22	06688	exact	06688:Phường Hạ Long
06691	Phường Hồng Gai	Thành phố Hạ Long	22	Tỉnh Quảng Ninh	22	06685	exact	06685:Phường Hồng Gai
06694	Phường Bạch Đằng	Thành phố Hạ Long	22	Tỉnh Quảng Ninh	22	06685	exact	06685:Phường Hồng Gai
06697	Phường Hồng Hà	Thành phố Hạ Long	22	Tỉnh Quảng Ninh	22	06688	exact	06688:Phường Hạ Long
06700	Phường Tuần Châu	Thành phố Hạ Long	22	Tỉnh Quảng Ninh	22	06706	exact	06706:Phường Tuần Châu
06703	Phường Việt Hưng	Thành phố Hạ Long	22	Tỉnh Quảng Ninh	22	06661	exact	06661:Phường Việt Hưng
06706	Phường Đại Yên	Thành phố Hạ Long	22	Tỉnh Quảng Ninh	22	06706	exact	06706:Phường Tuần Châu
06709	Phường Ka Long	Thành phố Móng Cái	22	Tỉnh Quảng Ninh	22	06709	exact	06709:Phường Móng Cái 2
06712	Phường Trần Phú	Thành phố Móng Cái	22	Tỉnh Quảng Ninh	22	06712	exact	06712:Phường Móng Cái 1
06715	Phường Ninh Dương	Thành phố Móng Cái	22	Tỉnh Quảng Ninh	22	06709	exact	06709:Phường Móng Cái 2
06718	Phường Hoà Lạc	Thành phố Móng Cái	22	Tỉnh Quảng Ninh	22		not_found	
06721	Phường Trà Cổ	Thành phố Móng Cái	22	Tỉnh Quảng Ninh	22	06712	exact	06712:Phường Móng Cái 1
06724	Xã Hải Sơn	Thành phố Móng Cái	22	Tỉnh Quảng Ninh	22	06724	exact	06724:Xã Hải Sơn
06727	Xã Bắc Sơn	Thành phố Móng Cái	22	Tỉnh Quảng Ninh	22	06724	exact	06724:Xã Hải Sơn
06730	Xã Hải Đông	Thành phố Móng Cái	22	Tỉnh Quảng Ninh	22	06736	exact	06736:Phường Móng Cái 3
06733	Xã Hải Tiến	Thành phố Móng Cái	22	Tỉnh Quảng Ninh	22	06733	exact	06733:Xã Hải Ninh
06736	Phường Hải Yên	Thành phố Móng Cái	22	Tỉnh Quảng Ninh	22	06736	exact	06736:Phường Móng Cái 3
06739	Xã Quảng Nghĩa	Thành phố Móng Cái	22	Tỉnh Quảng Ninh	22	06733	exact	06733:Xã Hải Ninh
06742	Phường Hải Hoà	Thành phố Móng Cái	22	Tỉnh Quảng Ninh	22	06712	exact	06712:Phường Móng Cái 1
06745	Xã Hải Xuân	Thành phố Móng Cái	22	Tỉnh Quảng Ninh	22	06712	exact	06712:Phường Móng Cái 1
06748	Xã Vạn Ninh	Thành phố Móng Cái	22	Tỉnh Quảng Ninh	22	06709	exact	06709:Phường Móng Cái 2
06751	Phường Bình Ngọc	Thành phố Móng Cái	22	Tỉnh Quảng Ninh	22	06712	exact	06712:Phường Móng Cái 1
06754	Xã Vĩnh Trung	Thành phố Móng Cái	22	Tỉnh Quảng Ninh	22	06757	exact	06757:Xã Vĩnh Thực
06757	Xã Vĩnh Thực	Thành phố Móng Cái	22	Tỉnh Quảng Ninh	22	06757	exact	06757:Xã Vĩnh Thực
06760	Phường Mông Dương	Thành phố Cẩm Phả	22	Tỉnh Quảng Ninh	22	06760	exact	06760:Phường Mông Dương
06763	Phường Cửa Ông	Thành phố Cẩm Phả	22	Tỉnh Quảng Ninh	22	06781	exact	06781:Phường Cửa Ông
06766	Phường Cẩm Sơn	Thành phố Cẩm Phả	22	Tỉnh Quảng Ninh	22	06781	exact	06781:Phường Cửa Ông
06769	Phường Cẩm Đông	Thành phố Cẩm Phả	22	Tỉnh Quảng Ninh	22	06793	exact	06793:Phường Cẩm Phả
06772	Phường Cẩm Phú	Thành phố Cẩm Phả	22	Tỉnh Quảng Ninh	22	06781	exact	06781:Phường Cửa Ông
06775	Phường Cẩm Tây	Thành phố Cẩm Phả	22	Tỉnh Quảng Ninh	22	06793	exact	06793:Phường Cẩm Phả
06778	Phường Quang Hanh	Thành phố Cẩm Phả	22	Tỉnh Quảng Ninh	22	06778	exact	06778:Phường Quang Hanh
06781	Phường Cẩm Thịnh	Thành phố Cẩm Phả	22	Tỉnh Quảng Ninh	22	06781	exact	06781:Phường Cửa Ông
06784	Phường Cẩm Thủy	Thành phố Cẩm Phả	22	Tỉnh Quảng Ninh	22	06778	exact	06778:Phường Quang Hanh
06787	Phường Cẩm Thạch	Thành phố Cẩm Phả	22	Tỉnh Quảng Ninh	22	06778	exact	06778:Phường Quang Hanh
06790	Phường Cẩm Thành	Thành phố Cẩm Phả	22	Tỉnh Quảng Ninh	22	06793	exact	06793:Phường Cẩm Phả
06793	Phường Cẩm Trung	Thành phố Cẩm Phả	22	Tỉnh Quảng Ninh	22	06793	exact	06793:Phường Cẩm Phả
06796	Phường Cẩm Bình	Thành phố Cẩm Phả	22	Tỉnh Quảng Ninh	22	06793	exact	06793:Phường Cẩm Phả
06799	Xã Cộng Hòa	Thành phố Cẩm Phả	22	Tỉnh Quảng Ninh	22		not_found	
06802	Xã Cẩm Hải	Thành phố Cẩm Phả	22	Tỉnh Quảng Ninh	22		not_found	
06805	Xã Dương Huy	Thành phố Cẩm Phả	22	Tỉnh Quảng Ninh	22	06760	exact	06760:Phường Mông Dương
06808	Phường Vàng Danh	Thành phố Uông Bí	22	Tỉnh Quảng Ninh	22	06820	exact	06820:Phường Vàng Danh
06811	Phường Thanh Sơn	Thành phố Uông Bí	22	Tỉnh Quảng Ninh	22	06811	exact	06811:Phường Uông Bí
06814	Phường Bắc Sơn	Thành phố Uông Bí	22	Tỉnh Quảng Ninh	22	06820	exact	06820:Phường Vàng Danh
06817	Phường Quang Trung	Thành phố Uông Bí	22	Tỉnh Quảng Ninh	22	06811	exact	06811:Phường Uông Bí
06820	Phường Trưng Vương	Thành phố Uông Bí	22	Tỉnh Quảng Ninh	22		split	06820:Phường Vàng Danh|06811:Phường Uông Bí
06823	Phường Nam Khê	Thành phố Uông Bí	22	Tỉnh Quảng Ninh	22	06820	exact	06820:Phường Vàng Danh
06826	Phường Yên Thanh	Thành phố Uông Bí	22	Tỉnh Quảng Ninh	22	06811	exact	06811:Phường Uông Bí
06829	Xã Thượng Yên Công	Thành phố Uông Bí	22	Tỉnh Quảng Ninh	22	06832	exact	06832:Phường Yên Tử
06832	Phường Phương Đông	Thành phố Uông Bí	22	Tỉnh Quảng Ninh	22	06832	exact	06832:Phường Yên Tử
06835	Phường Phương Nam	Thành phố Uông Bí	22	Tỉnh Quảng Ninh	22	06832	exact	06832:Phường Yên Tử
06838	Thị trấn Bình Liêu	Huyện Bình Liêu	22	Tỉnh Quảng Ninh	22	06838	exact	06838:Xã Bình Liêu
06841	Xã Hoành Mô	Huyện Bình Liêu	22	Tỉnh Quảng Ninh	22	06841	exact	06841:Xã Hoành Mô
06844	Xã Đồng Tâm	Huyện Bình Liêu	22	Tỉnh Quảng Ninh	22	06856	exact	06856:Xã Lục Hồn
06847	Xã Đồng Văn	Huyện Bình Liêu	22	Tỉnh Quảng Ninh	22	06841	exact	06841:Xã Hoành Mô
06853	Xã Vô Ngại	Huyện Bình Liêu	22	Tỉnh Quảng Ninh	22		split	06838:Xã Bình Liêu|06862:Xã Tiên Yên
06856	Xã Lục Hồn	Huyện Bình Liêu	22	Tỉnh Quảng Ninh	22	06856	exact	06856:Xã Lục Hồn
06859	Xã Húc Động	Huyện Bình Liêu	22	Tỉnh Quảng Ninh	22	06838	exact	06838:Xã Bình Liêu
06862	Thị trấn Tiên Yên	Huyện Tiên Yên	22	Tỉnh Quảng Ninh	22	06862	exact	06862:Xã Tiên Yên
06865	Xã Hà Lâu	Huyện Tiên Yên	22	Tỉnh Quảng Ninh	22	06874	exact	06874:Xã Điền Xá
06868	Xã Đại Dực	Huyện Tiên Yên	22	Tỉnh Quảng Ninh	22		split	06877:Xã Đông Ngũ|06862:Xã Tiên Yên
06871	Xã Phong Dụ	Huyện Tiên Yên	22	Tỉnh Quảng Ninh	22	06862	exact	06862:Xã Tiên Yên
06874	Xã Điền Xá	Huyện Tiên Yên	22	Tỉnh Quảng Ninh	22	06874	exact	06874:Xã Điền Xá
06877	Xã Đông Ngũ	Huyện Tiên Yên	22	Tỉnh Quảng Ninh	22		split	06877:Xã Đông Ngũ|06862:Xã Tiên Yên
06880	Xã Yên Than	Huyện Tiên Yên	22	Tỉnh Quảng Ninh	22		split	06874:Xã Điền Xá|06862:Xã Tiên Yên
06883	Xã Đông Hải	Huyện Tiên Yên	22	Tỉnh Quảng Ninh	22	06877	exact	06877:Xã Đông Ngũ
06886	Xã Hải Lạng	Huyện Tiên Yên	22	Tỉnh Quảng Ninh	22		split	06970:Xã Ba Chẽ|06886:Xã Hải Lạng|06799:Xã Hải Hòa
06889	Xã Tiên Lãng	Huyện Tiên Yên	22	Tỉnh Quảng Ninh	22	06862	exact	06862:Xã Tiên Yên
06892	Xã Đồng Rui	Huyện Tiên Yên	22	Tỉnh Quảng Ninh	22	06886	exact	06886:Xã Hải Lạng
06895	Thị trấn Đầm Hà	Huyện Đầm Hà	22	Tỉnh Quảng Ninh	22	06895	exact	06895:Xã Đầm Hà
06898	Xã Quảng Lâm	Huyện Đầm Hà	22	Tỉnh Quảng Ninh	22	06913	exact	06913:Xã Quảng Tân
06901	Xã Quảng An	Huyện Đầm Hà	22	Tỉnh Quảng Ninh	22	06913	exact	06913:Xã Quảng Tân
06904	Xã Tân Bình	Huyện Đầm Hà	22	Tỉnh Quảng Ninh	22	06895	exact	06895:Xã Đầm Hà
06910	Xã Dực Yên	Huyện Đầm Hà	22	Tỉnh Quảng Ninh	22	06913	exact	06913:Xã Quảng Tân
06913	Xã Quảng Tân	Huyện Đầm Hà	22	Tỉnh Quảng Ninh	22	06913	exact	06913:Xã Quảng Tân
06916	Xã Đầm Hà	Huyện Đầm Hà	22	Tỉnh Quảng Ninh	22	06895	exact	06895:Xã Đầm Hà
06917	Xã Tân Lập	Huyện Đầm Hà	22	Tỉnh Quảng Ninh	22	06895	exact	06895:Xã Đầm Hà
06919	Xã Đại Bình	Huyện Đầm Hà	22	Tỉnh Quảng Ninh	22	06895	exact	06895:Xã Đầm Hà
06922	Thị trấn Quảng Hà	Huyện Hải Hà	22	Tỉnh Quảng Ninh	22	06922	exact	06922:Xã Quảng Hà
06925	Xã Quảng Đức	Huyện Hải Hà	22	Tỉnh Quảng Ninh	22	06931	exact	06931:Xã Quảng Đức
06928	Xã Quảng Sơn	Huyện Hải Hà	22	Tỉnh Quảng Ninh	22	06946	exact	06946:Xã Đường Hoa
06931	Xã Quảng Thành	Huyện Hải Hà	22	Tỉnh Quảng Ninh	22	06931	exact	06931:Xã Quảng Đức
06937	Xã Quảng Thịnh	Huyện Hải Hà	22	Tỉnh Quảng Ninh	22	06931	exact	06931:Xã Quảng Đức
06940	Xã Quảng Minh	Huyện Hải Hà	22	Tỉnh Quảng Ninh	22	06922	exact	06922:Xã Quảng Hà
06943	Xã Quảng Chính	Huyện Hải Hà	22	Tỉnh Quảng Ninh	22	06922	exact	06922:Xã Quảng Hà
06946	Xã Quảng Long	Huyện Hải Hà	22	Tỉnh Quảng Ninh	22		split	06946:Xã Đường Hoa|06922:Xã Quảng Hà
06949	Xã Đường Hoa	Huyện Hải Hà	22	Tỉnh Quảng Ninh	22	06946	exact	06946:Xã Đường Hoa
06952	Xã Quảng Phong	Huyện Hải Hà	22	Tỉnh Quảng Ninh	22	06922	exact	06922:Xã Quảng Hà
06967	Xã Cái Chiên	Huyện Hải Hà	22	Tỉnh Quảng Ninh	22	06967	exact	06967:Xã Cái Chiên
06970	Thị trấn Ba Chẽ	Huyện Ba Chẽ	22	Tỉnh Quảng Ninh	22	06970	exact	06970:Xã Ba Chẽ
06973	Xã Thanh Sơn	Huyện Ba Chẽ	22	Tỉnh Quảng Ninh	22	06970	exact	06970:Xã Ba Chẽ
06976	Xã Thanh Lâm	Huyện Ba Chẽ	22	Tỉnh Quảng Ninh	22	06979	exact	06979:Xã Kỳ Thượng
06979	Xã Đạp Thanh	Huyện Ba Chẽ	22	Tỉnh Quảng Ninh	22	06979	exact	06979:Xã Kỳ Thượng
06982	Xã Nam Sơn	Huyện Ba Chẽ	22	Tỉnh Quảng Ninh	22	06970	exact	06970:Xã Ba Chẽ
06985	Xã Lương Mông	Huyện Ba Chẽ	22	Tỉnh Quảng Ninh	22		not_found	
06988	Xã Đồn Đạc	Huyện Ba Chẽ	22	Tỉnh Quảng Ninh	22	06970	exact	06970:Xã Ba Chẽ
06991	Xã Minh Cầm	Huyện Ba Chẽ	22	Tỉnh Quảng Ninh	22		not_found	
06994	Thị trấn Cái Rồng	Huyện Vân Đồn	22	Tỉnh Quảng Ninh	22	06994	exact	06994:Đặc khu Vân Đồn
06997	Xã Đài Xuyên	Huyện Vân Đồn	22	Tỉnh Quảng Ninh	22	06994	exact	06994:Đặc khu Vân Đồn
07000	Xã Bình Dân	Huyện Vân Đồn	22	Tỉnh Quảng Ninh	22	06994	exact	06994:Đặc khu Vân Đồn
07003	Xã Vạn Yên	Huyện Vân Đồn	22	Tỉnh Quảng Ninh	22	06994	exact	06994:Đặc khu Vân Đồn
07006	Xã Minh Châu	Huyện Vân Đồn	22	Tỉnh Quảng Ninh	22	06994	exact	06994:Đặc khu Vân Đồn
07009	Xã Đoàn Kết	Huyện Vân Đồn	22	Tỉnh Quảng Ninh	22	06994	exact	06994:Đặc khu Vân Đồn
07012	Xã Hạ Long	Huyện Vân Đồn	22	Tỉnh Quảng Ninh	22	06994	exact	06994:Đặc khu Vân Đồn
07015	Xã Đông Xá	Huyện Vân Đồn	22	Tỉnh Quảng Ninh	22	06994	exact	06994:Đặc khu Vân Đồn
07018	Xã Bản Sen	Huyện Vân Đồn	22	Tỉnh Quảng Ninh	22	06994	exact	06994:Đặc khu Vân Đồn
07021	Xã Thắng Lợi	Huyện Vân Đồn	22	Tỉnh Quảng Ninh	22	06994	exact	06994:Đặc khu Vân Đồn
07024	Xã Quan Lạn	Huyện Vân Đồn	22	Tỉnh Quảng Ninh	22	06994	exact	06994:Đặc khu Vân Đồn
07027	Xã Ngọc Vừng	Huyện Vân Đồn	22	Tỉnh Quảng Ninh	22	06994	exact	06994:Đặc khu Vân Đồn
07030	Phường Hoành Bồ	Thành phố Hạ Long	22	Tỉnh Quảng Ninh	22	07030	exact	07030:Phường Hoành Bồ
07033	Xã Kỳ Thượng	Thành phố Hạ Long	22	Tỉnh Quảng Ninh	22	06979	exact	06979:Xã Kỳ Thượng
07036	Xã Đồng Sơn	Thành phố Hạ Long	22	Tỉnh Quảng Ninh	22	06985	exact	06985:Xã Lương Minh
07039	Xã Tân Dân	Thành phố Hạ Long	22	Tỉnh Quảng Ninh	22	07054	exact	07054:Xã Quảng La
07042	Xã Đồng Lâm	Thành phố Hạ Long	22	Tỉnh Quảng Ninh	22		split	07030:Phường Hoành Bồ|07060:Xã Thống Nhất
07045	Xã Hòa Bình	Thành phố Hạ Long	22	Tỉnh Quảng Ninh	22	07060	exact	07060:Xã Thống Nhất
07048	Xã Vũ Oai	Thành phố Hạ Long	22	Tỉnh Quảng Ninh	22	07060	exact	07060:Xã Thống Nhất
07051	Xã Dân Chủ	Thành phố Hạ Long	22	Tỉnh Quảng Ninh	22	07054	exact	07054:Xã Quảng La
07054	Xã Quảng La	Thành phố Hạ Long	22	Tỉnh Quảng Ninh	22	07054	exact	07054:Xã Quảng La
07057	Xã Bằng Cả	Thành phố Hạ Long	22	Tỉnh Quảng Ninh	22	07054	exact	07054:Xã Quảng La
07060	Xã Thống Nhất	Thành phố Hạ Long	22	Tỉnh Quảng Ninh	22	07060	exact	07060:Xã Thống Nhất
07063	Xã Sơn Dương	Thành phố Hạ Long	22	Tỉnh Quảng Ninh	22	07030	exact	07030:Phường Hoành Bồ
07066	Xã Lê Lợi	Thành phố Hạ Long	22	Tỉnh Quảng Ninh	22	07030	exact	07030:Phường Hoành Bồ
07069	Phường Mạo Khê	Thị xã Đông Triều	22	Tỉnh Quảng Ninh	22	07069	exact	07069:Phường Mạo Khê
07072	Phường Đông Triều	Thị xã Đông Triều	22	Tỉnh Quảng Ninh	22	07093	exact	07093:Phường Đông Triều
07075	Xã An Sinh	Thị xã Đông Triều	22	Tỉnh Quảng Ninh	22	07090	exact	07090:Phường An Sinh
07078	Xã Tràng Lương	Thị xã Đông Triều	22	Tỉnh Quảng Ninh	22	07081	exact	07081:Phường Bình Khê
07081	Xã Bình Khê	Thị xã Đông Triều	22	Tỉnh Quảng Ninh	22		not_found	
07084	Xã Việt Dân	Thị xã Đông Triều	22	Tỉnh Quảng Ninh	22	07090	exact	07090:Phường An Sinh
07087	Xã Tân Việt	Thị xã Đông Triều	22	Tỉnh Quảng Ninh	22		not_found	
07090	Xã Bình Dương	Thị xã Đông Triều	22	Tỉnh Quảng Ninh	22		not_found	
07093	Phường Đức Chính	Thị xã Đông Triều	22	Tỉnh Quảng Ninh	22		split	07090:Phường An Sinh|07093:Phường Đông Triều
07096	Phường Tràng An	Thị xã Đông Triều	22	Tỉnh Quảng Ninh	22	07081	exact	07081:Phường Bình Khê
07099	Xã Nguyễn Huệ	Thị xã Đông Triều	22	Tỉnh Quảng Ninh	22	07093	exact	07093:Phường Đông Triều
07102	Xã Thủy An	Thị xã Đông Triều	22	Tỉnh Quảng Ninh	22		not_found	
07105	Phường Xuân Sơn	Thị xã Đông Triều	22	Tỉnh Quảng Ninh	22	07069	exact	07069:Phường Mạo Khê
07108	Xã Hồng Thái Tây	Thị xã Đông Triều	22	Tỉnh Quảng Ninh	22	07114	exact	07114:Phường Hoàng Quế
07111	Xã Hồng Thái Đông	Thị xã Đông Triều	22	Tỉnh Quảng Ninh	22	07114	exact	07114:Phường Hoàng Quế
07114	Phường Hoàng Quế	Thị xã Đông Triều	22	Tỉnh Quảng Ninh	22	07114	exact	07114:Phường Hoàng Quế
07117	Phường Yên Thọ	Thị xã Đông Triều	22	Tỉnh Quảng Ninh	22	07069	exact	07069:Phường Mạo Khê
07120	Phường Hồng Phong	Thị xã Đông Triều	22	Tỉnh Quảng Ninh	22	07093	exact	07093:Phường Đông Triều
07123	Phường Kim Sơn	Thị xã Đông Triều	22	Tỉnh Quảng Ninh	22	07069	exact	07069:Phường Mạo Khê
07126	Phường Hưng Đạo	Thị xã Đông Triều	22	Tỉnh Quảng Ninh	22	07093	exact	07093:Phường Đông Triều
07129	Xã Yên Đức	Thị xã Đông Triều	22	Tỉnh Quảng Ninh	22		not_found	
07132	Phường Quảng Yên	Thị xã Quảng Yên	22	Tỉnh Quảng Ninh	22	07132	exact	07132:Phường Quảng Yên
07135	Phường Đông Mai	Thị xã Quảng Yên	22	Tỉnh Quảng Ninh	22	07135	exact	07135:Phường Đông Mai
07138	Phường Minh Thành	Thị xã Quảng Yên	22	Tỉnh Quảng Ninh	22	07135	exact	07135:Phường Đông Mai
07144	Xã Sông Khoai	Thị xã Quảng Yên	22	Tỉnh Quảng Ninh	22	07147	exact	07147:Phường Hiệp Hòa
07147	Xã Hiệp Hòa	Thị xã Quảng Yên	22	Tỉnh Quảng Ninh	22	07147	exact	07147:Phường Hiệp Hòa
07150	Phường Cộng Hòa	Thị xã Quảng Yên	22	Tỉnh Quảng Ninh	22	07147	exact	07147:Phường Hiệp Hòa
07153	Xã Tiền An	Thị xã Quảng Yên	22	Tỉnh Quảng Ninh	22	07132	exact	07132:Phường Quảng Yên
07156	Xã Hoàng Tân	Thị xã Quảng Yên	22	Tỉnh Quảng Ninh	22	07168	exact	07168:Phường Hà An
07159	Phường Tân An	Thị xã Quảng Yên	22	Tỉnh Quảng Ninh	22	07168	exact	07168:Phường Hà An
07162	Phường Yên Giang	Thị xã Quảng Yên	22	Tỉnh Quảng Ninh	22	07132	exact	07132:Phường Quảng Yên
07165	Phường Nam Hoà	Thị xã Quảng Yên	22	Tỉnh Quảng Ninh	22	07183	exact	07183:Phường Phong Cốc
07168	Phường Hà An	Thị xã Quảng Yên	22	Tỉnh Quảng Ninh	22	07168	exact	07168:Phường Hà An
07171	Xã Cẩm La	Thị xã Quảng Yên	22	Tỉnh Quảng Ninh	22	07183	exact	07183:Phường Phong Cốc
07174	Phường Phong Hải	Thị xã Quảng Yên	22	Tỉnh Quảng Ninh	22	07180	exact	07180:Phường Liên Hòa
07177	Phường Yên Hải	Thị xã Quảng Yên	22	Tỉnh Quảng Ninh	22	07183	exact	07183:Phường Phong Cốc
07180	Xã Liên Hòa	Thị xã Quảng Yên	22	Tỉnh Quảng Ninh	22		split	07180:Phường Liên Hòa|07168:Phường Hà An
07183	Phường Phong Cốc	Thị xã Quảng Yên	22	Tỉnh Quảng Ninh	22	07183	exact	07183:Phường Phong Cốc
07186	Xã Liên Vị	Thị xã Quảng Yên	22	Tỉnh Quảng Ninh	22	07180	exact	07180:Phường Liên Hòa
07189	Xã Tiền Phong	Thị xã Quảng Yên	22	Tỉnh Quảng Ninh	22	07180	exact	07180:Phường Liên Hòa
07192	Thị trấn Cô Tô	Huyện Cô Tô	22	Tỉnh Quảng Ninh	22	07192	exact	07192:Đặc khu Cô Tô
07195	Xã Đồng Tiến	Huyện Cô Tô	22	Tỉnh Quảng Ninh	22	07192	exact	07192:Đặc khu Cô Tô
07198	Xã Thanh Lân	Huyện Cô Tô	22	Tỉnh Quảng Ninh	22	07192	exact	07192:Đặc khu Cô Tô
07201	Phường Thọ Xương	Thành phố Bắc Giang	24	Tỉnh Bắc Giang	24	07210	exact	07210:Phường Bắc Giang
07204	Phường Trần Nguyên Hãn	Thành phố Bắc Giang	24	Tỉnh Bắc Giang	24		not_found	
07207	Phường Ngô Quyền	Thành phố Bắc Giang	24	Tỉnh Bắc Giang	24	07210	exact	07210:Phường Bắc Giang
07210	Phường Hoàng Văn Thụ	Thành phố Bắc Giang	24	Tỉnh Bắc Giang	24	07210	exact	07210:Phường Bắc Giang
07213	Phường Trần Phú	Thành phố Bắc Giang	24	Tỉnh Bắc Giang	24	07210	exact	07210:Phường Bắc Giang
07216	Phường Mỹ Độ	Thành phố Bắc Giang	24	Tỉnh Bắc Giang	24	07228	exact	07228:Phường Đa Mai
07219	Phường Lê Lợi	Thành phố Bắc Giang	24	Tỉnh Bắc Giang	24		not_found	
07222	Xã Song Mai	Thành phố Bắc Giang	24	Tỉnh Bắc Giang	24		not_found	
07225	Phường Xương Giang	Thành phố Bắc Giang	24	Tỉnh Bắc Giang	24	07210	exact	07210:Phường Bắc Giang
07228	Phường Đa Mai	Thành phố Bắc Giang	24	Tỉnh Bắc Giang	24	07228	exact	07228:Phường Đa Mai
07231	Phường Dĩnh Kế	Thành phố Bắc Giang	24	Tỉnh Bắc Giang	24	07210	exact	07210:Phường Bắc Giang
07243	Xã Đồng Tiến	Huyện Yên Thế	24	Tỉnh Bắc Giang	24	07246	exact	07246:Xã Xuân Lương
07246	Xã Canh Nậu	Huyện Yên Thế	24	Tỉnh Bắc Giang	24	07246	exact	07246:Xã Xuân Lương
07249	Xã Xuân Lương	Huyện Yên Thế	24	Tỉnh Bắc Giang	24	07246	exact	07246:Xã Xuân Lương
07252	Xã Tam Tiến	Huyện Yên Thế	24	Tỉnh Bắc Giang	24	07264	exact	07264:Xã Tam Tiến
07255	Xã Đồng Vương	Huyện Yên Thế	24	Tỉnh Bắc Giang	24	07282	exact	07282:Xã Đồng Kỳ
07258	Xã Đồng Hưu	Huyện Yên Thế	24	Tỉnh Bắc Giang	24	07282	exact	07282:Xã Đồng Kỳ
07260	Xã Đồng Tâm	Huyện Yên Thế	24	Tỉnh Bắc Giang	24	07288	exact	07288:Xã Yên Thế
07261	Xã Tam Hiệp	Huyện Yên Thế	24	Tỉnh Bắc Giang	24		not_found	
07264	Xã Tiến Thắng	Huyện Yên Thế	24	Tỉnh Bắc Giang	24	07264	exact	07264:Xã Tam Tiến
07267	Xã Hồng Kỳ	Huyện Yên Thế	24	Tỉnh Bắc Giang	24		not_found	
07270	Xã Đồng Lạc	Huyện Yên Thế	24	Tỉnh Bắc Giang	24	07288	exact	07288:Xã Yên Thế
07273	Xã Đông Sơn	Huyện Yên Thế	24	Tỉnh Bắc Giang	24	07294	exact	07294:Xã Bố Hạ
07276	Xã Tân Hiệp	Huyện Yên Thế	24	Tỉnh Bắc Giang	24	07288	exact	07288:Xã Yên Thế
07279	Xã Hương Vĩ	Huyện Yên Thế	24	Tỉnh Bắc Giang	24	07294	exact	07294:Xã Bố Hạ
07282	Xã Đồng Kỳ	Huyện Yên Thế	24	Tỉnh Bắc Giang	24	07282	exact	07282:Xã Đồng Kỳ
07285	Xã An Thượng	Huyện Yên Thế	24	Tỉnh Bắc Giang	24	07264	exact	07264:Xã Tam Tiến
07288	Thị trấn Phồn Xương	Huyện Yên Thế	24	Tỉnh Bắc Giang	24	07288	exact	07288:Xã Yên Thế
07291	Xã Tân Sỏi	Huyện Yên Thế	24	Tỉnh Bắc Giang	24	07288	exact	07288:Xã Yên Thế
07294	Thị trấn Bố Hạ	Huyện Yên Thế	24	Tỉnh Bắc Giang	24	07294	exact	07294:Xã Bố Hạ
07303	Xã Lan Giới	Huyện Tân Yên	24	Tỉnh Bắc Giang	24		not_found	
07306	Thị trấn Nhã Nam	Huyện Tân Yên	24	Tỉnh Bắc Giang	24	07306	exact	07306:Xã Nhã Nam
07309	Xã Tân Trung	Huyện Tân Yên	24	Tỉnh Bắc Giang	24	07306	exact	07306:Xã Nhã Nam
07312	Xã Đại Hóa	Huyện Tân Yên	24	Tỉnh Bắc Giang	24		not_found	
07315	Xã Quang Tiến	Huyện Tân Yên	24	Tỉnh Bắc Giang	24		not_found	
07318	Xã Phúc Sơn	Huyện Tân Yên	24	Tỉnh Bắc Giang	24	07627	exact	07627:Xã Đại Sơn
07321	Xã An Dương	Huyện Tân Yên	24	Tỉnh Bắc Giang	24	07306	exact	07306:Xã Nhã Nam
07324	Xã Phúc Hòa	Huyện Tân Yên	24	Tỉnh Bắc Giang	24	07330	exact	07330:Xã Phúc Hòa
07327	Xã Liên Sơn	Huyện Tân Yên	24	Tỉnh Bắc Giang	24	07306	exact	07306:Xã Nhã Nam
07330	Xã Hợp Đức	Huyện Tân Yên	24	Tỉnh Bắc Giang	24	07330	exact	07330:Xã Phúc Hòa
07333	Xã Lam Cốt	Huyện Tân Yên	24	Tỉnh Bắc Giang	24		not_found	
07336	Xã Cao Xá	Huyện Tân Yên	24	Tỉnh Bắc Giang	24	07339	exact	07339:Xã Tân Yên
07339	Thị trấn Cao Thượng	Huyện Tân Yên	24	Tỉnh Bắc Giang	24	07339	exact	07339:Xã Tân Yên
07342	Xã Việt Ngọc	Huyện Tân Yên	24	Tỉnh Bắc Giang	24	07351	exact	07351:Xã Ngọc Thiện
07345	Xã Song Vân	Huyện Tân Yên	24	Tỉnh Bắc Giang	24	07351	exact	07351:Xã Ngọc Thiện
07348	Xã Ngọc Châu	Huyện Tân Yên	24	Tỉnh Bắc Giang	24	07351	exact	07351:Xã Ngọc Thiện
07351	Xã Ngọc Vân	Huyện Tân Yên	24	Tỉnh Bắc Giang	24	07351	exact	07351:Xã Ngọc Thiện
07354	Xã Việt Lập	Huyện Tân Yên	24	Tỉnh Bắc Giang	24	07339	exact	07339:Xã Tân Yên
07357	Xã Liên Chung	Huyện Tân Yên	24	Tỉnh Bắc Giang	24	07330	exact	07330:Xã Phúc Hòa
07360	Xã Ngọc Thiện	Huyện Tân Yên	24	Tỉnh Bắc Giang	24	07351	exact	07351:Xã Ngọc Thiện
07363	Xã Ngọc Lý	Huyện Tân Yên	24	Tỉnh Bắc Giang	24	07339	exact	07339:Xã Tân Yên
07366	Xã Quế Nham	Huyện Tân Yên	24	Tỉnh Bắc Giang	24	07228	exact	07228:Phường Đa Mai
07375	Thị trấn Vôi	Huyện Lạng Giang	24	Tỉnh Bắc Giang	24	07375	exact	07375:Xã Lạng Giang
07378	Xã Nghĩa Hòa	Huyện Lạng Giang	24	Tỉnh Bắc Giang	24	07381	exact	07381:Xã Tiên Lục
07381	Xã Nghĩa Hưng	Huyện Lạng Giang	24	Tỉnh Bắc Giang	24	07381	exact	07381:Xã Tiên Lục
07384	Xã Quang Thịnh	Huyện Lạng Giang	24	Tỉnh Bắc Giang	24	07399	exact	07399:Xã Kép
07387	Xã Hương Sơn	Huyện Lạng Giang	24	Tỉnh Bắc Giang	24	07399	exact	07399:Xã Kép
07390	Xã Đào Mỹ	Huyện Lạng Giang	24	Tỉnh Bắc Giang	24	07381	exact	07381:Xã Tiên Lục
07393	Xã Tiên Lục	Huyện Lạng Giang	24	Tỉnh Bắc Giang	24	07381	exact	07381:Xã Tiên Lục
07396	Xã An Hà	Huyện Lạng Giang	24	Tỉnh Bắc Giang	24	07381	exact	07381:Xã Tiên Lục
07399	Thị trấn Kép	Huyện Lạng Giang	24	Tỉnh Bắc Giang	24	07399	exact	07399:Xã Kép
07402	Xã Mỹ Hà	Huyện Lạng Giang	24	Tỉnh Bắc Giang	24		not_found	
07405	Xã Hương Lạc	Huyện Lạng Giang	24	Tỉnh Bắc Giang	24	07375	exact	07375:Xã Lạng Giang
07408	Xã Dương Đức	Huyện Lạng Giang	24	Tỉnh Bắc Giang	24	07420	exact	07420:Xã Mỹ Thái
07411	Xã Tân Thanh	Huyện Lạng Giang	24	Tỉnh Bắc Giang	24	07420	exact	07420:Xã Mỹ Thái
07414	Xã Yên Mỹ	Huyện Lạng Giang	24	Tỉnh Bắc Giang	24		not_found	
07417	Xã Tân Hưng	Huyện Lạng Giang	24	Tỉnh Bắc Giang	24	07375	exact	07375:Xã Lạng Giang
07420	Xã Mỹ Thái	Huyện Lạng Giang	24	Tỉnh Bắc Giang	24	07420	exact	07420:Xã Mỹ Thái
07426	Xã Xương Lâm	Huyện Lạng Giang	24	Tỉnh Bắc Giang	24	07375	exact	07375:Xã Lạng Giang
07429	Xã Xuân Hương	Huyện Lạng Giang	24	Tỉnh Bắc Giang	24	07420	exact	07420:Xã Mỹ Thái
07432	Xã Tân Dĩnh	Huyện Lạng Giang	24	Tỉnh Bắc Giang	24	07432	exact	07432:Xã Tân Dĩnh
07435	Xã Đại Lâm	Huyện Lạng Giang	24	Tỉnh Bắc Giang	24	07432	exact	07432:Xã Tân Dĩnh
07438	Xã Thái Đào	Huyện Lạng Giang	24	Tỉnh Bắc Giang	24	07432	exact	07432:Xã Tân Dĩnh
07441	Xã Dĩnh Trì	Thành phố Bắc Giang	24	Tỉnh Bắc Giang	24		not_found	
07444	Thị trấn Đồi Ngô	Huyện Lục Nam	24	Tỉnh Bắc Giang	24	07444	exact	07444:Xã Lục Nam
07450	Xã Đông Hưng	Huyện Lục Nam	24	Tỉnh Bắc Giang	24	07450	exact	07450:Xã Đông Phú
07453	Xã Đông Phú	Huyện Lục Nam	24	Tỉnh Bắc Giang	24	07450	exact	07450:Xã Đông Phú
07456	Xã Tam Dị	Huyện Lục Nam	24	Tỉnh Bắc Giang	24	07462	exact	07462:Xã Bảo Đài
07459	Xã Bảo Sơn	Huyện Lục Nam	24	Tỉnh Bắc Giang	24	07462	exact	07462:Xã Bảo Đài
07462	Xã Bảo Đài	Huyện Lục Nam	24	Tỉnh Bắc Giang	24	07462	exact	07462:Xã Bảo Đài
07465	Xã Thanh Lâm	Huyện Lục Nam	24	Tỉnh Bắc Giang	24	07462	exact	07462:Xã Bảo Đài
07468	Xã Tiên Nha	Huyện Lục Nam	24	Tỉnh Bắc Giang	24	07444	exact	07444:Xã Lục Nam
07471	Xã Trường Giang	Huyện Lục Nam	24	Tỉnh Bắc Giang	24	07486	exact	07486:Xã Nghĩa Phương
07477	Thị trấn Phương Sơn	Huyện Lục Nam	24	Tỉnh Bắc Giang	24	07444	exact	07444:Xã Lục Nam
07480	Xã Chu Điện	Huyện Lục Nam	24	Tỉnh Bắc Giang	24	07444	exact	07444:Xã Lục Nam
07483	Xã Cương Sơn	Huyện Lục Nam	24	Tỉnh Bắc Giang	24	07444	exact	07444:Xã Lục Nam
07486	Xã Nghĩa Phương	Huyện Lục Nam	24	Tỉnh Bắc Giang	24	07486	exact	07486:Xã Nghĩa Phương
07489	Xã Vô Tranh	Huyện Lục Nam	24	Tỉnh Bắc Giang	24	07489	exact	07489:Xã Trường Sơn
07492	Xã Bình Sơn	Huyện Lục Nam	24	Tỉnh Bắc Giang	24	07492	exact	07492:Xã Lục Sơn
07495	Xã Lan Mẫu	Huyện Lục Nam	24	Tỉnh Bắc Giang	24	07498	exact	07498:Xã Bắc Lũng
07498	Xã Yên Sơn	Huyện Lục Nam	24	Tỉnh Bắc Giang	24	07498	exact	07498:Xã Bắc Lũng
07501	Xã Khám Lạng	Huyện Lục Nam	24	Tỉnh Bắc Giang	24	07498	exact	07498:Xã Bắc Lũng
07504	Xã Huyền Sơn	Huyện Lục Nam	24	Tỉnh Bắc Giang	24	07486	exact	07486:Xã Nghĩa Phương
07507	Xã Trường Sơn	Huyện Lục Nam	24	Tỉnh Bắc Giang	24	07489	exact	07489:Xã Trường Sơn
07510	Xã Lục Sơn	Huyện Lục Nam	24	Tỉnh Bắc Giang	24	07492	exact	07492:Xã Lục Sơn
07513	Xã Bắc Lũng	Huyện Lục Nam	24	Tỉnh Bắc Giang	24	07498	exact	07498:Xã Bắc Lũng
07516	Xã Vũ Xá	Huyện Lục Nam	24	Tỉnh Bắc Giang	24		not_found	
07519	Xã Cẩm Lý	Huyện Lục Nam	24	Tỉnh Bắc Giang	24	07519	exact	07519:Xã Cẩm Lý
07522	Xã Đan Hội	Huyện Lục Nam	24	Tỉnh Bắc Giang	24	07519	exact	07519:Xã Cẩm Lý
07525	Thị trấn Chũ	Huyện Lục Ngạn	24	Tỉnh Bắc Giang	24		not_found	
07528	Xã Cấm Sơn	Huyện Lục Ngạn	24	Tỉnh Bắc Giang	24	07531	exact	07531:Xã Tân Sơn
07531	Xã Tân Sơn	Huyện Lục Ngạn	24	Tỉnh Bắc Giang	24	07531	exact	07531:Xã Tân Sơn
07534	Xã Phong Minh	Huyện Lục Ngạn	24	Tỉnh Bắc Giang	24	07534	exact	07534:Xã Sa Lý
07537	Xã Phong Vân	Huyện Lục Ngạn	24	Tỉnh Bắc Giang	24	07537	exact	07537:Xã Biên Sơn
07540	Xã Xa Lý	Huyện Lục Ngạn	24	Tỉnh Bắc Giang	24		not_found	
07543	Xã Hộ Đáp	Huyện Lục Ngạn	24	Tỉnh Bắc Giang	24	07543	exact	07543:Xã Sơn Hải
07546	Xã Sơn Hải	Huyện Lục Ngạn	24	Tỉnh Bắc Giang	24	07543	exact	07543:Xã Sơn Hải
07549	Xã Thanh Hải	Huyện Lục Ngạn	24	Tỉnh Bắc Giang	24		not_found	
07552	Xã Kiên Lao	Huyện Lục Ngạn	24	Tỉnh Bắc Giang	24	07552	exact	07552:Xã Kiên Lao
07555	Xã Biên Sơn	Huyện Lục Ngạn	24	Tỉnh Bắc Giang	24	07537	exact	07537:Xã Biên Sơn
07558	Xã Kiên Thành	Huyện Lục Ngạn	24	Tỉnh Bắc Giang	24	07552	exact	07552:Xã Kiên Lao
07561	Xã Hồng Giang	Huyện Lục Ngạn	24	Tỉnh Bắc Giang	24		not_found	
07564	Xã Kim Sơn	Huyện Lục Ngạn	24	Tỉnh Bắc Giang	24	07573	exact	07573:Xã Biển Động
07567	Xã Tân Hoa	Huyện Lục Ngạn	24	Tỉnh Bắc Giang	24	07582	exact	07582:Xã Lục Ngạn
07570	Xã Giáp Sơn	Huyện Lục Ngạn	24	Tỉnh Bắc Giang	24	07582	exact	07582:Xã Lục Ngạn
07573	Xã Biển Động	Huyện Lục Ngạn	24	Tỉnh Bắc Giang	24	07573	exact	07573:Xã Biển Động
07576	Xã Quý Sơn	Huyện Lục Ngạn	24	Tỉnh Bắc Giang	24	07612	exact	07612:Phường Phượng Sơn
07579	Xã Trù Hựu	Huyện Lục Ngạn	24	Tỉnh Bắc Giang	24		not_found	
07582	Xã Phì Điền	Huyện Lục Ngạn	24	Tỉnh Bắc Giang	24		not_found	
07588	Xã Tân Quang	Huyện Lục Ngạn	24	Tỉnh Bắc Giang	24	07582	exact	07582:Xã Lục Ngạn
07591	Xã Đồng Cốc	Huyện Lục Ngạn	24	Tỉnh Bắc Giang	24	07582	exact	07582:Xã Lục Ngạn
07594	Xã Tân Lập	Huyện Lục Ngạn	24	Tỉnh Bắc Giang	24	07594	exact	07594:Xã Đèo Gia
07597	Xã Phú Nhuận	Huyện Lục Ngạn	24	Tỉnh Bắc Giang	24	07573	exact	07573:Xã Biển Động
07600	Xã Mỹ An	Huyện Lục Ngạn	24	Tỉnh Bắc Giang	24	07612	exact	07612:Phường Phượng Sơn
07603	Xã Nam Dương	Huyện Lục Ngạn	24	Tỉnh Bắc Giang	24	07603	exact	07603:Xã Nam Dương
07606	Xã Tân Mộc	Huyện Lục Ngạn	24	Tỉnh Bắc Giang	24	07603	exact	07603:Xã Nam Dương
07609	Xã Đèo Gia	Huyện Lục Ngạn	24	Tỉnh Bắc Giang	24	07594	exact	07594:Xã Đèo Gia
07612	Xã Phượng Sơn	Huyện Lục Ngạn	24	Tỉnh Bắc Giang	24		not_found	
07615	Thị trấn An Châu	Huyện Sơn Động	24	Tỉnh Bắc Giang	24	07615	exact	07615:Xã Sơn Động
07616	Thị trấn Tây Yên Tử	Huyện Sơn Động	24	Tỉnh Bắc Giang	24	07616	exact	07616:Xã Tây Yên Tử
07621	Xã Vân Sơn	Huyện Sơn Động	24	Tỉnh Bắc Giang	24	07621	exact	07621:Xã Vân Sơn
07624	Xã Hữu Sản	Huyện Sơn Động	24	Tỉnh Bắc Giang	24	07621	exact	07621:Xã Vân Sơn
07627	Xã Đại Sơn	Huyện Sơn Động	24	Tỉnh Bắc Giang	24	07627	exact	07627:Xã Đại Sơn
07630	Xã Phúc Sơn	Huyện Sơn Động	24	Tỉnh Bắc Giang	24	07627	exact	07627:Xã Đại Sơn
07636	Xã Giáo Liêm	Huyện Sơn Động	24	Tỉnh Bắc Giang	24	07627	exact	07627:Xã Đại Sơn
07642	Xã Cẩm Đàn	Huyện Sơn Động	24	Tỉnh Bắc Giang	24	07642	exact	07642:Xã Yên Định
07645	Xã An Lạc	Huyện Sơn Động	24	Tỉnh Bắc Giang	24	07654	exact	07654:Xã An Lạc
07648	Xã Vĩnh An	Huyện Sơn Động	24	Tỉnh Bắc Giang	24	07615	exact	07615:Xã Sơn Động
07651	Xã Yên Định	Huyện Sơn Động	24	Tỉnh Bắc Giang	24	07642	exact	07642:Xã Yên Định
07654	Xã Lệ Viễn	Huyện Sơn Động	24	Tỉnh Bắc Giang	24	07654	exact	07654:Xã An Lạc
07660	Xã An Bá	Huyện Sơn Động	24	Tỉnh Bắc Giang	24	07615	exact	07615:Xã Sơn Động
07663	Xã Tuấn Đạo	Huyện Sơn Động	24	Tỉnh Bắc Giang	24	07663	exact	07663:Xã Tuấn Đạo
07666	Xã Dương Hưu	Huyện Sơn Động	24	Tỉnh Bắc Giang	24	07672	exact	07672:Xã Dương Hưu
07672	Xã Long Sơn	Huyện Sơn Động	24	Tỉnh Bắc Giang	24	07672	exact	07672:Xã Dương Hưu
07678	Xã Thanh Luận	Huyện Sơn Động	24	Tỉnh Bắc Giang	24	07616	exact	07616:Xã Tây Yên Tử
07681	Thị trấn Nham Biền	Huyện Yên Dũng	24	Tỉnh Bắc Giang	24		not_found	
07682	Thị trấn Tân An	Huyện Yên Dũng	24	Tỉnh Bắc Giang	24		not_found	
07684	Xã Lão Hộ	Huyện Yên Dũng	24	Tỉnh Bắc Giang	24		not_found	
07687	Xã Tân Mỹ	Thành phố Bắc Giang	24	Tỉnh Bắc Giang	24		not_found	
07690	Xã Hương Gián	Huyện Yên Dũng	24	Tỉnh Bắc Giang	24		not_found	
07696	Xã Đồng Sơn	Thành phố Bắc Giang	24	Tỉnh Bắc Giang	24	07294	exact	07294:Xã Bố Hạ
07699	Xã Tân Tiến	Thành phố Bắc Giang	24	Tỉnh Bắc Giang	24		not_found	
07702	Xã Quỳnh Sơn	Huyện Yên Dũng	24	Tỉnh Bắc Giang	24	07682	exact	07682:Phường Tân An
07705	Xã Song Khê	Thành phố Bắc Giang	24	Tỉnh Bắc Giang	24		not_found	
07708	Xã Nội Hoàng	Huyện Yên Dũng	24	Tỉnh Bắc Giang	24		not_found	
07711	Xã Tiền Phong	Huyện Yên Dũng	24	Tỉnh Bắc Giang	24		not_found	
07714	Xã Xuân Phú	Huyện Yên Dũng	24	Tỉnh Bắc Giang	24	07699	exact	07699:Phường Tân Tiến
07717	Xã Tân Liễu	Huyện Yên Dũng	24	Tỉnh Bắc Giang	24		not_found	
07720	Xã Trí Yên	Huyện Yên Dũng	24	Tỉnh Bắc Giang	24	07682	exact	07682:Phường Tân An
07723	Xã Lãng Sơn	Huyện Yên Dũng	24	Tỉnh Bắc Giang	24	07682	exact	07682:Phường Tân An
07726	Xã Yên Lư	Huyện Yên Dũng	24	Tỉnh Bắc Giang	24	07681	exact	07681:Phường Yên Dũng
07729	Xã Tiến Dũng	Huyện Yên Dũng	24	Tỉnh Bắc Giang	24	07738	exact	07738:Phường Cảnh Thụy
07735	Xã Đức Giang	Huyện Yên Dũng	24	Tỉnh Bắc Giang	24	07735	exact	07735:Xã Đồng Việt
07738	Xã Cảnh Thụy	Huyện Yên Dũng	24	Tỉnh Bắc Giang	24		not_found	
07741	Xã Tư Mại	Huyện Yên Dũng	24	Tỉnh Bắc Giang	24	07738	exact	07738:Phường Cảnh Thụy
07747	Xã Đồng Việt	Huyện Yên Dũng	24	Tỉnh Bắc Giang	24	07735	exact	07735:Xã Đồng Việt
07750	Xã Đồng Phúc	Huyện Yên Dũng	24	Tỉnh Bắc Giang	24	07735	exact	07735:Xã Đồng Việt
07759	Xã Thượng Lan	Huyện Việt Yên	24	Tỉnh Bắc Giang	24	07774	exact	07774:Phường Tự Lạn
07762	Xã Việt Tiến	Huyện Việt Yên	24	Tỉnh Bắc Giang	24	07774	exact	07774:Phường Tự Lạn
07765	Xã Nghĩa Trung	Huyện Việt Yên	24	Tỉnh Bắc Giang	24	07777	exact	07777:Phường Việt Yên
07768	Xã Minh Đức	Huyện Việt Yên	24	Tỉnh Bắc Giang	24	07777	exact	07777:Phường Việt Yên
07771	Xã Hương Mai	Huyện Việt Yên	24	Tỉnh Bắc Giang	24	07774	exact	07774:Phường Tự Lạn
07774	Xã Tự Lạn	Huyện Việt Yên	24	Tỉnh Bắc Giang	24		not_found	
07777	Thị trấn Bích Động	Huyện Việt Yên	24	Tỉnh Bắc Giang	24		not_found	
07780	Xã Trung Sơn	Huyện Việt Yên	24	Tỉnh Bắc Giang	24	07798	exact	07798:Phường Vân Hà
07783	Xã Hồng Thái	Huyện Việt Yên	24	Tỉnh Bắc Giang	24		not_found	
07786	Xã Tiên Sơn	Huyện Việt Yên	24	Tỉnh Bắc Giang	24	07798	exact	07798:Phường Vân Hà
07789	Xã Tăng Tiến	Huyện Việt Yên	24	Tỉnh Bắc Giang	24		not_found	
07792	Xã Quảng Minh	Huyện Việt Yên	24	Tỉnh Bắc Giang	24	09523	exact	09523:Xã Trung Chính
07795	Thị trấn Nếnh	Huyện Việt Yên	24	Tỉnh Bắc Giang	24		not_found	
07798	Xã Ninh Sơn	Huyện Việt Yên	24	Tỉnh Bắc Giang	24		not_found	
07801	Xã Vân Trung	Huyện Việt Yên	24	Tỉnh Bắc Giang	24		not_found	
07804	Xã Vân Hà	Huyện Việt Yên	24	Tỉnh Bắc Giang	24	07798	exact	07798:Phường Vân Hà
07807	Xã Quang Châu	Huyện Việt Yên	24	Tỉnh Bắc Giang	24		not_found	
07813	Xã Đồng Tân	Huyện Hiệp Hòa	24	Tỉnh Bắc Giang	24		not_found	
07816	Xã Thanh Vân	Huyện Hiệp Hòa	24	Tỉnh Bắc Giang	24		not_found	
07819	Xã Hoàng Lương	Huyện Hiệp Hòa	24	Tỉnh Bắc Giang	24		not_found	
07822	Xã Hoàng Vân	Huyện Hiệp Hòa	24	Tỉnh Bắc Giang	24	07822	exact	07822:Xã Hoàng Vân
07825	Xã Hoàng Thanh	Huyện Hiệp Hòa	24	Tỉnh Bắc Giang	24		not_found	
07828	Xã Hoàng An	Huyện Hiệp Hòa	24	Tỉnh Bắc Giang	24		not_found	
07831	Xã Ngọc Sơn	Huyện Hiệp Hòa	24	Tỉnh Bắc Giang	24	07822	exact	07822:Xã Hoàng Vân
07834	Xã Thái Sơn	Huyện Hiệp Hòa	24	Tỉnh Bắc Giang	24		not_found	
07837	Xã Hòa Sơn	Huyện Hiệp Hòa	24	Tỉnh Bắc Giang	24		not_found	
07840	Thị trấn Thắng	Huyện Hiệp Hòa	24	Tỉnh Bắc Giang	24	07840	exact	07840:Xã Hiệp Hòa
07843	Xã Quang Minh	Huyện Hiệp Hòa	24	Tỉnh Bắc Giang	24	09523	exact	09523:Xã Trung Chính
07846	Xã Lương Phong	Huyện Hiệp Hòa	24	Tỉnh Bắc Giang	24	07840	exact	07840:Xã Hiệp Hòa
07849	Xã Hùng Sơn	Huyện Hiệp Hòa	24	Tỉnh Bắc Giang	24		not_found	
07852	Xã Đại Thành	Huyện Hiệp Hòa	24	Tỉnh Bắc Giang	24		not_found	
07855	Xã Thường Thắng	Huyện Hiệp Hòa	24	Tỉnh Bắc Giang	24	07864	exact	07864:Xã Hợp Thịnh
07858	Xã Hợp Thịnh	Huyện Hiệp Hòa	24	Tỉnh Bắc Giang	24	07864	exact	07864:Xã Hợp Thịnh
07861	Xã Danh Thắng	Huyện Hiệp Hòa	24	Tỉnh Bắc Giang	24	07840	exact	07840:Xã Hiệp Hòa
07864	Xã Mai Trung	Huyện Hiệp Hòa	24	Tỉnh Bắc Giang	24	07864	exact	07864:Xã Hợp Thịnh
07867	Xã Đoan Bái	Huyện Hiệp Hòa	24	Tỉnh Bắc Giang	24	07840	exact	07840:Xã Hiệp Hòa
07870	Thị trấn Bắc Lý	Huyện Hiệp Hòa	24	Tỉnh Bắc Giang	24	07870	exact	07870:Xã Xuân Cẩm
07873	Xã Xuân Cẩm	Huyện Hiệp Hòa	24	Tỉnh Bắc Giang	24	07870	exact	07870:Xã Xuân Cẩm
07876	Xã Hương Lâm	Huyện Hiệp Hòa	24	Tỉnh Bắc Giang	24	07870	exact	07870:Xã Xuân Cẩm
07879	Xã Đông Lỗ	Huyện Hiệp Hòa	24	Tỉnh Bắc Giang	24	07840	exact	07840:Xã Hiệp Hòa
07882	Xã Châu Minh	Huyện Hiệp Hòa	24	Tỉnh Bắc Giang	24	07870	exact	07870:Xã Xuân Cẩm
07885	Xã Mai Đình	Huyện Hiệp Hòa	24	Tỉnh Bắc Giang	24	07870	exact	07870:Xã Xuân Cẩm
07888	Phường Dữu Lâu	Thành phố Việt Trì	25	Tỉnh Phú Thọ	25	07900	exact	07900:Phường Việt Trì
07891	Phường Vân Cơ	Thành phố Việt Trì	25	Tỉnh Phú Thọ	25		not_found	
07894	Phường Nông Trang	Thành phố Việt Trì	25	Tỉnh Phú Thọ	25	07894	exact	07894:Phường Nông Trang
07897	Phường Tân Dân	Thành phố Việt Trì	25	Tỉnh Phú Thọ	25	07900	exact	07900:Phường Việt Trì
07900	Phường Gia Cẩm	Thành phố Việt Trì	25	Tỉnh Phú Thọ	25	07900	exact	07900:Phường Việt Trì
07903	Phường Tiên Cát	Thành phố Việt Trì	25	Tỉnh Phú Thọ	25	07909	exact	07909:Phường Thanh Miếu
07906	Phường Thọ Sơn	Thành phố Việt Trì	25	Tỉnh Phú Thọ	25	07909	exact	07909:Phường Thanh Miếu
07909	Phường Thanh Miếu	Thành phố Việt Trì	25	Tỉnh Phú Thọ	25	07909	exact	07909:Phường Thanh Miếu
07912	Phường Bạch Hạc	Thành phố Việt Trì	25	Tỉnh Phú Thọ	25	07909	exact	07909:Phường Thanh Miếu
07915	Phường Bến Gót	Thành phố Việt Trì	25	Tỉnh Phú Thọ	25		not_found	
07918	Phường Vân Phú	Thành phố Việt Trì	25	Tỉnh Phú Thọ	25	07918	exact	07918:Phường Vân Phú
07921	Xã Phượng Lâu	Thành phố Việt Trì	25	Tỉnh Phú Thọ	25	07918	exact	07918:Phường Vân Phú
07924	Xã Thụy Vân	Thành phố Việt Trì	25	Tỉnh Phú Thọ	25	07894	exact	07894:Phường Nông Trang
07927	Phường Minh Phương	Thành phố Việt Trì	25	Tỉnh Phú Thọ	25	07894	exact	07894:Phường Nông Trang
07930	Xã Trưng Vương	Thành phố Việt Trì	25	Tỉnh Phú Thọ	25	07900	exact	07900:Phường Việt Trì
07933	Phường Minh Nông	Thành phố Việt Trì	25	Tỉnh Phú Thọ	25	07900	exact	07900:Phường Việt Trì
07936	Xã Sông Lô	Thành phố Việt Trì	25	Tỉnh Phú Thọ	25	07909	exact	07909:Phường Thanh Miếu
07942	Phường Hùng Vương	Thị xã Phú Thọ	25	Tỉnh Phú Thọ	25	07942	exact	07942:Phường Phú Thọ
07945	Phường Phong Châu	Thị xã Phú Thọ	25	Tỉnh Phú Thọ	25	07954	exact	07954:Phường Phong Châu
07948	Phường Âu Cơ	Thị xã Phú Thọ	25	Tỉnh Phú Thọ	25	07948	exact	07948:Phường Âu Cơ
07951	Xã Hà Lộc	Thị xã Phú Thọ	25	Tỉnh Phú Thọ	25	07942	exact	07942:Phường Phú Thọ
07954	Xã Phú Hộ	Thị xã Phú Thọ	25	Tỉnh Phú Thọ	25	07954	exact	07954:Phường Phong Châu
07957	Xã Văn Lung	Thị xã Phú Thọ	25	Tỉnh Phú Thọ	25	07942	exact	07942:Phường Phú Thọ
07960	Xã Thanh Minh	Thị xã Phú Thọ	25	Tỉnh Phú Thọ	25	07948	exact	07948:Phường Âu Cơ
07963	Xã Hà Thạch	Thị xã Phú Thọ	25	Tỉnh Phú Thọ	25	07954	exact	07954:Phường Phong Châu
07966	Phường Thanh Vinh	Thị xã Phú Thọ	25	Tỉnh Phú Thọ	25	07948	exact	07948:Phường Âu Cơ
07969	Thị trấn Đoan Hùng	Huyện Đoan Hùng	25	Tỉnh Phú Thọ	25	07969	exact	07969:Xã Đoan Hùng
07975	Xã Hùng Xuyên	Huyện Đoan Hùng	25	Tỉnh Phú Thọ	25	07999	exact	07999:Xã Chí Đám
07981	Xã Bằng Luân	Huyện Đoan Hùng	25	Tỉnh Phú Thọ	25	07996	exact	07996:Xã Bằng Luân
07984	Xã Vân Du	Huyện Đoan Hùng	25	Tỉnh Phú Thọ	25		not_found	
07987	Xã Phú Lâm	Huyện Đoan Hùng	25	Tỉnh Phú Thọ	25	08023	exact	08023:Xã Tây Cốc
07993	Xã Minh Lương	Huyện Đoan Hùng	25	Tỉnh Phú Thọ	25		not_found	
07996	Xã Bằng Doãn	Huyện Đoan Hùng	25	Tỉnh Phú Thọ	25	07996	exact	07996:Xã Bằng Luân
07999	Xã Chí Đám	Huyện Đoan Hùng	25	Tỉnh Phú Thọ	25	07999	exact	07999:Xã Chí Đám
08005	Xã Phúc Lai	Huyện Đoan Hùng	25	Tỉnh Phú Thọ	25	07996	exact	07996:Xã Bằng Luân
08008	Xã Ngọc Quan	Huyện Đoan Hùng	25	Tỉnh Phú Thọ	25	07969	exact	07969:Xã Đoan Hùng
08014	Xã Hợp Nhất	Huyện Đoan Hùng	25	Tỉnh Phú Thọ	25	07969	exact	07969:Xã Đoan Hùng
08017	Xã Sóc Đăng	Huyện Đoan Hùng	25	Tỉnh Phú Thọ	25		not_found	
08023	Xã Tây Cốc	Huyện Đoan Hùng	25	Tỉnh Phú Thọ	25	08023	exact	08023:Xã Tây Cốc
08026	Xã Yên Kiện	Huyện Đoan Hùng	25	Tỉnh Phú Thọ	25	08038	exact	08038:Xã Chân Mộng
08029	Xã Hùng Long	Huyện Đoan Hùng	25	Tỉnh Phú Thọ	25		split	08038:Xã Chân Mộng|08290:Xã Yên Lập
08032	Xã Vụ Quang	Huyện Đoan Hùng	25	Tỉnh Phú Thọ	25		not_found	
08035	Xã Vân Đồn	Huyện Đoan Hùng	25	Tỉnh Phú Thọ	25		not_found	
08038	Xã Tiêu Sơn	Huyện Đoan Hùng	25	Tỉnh Phú Thọ	25		not_found	
08041	Xã Minh Tiến	Huyện Đoan Hùng	25	Tỉnh Phú Thọ	25		not_found	
08044	Xã Minh Phú	Huyện Đoan Hùng	25	Tỉnh Phú Thọ	25		not_found	
08047	Xã Chân Mộng	Huyện Đoan Hùng	25	Tỉnh Phú Thọ	25	08038	exact	08038:Xã Chân Mộng
08050	Xã Ca Đình	Huyện Đoan Hùng	25	Tỉnh Phú Thọ	25	08023	exact	08023:Xã Tây Cốc
08053	Thị trấn Hạ Hoà	Huyện Hạ Hoà	25	Tỉnh Phú Thọ	25	08053	exact	08053:Xã Hạ Hòa
08056	Xã Đại Phạm	Huyện Hạ Hoà	25	Tỉnh Phú Thọ	25	08071	exact	08071:Xã Đan Thượng
08062	Xã Đan Thượng	Huyện Hạ Hoà	25	Tỉnh Phú Thọ	25	08071	exact	08071:Xã Đan Thượng
08065	Xã Hà Lương	Huyện Hạ Hoà	25	Tỉnh Phú Thọ	25	08071	exact	08071:Xã Đan Thượng
08071	Xã Tứ Hiệp	Huyện Hạ Hoà	25	Tỉnh Phú Thọ	25	08071	exact	08071:Xã Đan Thượng
08080	Xã Hiền Lương	Huyện Hạ Hoà	25	Tỉnh Phú Thọ	25	08110	exact	08110:Xã Hiền Lương
08089	Xã Phương Viên	Huyện Hạ Hoà	25	Tỉnh Phú Thọ	25	08113	exact	08113:Xã Yên Kỳ
08092	Xã Gia Điền	Huyện Hạ Hoà	25	Tỉnh Phú Thọ	25	08053	exact	08053:Xã Hạ Hòa
08095	Xã Ấm Hạ	Huyện Hạ Hoà	25	Tỉnh Phú Thọ	25	08053	exact	08053:Xã Hạ Hòa
08104	Xã Hương Xạ	Huyện Hạ Hoà	25	Tỉnh Phú Thọ	25	08113	exact	08113:Xã Yên Kỳ
08110	Xã Xuân Áng	Huyện Hạ Hoà	25	Tỉnh Phú Thọ	25	08110	exact	08110:Xã Hiền Lương
08113	Xã Yên Kỳ	Huyện Hạ Hoà	25	Tỉnh Phú Thọ	25	08113	exact	08113:Xã Yên Kỳ
08119	Xã Minh Hạc	Huyện Hạ Hoà	25	Tỉnh Phú Thọ	25	08053	exact	08053:Xã Hạ Hòa
08122	Xã Lang Sơn	Huyện Hạ Hoà	25	Tỉnh Phú Thọ	25	08143	exact	08143:Xã Vĩnh Chân
08125	Xã Bằng Giã	Huyện Hạ Hoà	25	Tỉnh Phú Thọ	25	08134	exact	08134:Xã Văn Lang
08128	Xã Yên Luật	Huyện Hạ Hoà	25	Tỉnh Phú Thọ	25	08143	exact	08143:Xã Vĩnh Chân
08131	Xã Vô Tranh	Huyện Hạ Hoà	25	Tỉnh Phú Thọ	25	08134	exact	08134:Xã Văn Lang
08134	Xã Văn Lang	Huyện Hạ Hoà	25	Tỉnh Phú Thọ	25	08134	exact	08134:Xã Văn Lang
08140	Xã Minh Côi	Huyện Hạ Hoà	25	Tỉnh Phú Thọ	25	08134	exact	08134:Xã Văn Lang
08143	Xã Vĩnh Chân	Huyện Hạ Hoà	25	Tỉnh Phú Thọ	25	08143	exact	08143:Xã Vĩnh Chân
08152	Thị trấn Thanh Ba	Huyện Thanh Ba	25	Tỉnh Phú Thọ	25	08152	exact	08152:Xã Thanh Ba
08156	Xã Vân Lĩnh	Huyện Thanh Ba	25	Tỉnh Phú Thọ	25	08152	exact	08152:Xã Thanh Ba
08158	Xã Đông Lĩnh	Huyện Thanh Ba	25	Tỉnh Phú Thọ	25	08173	exact	08173:Xã Quảng Yên
08161	Xã Đại An	Huyện Thanh Ba	25	Tỉnh Phú Thọ	25	08173	exact	08173:Xã Quảng Yên
08164	Xã Hanh Cù	Huyện Thanh Ba	25	Tỉnh Phú Thọ	25	08152	exact	08152:Xã Thanh Ba
08170	Xã Đồng Xuân	Huyện Thanh Ba	25	Tỉnh Phú Thọ	25	08152	exact	08152:Xã Thanh Ba
08173	Xã Quảng Yên	Huyện Thanh Ba	25	Tỉnh Phú Thọ	25		split	08773:Xã Yên Lãng|08173:Xã Quảng Yên
08179	Xã Ninh Dân	Huyện Thanh Ba	25	Tỉnh Phú Thọ	25	08203	exact	08203:Xã Hoàng Cương
08194	Xã Võ Lao	Huyện Thanh Ba	25	Tỉnh Phú Thọ	25	08209	exact	08209:Xã Đông Thành
08197	Xã Khải Xuân	Huyện Thanh Ba	25	Tỉnh Phú Thọ	25	08209	exact	08209:Xã Đông Thành
08200	Xã Mạn Lạn	Huyện Thanh Ba	25	Tỉnh Phú Thọ	25	08203	exact	08203:Xã Hoàng Cương
08203	Xã Hoàng Cương	Huyện Thanh Ba	25	Tỉnh Phú Thọ	25	08203	exact	08203:Xã Hoàng Cương
08206	Xã Chí Tiên	Huyện Thanh Ba	25	Tỉnh Phú Thọ	25	08218	exact	08218:Xã Chí Tiên
08209	Xã Đông Thành	Huyện Thanh Ba	25	Tỉnh Phú Thọ	25	08209	exact	08209:Xã Đông Thành
08215	Xã Sơn Cương	Huyện Thanh Ba	25	Tỉnh Phú Thọ	25	08218	exact	08218:Xã Chí Tiên
08218	Xã Thanh Hà	Huyện Thanh Ba	25	Tỉnh Phú Thọ	25	08218	exact	08218:Xã Chí Tiên
08221	Xã Đỗ Sơn	Huyện Thanh Ba	25	Tỉnh Phú Thọ	25	08227	exact	08227:Xã Liên Minh
08224	Xã Đỗ Xuyên	Huyện Thanh Ba	25	Tỉnh Phú Thọ	25	08227	exact	08227:Xã Liên Minh
08227	Xã Lương Lỗ	Huyện Thanh Ba	25	Tỉnh Phú Thọ	25	08227	exact	08227:Xã Liên Minh
08230	Thị trấn Phong Châu	Huyện Phù Ninh	25	Tỉnh Phú Thọ	25	08230	exact	08230:Xã Phù Ninh
08233	Xã Phú Mỹ	Huyện Phù Ninh	25	Tỉnh Phú Thọ	25	08236	exact	08236:Xã Phú Mỹ
08234	Xã Lệ Mỹ	Huyện Phù Ninh	25	Tỉnh Phú Thọ	25	08236	exact	08236:Xã Phú Mỹ
08236	Xã Liên Hoa	Huyện Phù Ninh	25	Tỉnh Phú Thọ	25		split	08236:Xã Phú Mỹ|08812:Xã Liên Hòa
08239	Xã Trạm Thản	Huyện Phù Ninh	25	Tỉnh Phú Thọ	25	08245	exact	08245:Xã Trạm Thản
08242	Xã Trị Quận	Huyện Phù Ninh	25	Tỉnh Phú Thọ	25	08254	exact	08254:Xã Dân Chủ
08245	Xã Trung Giáp	Huyện Phù Ninh	25	Tỉnh Phú Thọ	25	08245	exact	08245:Xã Trạm Thản
08248	Xã Tiên Phú	Huyện Phù Ninh	25	Tỉnh Phú Thọ	25	08245	exact	08245:Xã Trạm Thản
08251	Xã Hạ Giáp	Huyện Phù Ninh	25	Tỉnh Phú Thọ	25	08254	exact	08254:Xã Dân Chủ
08254	Xã Bảo Thanh	Huyện Phù Ninh	25	Tỉnh Phú Thọ	25	08254	exact	08254:Xã Dân Chủ
08257	Xã Phú Lộc	Huyện Phù Ninh	25	Tỉnh Phú Thọ	25	08230	exact	08230:Xã Phù Ninh
08260	Xã Gia Thanh	Huyện Phù Ninh	25	Tỉnh Phú Thọ	25	08254	exact	08254:Xã Dân Chủ
08263	Xã Tiên Du	Huyện Phù Ninh	25	Tỉnh Phú Thọ	25	08275	exact	08275:Xã Bình Phú
08266	Xã Phú Nham	Huyện Phù Ninh	25	Tỉnh Phú Thọ	25	08230	exact	08230:Xã Phù Ninh
08272	Xã An Đạo	Huyện Phù Ninh	25	Tỉnh Phú Thọ	25	08275	exact	08275:Xã Bình Phú
08275	Xã Bình Phú	Huyện Phù Ninh	25	Tỉnh Phú Thọ	25	08275	exact	08275:Xã Bình Phú
08278	Xã Phù Ninh	Huyện Phù Ninh	25	Tỉnh Phú Thọ	25	08230	exact	08230:Xã Phù Ninh
08281	Xã Kim Đức	Thành phố Việt Trì	25	Tỉnh Phú Thọ	25	07918	exact	07918:Phường Vân Phú
08287	Xã Hùng Lô	Thành phố Việt Trì	25	Tỉnh Phú Thọ	25	07918	exact	07918:Phường Vân Phú
08290	Thị trấn Yên Lập	Huyện Yên Lập	25	Tỉnh Phú Thọ	25	08290	exact	08290:Xã Yên Lập
08293	Xã Mỹ Lung	Huyện Yên Lập	25	Tỉnh Phú Thọ	25	08296	exact	08296:Xã Sơn Lương
08296	Xã Mỹ Lương	Huyện Yên Lập	25	Tỉnh Phú Thọ	25	08296	exact	08296:Xã Sơn Lương
08299	Xã Lương Sơn	Huyện Yên Lập	25	Tỉnh Phú Thọ	25	08296	exact	08296:Xã Sơn Lương
08302	Xã Xuân An	Huyện Yên Lập	25	Tỉnh Phú Thọ	25	08305	exact	08305:Xã Xuân Viên
08305	Xã Xuân Viên	Huyện Yên Lập	25	Tỉnh Phú Thọ	25	08305	exact	08305:Xã Xuân Viên
08308	Xã Xuân Thủy	Huyện Yên Lập	25	Tỉnh Phú Thọ	25	08305	exact	08305:Xã Xuân Viên
08311	Xã Trung Sơn	Huyện Yên Lập	25	Tỉnh Phú Thọ	25	08311	exact	08311:Xã Trung Sơn
08314	Xã Hưng Long	Huyện Yên Lập	25	Tỉnh Phú Thọ	25		split	08038:Xã Chân Mộng|08290:Xã Yên Lập
08317	Xã Nga Hoàng	Huyện Yên Lập	25	Tỉnh Phú Thọ	25	08323	exact	08323:Xã Thượng Long
08320	Xã Đồng Lạc	Huyện Yên Lập	25	Tỉnh Phú Thọ	25	08290	exact	08290:Xã Yên Lập
08323	Xã Thượng Long	Huyện Yên Lập	25	Tỉnh Phú Thọ	25	08323	exact	08323:Xã Thượng Long
08326	Xã Đồng Thịnh	Huyện Yên Lập	25	Tỉnh Phú Thọ	25	08290	exact	08290:Xã Yên Lập
08329	Xã Phúc Khánh	Huyện Yên Lập	25	Tỉnh Phú Thọ	25	08323	exact	08323:Xã Thượng Long
08332	Xã Minh Hòa	Huyện Yên Lập	25	Tỉnh Phú Thọ	25	08338	exact	08338:Xã Minh Hòa
08335	Xã Ngọc Lập	Huyện Yên Lập	25	Tỉnh Phú Thọ	25	08338	exact	08338:Xã Minh Hòa
08338	Xã Ngọc Đồng	Huyện Yên Lập	25	Tỉnh Phú Thọ	25	08338	exact	08338:Xã Minh Hòa
08341	Thị trấn Cẩm Khê	Huyện Cẩm Khê	25	Tỉnh Phú Thọ	25	08341	exact	08341:Xã Cẩm Khê
08344	Xã Tiên Lương	Huyện Cẩm Khê	25	Tỉnh Phú Thọ	25	08344	exact	08344:Xã Tiên Lương
08347	Xã Tuy Lộc	Huyện Cẩm Khê	25	Tỉnh Phú Thọ	25		not_found	
08350	Xã Ngô Xá	Huyện Cẩm Khê	25	Tỉnh Phú Thọ	25		not_found	
08353	Xã Minh Tân	Huyện Cẩm Khê	25	Tỉnh Phú Thọ	25	08341	exact	08341:Xã Cẩm Khê
08356	Xã Phượng Vĩ	Huyện Cẩm Khê	25	Tỉnh Phú Thọ	25	08344	exact	08344:Xã Tiên Lương
08362	Xã Thụy Liễu	Huyện Cẩm Khê	25	Tỉnh Phú Thọ	25		not_found	
08374	Xã Tùng Khê	Huyện Cẩm Khê	25	Tỉnh Phú Thọ	25	08377	exact	08377:Xã Vân Bán
08377	Xã Tam Sơn	Huyện Cẩm Khê	25	Tỉnh Phú Thọ	25	08377	exact	08377:Xã Vân Bán
08380	Xã Văn Bán	Huyện Cẩm Khê	25	Tỉnh Phú Thọ	25	08377	exact	08377:Xã Vân Bán
08383	Xã Cấp Dẫn	Huyện Cẩm Khê	25	Tỉnh Phú Thọ	25		not_found	
08389	Xã Xương Thịnh	Huyện Cẩm Khê	25	Tỉnh Phú Thọ	25		not_found	
08392	Xã Phú Khê	Huyện Cẩm Khê	25	Tỉnh Phú Thọ	25	08398	exact	08398:Xã Phú Khê
08395	Xã Sơn Tình	Huyện Cẩm Khê	25	Tỉnh Phú Thọ	25		not_found	
08398	Xã Yên Tập	Huyện Cẩm Khê	25	Tỉnh Phú Thọ	25		not_found	
08401	Xã Hương Lung	Huyện Cẩm Khê	25	Tỉnh Phú Thọ	25	08398	exact	08398:Xã Phú Khê
08404	Xã Tạ Xá	Huyện Cẩm Khê	25	Tỉnh Phú Thọ	25		not_found	
08407	Xã Phú Lạc	Huyện Cẩm Khê	25	Tỉnh Phú Thọ	25		not_found	
08413	Xã Chương Xá	Huyện Cẩm Khê	25	Tỉnh Phú Thọ	25		not_found	
08416	Xã Hùng Việt	Huyện Cẩm Khê	25	Tỉnh Phú Thọ	25	08416	exact	08416:Xã Hùng Việt
08419	Xã Văn Khúc	Huyện Cẩm Khê	25	Tỉnh Phú Thọ	25		not_found	
08422	Xã Yên Dưỡng	Huyện Cẩm Khê	25	Tỉnh Phú Thọ	25		split	08914:Xã Đạo Trù|08431:Xã Đồng Lương
08428	Xã Điêu Lương	Huyện Cẩm Khê	25	Tỉnh Phú Thọ	25	08431	exact	08431:Xã Đồng Lương
08431	Xã Đồng Lương	Huyện Cẩm Khê	25	Tỉnh Phú Thọ	25	08431	exact	08431:Xã Đồng Lương
08434	Thị trấn Hưng Hoá	Huyện Tam Nông	25	Tỉnh Phú Thọ	25	08434	exact	08434:Xã Tam Nông
08440	Xã Hiền Quan	Huyện Tam Nông	25	Tỉnh Phú Thọ	25	08443	exact	08443:Xã Hiền Quan
08443	Xã Bắc Sơn	Huyện Tam Nông	25	Tỉnh Phú Thọ	25	08443	exact	08443:Xã Hiền Quan
08446	Xã Thanh Uyên	Huyện Tam Nông	25	Tỉnh Phú Thọ	25	08443	exact	08443:Xã Hiền Quan
08461	Xã Lam Sơn	Huyện Tam Nông	25	Tỉnh Phú Thọ	25		split	04924:Xã Lương Sơn|08467:Xã Vạn Xuân
08467	Xã Vạn Xuân	Huyện Tam Nông	25	Tỉnh Phú Thọ	25	08467	exact	08467:Xã Vạn Xuân
08470	Xã Quang Húc	Huyện Tam Nông	25	Tỉnh Phú Thọ	25	08467	exact	08467:Xã Vạn Xuân
08473	Xã Hương Nộn	Huyện Tam Nông	25	Tỉnh Phú Thọ	25	08434	exact	08434:Xã Tam Nông
08476	Xã Tề Lễ	Huyện Tam Nông	25	Tỉnh Phú Thọ	25	08479	exact	08479:Xã Thọ Văn
08479	Xã Thọ Văn	Huyện Tam Nông	25	Tỉnh Phú Thọ	25	08479	exact	08479:Xã Thọ Văn
08482	Xã Dị Nậu	Huyện Tam Nông	25	Tỉnh Phú Thọ	25	08479	exact	08479:Xã Thọ Văn
08491	Xã Dân Quyền	Huyện Tam Nông	25	Tỉnh Phú Thọ	25	08434	exact	08434:Xã Tam Nông
08494	Thị trấn Lâm Thao	Huyện Lâm Thao	25	Tỉnh Phú Thọ	25	08494	exact	08494:Xã Lâm Thao
08497	Xã Tiên Kiên	Huyện Lâm Thao	25	Tỉnh Phú Thọ	25	08500	exact	08500:Xã Xuân Lũng
08498	Thị trấn Hùng Sơn	Huyện Lâm Thao	25	Tỉnh Phú Thọ	25	08494	exact	08494:Xã Lâm Thao
08500	Xã Xuân Lũng	Huyện Lâm Thao	25	Tỉnh Phú Thọ	25	08500	exact	08500:Xã Xuân Lũng
08503	Xã Hy Cương	Thành phố Việt Trì	25	Tỉnh Phú Thọ	25	08515	exact	08515:Xã Hy Cương
08506	Xã Chu Hóa	Thành phố Việt Trì	25	Tỉnh Phú Thọ	25	08515	exact	08515:Xã Hy Cương
08509	Xã Xuân Huy	Huyện Lâm Thao	25	Tỉnh Phú Thọ	25	08500	exact	08500:Xã Xuân Lũng
08512	Xã Thạch Sơn	Huyện Lâm Thao	25	Tỉnh Phú Thọ	25	08494	exact	08494:Xã Lâm Thao
08515	Xã Thanh Đình	Thành phố Việt Trì	25	Tỉnh Phú Thọ	25	08515	exact	08515:Xã Hy Cương
08518	Xã Sơn Vi	Huyện Lâm Thao	25	Tỉnh Phú Thọ	25	08521	exact	08521:Xã Phùng Nguyên
08521	Xã Phùng Nguyên	Huyện Lâm Thao	25	Tỉnh Phú Thọ	25	08521	exact	08521:Xã Phùng Nguyên
08527	Xã Cao Xá	Huyện Lâm Thao	25	Tỉnh Phú Thọ	25	08527	exact	08527:Xã Bản Nguyên
08533	Xã Vĩnh Lại	Huyện Lâm Thao	25	Tỉnh Phú Thọ	25	08527	exact	08527:Xã Bản Nguyên
08536	Xã Tứ Xã	Huyện Lâm Thao	25	Tỉnh Phú Thọ	25	08521	exact	08521:Xã Phùng Nguyên
08539	Xã Bản Nguyên	Huyện Lâm Thao	25	Tỉnh Phú Thọ	25	08527	exact	08527:Xã Bản Nguyên
08542	Thị trấn Thanh Sơn	Huyện Thanh Sơn	25	Tỉnh Phú Thọ	25	08542	exact	08542:Xã Thanh Sơn
08545	Xã Thu Cúc	Huyện Tân Sơn	25	Tỉnh Phú Thọ	25	08545	exact	08545:Xã Thu Cúc
08548	Xã Thạch Kiệt	Huyện Tân Sơn	25	Tỉnh Phú Thọ	25	08566	exact	08566:Xã Tân Sơn
08551	Xã Thu Ngạc	Huyện Tân Sơn	25	Tỉnh Phú Thọ	25	08566	exact	08566:Xã Tân Sơn
08554	Xã Kiệt Sơn	Huyện Tân Sơn	25	Tỉnh Phú Thọ	25	08560	exact	08560:Xã Lai Đồng
08557	Xã Đồng Sơn	Huyện Tân Sơn	25	Tỉnh Phú Thọ	25	08560	exact	08560:Xã Lai Đồng
08560	Xã Lai Đồng	Huyện Tân Sơn	25	Tỉnh Phú Thọ	25	08560	exact	08560:Xã Lai Đồng
08563	Xã Sơn Hùng	Huyện Thanh Sơn	25	Tỉnh Phú Thọ	25	08542	exact	08542:Xã Thanh Sơn
08566	Xã Tân Phú	Huyện Tân Sơn	25	Tỉnh Phú Thọ	25	09106	exact	09106:Xã Vĩnh Thành
08569	Xã Mỹ Thuận	Huyện Tân Sơn	25	Tỉnh Phú Thọ	25	08593	exact	08593:Xã Minh Đài
08572	Xã Địch Quả	Huyện Thanh Sơn	25	Tỉnh Phú Thọ	25	08584	exact	08584:Xã Võ Miếu
08575	Xã Giáp Lai	Huyện Thanh Sơn	25	Tỉnh Phú Thọ	25	08542	exact	08542:Xã Thanh Sơn
08578	Xã Tân Sơn	Huyện Tân Sơn	25	Tỉnh Phú Thọ	25	08560	exact	08560:Xã Lai Đồng
08581	Xã Thục Luyện	Huyện Thanh Sơn	25	Tỉnh Phú Thọ	25	08542	exact	08542:Xã Thanh Sơn
08584	Xã Võ Miếu	Huyện Thanh Sơn	25	Tỉnh Phú Thọ	25	08584	exact	08584:Xã Võ Miếu
08587	Xã Thạch Khoán	Huyện Thanh Sơn	25	Tỉnh Phú Thọ	25	08542	exact	08542:Xã Thanh Sơn
08590	Xã Xuân Đài	Huyện Tân Sơn	25	Tỉnh Phú Thọ	25	08590	exact	08590:Xã Xuân Đài
08593	Xã Minh Đài	Huyện Tân Sơn	25	Tỉnh Phú Thọ	25	08593	exact	08593:Xã Minh Đài
08596	Xã Văn Luông	Huyện Tân Sơn	25	Tỉnh Phú Thọ	25	08593	exact	08593:Xã Minh Đài
08599	Xã Xuân Sơn	Huyện Tân Sơn	25	Tỉnh Phú Thọ	25	08590	exact	08590:Xã Xuân Đài
08602	Xã Cự Thắng	Huyện Thanh Sơn	25	Tỉnh Phú Thọ	25	08584	exact	08584:Xã Võ Miếu
08605	Xã Tất Thắng	Huyện Thanh Sơn	25	Tỉnh Phú Thọ	25	08614	exact	08614:Xã Cự Đồng
08608	Xã Long Cốc	Huyện Tân Sơn	25	Tỉnh Phú Thọ	25	08620	exact	08620:Xã Long Cốc
08611	Xã Văn Miếu	Huyện Thanh Sơn	25	Tỉnh Phú Thọ	25	08611	exact	08611:Xã Văn Miếu
08614	Xã Cự Đồng	Huyện Thanh Sơn	25	Tỉnh Phú Thọ	25	08614	exact	08614:Xã Cự Đồng
08617	Xã Kim Thượng	Huyện Tân Sơn	25	Tỉnh Phú Thọ	25	08590	exact	08590:Xã Xuân Đài
08620	Xã Tam Thanh	Huyện Tân Sơn	25	Tỉnh Phú Thọ	25	08620	exact	08620:Xã Long Cốc
08623	Xã Thắng Sơn	Huyện Thanh Sơn	25	Tỉnh Phú Thọ	25	08614	exact	08614:Xã Cự Đồng
08626	Xã Vinh Tiền	Huyện Tân Sơn	25	Tỉnh Phú Thọ	25		split	08620:Xã Long Cốc|05014:Xã Mường Động
08629	Xã Tân Minh	Huyện Thanh Sơn	25	Tỉnh Phú Thọ	25	08611	exact	08611:Xã Văn Miếu
08632	Xã Hương Cần	Huyện Thanh Sơn	25	Tỉnh Phú Thọ	25	08632	exact	08632:Xã Hương Cần
08635	Xã Khả Cửu	Huyện Thanh Sơn	25	Tỉnh Phú Thọ	25	08635	exact	08635:Xã Khả Cửu
08638	Xã Đông Cửu	Huyện Thanh Sơn	25	Tỉnh Phú Thọ	25	08635	exact	08635:Xã Khả Cửu
08641	Xã Tân Lập	Huyện Thanh Sơn	25	Tỉnh Phú Thọ	25		split	08824:Xã Tam Sơn|08611:Xã Văn Miếu|05287:Xã Mường Vang
08644	Xã Yên Lãng	Huyện Thanh Sơn	25	Tỉnh Phú Thọ	25	08632	exact	08632:Xã Hương Cần
08647	Xã Yên Lương	Huyện Thanh Sơn	25	Tỉnh Phú Thọ	25	08632	exact	08632:Xã Hương Cần
08650	Xã Thượng Cửu	Huyện Thanh Sơn	25	Tỉnh Phú Thọ	25	08635	exact	08635:Xã Khả Cửu
08653	Xã Lương Nha	Huyện Thanh Sơn	25	Tỉnh Phú Thọ	25	08656	exact	08656:Xã Yên Sơn
08656	Xã Yên Sơn	Huyện Thanh Sơn	25	Tỉnh Phú Thọ	25	08656	exact	08656:Xã Yên Sơn
08659	Xã Tinh Nhuệ	Huyện Thanh Sơn	25	Tỉnh Phú Thọ	25	08656	exact	08656:Xã Yên Sơn
08662	Xã Đào Xá	Huyện Thanh Thuỷ	25	Tỉnh Phú Thọ	25	08662	exact	08662:Xã Đào Xá
08665	Xã Thạch Đồng	Huyện Thanh Thuỷ	25	Tỉnh Phú Thọ	25	08662	exact	08662:Xã Đào Xá
08668	Xã Xuân Lộc	Huyện Thanh Thuỷ	25	Tỉnh Phú Thọ	25	08662	exact	08662:Xã Đào Xá
08671	Xã Tân Phương	Huyện Thanh Thuỷ	25	Tỉnh Phú Thọ	25	08662	exact	08662:Xã Đào Xá
08674	Thị trấn Thanh Thủy	Huyện Thanh Thuỷ	25	Tỉnh Phú Thọ	25	08674	exact	08674:Xã Thanh Thủy
08677	Xã Sơn Thủy	Huyện Thanh Thuỷ	25	Tỉnh Phú Thọ	25	08674	exact	08674:Xã Thanh Thủy
08680	Xã Bảo Yên	Huyện Thanh Thuỷ	25	Tỉnh Phú Thọ	25	08674	exact	08674:Xã Thanh Thủy
08683	Xã Đoan Hạ	Huyện Thanh Thuỷ	25	Tỉnh Phú Thọ	25	08674	exact	08674:Xã Thanh Thủy
08686	Xã Đồng Trung	Huyện Thanh Thuỷ	25	Tỉnh Phú Thọ	25	08686	exact	08686:Xã Tu Vũ
08689	Xã Hoàng Xá	Huyện Thanh Thuỷ	25	Tỉnh Phú Thọ	25	08686	exact	08686:Xã Tu Vũ
08701	Xã Tu Vũ	Huyện Thanh Thuỷ	25	Tỉnh Phú Thọ	25	08686	exact	08686:Xã Tu Vũ
08707	Phường Tích Sơn	Thành phố Vĩnh Yên	26	Tỉnh Vĩnh Phúc	25	08707	exact	08707:Phường Vĩnh Yên
08710	Phường Liên Bảo	Thành phố Vĩnh Yên	26	Tỉnh Vĩnh Phúc	25	08716	exact	08716:Phường Vĩnh Phúc
08713	Phường Hội Hợp	Thành phố Vĩnh Yên	26	Tỉnh Vĩnh Phúc	25	08707	exact	08707:Phường Vĩnh Yên
08716	Phường Đống Đa	Thành phố Vĩnh Yên	26	Tỉnh Vĩnh Phúc	25	08716	exact	08716:Phường Vĩnh Phúc
08719	Phường Ngô Quyền	Thành phố Vĩnh Yên	26	Tỉnh Vĩnh Phúc	25	08716	exact	08716:Phường Vĩnh Phúc
08722	Phường Đồng Tâm	Thành phố Vĩnh Yên	26	Tỉnh Vĩnh Phúc	25	08707	exact	08707:Phường Vĩnh Yên
08725	Phường Định Trung	Thành phố Vĩnh Yên	26	Tỉnh Vĩnh Phúc	25	08716	exact	08716:Phường Vĩnh Phúc
08728	Phường Khai Quang	Thành phố Vĩnh Yên	26	Tỉnh Vĩnh Phúc	25	08716	exact	08716:Phường Vĩnh Phúc
08731	Xã Thanh Trù	Thành phố Vĩnh Yên	26	Tỉnh Vĩnh Phúc	25	08707	exact	08707:Phường Vĩnh Yên
08734	Phường Trưng Trắc	Thành phố Phúc Yên	26	Tỉnh Vĩnh Phúc	25		not_found	
08737	Phường Hùng Vương	Thành phố Phúc Yên	26	Tỉnh Vĩnh Phúc	25	08740	exact	08740:Phường Phúc Yên
08740	Phường Trưng Nhị	Thành phố Phúc Yên	26	Tỉnh Vĩnh Phúc	25		not_found	
08743	Phường Phúc Thắng	Thành phố Phúc Yên	26	Tỉnh Vĩnh Phúc	25	08740	exact	08740:Phường Phúc Yên
08746	Phường Xuân Hoà	Thành phố Phúc Yên	26	Tỉnh Vĩnh Phúc	25	08746	exact	08746:Phường Xuân Hòa
08747	Phường Đồng Xuân	Thành phố Phúc Yên	26	Tỉnh Vĩnh Phúc	25	08746	exact	08746:Phường Xuân Hòa
08749	Xã Ngọc Thanh	Thành phố Phúc Yên	26	Tỉnh Vĩnh Phúc	25	08746	exact	08746:Phường Xuân Hòa
08752	Xã Cao Minh	Thành phố Phúc Yên	26	Tỉnh Vĩnh Phúc	25	08746	exact	08746:Phường Xuân Hòa
08755	Phường Nam Viêm	Thành phố Phúc Yên	26	Tỉnh Vĩnh Phúc	25	08740	exact	08740:Phường Phúc Yên
08758	Phường Tiền Châu	Thành phố Phúc Yên	26	Tỉnh Vĩnh Phúc	25	08740	exact	08740:Phường Phúc Yên
08761	Thị trấn Lập Thạch	Huyện Lập Thạch	26	Tỉnh Vĩnh Phúc	25	08761	exact	08761:Xã Lập Thạch
08764	Xã Quang Sơn	Huyện Lập Thạch	26	Tỉnh Vĩnh Phúc	25	08770	exact	08770:Xã Hợp Lý
08767	Xã Ngọc Mỹ	Huyện Lập Thạch	26	Tỉnh Vĩnh Phúc	25	08770	exact	08770:Xã Hợp Lý
08770	Xã Hợp Lý	Huyện Lập Thạch	26	Tỉnh Vĩnh Phúc	25	08770	exact	08770:Xã Hợp Lý
08773	Xã Lãng Công	Huyện Sông Lô	26	Tỉnh Vĩnh Phúc	25	08773	exact	08773:Xã Yên Lãng
08776	Xã Quang Yên	Huyện Sông Lô	26	Tỉnh Vĩnh Phúc	25		split	08773:Xã Yên Lãng|08173:Xã Quảng Yên
08779	Xã Bạch Lưu	Huyện Sông Lô	26	Tỉnh Vĩnh Phúc	25		not_found	
08782	Xã Hải Lựu	Huyện Sông Lô	26	Tỉnh Vĩnh Phúc	25	08782	exact	08782:Xã Hải Lựu
08785	Xã Bắc Bình	Huyện Lập Thạch	26	Tỉnh Vĩnh Phúc	25	08788	exact	08788:Xã Thái Hòa
08788	Xã Thái Hòa	Huyện Lập Thạch	26	Tỉnh Vĩnh Phúc	25	08788	exact	08788:Xã Thái Hòa
08789	Thị trấn Hoa Sơn	Huyện Lập Thạch	26	Tỉnh Vĩnh Phúc	25	08812	exact	08812:Xã Liên Hòa
08791	Xã Liễn Sơn	Huyện Lập Thạch	26	Tỉnh Vĩnh Phúc	25		split	08788:Xã Thái Hòa|04960:Xã Liên Sơn
08794	Xã Xuân Hòa	Huyện Lập Thạch	26	Tỉnh Vĩnh Phúc	25	08761	exact	08761:Xã Lập Thạch
08797	Xã Vân Trục	Huyện Lập Thạch	26	Tỉnh Vĩnh Phúc	25	08761	exact	08761:Xã Lập Thạch
08800	Xã Đồng Quế	Huyện Sông Lô	26	Tỉnh Vĩnh Phúc	25	08824	exact	08824:Xã Tam Sơn
08803	Xã Nhân Đạo	Huyện Sông Lô	26	Tỉnh Vĩnh Phúc	25	08782	exact	08782:Xã Hải Lựu
08806	Xã Đôn Nhân	Huyện Sông Lô	26	Tỉnh Vĩnh Phúc	25	08782	exact	08782:Xã Hải Lựu
08809	Xã Phương Khoan	Huyện Sông Lô	26	Tỉnh Vĩnh Phúc	25	08782	exact	08782:Xã Hải Lựu
08812	Xã Liên Hòa	Huyện Lập Thạch	26	Tỉnh Vĩnh Phúc	25		split	08236:Xã Phú Mỹ|08812:Xã Liên Hòa
08815	Xã Tử Du	Huyện Lập Thạch	26	Tỉnh Vĩnh Phúc	25	08761	exact	08761:Xã Lập Thạch
08818	Xã Tân Lập	Huyện Sông Lô	26	Tỉnh Vĩnh Phúc	25	08824	exact	08824:Xã Tam Sơn
08821	Xã Nhạo Sơn	Huyện Sông Lô	26	Tỉnh Vĩnh Phúc	25		not_found	
08824	Thị trấn Tam Sơn	Huyện Sông Lô	26	Tỉnh Vĩnh Phúc	25	08824	exact	08824:Xã Tam Sơn
08827	Xã Như Thụy	Huyện Sông Lô	26	Tỉnh Vĩnh Phúc	25		not_found	
08830	Xã Yên Thạch	Huyện Sông Lô	26	Tỉnh Vĩnh Phúc	25	08848	exact	08848:Xã Sông Lô
08833	Xã Bàn Giản	Huyện Lập Thạch	26	Tỉnh Vĩnh Phúc	25	08812	exact	08812:Xã Liên Hòa
08836	Xã Xuân Lôi	Huyện Lập Thạch	26	Tỉnh Vĩnh Phúc	25	08842	exact	08842:Xã Tiên Lữ
08839	Xã Đồng Ích	Huyện Lập Thạch	26	Tỉnh Vĩnh Phúc	25	08842	exact	08842:Xã Tiên Lữ
08842	Xã Tiên Lữ	Huyện Lập Thạch	26	Tỉnh Vĩnh Phúc	25	08842	exact	08842:Xã Tiên Lữ
08845	Xã Văn Quán	Huyện Lập Thạch	26	Tỉnh Vĩnh Phúc	25	08842	exact	08842:Xã Tiên Lữ
08848	Xã Đồng Thịnh	Huyện Sông Lô	26	Tỉnh Vĩnh Phúc	25	08848	exact	08848:Xã Sông Lô
08851	Xã Tứ Yên	Huyện Sông Lô	26	Tỉnh Vĩnh Phúc	25	08848	exact	08848:Xã Sông Lô
08854	Xã Đức Bác	Huyện Sông Lô	26	Tỉnh Vĩnh Phúc	25	08848	exact	08848:Xã Sông Lô
08857	Xã Đình Chu	Huyện Lập Thạch	26	Tỉnh Vĩnh Phúc	25		not_found	
08860	Xã Cao Phong	Huyện Sông Lô	26	Tỉnh Vĩnh Phúc	25	08866	exact	08866:Xã Sơn Đông
08863	Xã Triệu Đề	Huyện Lập Thạch	26	Tỉnh Vĩnh Phúc	25		not_found	
08866	Xã Sơn Đông	Huyện Lập Thạch	26	Tỉnh Vĩnh Phúc	25	08866	exact	08866:Xã Sơn Đông
08869	Thị trấn Hợp Hòa	Huyện Tam Dương	26	Tỉnh Vĩnh Phúc	25	08869	exact	08869:Xã Tam Dương
08872	Xã Hoàng Hoa	Huyện Tam Dương	26	Tỉnh Vĩnh Phúc	25	08872	exact	08872:Xã Tam Dương Bắc
08875	Xã Đồng Tĩnh	Huyện Tam Dương	26	Tỉnh Vĩnh Phúc	25	08872	exact	08872:Xã Tam Dương Bắc
08878	Thị trấn Kim Long	Huyện Tam Dương	26	Tỉnh Vĩnh Phúc	25	08869	exact	08869:Xã Tam Dương
08881	Xã Hướng Đạo	Huyện Tam Dương	26	Tỉnh Vĩnh Phúc	25	08869	exact	08869:Xã Tam Dương
08884	Xã Đạo Tú	Huyện Tam Dương	26	Tỉnh Vĩnh Phúc	25	08869	exact	08869:Xã Tam Dương
08887	Xã An Hòa	Huyện Tam Dương	26	Tỉnh Vĩnh Phúc	25	08896	exact	08896:Xã Hoàng An
08890	Xã Thanh Vân	Huyện Tam Dương	26	Tỉnh Vĩnh Phúc	25	08905	exact	08905:Xã Hội Thịnh
08893	Xã Duy Phiên	Huyện Tam Dương	26	Tỉnh Vĩnh Phúc	25	08905	exact	08905:Xã Hội Thịnh
08896	Xã Hoàng Đan	Huyện Tam Dương	26	Tỉnh Vĩnh Phúc	25	08896	exact	08896:Xã Hoàng An
08899	Xã Hoàng Lâu	Huyện Tam Dương	26	Tỉnh Vĩnh Phúc	25	08896	exact	08896:Xã Hoàng An
08902	Xã Vân Hội	Huyện Tam Dương	26	Tỉnh Vĩnh Phúc	25		not_found	
08905	Xã Hợp Thịnh	Huyện Tam Dương	26	Tỉnh Vĩnh Phúc	25		not_found	
08908	Thị trấn Tam Đảo	Huyện Tam Đảo	26	Tỉnh Vĩnh Phúc	25	08911	exact	08911:Xã Tam Đảo
08911	Thị trấn Hợp Châu	Huyện Tam Đảo	26	Tỉnh Vĩnh Phúc	25	08911	exact	08911:Xã Tam Đảo
08914	Xã Đạo Trù	Huyện Tam Đảo	26	Tỉnh Vĩnh Phúc	25	08914	exact	08914:Xã Đạo Trù
08917	Xã Yên Dương	Huyện Tam Đảo	26	Tỉnh Vĩnh Phúc	25		split	08914:Xã Đạo Trù|08431:Xã Đồng Lương
08920	Xã Bồ Lý	Huyện Tam Đảo	26	Tỉnh Vĩnh Phúc	25	08923	exact	08923:Xã Đại Đình
08923	Thị trấn Đại Đình	Huyện Tam Đảo	26	Tỉnh Vĩnh Phúc	25	08923	exact	08923:Xã Đại Đình
08926	Xã Tam Quan	Huyện Tam Đảo	26	Tỉnh Vĩnh Phúc	25	08872	exact	08872:Xã Tam Dương Bắc
08929	Xã Hồ Sơn	Huyện Tam Đảo	26	Tỉnh Vĩnh Phúc	25	08911	exact	08911:Xã Tam Đảo
08932	Xã Minh Quang	Huyện Tam Đảo	26	Tỉnh Vĩnh Phúc	25	08911	exact	08911:Xã Tam Đảo
08935	Thị trấn Hương Canh	Huyện Bình Xuyên	26	Tỉnh Vĩnh Phúc	25	08935	exact	08935:Xã Bình Nguyên
08936	Thị trấn Gia Khánh	Huyện Bình Xuyên	26	Tỉnh Vĩnh Phúc	25	08950	exact	08950:Xã Bình Xuyên
08938	Xã Trung Mỹ	Huyện Bình Xuyên	26	Tỉnh Vĩnh Phúc	25	08944	exact	08944:Xã Bình Tuyền
08944	Thị trấn Bá Hiến	Huyện Bình Xuyên	26	Tỉnh Vĩnh Phúc	25	08944	exact	08944:Xã Bình Tuyền
08947	Xã Thiện Kế	Huyện Bình Xuyên	26	Tỉnh Vĩnh Phúc	25	08950	exact	08950:Xã Bình Xuyên
08950	Xã Hương Sơn	Huyện Bình Xuyên	26	Tỉnh Vĩnh Phúc	25	08950	exact	08950:Xã Bình Xuyên
08953	Xã Tam Hợp	Huyện Bình Xuyên	26	Tỉnh Vĩnh Phúc	25	08935	exact	08935:Xã Bình Nguyên
08956	Xã Quất Lưu	Huyện Bình Xuyên	26	Tỉnh Vĩnh Phúc	25	08935	exact	08935:Xã Bình Nguyên
08959	Xã Sơn Lôi	Huyện Bình Xuyên	26	Tỉnh Vĩnh Phúc	25	08935	exact	08935:Xã Bình Nguyên
08962	Thị trấn Đạo Đức	Huyện Bình Xuyên	26	Tỉnh Vĩnh Phúc	25	08971	exact	08971:Xã Xuân Lãng
08965	Xã Tân Phong	Huyện Bình Xuyên	26	Tỉnh Vĩnh Phúc	25	08971	exact	08971:Xã Xuân Lãng
08968	Thị trấn Thanh Lãng	Huyện Bình Xuyên	26	Tỉnh Vĩnh Phúc	25	08971	exact	08971:Xã Xuân Lãng
08971	Xã Phú Xuân	Huyện Bình Xuyên	26	Tỉnh Vĩnh Phúc	25	08971	exact	08971:Xã Xuân Lãng
08973	Thị trấn Chi Đông	Huyện Mê Linh	01	Thành phố Hà Nội	01	08974	exact	08974:Xã Quang Minh
08974	Xã Đại Thịnh	Huyện Mê Linh	01	Thành phố Hà Nội	01		split	08974:Xã Quang Minh|09022:Xã Mê Linh|08995:Xã Tiến Thắng
08977	Xã Kim Hoa	Huyện Mê Linh	01	Thành phố Hà Nội	01	08995	exact	08995:Xã Tiến Thắng
08980	Xã Thạch Đà	Huyện Mê Linh	01	Thành phố Hà Nội	01	08980	exact	08980:Xã Yên Lãng
08983	Xã Tiến Thắng	Huyện Mê Linh	01	Thành phố Hà Nội	01	08995	exact	08995:Xã Tiến Thắng
08986	Xã Tự Lập	Huyện Mê Linh	01	Thành phố Hà Nội	01	08995	exact	08995:Xã Tiến Thắng
08989	Thị trấn Quang Minh	Huyện Mê Linh	01	Thành phố Hà Nội	01	08974	exact	08974:Xã Quang Minh
08992	Xã Thanh Lâm	Huyện Mê Linh	01	Thành phố Hà Nội	01	08995	exact	08995:Xã Tiến Thắng
08995	Xã Tam Đồng	Huyện Mê Linh	01	Thành phố Hà Nội	01	08995	exact	08995:Xã Tiến Thắng
08998	Xã Liên Mạc	Huyện Mê Linh	01	Thành phố Hà Nội	01	08980	exact	08980:Xã Yên Lãng
09001	Xã Vạn Yên	Huyện Mê Linh	01	Thành phố Hà Nội	01		not_found	
09004	Xã Chu Phan	Huyện Mê Linh	01	Thành phố Hà Nội	01	08980	exact	08980:Xã Yên Lãng
09007	Xã Tiến Thịnh	Huyện Mê Linh	01	Thành phố Hà Nội	01		split	08980:Xã Yên Lãng|09787:Xã Liên Minh
09010	Xã Mê Linh	Huyện Mê Linh	01	Thành phố Hà Nội	01	08974	partial	08974:Xã Quang Minh
09013	Xã Văn Khê	Huyện Mê Linh	01	Thành phố Hà Nội	01	08995	partial	08995:Xã Tiến Thắng
09016	Xã Hoàng Kim	Huyện Mê Linh	01	Thành phố Hà Nội	01	08980	exact	08980:Xã Yên Lãng
09019	Xã Tiền Phong	Huyện Mê Linh	01	Thành phố Hà Nội	01		split	08974:Xã Quang Minh|09022:Xã Mê Linh|00493:Xã Thiên Lộc
09022	Xã Tráng Việt	Huyện Mê Linh	01	Thành phố Hà Nội	01	09022	exact	09022:Xã Mê Linh
09025	Thị trấn Yên Lạc	Huyện Yên Lạc	26	Tỉnh Vĩnh Phúc	25	09025	exact	09025:Xã Yên Lạc
09028	Xã Đồng Cương	Huyện Yên Lạc	26	Tỉnh Vĩnh Phúc	25	09025	exact	09025:Xã Yên Lạc
09031	Xã Đồng Văn	Huyện Yên Lạc	26	Tỉnh Vĩnh Phúc	25	09040	exact	09040:Xã Tề Lỗ
09034	Xã Bình Định	Huyện Yên Lạc	26	Tỉnh Vĩnh Phúc	25	09025	exact	09025:Xã Yên Lạc
09037	Xã Trung Nguyên	Huyện Yên Lạc	26	Tỉnh Vĩnh Phúc	25	09040	exact	09040:Xã Tề Lỗ
09040	Xã Tề Lỗ	Huyện Yên Lạc	26	Tỉnh Vĩnh Phúc	25	09040	exact	09040:Xã Tề Lỗ
09043	Thị trấn Tam Hồng	Huyện Yên Lạc	26	Tỉnh Vĩnh Phúc	25	09043	exact	09043:Xã Tam Hồng
09046	Xã Yên Đồng	Huyện Yên Lạc	26	Tỉnh Vĩnh Phúc	25	09043	exact	09043:Xã Tam Hồng
09049	Xã Văn Tiến	Huyện Yên Lạc	26	Tỉnh Vĩnh Phúc	25	09052	exact	09052:Xã Nguyệt Đức
09052	Xã Nguyệt Đức	Huyện Yên Lạc	26	Tỉnh Vĩnh Phúc	25	09052	exact	09052:Xã Nguyệt Đức
09055	Xã Yên Phương	Huyện Yên Lạc	26	Tỉnh Vĩnh Phúc	25	09043	exact	09043:Xã Tam Hồng
09058	Xã Hồng Phương	Huyện Yên Lạc	26	Tỉnh Vĩnh Phúc	25		not_found	
09061	Xã Trung Kiên	Huyện Yên Lạc	26	Tỉnh Vĩnh Phúc	25	09052	exact	09052:Xã Nguyệt Đức
09064	Xã Liên Châu	Huyện Yên Lạc	26	Tỉnh Vĩnh Phúc	25	09064	exact	09064:Xã Liên Châu
09067	Xã Đại Tự	Huyện Yên Lạc	26	Tỉnh Vĩnh Phúc	25	09064	exact	09064:Xã Liên Châu
09070	Xã Hồng Châu	Huyện Yên Lạc	26	Tỉnh Vĩnh Phúc	25	09064	exact	09064:Xã Liên Châu
09073	Xã Trung Hà	Huyện Yên Lạc	26	Tỉnh Vĩnh Phúc	25	09052	exact	09052:Xã Nguyệt Đức
09076	Thị trấn Vĩnh Tường	Huyện Vĩnh Tường	26	Tỉnh Vĩnh Phúc	25	09076	exact	09076:Xã Vĩnh Tường
09079	Xã Kim Xá	Huyện Vĩnh Tường	26	Tỉnh Vĩnh Phúc	25	09079	exact	09079:Xã Vĩnh An
09082	Xã Yên Bình	Huyện Vĩnh Tường	26	Tỉnh Vĩnh Phúc	25	09079	exact	09079:Xã Vĩnh An
09085	Xã Chấn Hưng	Huyện Vĩnh Tường	26	Tỉnh Vĩnh Phúc	25	09079	exact	09079:Xã Vĩnh An
09088	Xã Nghĩa Hưng	Huyện Vĩnh Tường	26	Tỉnh Vĩnh Phúc	25	09100	exact	09100:Xã Vĩnh Hưng
09091	Xã Yên Lập	Huyện Vĩnh Tường	26	Tỉnh Vĩnh Phúc	25	09100	exact	09100:Xã Vĩnh Hưng
09094	Xã Việt Xuân	Huyện Vĩnh Tường	26	Tỉnh Vĩnh Phúc	25		not_found	
09097	Xã Bồ Sao	Huyện Vĩnh Tường	26	Tỉnh Vĩnh Phúc	25		not_found	
09100	Xã Đại Đồng	Huyện Vĩnh Tường	26	Tỉnh Vĩnh Phúc	25	09100	exact	09100:Xã Vĩnh Hưng
09103	Xã Tân Tiến	Huyện Vĩnh Tường	26	Tỉnh Vĩnh Phúc	25		not_found	
09106	Xã Lũng Hoà	Huyện Vĩnh Tường	26	Tỉnh Vĩnh Phúc	25	09106	exact	09106:Xã Vĩnh Thành
09109	Xã Cao Đại	Huyện Vĩnh Tường	26	Tỉnh Vĩnh Phúc	25		not_found	
09112	Thị trấn Thổ Tang	Huyện Vĩnh Tường	26	Tỉnh Vĩnh Phúc	25	09112	exact	09112:Xã Thổ Tang
09115	Xã Vĩnh Sơn	Huyện Vĩnh Tường	26	Tỉnh Vĩnh Phúc	25		not_found	
09118	Xã Bình Dương	Huyện Vĩnh Tường	26	Tỉnh Vĩnh Phúc	25		not_found	
09124	Xã Tân Phú	Huyện Vĩnh Tường	26	Tỉnh Vĩnh Phúc	25	09106	exact	09106:Xã Vĩnh Thành
09127	Xã Thượng Trưng	Huyện Vĩnh Tường	26	Tỉnh Vĩnh Phúc	25	09112	exact	09112:Xã Thổ Tang
09130	Xã Vũ Di	Huyện Vĩnh Tường	26	Tỉnh Vĩnh Phúc	25	09076	exact	09076:Xã Vĩnh Tường
09133	Xã Lý Nhân	Huyện Vĩnh Tường	26	Tỉnh Vĩnh Phúc	25		not_found	
09136	Xã Tuân Chính	Huyện Vĩnh Tường	26	Tỉnh Vĩnh Phúc	25	09112	exact	09112:Xã Thổ Tang
09139	Xã Vân Xuân	Huyện Vĩnh Tường	26	Tỉnh Vĩnh Phúc	25	08467	exact	08467:Xã Vạn Xuân
09142	Xã Tam Phúc	Huyện Vĩnh Tường	26	Tỉnh Vĩnh Phúc	25		not_found	
09145	Thị trấn Tứ Trưng	Huyện Vĩnh Tường	26	Tỉnh Vĩnh Phúc	25	09076	exact	09076:Xã Vĩnh Tường
09148	Xã Ngũ Kiên	Huyện Vĩnh Tường	26	Tỉnh Vĩnh Phúc	25	09154	exact	09154:Xã Vĩnh Phú
09151	Xã An Tường	Huyện Vĩnh Tường	26	Tỉnh Vĩnh Phúc	25		not_found	
09154	Xã Vĩnh Thịnh	Huyện Vĩnh Tường	26	Tỉnh Vĩnh Phúc	25	09154	exact	09154:Xã Vĩnh Phú
09157	Xã Phú Đa	Huyện Vĩnh Tường	26	Tỉnh Vĩnh Phúc	25		not_found	
09160	Xã Vĩnh Ninh	Huyện Vĩnh Tường	26	Tỉnh Vĩnh Phúc	25		not_found	
09163	Phường Vũ Ninh	Thành phố Bắc Ninh	27	Tỉnh Bắc Ninh	24	09169	exact	09169:Phường Vũ Ninh
09166	Phường Đáp Cầu	Thành phố Bắc Ninh	27	Tỉnh Bắc Ninh	24	09169	exact	09169:Phường Vũ Ninh
09169	Phường Thị Cầu	Thành phố Bắc Ninh	27	Tỉnh Bắc Ninh	24	09169	exact	09169:Phường Vũ Ninh
09172	Phường Kinh Bắc	Thành phố Bắc Ninh	27	Tỉnh Bắc Ninh	24	09187	exact	09187:Phường Kinh Bắc
09175	Phường Vệ An	Thành phố Bắc Ninh	27	Tỉnh Bắc Ninh	24		not_found	
09178	Phường Tiền An	Thành phố Bắc Ninh	27	Tỉnh Bắc Ninh	24		not_found	
09181	Phường Đại Phúc	Thành phố Bắc Ninh	27	Tỉnh Bắc Ninh	24	09190	exact	09190:Phường Võ Cường
09184	Phường Ninh Xá	Thành phố Bắc Ninh	27	Tỉnh Bắc Ninh	24	09445	exact	09445:Phường Ninh Xá
09187	Phường Suối Hoa	Thành phố Bắc Ninh	27	Tỉnh Bắc Ninh	24	09187	exact	09187:Phường Kinh Bắc
09190	Phường Võ Cường	Thành phố Bắc Ninh	27	Tỉnh Bắc Ninh	24	09190	exact	09190:Phường Võ Cường
09193	Thị trấn Chờ	Huyện Yên Phong	27	Tỉnh Bắc Ninh	24	09193	exact	09193:Xã Yên Phong
09196	Xã Dũng Liệt	Huyện Yên Phong	27	Tỉnh Bắc Ninh	24	09205	exact	09205:Xã Yên Trung
09199	Xã Tam Đa	Huyện Yên Phong	27	Tỉnh Bắc Ninh	24	09208	exact	09208:Xã Tam Đa
09202	Xã Tam Giang	Huyện Yên Phong	27	Tỉnh Bắc Ninh	24	09202	exact	09202:Xã Tam Giang
09205	Xã Yên Trung	Huyện Yên Phong	27	Tỉnh Bắc Ninh	24	09205	exact	09205:Xã Yên Trung
09208	Xã Thụy Hòa	Huyện Yên Phong	27	Tỉnh Bắc Ninh	24	09208	exact	09208:Xã Tam Đa
09211	Xã Hòa Tiến	Huyện Yên Phong	27	Tỉnh Bắc Ninh	24	09202	exact	09202:Xã Tam Giang
09214	Phường Hòa Long	Thành phố Bắc Ninh	27	Tỉnh Bắc Ninh	24	09187	exact	09187:Phường Kinh Bắc
09217	Xã Đông Tiến	Huyện Yên Phong	27	Tỉnh Bắc Ninh	24		split	09193:Xã Yên Phong|07246:Xã Xuân Lương|07822:Xã Hoàng Vân
09220	Xã Yên Phụ	Huyện Yên Phong	27	Tỉnh Bắc Ninh	24	09238	exact	09238:Xã Văn Môn
09223	Xã Trung Nghĩa	Huyện Yên Phong	27	Tỉnh Bắc Ninh	24	09193	exact	09193:Xã Yên Phong
09226	Phường Vạn An	Thành phố Bắc Ninh	27	Tỉnh Bắc Ninh	24	09187	exact	09187:Phường Kinh Bắc
09229	Xã Đông Phong	Huyện Yên Phong	27	Tỉnh Bắc Ninh	24	09208	exact	09208:Xã Tam Đa
09232	Xã Long Châu	Huyện Yên Phong	27	Tỉnh Bắc Ninh	24	09193	exact	09193:Xã Yên Phong
09235	Phường Khúc Xuyên	Thành phố Bắc Ninh	27	Tỉnh Bắc Ninh	24	09187	exact	09187:Phường Kinh Bắc
09238	Xã Văn Môn	Huyện Yên Phong	27	Tỉnh Bắc Ninh	24	09238	exact	09238:Xã Văn Môn
09241	Xã Đông Thọ	Huyện Yên Phong	27	Tỉnh Bắc Ninh	24	09238	exact	09238:Xã Văn Môn
09244	Phường Phong Khê	Thành phố Bắc Ninh	27	Tỉnh Bắc Ninh	24	09190	exact	09190:Phường Võ Cường
09247	Phường Phố Mới	Thị xã Quế Võ	27	Tỉnh Bắc Ninh	24	09247	exact	09247:Phường Quế Võ
09250	Xã Việt Thống	Thị xã Quế Võ	27	Tỉnh Bắc Ninh	24	09253	exact	09253:Phường Nhân Hòa
09253	Phường Đại Xuân	Thị xã Quế Võ	27	Tỉnh Bắc Ninh	24	09253	exact	09253:Phường Nhân Hòa
09256	Phường Kim Chân	Thành phố Bắc Ninh	27	Tỉnh Bắc Ninh	24	09169	exact	09169:Phường Vũ Ninh
09259	Phường Nhân Hòa	Thị xã Quế Võ	27	Tỉnh Bắc Ninh	24	09253	exact	09253:Phường Nhân Hòa
09262	Phường Bằng An	Thị xã Quế Võ	27	Tỉnh Bắc Ninh	24	09247	exact	09247:Phường Quế Võ
09265	Phường Phương Liễu	Thị xã Quế Võ	27	Tỉnh Bắc Ninh	24	09265	exact	09265:Phường Phương Liễu
09268	Phường Quế Tân	Thị xã Quế Võ	27	Tỉnh Bắc Ninh	24	09247	exact	09247:Phường Quế Võ
09271	Phường Vân Dương	Thành phố Bắc Ninh	27	Tỉnh Bắc Ninh	24	09286	exact	09286:Phường Nam Sơn
09274	Phường Phù Lương	Thị xã Quế Võ	27	Tỉnh Bắc Ninh	24	09301	exact	09301:Phường Đào Viên
09277	Xã Phù Lãng	Thị xã Quế Võ	27	Tỉnh Bắc Ninh	24	09292	exact	09292:Xã Phù Lãng
09280	Phường Phượng Mao	Thị xã Quế Võ	27	Tỉnh Bắc Ninh	24	09265	exact	09265:Phường Phương Liễu
09283	Phường Việt Hùng	Thị xã Quế Võ	27	Tỉnh Bắc Ninh	24	09247	exact	09247:Phường Quế Võ
09286	Phường Nam Sơn	Thành phố Bắc Ninh	27	Tỉnh Bắc Ninh	24	09286	exact	09286:Phường Nam Sơn
09289	Xã Ngọc Xá	Thị xã Quế Võ	27	Tỉnh Bắc Ninh	24	09301	exact	09301:Phường Đào Viên
09292	Xã Châu Phong	Thị xã Quế Võ	27	Tỉnh Bắc Ninh	24	09292	exact	09292:Xã Phù Lãng
09295	Phường Bồng Lai	Thị xã Quế Võ	27	Tỉnh Bắc Ninh	24	09295	exact	09295:Phường Bồng Lai
09298	Phường Cách Bi	Thị xã Quế Võ	27	Tỉnh Bắc Ninh	24	09295	exact	09295:Phường Bồng Lai
09301	Xã Đào Viên	Thị xã Quế Võ	27	Tỉnh Bắc Ninh	24	09301	exact	09301:Phường Đào Viên
09304	Xã Yên Giả	Thị xã Quế Võ	27	Tỉnh Bắc Ninh	24	09313	exact	09313:Xã Chi Lăng
09307	Xã Mộ Đạo	Thị xã Quế Võ	27	Tỉnh Bắc Ninh	24	09295	exact	09295:Phường Bồng Lai
09310	Xã Đức Long	Thị xã Quế Võ	27	Tỉnh Bắc Ninh	24	09292	exact	09292:Xã Phù Lãng
09313	Xã Chi Lăng	Thị xã Quế Võ	27	Tỉnh Bắc Ninh	24	09313	exact	09313:Xã Chi Lăng
09316	Xã Hán Quảng	Thị xã Quế Võ	27	Tỉnh Bắc Ninh	24		not_found	
09319	Thị trấn Lim	Huyện Tiên Du	27	Tỉnh Bắc Ninh	24	09319	exact	09319:Xã Tiên Du
09322	Xã Phú Lâm	Huyện Tiên Du	27	Tỉnh Bắc Ninh	24	09319	exact	09319:Xã Tiên Du
09325	Phường Khắc Niệm	Thành phố Bắc Ninh	27	Tỉnh Bắc Ninh	24	09325	exact	09325:Phường Hạp Lĩnh
09328	Xã Nội Duệ	Huyện Tiên Du	27	Tỉnh Bắc Ninh	24	09319	exact	09319:Xã Tiên Du
09331	Phường Hạp Lĩnh	Thành phố Bắc Ninh	27	Tỉnh Bắc Ninh	24	09325	exact	09325:Phường Hạp Lĩnh
09334	Xã Liên Bão	Huyện Tiên Du	27	Tỉnh Bắc Ninh	24	09334	exact	09334:Xã Liên Bão
09337	Xã Hiên Vân	Huyện Tiên Du	27	Tỉnh Bắc Ninh	24	09334	exact	09334:Xã Liên Bão
09340	Xã Hoàn Sơn	Huyện Tiên Du	27	Tỉnh Bắc Ninh	24	09340	exact	09340:Xã Đại Đồng
09343	Xã Lạc Vệ	Huyện Tiên Du	27	Tỉnh Bắc Ninh	24	09343	exact	09343:Xã Tân Chi
09346	Xã Việt Đoàn	Huyện Tiên Du	27	Tỉnh Bắc Ninh	24	09334	exact	09334:Xã Liên Bão
09349	Xã Phật Tích	Huyện Tiên Du	27	Tỉnh Bắc Ninh	24	09349	exact	09349:Xã Phật Tích
09352	Xã Tân Chi	Huyện Tiên Du	27	Tỉnh Bắc Ninh	24	09343	exact	09343:Xã Tân Chi
09355	Xã Đại Đồng	Huyện Tiên Du	27	Tỉnh Bắc Ninh	24	09340	exact	09340:Xã Đại Đồng
09358	Xã Tri Phương	Huyện Tiên Du	27	Tỉnh Bắc Ninh	24	09340	exact	09340:Xã Đại Đồng
09361	Xã Minh Đạo	Huyện Tiên Du	27	Tỉnh Bắc Ninh	24	09349	exact	09349:Xã Phật Tích
09364	Xã Cảnh Hưng	Huyện Tiên Du	27	Tỉnh Bắc Ninh	24	09349	exact	09349:Xã Phật Tích
09367	Phường Đông Ngàn	Thành phố Từ Sơn	27	Tỉnh Bắc Ninh	24	09367	exact	09367:Phường Từ Sơn
09370	Phường Tam Sơn	Thành phố Từ Sơn	27	Tỉnh Bắc Ninh	24	09370	exact	09370:Phường Tam Sơn
09373	Phường Hương Mạc	Thành phố Từ Sơn	27	Tỉnh Bắc Ninh	24	09379	exact	09379:Phường Phù Khê
09376	Phường Tương Giang	Thành phố Từ Sơn	27	Tỉnh Bắc Ninh	24	09370	exact	09370:Phường Tam Sơn
09379	Phường Phù Khê	Thành phố Từ Sơn	27	Tỉnh Bắc Ninh	24	09379	exact	09379:Phường Phù Khê
09382	Phường Đồng Kỵ	Thành phố Từ Sơn	27	Tỉnh Bắc Ninh	24	09385	exact	09385:Phường Đồng Nguyên
09383	Phường Trang Hạ	Thành phố Từ Sơn	27	Tỉnh Bắc Ninh	24	09385	exact	09385:Phường Đồng Nguyên
09385	Phường Đồng Nguyên	Thành phố Từ Sơn	27	Tỉnh Bắc Ninh	24	09385	exact	09385:Phường Đồng Nguyên
09388	Phường Châu Khê	Thành phố Từ Sơn	27	Tỉnh Bắc Ninh	24	09379	exact	09379:Phường Phù Khê
09391	Phường Tân Hồng	Thành phố Từ Sơn	27	Tỉnh Bắc Ninh	24	09367	exact	09367:Phường Từ Sơn
09394	Phường Đình Bảng	Thành phố Từ Sơn	27	Tỉnh Bắc Ninh	24	09367	exact	09367:Phường Từ Sơn
09397	Phường Phù Chẩn	Thành phố Từ Sơn	27	Tỉnh Bắc Ninh	24	09367	exact	09367:Phường Từ Sơn
09400	Phường Hồ	Thị xã Thuận Thành	27	Tỉnh Bắc Ninh	24	09400	exact	09400:Phường Thuận Thành
09403	Xã Hoài Thượng	Thị xã Thuận Thành	27	Tỉnh Bắc Ninh	24	09409	exact	09409:Phường Mão Điền
09406	Xã Đại Đồng Thành	Thị xã Thuận Thành	27	Tỉnh Bắc Ninh	24	09400	exact	09400:Phường Thuận Thành
09409	Xã Mão Điền	Thị xã Thuận Thành	27	Tỉnh Bắc Ninh	24	09409	exact	09409:Phường Mão Điền
09412	Phường Song Hồ	Thị xã Thuận Thành	27	Tỉnh Bắc Ninh	24	09400	exact	09400:Phường Thuận Thành
09415	Xã Đình Tổ	Thị xã Thuận Thành	27	Tỉnh Bắc Ninh	24	09427	exact	09427:Phường Trí Quả
09418	Phường An Bình	Thị xã Thuận Thành	27	Tỉnh Bắc Ninh	24	09409	exact	09409:Phường Mão Điền
09421	Phường Trí Quả	Thị xã Thuận Thành	27	Tỉnh Bắc Ninh	24	09427	exact	09427:Phường Trí Quả
09424	Phường Gia Đông	Thị xã Thuận Thành	27	Tỉnh Bắc Ninh	24	09400	exact	09400:Phường Thuận Thành
09427	Phường Thanh Khương	Thị xã Thuận Thành	27	Tỉnh Bắc Ninh	24	09427	exact	09427:Phường Trí Quả
09430	Phường Trạm Lộ	Thị xã Thuận Thành	27	Tỉnh Bắc Ninh	24	09430	exact	09430:Phường Trạm Lộ
09433	Phường Xuân Lâm	Thị xã Thuận Thành	27	Tỉnh Bắc Ninh	24	09433	exact	09433:Phường Song Liễu
09436	Phường Hà Mãn	Thị xã Thuận Thành	27	Tỉnh Bắc Ninh	24	09433	exact	09433:Phường Song Liễu
09439	Xã Ngũ Thái	Thị xã Thuận Thành	27	Tỉnh Bắc Ninh	24	09433	exact	09433:Phường Song Liễu
09442	Xã Nguyệt Đức	Thị xã Thuận Thành	27	Tỉnh Bắc Ninh	24	09445	exact	09445:Phường Ninh Xá
09445	Phường Ninh Xá	Thị xã Thuận Thành	27	Tỉnh Bắc Ninh	24	09445	exact	09445:Phường Ninh Xá
09448	Xã Nghĩa Đạo	Thị xã Thuận Thành	27	Tỉnh Bắc Ninh	24	09430	exact	09430:Phường Trạm Lộ
09451	Xã Song Liễu	Thị xã Thuận Thành	27	Tỉnh Bắc Ninh	24	09433	exact	09433:Phường Song Liễu
09454	Thị trấn Gia Bình	Huyện Gia Bình	27	Tỉnh Bắc Ninh	24	09454	exact	09454:Xã Gia Bình
09457	Xã Vạn Ninh	Huyện Gia Bình	27	Tỉnh Bắc Ninh	24	09466	exact	09466:Xã Cao Đức
09460	Xã Thái Bảo	Huyện Gia Bình	27	Tỉnh Bắc Ninh	24	09475	exact	09475:Xã Nhân Thắng
09463	Xã Giang Sơn	Huyện Gia Bình	27	Tỉnh Bắc Ninh	24	09487	exact	09487:Xã Đông Cứu
09466	Xã Cao Đức	Huyện Gia Bình	27	Tỉnh Bắc Ninh	24	09466	exact	09466:Xã Cao Đức
09469	Xã Đại Lai	Huyện Gia Bình	27	Tỉnh Bắc Ninh	24	09469	exact	09469:Xã Đại Lai
09472	Xã Song Giang	Huyện Gia Bình	27	Tỉnh Bắc Ninh	24	09469	exact	09469:Xã Đại Lai
09475	Xã Bình Dương	Huyện Gia Bình	27	Tỉnh Bắc Ninh	24	09475	exact	09475:Xã Nhân Thắng
09478	Xã Lãng Ngâm	Huyện Gia Bình	27	Tỉnh Bắc Ninh	24	09487	exact	09487:Xã Đông Cứu
09481	Xã Nhân Thắng	Huyện Gia Bình	27	Tỉnh Bắc Ninh	24	09475	exact	09475:Xã Nhân Thắng
09484	Xã Xuân Lai	Huyện Gia Bình	27	Tỉnh Bắc Ninh	24	09454	exact	09454:Xã Gia Bình
09487	Xã Đông Cứu	Huyện Gia Bình	27	Tỉnh Bắc Ninh	24	09487	exact	09487:Xã Đông Cứu
09490	Xã Đại Bái	Huyện Gia Bình	27	Tỉnh Bắc Ninh	24	09454	exact	09454:Xã Gia Bình
09493	Xã Quỳnh Phú	Huyện Gia Bình	27	Tỉnh Bắc Ninh	24	09454	exact	09454:Xã Gia Bình
09496	Thị trấn Thứa	Huyện Lương Tài	27	Tỉnh Bắc Ninh	24	09496	exact	09496:Xã Lương Tài
09499	Xã An Thịnh	Huyện Lương Tài	27	Tỉnh Bắc Ninh	24	09499	exact	09499:Xã Trung Kênh
09502	Xã Trung Kênh	Huyện Lương Tài	27	Tỉnh Bắc Ninh	24	09499	exact	09499:Xã Trung Kênh
09505	Xã Phú Hòa	Huyện Lương Tài	27	Tỉnh Bắc Ninh	24	09496	exact	09496:Xã Lương Tài
09508	Xã Mỹ Hương	Huyện Lương Tài	27	Tỉnh Bắc Ninh	24		not_found	
09511	Xã Tân Lãng	Huyện Lương Tài	27	Tỉnh Bắc Ninh	24	09496	exact	09496:Xã Lương Tài
09514	Xã Quảng Phú	Huyện Lương Tài	27	Tỉnh Bắc Ninh	24	09529	exact	09529:Xã Lâm Thao
09517	Xã Trừng Xá	Huyện Lương Tài	27	Tỉnh Bắc Ninh	24		not_found	
09520	Xã Lai Hạ	Huyện Lương Tài	27	Tỉnh Bắc Ninh	24		not_found	
09523	Xã Trung Chính	Huyện Lương Tài	27	Tỉnh Bắc Ninh	24	09523	exact	09523:Xã Trung Chính
09526	Xã Minh Tân	Huyện Lương Tài	27	Tỉnh Bắc Ninh	24		not_found	
09529	Xã Bình Định	Huyện Lương Tài	27	Tỉnh Bắc Ninh	24	09529	exact	09529:Xã Lâm Thao
09532	Xã Phú Lương	Huyện Lương Tài	27	Tỉnh Bắc Ninh	24	09523	exact	09523:Xã Trung Chính
09535	Xã Lâm Thao	Huyện Lương Tài	27	Tỉnh Bắc Ninh	24	09529	exact	09529:Xã Lâm Thao
09538	Phường Nguyễn Trãi	Quận Hà Đông	01	Thành phố Hà Nội	01		not_found	
09541	Phường Mộ Lao	Quận Hà Đông	01	Thành phố Hà Nội	01	00637	exact	00637:Phường Đại Mỗ
09542	Phường Văn Quán	Quận Hà Đông	01	Thành phố Hà Nội	01	09556	exact	09556:Phường Hà Đông
09544	Phường Vạn Phúc	Quận Hà Đông	01	Thành phố Hà Nội	01	09556	exact	09556:Phường Hà Đông
09547	Phường Yết Kiêu	Quận Hà Đông	01	Thành phố Hà Nội	01		not_found	
09550	Phường Quang Trung	Quận Hà Đông	01	Thành phố Hà Nội	01		split	09556:Phường Hà Đông|09552:Phường Kiến Hưng
09551	Phường La Khê	Quận Hà Đông	01	Thành phố Hà Nội	01	09556	exact	09556:Phường Hà Đông
09552	Phường Phú La	Quận Hà Đông	01	Thành phố Hà Nội	01	09886	exact	09886:Phường Dương Nội
09553	Phường Phúc La	Quận Hà Đông	01	Thành phố Hà Nội	01	09556	exact	09556:Phường Hà Đông
09556	Phường Hà Cầu	Quận Hà Đông	01	Thành phố Hà Nội	01	09552	partial	09552:Phường Kiến Hưng
09562	Phường Yên Nghĩa	Quận Hà Đông	01	Thành phố Hà Nội	01		split	09886:Phường Dương Nội|09562:Phường Yên Nghĩa
09565	Phường Kiến Hưng	Quận Hà Đông	01	Thành phố Hà Nội	01		split	09568:Phường Phú Lương|09552:Phường Kiến Hưng
09568	Phường Phú Lãm	Quận Hà Đông	01	Thành phố Hà Nội	01	09568	exact	09568:Phường Phú Lương
09571	Phường Phú Lương	Quận Hà Đông	01	Thành phố Hà Nội	01		split	09568:Phường Phú Lương|09552:Phường Kiến Hưng
09574	Phường Lê Lợi	Thị xã Sơn Tây	01	Thành phố Hà Nội	01		not_found	
09577	Phường Phú Thịnh	Thị xã Sơn Tây	01	Thành phố Hà Nội	01	09574	exact	09574:Phường Sơn Tây
09580	Phường Ngô Quyền	Thị xã Sơn Tây	01	Thành phố Hà Nội	01	09574	exact	09574:Phường Sơn Tây
09583	Phường Quang Trung	Thị xã Sơn Tây	01	Thành phố Hà Nội	01		split	09556:Phường Hà Đông|00235:Phường Đống Đa|09552:Phường Kiến Hưng
09586	Phường Sơn Lộc	Thị xã Sơn Tây	01	Thành phố Hà Nội	01	09604	partial	09604:Phường Tùng Thiện
09589	Phường Xuân Khanh	Thị xã Sơn Tây	01	Thành phố Hà Nội	01	09604	exact	09604:Phường Tùng Thiện
09592	Xã Đường Lâm	Thị xã Sơn Tây	01	Thành phố Hà Nội	01	09574	exact	09574:Phường Sơn Tây
09595	Phường Viên Sơn	Thị xã Sơn Tây	01	Thành phố Hà Nội	01	09574	exact	09574:Phường Sơn Tây
09598	Xã Xuân Sơn	Thị xã Sơn Tây	01	Thành phố Hà Nội	01	09604	exact	09604:Phường Tùng Thiện
09601	Phường Trung Hưng	Thị xã Sơn Tây	01	Thành phố Hà Nội	01	09604	partial	09604:Phường Tùng Thiện
09604	Xã Thanh Mỹ	Thị xã Sơn Tây	01	Thành phố Hà Nội	01	09574	exact	09574:Phường Sơn Tây
09607	Phường Trung Sơn Trầm	Thị xã Sơn Tây	01	Thành phố Hà Nội	01	09604	exact	09604:Phường Tùng Thiện
09610	Xã Kim Sơn	Thị xã Sơn Tây	01	Thành phố Hà Nội	01	09616	exact	09616:Xã Đoài Phương
09613	Xã Sơn Đông	Thị xã Sơn Tây	01	Thành phố Hà Nội	01		split	09616:Xã Đoài Phương|09871:Xã Sơn Đồng
09616	Xã Cổ Đông	Thị xã Sơn Tây	01	Thành phố Hà Nội	01		split	09988:Xã Hòa Lạc|09616:Xã Đoài Phương
09619	Thị trấn Tây Đằng	Huyện Ba Vì	01	Thành phố Hà Nội	01		split	09619:Xã Quảng Oai|09661:Xã Minh Châu
09625	Xã Phú Cường	Huyện Ba Vì	01	Thành phố Hà Nội	01	09634	exact	09634:Xã Cổ Đô
09628	Xã Cổ Đô	Huyện Ba Vì	01	Thành phố Hà Nội	01	09634	exact	09634:Xã Cổ Đô
09631	Xã Tản Hồng	Huyện Ba Vì	01	Thành phố Hà Nội	01		not_found	
09634	Xã Vạn Thắng	Huyện Ba Vì	01	Thành phố Hà Nội	01	09634	exact	09634:Xã Cổ Đô
09637	Xã Châu Sơn	Huyện Ba Vì	01	Thành phố Hà Nội	01		not_found	
09640	Xã Phong Vân	Huyện Ba Vì	01	Thành phố Hà Nội	01	09634	exact	09634:Xã Cổ Đô
09643	Xã Phú Đông	Huyện Ba Vì	01	Thành phố Hà Nội	01		split	09634:Xã Cổ Đô|00541:Xã Phù Đổng
09646	Xã Phú Phương	Huyện Ba Vì	01	Thành phố Hà Nội	01		not_found	
09649	Xã Phú Châu	Huyện Ba Vì	01	Thành phố Hà Nội	01	09664	exact	09664:Xã Vật Lại
09652	Xã Thái Hòa	Huyện Ba Vì	01	Thành phố Hà Nội	01		split	10417:Xã Hòa Xá|09664:Xã Vật Lại
09655	Xã Đồng Thái	Huyện Ba Vì	01	Thành phố Hà Nội	01	09664	exact	09664:Xã Vật Lại
09658	Xã Phú Sơn	Huyện Ba Vì	01	Thành phố Hà Nội	01	09664	exact	09664:Xã Vật Lại
09661	Xã Minh Châu	Huyện Ba Vì	01	Thành phố Hà Nội	01	09661	exact	09661:Xã Minh Châu
09664	Xã Vật Lại	Huyện Ba Vì	01	Thành phố Hà Nội	01	09664	exact	09664:Xã Vật Lại
09667	Xã Chu Minh	Huyện Ba Vì	01	Thành phố Hà Nội	01		split	09619:Xã Quảng Oai|09661:Xã Minh Châu
09670	Xã Tòng Bạt	Huyện Ba Vì	01	Thành phố Hà Nội	01	09676	exact	09676:Xã Bất Bạt
09673	Xã Cẩm Lĩnh	Huyện Ba Vì	01	Thành phố Hà Nội	01		split	09694:Xã Suối Hai|09676:Xã Bất Bạt
09676	Xã Sơn Đà	Huyện Ba Vì	01	Thành phố Hà Nội	01	09676	exact	09676:Xã Bất Bạt
09679	Xã Đông Quang	Huyện Ba Vì	01	Thành phố Hà Nội	01		split	09931:Xã Hưng Đạo|09619:Xã Quảng Oai
09682	Xã Tiên Phong	Huyện Ba Vì	01	Thành phố Hà Nội	01		split	09619:Xã Quảng Oai|08974:Xã Quang Minh|09022:Xã Mê Linh|10183:Xã Thường Tín|00493:Xã Thiên Lộc
09685	Xã Thụy An	Huyện Ba Vì	01	Thành phố Hà Nội	01		split	09694:Xã Suối Hai|09619:Xã Quảng Oai
09688	Xã Cam Thượng	Huyện Ba Vì	01	Thành phố Hà Nội	01	09619	exact	09619:Xã Quảng Oai
09691	Xã Thuần Mỹ	Huyện Ba Vì	01	Thành phố Hà Nội	01	09676	exact	09676:Xã Bất Bạt
09694	Xã Tản Lĩnh	Huyện Ba Vì	01	Thành phố Hà Nội	01	09694	exact	09694:Xã Suối Hai
09697	Xã Ba Trại	Huyện Ba Vì	01	Thành phố Hà Nội	01	09694	exact	09694:Xã Suối Hai
09700	Xã Minh Quang	Huyện Ba Vì	01	Thành phố Hà Nội	01		split	09700:Xã Ba Vì|09676:Xã Bất Bạt
09703	Xã Ba Vì	Huyện Ba Vì	01	Thành phố Hà Nội	01	09700	exact	09700:Xã Ba Vì
09706	Xã Vân Hòa	Huyện Ba Vì	01	Thành phố Hà Nội	01	09706	exact	09706:Xã Yên Bài
09709	Xã Yên Bài	Huyện Ba Vì	01	Thành phố Hà Nội	01	09706	exact	09706:Xã Yên Bài
09712	Xã Khánh Thượng	Huyện Ba Vì	01	Thành phố Hà Nội	01	09700	exact	09700:Xã Ba Vì
09715	Thị trấn Phúc Thọ	Huyện Phúc Thọ	01	Thành phố Hà Nội	01	09715	exact	09715:Xã Phúc Thọ
09718	Xã Vân Hà	Huyện Phúc Thọ	01	Thành phố Hà Nội	01	00475	exact	00475:Xã Thư Lâm
09721	Xã Vân Phúc	Huyện Phúc Thọ	01	Thành phố Hà Nội	01		split	09739:Xã Phúc Lộc|00685:Xã Nam Phù
09724	Xã Vân Nam	Huyện Phúc Thọ	01	Thành phố Hà Nội	01		not_found	
09727	Xã Xuân Đình	Huyện Phúc Thọ	01	Thành phố Hà Nội	01	09739	exact	09739:Xã Phúc Lộc
09733	Xã Sen Phương	Huyện Phúc Thọ	01	Thành phố Hà Nội	01	09739	exact	09739:Xã Phúc Lộc
09739	Xã Võng Xuyên	Huyện Phúc Thọ	01	Thành phố Hà Nội	01	09739	exact	09739:Xã Phúc Lộc
09742	Xã Thọ Lộc	Huyện Phúc Thọ	01	Thành phố Hà Nội	01		not_found	
09745	Xã Long Xuyên	Huyện Phúc Thọ	01	Thành phố Hà Nội	01		not_found	
09748	Xã Thượng Cốc	Huyện Phúc Thọ	01	Thành phố Hà Nội	01		not_found	
09751	Xã Hát Môn	Huyện Phúc Thọ	01	Thành phố Hà Nội	01	09772	exact	09772:Xã Hát Môn
09754	Xã Tích Giang	Huyện Phúc Thọ	01	Thành phố Hà Nội	01		not_found	
09757	Xã Thanh Đa	Huyện Phúc Thọ	01	Thành phố Hà Nội	01	09772	exact	09772:Xã Hát Môn
09760	Xã Trạch Mỹ Lộc	Huyện Phúc Thọ	01	Thành phố Hà Nội	01	09715	exact	09715:Xã Phúc Thọ
09763	Xã Phúc Hòa	Huyện Phúc Thọ	01	Thành phố Hà Nội	01	09715	exact	09715:Xã Phúc Thọ
09766	Xã Ngọc Tảo	Huyện Phúc Thọ	01	Thành phố Hà Nội	01	09772	exact	09772:Xã Hát Môn
09769	Xã Phụng Thượng	Huyện Phúc Thọ	01	Thành phố Hà Nội	01	09715	exact	09715:Xã Phúc Thọ
09772	Xã Tam Thuấn	Huyện Phúc Thọ	01	Thành phố Hà Nội	01	09772	exact	09772:Xã Hát Môn
09775	Xã Tam Hiệp	Huyện Phúc Thọ	01	Thành phố Hà Nội	01	09772	exact	09772:Xã Hát Môn
09778	Xã Hiệp Thuận	Huyện Phúc Thọ	01	Thành phố Hà Nội	01	09772	exact	09772:Xã Hát Môn
09781	Xã Liên Hiệp	Huyện Phúc Thọ	01	Thành phố Hà Nội	01	09772	exact	09772:Xã Hát Môn
09784	Thị trấn Phùng	Huyện Đan Phượng	01	Thành phố Hà Nội	01	09784	exact	09784:Xã Đan Phượng
09787	Xã Trung Châu	Huyện Đan Phượng	01	Thành phố Hà Nội	01		split	08980:Xã Yên Lãng|09787:Xã Liên Minh
09790	Xã Thọ An	Huyện Đan Phượng	01	Thành phố Hà Nội	01	09787	exact	09787:Xã Liên Minh
09793	Xã Thọ Xuân	Huyện Đan Phượng	01	Thành phố Hà Nội	01		split	08980:Xã Yên Lãng|09787:Xã Liên Minh
09796	Xã Hồng Hà	Huyện Đan Phượng	01	Thành phố Hà Nội	01		split	09022:Xã Mê Linh|09787:Xã Liên Minh|09817:Xã Ô Diên
09799	Xã Liên Hồng	Huyện Đan Phượng	01	Thành phố Hà Nội	01	09817	exact	09817:Xã Ô Diên
09802	Xã Liên Hà	Huyện Đan Phượng	01	Thành phố Hà Nội	01		split	09022:Xã Mê Linh|09817:Xã Ô Diên
09805	Xã Hạ Mỗ	Huyện Đan Phượng	01	Thành phố Hà Nội	01	09817	exact	09817:Xã Ô Diên
09808	Xã Liên Trung	Huyện Đan Phượng	01	Thành phố Hà Nội	01	09817	exact	09817:Xã Ô Diên
09811	Xã Phương Đình	Huyện Đan Phượng	01	Thành phố Hà Nội	01	09787	exact	09787:Xã Liên Minh
09814	Xã Thượng Mỗ	Huyện Đan Phượng	01	Thành phố Hà Nội	01	09784	exact	09784:Xã Đan Phượng
09817	Xã Tân Hội	Huyện Đan Phượng	01	Thành phố Hà Nội	01	09817	exact	09817:Xã Ô Diên
09820	Xã Tân Lập	Huyện Đan Phượng	01	Thành phố Hà Nội	01	09832	exact	09832:Xã Hoài Đức
09823	Xã Đan Phượng	Huyện Đan Phượng	01	Thành phố Hà Nội	01	09784	exact	09784:Xã Đan Phượng
09826	Xã Đồng Tháp	Huyện Đan Phượng	01	Thành phố Hà Nội	01	09784	exact	09784:Xã Đan Phượng
09829	Xã Song Phượng	Huyện Đan Phượng	01	Thành phố Hà Nội	01		split	09784:Xã Đan Phượng|09871:Xã Sơn Đồng
09832	Thị trấn Trạm Trôi	Huyện Hoài Đức	01	Thành phố Hà Nội	01	09832	exact	09832:Xã Hoài Đức
09835	Xã Đức Thượng	Huyện Hoài Đức	01	Thành phố Hà Nội	01	09832	exact	09832:Xã Hoài Đức
09838	Xã Minh Khai	Huyện Hoài Đức	01	Thành phố Hà Nội	01	09856	exact	09856:Xã Dương Hòa
09841	Xã Dương Liễu	Huyện Hoài Đức	01	Thành phố Hà Nội	01	09856	exact	09856:Xã Dương Hòa
09844	Xã Di Trạch	Huyện Hoài Đức	01	Thành phố Hà Nội	01	09832	exact	09832:Xã Hoài Đức
09847	Xã Đức Giang	Huyện Hoài Đức	01	Thành phố Hà Nội	01	09832	exact	09832:Xã Hoài Đức
09850	Xã Cát Quế	Huyện Hoài Đức	01	Thành phố Hà Nội	01	09856	exact	09856:Xã Dương Hòa
09853	Xã Kim Chung	Huyện Hoài Đức	01	Thành phố Hà Nội	01		split	09832:Xã Hoài Đức|00613:Phường Tây Tựu
09856	Xã Yên Sở	Huyện Hoài Đức	01	Thành phố Hà Nội	01	09856	exact	09856:Xã Dương Hòa
09859	Xã Sơn Đồng	Huyện Hoài Đức	01	Thành phố Hà Nội	01		split	09616:Xã Đoài Phương|09871:Xã Sơn Đồng
09862	Xã Vân Canh	Huyện Hoài Đức	01	Thành phố Hà Nội	01		split	00622:Phường Xuân Phương|09871:Xã Sơn Đồng
09865	Xã Đắc Sở	Huyện Hoài Đức	01	Thành phố Hà Nội	01	09856	exact	09856:Xã Dương Hòa
09868	Xã Lại Yên	Huyện Hoài Đức	01	Thành phố Hà Nội	01	09871	exact	09871:Xã Sơn Đồng
09871	Xã Tiền Yên	Huyện Hoài Đức	01	Thành phố Hà Nội	01	09871	exact	09871:Xã Sơn Đồng
09874	Xã Song Phương	Huyện Hoài Đức	01	Thành phố Hà Nội	01		split	09784:Xã Đan Phượng|09871:Xã Sơn Đồng
09877	Xã An Khánh	Huyện Hoài Đức	01	Thành phố Hà Nội	01		split	00634:Phường Tây Mỗ|09877:Xã An Khánh|09871:Xã Sơn Đồng
09880	Xã An Thượng	Huyện Hoài Đức	01	Thành phố Hà Nội	01	09871	exact	09871:Xã Sơn Đồng
09883	Xã Vân Côn	Huyện Hoài Đức	01	Thành phố Hà Nội	01	09871	exact	09871:Xã Sơn Đồng
09886	Phường Dương Nội	Quận Hà Đông	01	Thành phố Hà Nội	01		split	00634:Phường Tây Mỗ|09886:Phường Dương Nội|00637:Phường Đại Mỗ|09877:Xã An Khánh
09889	Xã La Phù	Huyện Hoài Đức	01	Thành phố Hà Nội	01	09886	exact	09886:Phường Dương Nội
09892	Xã Đông La	Huyện Hoài Đức	01	Thành phố Hà Nội	01	09877	exact	09877:Xã An Khánh
09895	Thị trấn Quốc Oai	Huyện Quốc Oai	01	Thành phố Hà Nội	01		split	10003:Xã Tây Phương|09895:Xã Quốc Oai
09898	Xã Sài Sơn	Huyện Quốc Oai	01	Thành phố Hà Nội	01	09895	exact	09895:Xã Quốc Oai
09901	Xã Phượng Cách	Huyện Quốc Oai	01	Thành phố Hà Nội	01		not_found	
09904	Xã Yên Sơn	Huyện Quốc Oai	01	Thành phố Hà Nội	01		not_found	
09907	Xã Ngọc Liệp	Huyện Quốc Oai	01	Thành phố Hà Nội	01		split	10003:Xã Tây Phương|09910:Xã Kiều Phú
09910	Xã Ngọc Mỹ	Huyện Quốc Oai	01	Thành phố Hà Nội	01	09895	exact	09895:Xã Quốc Oai
09913	Xã Liệp Tuyết	Huyện Quốc Oai	01	Thành phố Hà Nội	01		not_found	
09916	Xã Thạch Thán	Huyện Quốc Oai	01	Thành phố Hà Nội	01	09895	exact	09895:Xã Quốc Oai
09919	Xã Đồng Quang	Huyện Quốc Oai	01	Thành phố Hà Nội	01		split	09931:Xã Hưng Đạo|09619:Xã Quảng Oai
09922	Xã Phú Cát	Huyện Quốc Oai	01	Thành phố Hà Nội	01		split	09952:Xã Phú Cát|09982:Xã Hạ Bằng
09925	Xã Tuyết Nghĩa	Huyện Quốc Oai	01	Thành phố Hà Nội	01	09910	exact	09910:Xã Kiều Phú
09928	Xã Nghĩa Hương	Huyện Quốc Oai	01	Thành phố Hà Nội	01		not_found	
09931	Xã Cộng Hòa	Huyện Quốc Oai	01	Thành phố Hà Nội	01	09931	exact	09931:Xã Hưng Đạo
09934	Xã Tân Phú	Huyện Quốc Oai	01	Thành phố Hà Nội	01		not_found	
09937	Xã Đại Thành	Huyện Quốc Oai	01	Thành phố Hà Nội	01	00664	exact	00664:Xã Đại Thanh
09940	Xã Phú Mãn	Huyện Quốc Oai	01	Thành phố Hà Nội	01	09952	exact	09952:Xã Phú Cát
09943	Xã Cấn Hữu	Huyện Quốc Oai	01	Thành phố Hà Nội	01	09910	exact	09910:Xã Kiều Phú
09946	Xã Tân Hòa	Huyện Quốc Oai	01	Thành phố Hà Nội	01		not_found	
09949	Xã Hòa Thạch	Huyện Quốc Oai	01	Thành phố Hà Nội	01	09952	exact	09952:Xã Phú Cát
09952	Xã Đông Yên	Huyện Quốc Oai	01	Thành phố Hà Nội	01	09952	exact	09952:Xã Phú Cát
09955	Thị trấn Liên Quan	Huyện Thạch Thất	01	Thành phố Hà Nội	01	09955	exact	09955:Xã Thạch Thất
09958	Xã Đại Đồng	Huyện Thạch Thất	01	Thành phố Hà Nội	01	09955	exact	09955:Xã Thạch Thất
09961	Xã Cẩm Yên	Huyện Thạch Thất	01	Thành phố Hà Nội	01	09955	exact	09955:Xã Thạch Thất
09964	Xã Lại Thượng	Huyện Thạch Thất	01	Thành phố Hà Nội	01	09955	exact	09955:Xã Thạch Thất
09967	Xã Phú Kim	Huyện Thạch Thất	01	Thành phố Hà Nội	01	09955	exact	09955:Xã Thạch Thất
09970	Xã Hương Ngải	Huyện Thạch Thất	01	Thành phố Hà Nội	01	10003	exact	10003:Xã Tây Phương
09973	Xã Canh Nậu	Huyện Thạch Thất	01	Thành phố Hà Nội	01		not_found	
09976	Xã Kim Quan	Huyện Thạch Thất	01	Thành phố Hà Nội	01	09955	exact	09955:Xã Thạch Thất
09979	Xã Dị Nậu	Huyện Thạch Thất	01	Thành phố Hà Nội	01		not_found	
09982	Xã Bình Yên	Huyện Thạch Thất	01	Thành phố Hà Nội	01		split	09988:Xã Hòa Lạc|09982:Xã Hạ Bằng
09985	Xã Chàng Sơn	Huyện Thạch Thất	01	Thành phố Hà Nội	01		not_found	
09988	Xã Thạch Hoà	Huyện Thạch Thất	01	Thành phố Hà Nội	01		split	09988:Xã Hòa Lạc|09706:Xã Yên Bài|04930:Xã Yên Xuân
09991	Xã Cần Kiệm	Huyện Thạch Thất	01	Thành phố Hà Nội	01	09982	exact	09982:Xã Hạ Bằng
09994	Xã Hữu Bằng	Huyện Thạch Thất	01	Thành phố Hà Nội	01		not_found	
09997	Xã Phùng Xá	Huyện Thạch Thất	01	Thành phố Hà Nội	01	10003	exact	10003:Xã Tây Phương
10000	Xã Tân Xã	Huyện Thạch Thất	01	Thành phố Hà Nội	01	09982	exact	09982:Xã Hạ Bằng
10003	Xã Thạch Xá	Huyện Thạch Thất	01	Thành phố Hà Nội	01	10003	exact	10003:Xã Tây Phương
10006	Xã Bình Phú	Huyện Thạch Thất	01	Thành phố Hà Nội	01		not_found	
10009	Xã Hạ Bằng	Huyện Thạch Thất	01	Thành phố Hà Nội	01	09982	exact	09982:Xã Hạ Bằng
10012	Xã Đồng Trúc	Huyện Thạch Thất	01	Thành phố Hà Nội	01	09982	exact	09982:Xã Hạ Bằng
10015	Thị trấn Chúc Sơn	Huyện Chương Mỹ	01	Thành phố Hà Nội	01	10015	exact	10015:Phường Chương Mỹ
10018	Thị trấn Xuân Mai	Huyện Chương Mỹ	01	Thành phố Hà Nội	01	10045	exact	10045:Xã Xuân Mai
10021	Xã Phụng Châu	Huyện Chương Mỹ	01	Thành phố Hà Nội	01	10015	exact	10015:Phường Chương Mỹ
10024	Xã Tiên Phương	Huyện Chương Mỹ	01	Thành phố Hà Nội	01	10015	exact	10015:Phường Chương Mỹ
10027	Xã Đông Sơn	Huyện Chương Mỹ	01	Thành phố Hà Nội	01	10030	exact	10030:Xã Phú Nghĩa
10030	Xã Đông Phương Yên	Huyện Chương Mỹ	01	Thành phố Hà Nội	01	10030	exact	10030:Xã Phú Nghĩa
10033	Xã Phú Nghĩa	Huyện Chương Mỹ	01	Thành phố Hà Nội	01	10030	exact	10030:Xã Phú Nghĩa
10039	Xã Trường Yên	Huyện Chương Mỹ	01	Thành phố Hà Nội	01	10030	exact	10030:Xã Phú Nghĩa
10042	Xã Ngọc Hòa	Huyện Chương Mỹ	01	Thành phố Hà Nội	01	10015	exact	10015:Phường Chương Mỹ
10045	Xã Thủy Xuân Tiên	Huyện Chương Mỹ	01	Thành phố Hà Nội	01	10045	exact	10045:Xã Xuân Mai
10048	Xã Thanh Bình	Huyện Chương Mỹ	01	Thành phố Hà Nội	01	10030	exact	10030:Xã Phú Nghĩa
10051	Xã Trung Hòa	Huyện Chương Mỹ	01	Thành phố Hà Nội	01	10030	exact	10030:Xã Phú Nghĩa
10054	Xã Đại Yên	Huyện Chương Mỹ	01	Thành phố Hà Nội	01	10015	exact	10015:Phường Chương Mỹ
10057	Xã Thụy Hương	Huyện Chương Mỹ	01	Thành phố Hà Nội	01	10015	exact	10015:Phường Chương Mỹ
10060	Xã Tốt Động	Huyện Chương Mỹ	01	Thành phố Hà Nội	01	10072	exact	10072:Xã Quảng Bị
10063	Xã Lam Điền	Huyện Chương Mỹ	01	Thành phố Hà Nội	01		split	10072:Xã Quảng Bị|10126:Xã Bình Minh
10066	Xã Tân Tiến	Huyện Chương Mỹ	01	Thành phố Hà Nội	01		split	10081:Xã Trần Phú|10045:Xã Xuân Mai
10069	Xã Nam Phương Tiến	Huyện Chương Mỹ	01	Thành phố Hà Nội	01	10045	exact	10045:Xã Xuân Mai
10072	Xã Hợp Đồng	Huyện Chương Mỹ	01	Thành phố Hà Nội	01	10072	exact	10072:Xã Quảng Bị
10075	Xã Hoàng Văn Thụ	Huyện Chương Mỹ	01	Thành phố Hà Nội	01	10081	exact	10081:Xã Trần Phú
10078	Xã Hoàng Diệu	Huyện Chương Mỹ	01	Thành phố Hà Nội	01	10072	exact	10072:Xã Quảng Bị
10081	Xã Hữu Văn	Huyện Chương Mỹ	01	Thành phố Hà Nội	01	10081	exact	10081:Xã Trần Phú
10084	Xã Quảng Bị	Huyện Chương Mỹ	01	Thành phố Hà Nội	01	10072	exact	10072:Xã Quảng Bị
10087	Xã Mỹ Lương	Huyện Chương Mỹ	01	Thành phố Hà Nội	01	10081	exact	10081:Xã Trần Phú
10090	Xã Thượng Vực	Huyện Chương Mỹ	01	Thành phố Hà Nội	01	10096	exact	10096:Xã Hòa Phú
10093	Xã Hồng Phong	Huyện Chương Mỹ	01	Thành phố Hà Nội	01		not_found	
10096	Xã Đồng Phú	Huyện Chương Mỹ	01	Thành phố Hà Nội	01		not_found	
10099	Xã Trần Phú	Huyện Chương Mỹ	01	Thành phố Hà Nội	01	10081	exact	10081:Xã Trần Phú
10102	Xã Văn Võ	Huyện Chương Mỹ	01	Thành phố Hà Nội	01	10096	exact	10096:Xã Hòa Phú
10105	Xã Đồng Lạc	Huyện Chương Mỹ	01	Thành phố Hà Nội	01	10096	exact	10096:Xã Hòa Phú
10108	Xã Hòa Chính	Huyện Chương Mỹ	01	Thành phố Hà Nội	01		not_found	
10111	Xã Phú Nam An	Huyện Chương Mỹ	01	Thành phố Hà Nội	01		not_found	
10114	Thị trấn Kim Bài	Huyện Thanh Oai	01	Thành phố Hà Nội	01	10114	exact	10114:Xã Thanh Oai
10117	Phường Đồng Mai	Quận Hà Đông	01	Thành phố Hà Nội	01		split	10015:Phường Chương Mỹ|09562:Phường Yên Nghĩa
10120	Xã Cự Khê	Huyện Thanh Oai	01	Thành phố Hà Nội	01		split	09568:Phường Phú Lương|10126:Xã Bình Minh
10123	Phường Biên Giang	Quận Hà Đông	01	Thành phố Hà Nội	01	10015	exact	10015:Phường Chương Mỹ
10126	Xã Bích Hòa	Huyện Thanh Oai	01	Thành phố Hà Nội	01	10126	exact	10126:Xã Bình Minh
10129	Xã Mỹ Hưng	Huyện Thanh Oai	01	Thành phố Hà Nội	01	10144	exact	10144:Xã Tam Hưng
10132	Xã Cao Viên	Huyện Thanh Oai	01	Thành phố Hà Nội	01	10126	exact	10126:Xã Bình Minh
10135	Xã Bình Minh	Huyện Thanh Oai	01	Thành phố Hà Nội	01	10126	exact	10126:Xã Bình Minh
10138	Xã Tam Hưng	Huyện Thanh Oai	01	Thành phố Hà Nội	01	10144	exact	10144:Xã Tam Hưng
10141	Xã Thanh Cao	Huyện Thanh Oai	01	Thành phố Hà Nội	01	10126	exact	10126:Xã Bình Minh
10144	Xã Thanh Thùy	Huyện Thanh Oai	01	Thành phố Hà Nội	01	10144	exact	10144:Xã Tam Hưng
10147	Xã Thanh Mai	Huyện Thanh Oai	01	Thành phố Hà Nội	01	10114	exact	10114:Xã Thanh Oai
10150	Xã Thanh Văn	Huyện Thanh Oai	01	Thành phố Hà Nội	01	10144	exact	10144:Xã Tam Hưng
10153	Xã Đỗ Động	Huyện Thanh Oai	01	Thành phố Hà Nội	01	10114	exact	10114:Xã Thanh Oai
10156	Xã Kim An	Huyện Thanh Oai	01	Thành phố Hà Nội	01	10114	exact	10114:Xã Thanh Oai
10159	Xã Kim Thư	Huyện Thanh Oai	01	Thành phố Hà Nội	01	10096	partial	10096:Xã Hòa Phú
10162	Xã Phương Trung	Huyện Thanh Oai	01	Thành phố Hà Nội	01	10114	exact	10114:Xã Thanh Oai
10165	Xã Tân Ước	Huyện Thanh Oai	01	Thành phố Hà Nội	01	10180	exact	10180:Xã Dân Hòa
10168	Xã Dân Hòa	Huyện Thanh Oai	01	Thành phố Hà Nội	01	10180	exact	10180:Xã Dân Hòa
10171	Xã Liên Châu	Huyện Thanh Oai	01	Thành phố Hà Nội	01	10180	exact	10180:Xã Dân Hòa
10174	Xã Cao Dương	Huyện Thanh Oai	01	Thành phố Hà Nội	01		not_found	
10177	Xã Xuân Dương	Huyện Thanh Oai	01	Thành phố Hà Nội	01		not_found	
10180	Xã Hồng Dương	Huyện Thanh Oai	01	Thành phố Hà Nội	01	10180	exact	10180:Xã Dân Hòa
10183	Thị trấn Thường Tín	Huyện Thường Tín	01	Thành phố Hà Nội	01	10183	exact	10183:Xã Thường Tín
10186	Xã Ninh Sở	Huyện Thường Tín	01	Thành phố Hà Nội	01		split	10210:Xã Hồng Vân|00685:Xã Nam Phù
10189	Xã Nhị Khê	Huyện Thường Tín	01	Thành phố Hà Nội	01	10183	exact	10183:Xã Thường Tín
10192	Xã Duyên Thái	Huyện Thường Tín	01	Thành phố Hà Nội	01		split	00679:Xã Ngọc Hồi|10210:Xã Hồng Vân|00685:Xã Nam Phù
10195	Xã Khánh Hà	Huyện Thường Tín	01	Thành phố Hà Nội	01	00679	exact	00679:Xã Ngọc Hồi
10198	Xã Hòa Bình	Huyện Thường Tín	01	Thành phố Hà Nội	01	10183	exact	10183:Xã Thường Tín
10201	Xã Văn Bình	Huyện Thường Tín	01	Thành phố Hà Nội	01	10183	exact	10183:Xã Thường Tín
10204	Xã Hiền Giang	Huyện Thường Tín	01	Thành phố Hà Nội	01	10183	exact	10183:Xã Thường Tín
10207	Xã Hồng Vân	Huyện Thường Tín	01	Thành phố Hà Nội	01	10210	exact	10210:Xã Hồng Vân
10210	Xã Vân Tảo	Huyện Thường Tín	01	Thành phố Hà Nội	01	10210	exact	10210:Xã Hồng Vân
10213	Xã Liên Phương	Huyện Thường Tín	01	Thành phố Hà Nội	01	10210	exact	10210:Xã Hồng Vân
10216	Xã Văn Phú	Huyện Thường Tín	01	Thành phố Hà Nội	01	10183	exact	10183:Xã Thường Tín
10219	Xã Tự Nhiên	Huyện Thường Tín	01	Thành phố Hà Nội	01	10237	exact	10237:Xã Chương Dương
10222	Xã Tiền Phong	Huyện Thường Tín	01	Thành phố Hà Nội	01	10183	exact	10183:Xã Thường Tín
10225	Xã Hà Hồi	Huyện Thường Tín	01	Thành phố Hà Nội	01	10210	exact	10210:Xã Hồng Vân
10228	Xã Thư Phú	Huyện Thường Tín	01	Thành phố Hà Nội	01		not_found	
10231	Xã Nguyễn Trãi	Huyện Thường Tín	01	Thành phố Hà Nội	01	10231	exact	10231:Xã Thượng Phúc
10234	Xã Quất Động	Huyện Thường Tín	01	Thành phố Hà Nội	01	10231	exact	10231:Xã Thượng Phúc
10237	Xã Chương Dương	Huyện Thường Tín	01	Thành phố Hà Nội	01	10237	exact	10237:Xã Chương Dương
10240	Xã Tân Minh	Huyện Thường Tín	01	Thành phố Hà Nội	01	10231	exact	10231:Xã Thượng Phúc
10243	Xã Lê Lợi	Huyện Thường Tín	01	Thành phố Hà Nội	01	10237	exact	10237:Xã Chương Dương
10246	Xã Thắng Lợi	Huyện Thường Tín	01	Thành phố Hà Nội	01	10237	exact	10237:Xã Chương Dương
10249	Xã Dũng Tiến	Huyện Thường Tín	01	Thành phố Hà Nội	01	10231	exact	10231:Xã Thượng Phúc
10252	Xã Thống Nhất	Huyện Thường Tín	01	Thành phố Hà Nội	01		not_found	
10255	Xã Nghiêm Xuyên	Huyện Thường Tín	01	Thành phố Hà Nội	01	10231	exact	10231:Xã Thượng Phúc
10258	Xã Tô Hiệu	Huyện Thường Tín	01	Thành phố Hà Nội	01		split	10273:Xã Phú Xuyên|10237:Xã Chương Dương
10261	Xã Văn Tự	Huyện Thường Tín	01	Thành phố Hà Nội	01		split	10273:Xã Phú Xuyên|10330:Xã Chuyên Mỹ
10264	Xã Vạn Điểm	Huyện Thường Tín	01	Thành phố Hà Nội	01		not_found	
10267	Xã Minh Cường	Huyện Thường Tín	01	Thành phố Hà Nội	01	10273	exact	10273:Xã Phú Xuyên
10270	Thị trấn Phú Minh	Huyện Phú Xuyên	01	Thành phố Hà Nội	01	10273	exact	10273:Xã Phú Xuyên
10273	Thị trấn Phú Xuyên	Huyện Phú Xuyên	01	Thành phố Hà Nội	01	10273	exact	10273:Xã Phú Xuyên
10276	Xã Hồng Minh	Huyện Phú Xuyên	01	Thành phố Hà Nội	01	10279	exact	10279:Xã Phượng Dực
10279	Xã Phượng Dực	Huyện Phú Xuyên	01	Thành phố Hà Nội	01	10279	exact	10279:Xã Phượng Dực
10282	Xã Nam Tiến	Huyện Phú Xuyên	01	Thành phố Hà Nội	01	10273	exact	10273:Xã Phú Xuyên
10288	Xã Tri Trung	Huyện Phú Xuyên	01	Thành phố Hà Nội	01		not_found	
10291	Xã Đại Thắng	Huyện Phú Xuyên	01	Thành phố Hà Nội	01		not_found	
10294	Xã Phú Túc	Huyện Phú Xuyên	01	Thành phố Hà Nội	01	10279	exact	10279:Xã Phượng Dực
10297	Xã Văn Hoàng	Huyện Phú Xuyên	01	Thành phố Hà Nội	01	10279	exact	10279:Xã Phượng Dực
10300	Xã Hồng Thái	Huyện Phú Xuyên	01	Thành phố Hà Nội	01	10273	exact	10273:Xã Phú Xuyên
10303	Xã Hoàng Long	Huyện Phú Xuyên	01	Thành phố Hà Nội	01	10279	exact	10279:Xã Phượng Dực
10306	Xã Quang Trung	Huyện Phú Xuyên	01	Thành phố Hà Nội	01		split	10003:Xã Tây Phương|09910:Xã Kiều Phú
10309	Xã Nam Phong	Huyện Phú Xuyên	01	Thành phố Hà Nội	01	10273	exact	10273:Xã Phú Xuyên
10312	Xã Nam Triều	Huyện Phú Xuyên	01	Thành phố Hà Nội	01		not_found	
10315	Xã Tân Dân	Huyện Phú Xuyên	01	Thành phố Hà Nội	01	10330	exact	10330:Xã Chuyên Mỹ
10318	Xã Sơn Hà	Huyện Phú Xuyên	01	Thành phố Hà Nội	01		not_found	
10321	Xã Chuyên Mỹ	Huyện Phú Xuyên	01	Thành phố Hà Nội	01	10330	exact	10330:Xã Chuyên Mỹ
10324	Xã Khai Thái	Huyện Phú Xuyên	01	Thành phố Hà Nội	01	10342	exact	10342:Xã Đại Xuyên
10327	Xã Phúc Tiến	Huyện Phú Xuyên	01	Thành phố Hà Nội	01	10342	exact	10342:Xã Đại Xuyên
10330	Xã Vân Từ	Huyện Phú Xuyên	01	Thành phố Hà Nội	01		split	10273:Xã Phú Xuyên|10330:Xã Chuyên Mỹ
10333	Xã Tri Thủy	Huyện Phú Xuyên	01	Thành phố Hà Nội	01	10342	exact	10342:Xã Đại Xuyên
10336	Xã Đại Xuyên	Huyện Phú Xuyên	01	Thành phố Hà Nội	01	10342	exact	10342:Xã Đại Xuyên
10339	Xã Phú Yên	Huyện Phú Xuyên	01	Thành phố Hà Nội	01	10330	exact	10330:Xã Chuyên Mỹ
10342	Xã Bạch Hạ	Huyện Phú Xuyên	01	Thành phố Hà Nội	01	10342	exact	10342:Xã Đại Xuyên
10345	Xã Quang Lãng	Huyện Phú Xuyên	01	Thành phố Hà Nội	01	10342	exact	10342:Xã Đại Xuyên
10348	Xã Châu Can	Huyện Phú Xuyên	01	Thành phố Hà Nội	01	10330	exact	10330:Xã Chuyên Mỹ
10351	Xã Minh Tân	Huyện Phú Xuyên	01	Thành phố Hà Nội	01	10342	exact	10342:Xã Đại Xuyên
10354	Thị trấn Vân Đình	Huyện Ứng Hòa	01	Thành phố Hà Nội	01	10354	exact	10354:Xã Vân Đình
10357	Xã Viên An	Huyện Ứng Hòa	01	Thành phố Hà Nội	01		not_found	
10360	Xã Viên Nội	Huyện Ứng Hòa	01	Thành phố Hà Nội	01		not_found	
10363	Xã Hoa Sơn	Huyện Ứng Hòa	01	Thành phố Hà Nội	01		not_found	
10366	Xã Quảng Phú Cầu	Huyện Ứng Hòa	01	Thành phố Hà Nội	01	10369	exact	10369:Xã Ứng Thiên
10369	Xã Trường Thịnh	Huyện Ứng Hòa	01	Thành phố Hà Nội	01	10369	exact	10369:Xã Ứng Thiên
10372	Xã Cao Thành	Huyện Ứng Hòa	01	Thành phố Hà Nội	01		not_found	
10375	Xã Liên Bạt	Huyện Ứng Hòa	01	Thành phố Hà Nội	01	10369	exact	10369:Xã Ứng Thiên
10378	Xã Sơn Công	Huyện Ứng Hòa	01	Thành phố Hà Nội	01		not_found	
10381	Xã Đồng Tiến	Huyện Ứng Hòa	01	Thành phố Hà Nội	01		not_found	
10384	Xã Phương Tú	Huyện Ứng Hòa	01	Thành phố Hà Nội	01	10354	exact	10354:Xã Vân Đình
10387	Xã Trung Tú	Huyện Ứng Hòa	01	Thành phố Hà Nội	01	10402	exact	10402:Xã Ứng Hòa
10390	Xã Đồng Tân	Huyện Ứng Hòa	01	Thành phố Hà Nội	01	10402	exact	10402:Xã Ứng Hòa
10393	Xã Tảo Dương Văn	Huyện Ứng Hòa	01	Thành phố Hà Nội	01	10354	exact	10354:Xã Vân Đình
10396	Xã Vạn Thái	Huyện Ứng Hòa	01	Thành phố Hà Nội	01		not_found	
10399	Xã Minh Đức	Huyện Ứng Hòa	01	Thành phố Hà Nội	01	10402	exact	10402:Xã Ứng Hòa
10402	Xã Hòa Lâm	Huyện Ứng Hòa	01	Thành phố Hà Nội	01		not_found	
10405	Xã Hòa Xá	Huyện Ứng Hòa	01	Thành phố Hà Nội	01	10417	exact	10417:Xã Hòa Xá
10408	Xã Trầm Lộng	Huyện Ứng Hòa	01	Thành phố Hà Nội	01	10402	exact	10402:Xã Ứng Hòa
10411	Xã Kim Đường	Huyện Ứng Hòa	01	Thành phố Hà Nội	01	10402	exact	10402:Xã Ứng Hòa
10414	Xã Hòa Nam	Huyện Ứng Hòa	01	Thành phố Hà Nội	01		not_found	
10417	Xã Hòa Phú	Huyện Ứng Hòa	01	Thành phố Hà Nội	01		split	10417:Xã Hòa Xá|10096:Xã Hòa Phú
10420	Xã Đội Bình	Huyện Ứng Hòa	01	Thành phố Hà Nội	01		not_found	
10423	Xã Đại Hùng	Huyện Ứng Hòa	01	Thành phố Hà Nội	01		split	10402:Xã Ứng Hòa|10441:Xã Mỹ Đức
10426	Xã Đông Lỗ	Huyện Ứng Hòa	01	Thành phố Hà Nội	01	10402	exact	10402:Xã Ứng Hòa
10429	Xã Phù Lưu	Huyện Ứng Hòa	01	Thành phố Hà Nội	01	10417	exact	10417:Xã Hòa Xá
10432	Xã Đại Cường	Huyện Ứng Hòa	01	Thành phố Hà Nội	01	10402	exact	10402:Xã Ứng Hòa
10435	Xã Lưu Hoàng	Huyện Ứng Hòa	01	Thành phố Hà Nội	01		not_found	
10438	Xã Hồng Quang	Huyện Ứng Hòa	01	Thành phố Hà Nội	01		not_found	
10441	Thị trấn Đại Nghĩa	Huyện Mỹ Đức	01	Thành phố Hà Nội	01	10441	exact	10441:Xã Mỹ Đức
10444	Xã Đồng Tâm	Huyện Mỹ Đức	01	Thành phố Hà Nội	01		split	10459:Xã Phúc Sơn|10081:Xã Trần Phú
10447	Xã Thượng Lâm	Huyện Mỹ Đức	01	Thành phố Hà Nội	01	10459	exact	10459:Xã Phúc Sơn
10450	Xã Tuy Lai	Huyện Mỹ Đức	01	Thành phố Hà Nội	01	10459	exact	10459:Xã Phúc Sơn
10453	Xã Phúc Lâm	Huyện Mỹ Đức	01	Thành phố Hà Nội	01	10459	exact	10459:Xã Phúc Sơn
10456	Xã Mỹ Thành	Huyện Mỹ Đức	01	Thành phố Hà Nội	01		not_found	
10459	Xã Bột Xuyên	Huyện Mỹ Đức	01	Thành phố Hà Nội	01		not_found	
10462	Xã An Mỹ	Huyện Mỹ Đức	01	Thành phố Hà Nội	01	10465	exact	10465:Xã Hồng Sơn
10465	Xã Hồng Sơn	Huyện Mỹ Đức	01	Thành phố Hà Nội	01	10465	exact	10465:Xã Hồng Sơn
10468	Xã Lê Thanh	Huyện Mỹ Đức	01	Thành phố Hà Nội	01	10465	exact	10465:Xã Hồng Sơn
10471	Xã Xuy Xá	Huyện Mỹ Đức	01	Thành phố Hà Nội	01	10465	exact	10465:Xã Hồng Sơn
10474	Xã Phùng Xá	Huyện Mỹ Đức	01	Thành phố Hà Nội	01	10465	exact	10465:Xã Hồng Sơn
10477	Xã Phù Lưu Tế	Huyện Mỹ Đức	01	Thành phố Hà Nội	01	10441	exact	10441:Xã Mỹ Đức
10480	Xã Đại Hưng	Huyện Mỹ Đức	01	Thành phố Hà Nội	01		split	10402:Xã Ứng Hòa|10441:Xã Mỹ Đức
10483	Xã Vạn Kim	Huyện Mỹ Đức	01	Thành phố Hà Nội	01		not_found	
10486	Xã Đốc Tín	Huyện Mỹ Đức	01	Thành phố Hà Nội	01		not_found	
10489	Xã Hương Sơn	Huyện Mỹ Đức	01	Thành phố Hà Nội	01	10489	exact	10489:Xã Hương Sơn
10492	Xã Hùng Tiến	Huyện Mỹ Đức	01	Thành phố Hà Nội	01	10489	exact	10489:Xã Hương Sơn
10495	Xã An Tiến	Huyện Mỹ Đức	01	Thành phố Hà Nội	01	10489	exact	10489:Xã Hương Sơn
10498	Xã Hợp Tiến	Huyện Mỹ Đức	01	Thành phố Hà Nội	01	10465	exact	10465:Xã Hồng Sơn
10501	Xã Hợp Thanh	Huyện Mỹ Đức	01	Thành phố Hà Nội	01	10441	exact	10441:Xã Mỹ Đức
10504	Xã An Phú	Huyện Mỹ Đức	01	Thành phố Hà Nội	01	10441	exact	10441:Xã Mỹ Đức
10507	Phường Cẩm Thượng	Thành phố Hải Dương	30	Tỉnh Hải Dương	31	10507	exact	10507:Phường Thành Đông
10510	Phường Bình Hàn	Thành phố Hải Dương	30	Tỉnh Hải Dương	31	10507	exact	10507:Phường Thành Đông
10513	Phường Ngọc Châu	Thành phố Hải Dương	30	Tỉnh Hải Dương	31	10525	exact	10525:Phường Hải Dương
10514	Phường Nhị Châu	Thành phố Hải Dương	30	Tỉnh Hải Dương	31	10525	exact	10525:Phường Hải Dương
10516	Phường Quang Trung	Thành phố Hải Dương	30	Tỉnh Hải Dương	31	10525	exact	10525:Phường Hải Dương
10519	Phường Nguyễn Trãi	Thành phố Hải Dương	30	Tỉnh Hải Dương	31	10507	exact	10507:Phường Thành Đông
10522	Phường Phạm Ngũ Lão	Thành phố Hải Dương	30	Tỉnh Hải Dương	31	11473	exact	11473:Phường Bạch Đằng
10525	Phường Trần Hưng Đạo	Thành phố Hải Dương	30	Tỉnh Hải Dương	31	10525	exact	10525:Phường Hải Dương
10528	Phường Trần Phú	Thành phố Hải Dương	30	Tỉnh Hải Dương	31		split	10537:Phường Tân Hưng|10532:Phường Lê Thanh Nghị
10531	Phường Thanh Bình	Thành phố Hải Dương	30	Tỉnh Hải Dương	31	10532	exact	10532:Phường Lê Thanh Nghị
10532	Phường Tân Bình	Thành phố Hải Dương	30	Tỉnh Hải Dương	31	10532	exact	10532:Phường Lê Thanh Nghị
10534	Phường Lê Thanh Nghị	Thành phố Hải Dương	30	Tỉnh Hải Dương	31	10532	exact	10532:Phường Lê Thanh Nghị
10537	Phường Hải Tân	Thành phố Hải Dương	30	Tỉnh Hải Dương	31	10537	exact	10537:Phường Tân Hưng
10540	Phường Tứ Minh	Thành phố Hải Dương	30	Tỉnh Hải Dương	31		split	10891:Phường Tứ Minh|10543:Phường Việt Hòa
10543	Phường Việt Hoà	Thành phố Hải Dương	30	Tỉnh Hải Dương	31	10543	exact	10543:Phường Việt Hòa
10546	Phường Phả Lại	Thành phố Chí Linh	30	Tỉnh Hải Dương	31	10546	exact	10546:Phường Chí Linh
10549	Phường Sao Đỏ	Thành phố Chí Linh	30	Tỉnh Hải Dương	31	10549	exact	10549:Phường Chu Văn An
10552	Phường Bến Tắm	Thành phố Chí Linh	30	Tỉnh Hải Dương	31	10552	exact	10552:Phường Nguyễn Trãi
10555	Xã Hoàng Hoa Thám	Thành phố Chí Linh	30	Tỉnh Hải Dương	31	10552	exact	10552:Phường Nguyễn Trãi
10558	Xã Bắc An	Thành phố Chí Linh	30	Tỉnh Hải Dương	31	10552	exact	10552:Phường Nguyễn Trãi
10561	Xã Hưng Đạo	Thành phố Chí Linh	30	Tỉnh Hải Dương	31	10570	exact	10570:Phường Trần Hưng Đạo
10564	Xã Lê Lợi	Thành phố Chí Linh	30	Tỉnh Hải Dương	31		split	10999:Xã Gia Lộc|11020:Xã Yết Kiêu|10570:Phường Trần Hưng Đạo
10567	Phường Hoàng Tiến	Thành phố Chí Linh	30	Tỉnh Hải Dương	31	10573	exact	10573:Phường Trần Nhân Tông
10570	Phường Cộng Hoà	Thành phố Chí Linh	30	Tỉnh Hải Dương	31		split	10570:Phường Trần Hưng Đạo|10549:Phường Chu Văn An
10573	Phường Hoàng Tân	Thành phố Chí Linh	30	Tỉnh Hải Dương	31	10573	exact	10573:Phường Trần Nhân Tông
10576	Phường Cổ Thành	Thành phố Chí Linh	30	Tỉnh Hải Dương	31	10546	exact	10546:Phường Chí Linh
10579	Phường Văn An	Thành phố Chí Linh	30	Tỉnh Hải Dương	31	10549	exact	10549:Phường Chu Văn An
10582	Phường Chí Minh	Thành phố Chí Linh	30	Tỉnh Hải Dương	31	10549	exact	10549:Phường Chu Văn An
10585	Phường Văn Đức	Thành phố Chí Linh	30	Tỉnh Hải Dương	31		split	10573:Phường Trần Nhân Tông|10678:Phường Bắc An Phụ|10549:Phường Chu Văn An
10588	Phường Thái Học	Thành phố Chí Linh	30	Tỉnh Hải Dương	31	10549	exact	10549:Phường Chu Văn An
10591	Xã Nhân Huệ	Thành phố Chí Linh	30	Tỉnh Hải Dương	31	10546	exact	10546:Phường Chí Linh
10594	Phường An Lạc	Thành phố Chí Linh	30	Tỉnh Hải Dương	31	10603	exact	10603:Phường Lê Đại Hành
10600	Phường Đồng Lạc	Thành phố Chí Linh	30	Tỉnh Hải Dương	31	10603	exact	10603:Phường Lê Đại Hành
10603	Phường Tân Dân	Thành phố Chí Linh	30	Tỉnh Hải Dương	31	10603	exact	10603:Phường Lê Đại Hành
10606	Thị trấn Nam Sách	Huyện Nam Sách	30	Tỉnh Hải Dương	31	10606	exact	10606:Xã Nam Sách
10609	Xã Nam Hưng	Huyện Nam Sách	30	Tỉnh Hải Dương	31	10615	exact	10615:Xã Hợp Tiến
10612	Xã Nam Tân	Huyện Nam Sách	30	Tỉnh Hải Dương	31	10615	exact	10615:Xã Hợp Tiến
10615	Xã Hợp Tiến	Huyện Nam Sách	30	Tỉnh Hải Dương	31	10615	exact	10615:Xã Hợp Tiến
10618	Xã Hiệp Cát	Huyện Nam Sách	30	Tỉnh Hải Dương	31	10633	exact	10633:Xã Trần Phú
10621	Xã Thanh Quang	Huyện Nam Sách	30	Tỉnh Hải Dương	31	10882	exact	10882:Xã Hà Đông
10624	Xã Quốc Tuấn	Huyện Nam Sách	30	Tỉnh Hải Dương	31	10633	exact	10633:Xã Trần Phú
10627	Xã Nam Chính	Huyện Nam Sách	30	Tỉnh Hải Dương	31		not_found	
10630	Xã An Bình	Huyện Nam Sách	30	Tỉnh Hải Dương	31	10645	exact	10645:Xã An Phú
10633	Xã Nam Trung	Huyện Nam Sách	30	Tỉnh Hải Dương	31		not_found	
10636	Xã An Sơn	Huyện Nam Sách	30	Tỉnh Hải Dương	31	10642	exact	10642:Xã Thái Tân
10639	Xã Cộng Hòa	Huyện Nam Sách	30	Tỉnh Hải Dương	31		split	10756:Xã Lai Khê|10705:Xã Nam An Phụ|10645:Xã An Phú
10642	Xã Thái Tân	Huyện Nam Sách	30	Tỉnh Hải Dương	31	10642	exact	10642:Xã Thái Tân
10645	Xã An Lâm	Huyện Nam Sách	30	Tỉnh Hải Dương	31		not_found	
10648	Xã Phú Điền	Huyện Nam Sách	30	Tỉnh Hải Dương	31		not_found	
10651	Xã Nam Hồng	Huyện Nam Sách	30	Tỉnh Hải Dương	31		not_found	
10654	Xã Hồng Phong	Huyện Nam Sách	30	Tỉnh Hải Dương	31	10606	exact	10606:Xã Nam Sách
10657	Xã Đồng Lạc	Huyện Nam Sách	30	Tỉnh Hải Dương	31	10606	exact	10606:Xã Nam Sách
10660	Phường Ái Quốc	Thành phố Hải Dương	30	Tỉnh Hải Dương	31	10660	exact	10660:Phường Ái Quốc
10663	Xã An Thượng	Thành phố Hải Dương	30	Tỉnh Hải Dương	31	10507	exact	10507:Phường Thành Đông
10666	Xã Minh Tân	Huyện Nam Sách	30	Tỉnh Hải Dương	31	10642	exact	10642:Xã Thái Tân
10672	Phường Nam Đồng	Thành phố Hải Dương	30	Tỉnh Hải Dương	31	10837	exact	10837:Phường Nam Đồng
10675	Phường An Lưu	Thị xã Kinh Môn	30	Tỉnh Hải Dương	31	10675	exact	10675:Phường Kinh Môn
10678	Xã Bạch Đằng	Thị xã Kinh Môn	30	Tỉnh Hải Dương	31	10678	exact	10678:Phường Bắc An Phụ
10681	Phường Thất Hùng	Thị xã Kinh Môn	30	Tỉnh Hải Dương	31	10678	exact	10678:Phường Bắc An Phụ
10684	Xã Lê Ninh	Thị xã Kinh Môn	30	Tỉnh Hải Dương	31	10678	exact	10678:Phường Bắc An Phụ
10687	Xã Hoành Sơn	Thị xã Kinh Môn	30	Tỉnh Hải Dương	31		not_found	
10693	Phường Phạm Thái	Thị xã Kinh Môn	30	Tỉnh Hải Dương	31	10726	exact	10726:Phường Phạm Sư Mạnh
10696	Phường Duy Tân	Thị xã Kinh Môn	30	Tỉnh Hải Dương	31	10714	exact	10714:Phường Nhị Chiểu
10699	Phường Tân Dân	Thị xã Kinh Môn	30	Tỉnh Hải Dương	31	10714	exact	10714:Phường Nhị Chiểu
10702	Phường Minh Tân	Thị xã Kinh Môn	30	Tỉnh Hải Dương	31	10714	exact	10714:Phường Nhị Chiểu
10705	Xã Quang Thành	Thị xã Kinh Môn	30	Tỉnh Hải Dương	31	10705	exact	10705:Xã Nam An Phụ
10708	Xã Hiệp Hòa	Thị xã Kinh Môn	30	Tỉnh Hải Dương	31	10729	exact	10729:Phường Trần Liễu
10714	Phường Phú Thứ	Thị xã Kinh Môn	30	Tỉnh Hải Dương	31	10714	exact	10714:Phường Nhị Chiểu
10717	Xã Thăng Long	Thị xã Kinh Môn	30	Tỉnh Hải Dương	31	10705	exact	10705:Xã Nam An Phụ
10720	Xã Lạc Long	Thị xã Kinh Môn	30	Tỉnh Hải Dương	31	10705	exact	10705:Xã Nam An Phụ
10723	Phường An Sinh	Thị xã Kinh Môn	30	Tỉnh Hải Dương	31	10726	exact	10726:Phường Phạm Sư Mạnh
10726	Phường Hiệp Sơn	Thị xã Kinh Môn	30	Tỉnh Hải Dương	31	10726	exact	10726:Phường Phạm Sư Mạnh
10729	Xã Thượng Quận	Thị xã Kinh Môn	30	Tỉnh Hải Dương	31		split	10729:Phường Trần Liễu|10750:Xã Phú Thái
10732	Phường An Phụ	Thị xã Kinh Môn	30	Tỉnh Hải Dương	31	10729	exact	10729:Phường Trần Liễu
10735	Phường Hiệp An	Thị xã Kinh Môn	30	Tỉnh Hải Dương	31	10675	exact	10675:Phường Kinh Môn
10738	Phường Long Xuyên	Thị xã Kinh Môn	30	Tỉnh Hải Dương	31	10675	exact	10675:Phường Kinh Môn
10741	Phường Thái Thịnh	Thị xã Kinh Môn	30	Tỉnh Hải Dương	31	10744	exact	10744:Phường Nguyễn Đại Năng
10744	Phường Hiến Thành	Thị xã Kinh Môn	30	Tỉnh Hải Dương	31	10744	exact	10744:Phường Nguyễn Đại Năng
10747	Xã Minh Hòa	Thị xã Kinh Môn	30	Tỉnh Hải Dương	31	10744	exact	10744:Phường Nguyễn Đại Năng
10750	Thị trấn Phú Thái	Huyện Kim Thành	30	Tỉnh Hải Dương	31	10750	exact	10750:Xã Phú Thái
10753	Xã Lai Vu	Huyện Kim Thành	30	Tỉnh Hải Dương	31		not_found	
10756	Xã Cộng Hòa	Huyện Kim Thành	30	Tỉnh Hải Dương	31		split	10756:Xã Lai Khê|10705:Xã Nam An Phụ|10645:Xã An Phú
10759	Xã Thượng Vũ	Huyện Kim Thành	30	Tỉnh Hải Dương	31		not_found	
10762	Xã Cổ Dũng	Huyện Kim Thành	30	Tỉnh Hải Dương	31		not_found	
10768	Xã Tuấn Việt	Huyện Kim Thành	30	Tỉnh Hải Dương	31		split	10756:Xã Lai Khê|10705:Xã Nam An Phụ
10771	Xã Kim Xuyên	Huyện Kim Thành	30	Tỉnh Hải Dương	31	10750	exact	10750:Xã Phú Thái
10774	Xã Phúc Thành A	Huyện Kim Thành	30	Tỉnh Hải Dương	31		not_found	
10777	Xã Ngũ Phúc	Huyện Kim Thành	30	Tỉnh Hải Dương	31	10792	exact	10792:Xã An Thành
10780	Xã Kim Anh	Huyện Kim Thành	30	Tỉnh Hải Dương	31	10750	exact	10750:Xã Phú Thái
10783	Xã Kim Liên	Huyện Kim Thành	30	Tỉnh Hải Dương	31	10750	exact	10750:Xã Phú Thái
10786	Xã Kim Tân	Huyện Kim Thành	30	Tỉnh Hải Dương	31	10792	exact	10792:Xã An Thành
10792	Xã Kim Đính	Huyện Kim Thành	30	Tỉnh Hải Dương	31	10792	exact	10792:Xã An Thành
10798	Xã Bình Dân	Huyện Kim Thành	30	Tỉnh Hải Dương	31		not_found	
10801	Xã Tam Kỳ	Huyện Kim Thành	30	Tỉnh Hải Dương	31	10804	exact	10804:Xã Kim Thành
10804	Xã Đồng Cẩm	Huyện Kim Thành	30	Tỉnh Hải Dương	31	10804	exact	10804:Xã Kim Thành
10807	Xã Liên Hòa	Huyện Kim Thành	30	Tỉnh Hải Dương	31		not_found	
10810	Xã Đại Đức	Huyện Kim Thành	30	Tỉnh Hải Dương	31	10804	exact	10804:Xã Kim Thành
10813	Thị trấn Thanh Hà	Huyện Thanh Hà	30	Tỉnh Hải Dương	31	10813	exact	10813:Xã Thanh Hà
10816	Xã Hồng Lạc	Huyện Thanh Hà	30	Tỉnh Hải Dương	31		split	10816:Xã Hà Bắc|10660:Phường Ái Quốc
10819	Xã Việt Hồng	Huyện Thanh Hà	30	Tỉnh Hải Dương	31		not_found	
10822	Xã Quyết Thắng	Thành phố Hải Dương	30	Tỉnh Hải Dương	31	10660	exact	10660:Phường Ái Quốc
10825	Xã Tân Việt	Huyện Thanh Hà	30	Tỉnh Hải Dương	31	10816	exact	10816:Xã Hà Bắc
10828	Xã Cẩm Chế	Huyện Thanh Hà	30	Tỉnh Hải Dương	31		not_found	
10831	Xã Thanh An	Huyện Thanh Hà	30	Tỉnh Hải Dương	31		split	10756:Xã Lai Khê|10843:Xã Hà Nam
10834	Xã Thanh Lang	Huyện Thanh Hà	30	Tỉnh Hải Dương	31	10843	exact	10843:Xã Hà Nam
10837	Xã Tiền Tiến	Thành phố Hải Dương	30	Tỉnh Hải Dương	31	10837	exact	10837:Phường Nam Đồng
10840	Xã Tân An	Huyện Thanh Hà	30	Tỉnh Hải Dương	31	10846	exact	10846:Xã Hà Tây
10843	Xã Liên Mạc	Huyện Thanh Hà	30	Tỉnh Hải Dương	31	10843	exact	10843:Xã Hà Nam
10846	Xã Thanh Hải	Huyện Thanh Hà	30	Tỉnh Hải Dương	31		split	11086:Xã Đại Sơn|10846:Xã Hà Tây
10849	Xã Thanh Khê	Huyện Thanh Hà	30	Tỉnh Hải Dương	31		not_found	
10852	Xã Thanh Xá	Huyện Thanh Hà	30	Tỉnh Hải Dương	31		not_found	
10855	Xã Thanh Xuân	Huyện Thanh Hà	30	Tỉnh Hải Dương	31	10843	exact	10843:Xã Hà Nam
10861	Xã Thanh Thủy	Huyện Thanh Hà	30	Tỉnh Hải Dương	31		not_found	
10864	Xã An Phượng	Huyện Thanh Hà	30	Tỉnh Hải Dương	31	10846	exact	10846:Xã Hà Tây
10867	Xã Thanh Sơn	Huyện Thanh Hà	30	Tỉnh Hải Dương	31	10813	exact	10813:Xã Thanh Hà
10876	Xã Thanh Quang	Huyện Thanh Hà	30	Tỉnh Hải Dương	31	10882	exact	10882:Xã Hà Đông
10879	Xã Thanh Hồng	Huyện Thanh Hà	30	Tỉnh Hải Dương	31	10882	exact	10882:Xã Hà Đông
10882	Xã Thanh Cường	Huyện Thanh Hà	30	Tỉnh Hải Dương	31		not_found	
10885	Xã Vĩnh Lập	Huyện Thanh Hà	30	Tỉnh Hải Dương	31		not_found	
10888	Thị trấn Cẩm Giang	Huyện Cẩm Giàng	30	Tỉnh Hải Dương	31	10888	exact	10888:Xã Cẩm Giang
10891	Thị trấn Lai Cách	Huyện Cẩm Giàng	30	Tỉnh Hải Dương	31		split	10891:Phường Tứ Minh|10543:Phường Việt Hòa
10894	Xã Cẩm Hưng	Huyện Cẩm Giàng	30	Tỉnh Hải Dương	31	10903	exact	10903:Xã Cẩm Giàng
10897	Xã Cẩm Hoàng	Huyện Cẩm Giàng	30	Tỉnh Hải Dương	31	10888	exact	10888:Xã Cẩm Giang
10900	Xã Cẩm Văn	Huyện Cẩm Giàng	30	Tỉnh Hải Dương	31	10909	exact	10909:Xã Tuệ Tĩnh
10903	Xã Ngọc Liên	Huyện Cẩm Giàng	30	Tỉnh Hải Dương	31	10903	exact	10903:Xã Cẩm Giàng
10906	Xã Thạch Lỗi	Huyện Cẩm Giàng	30	Tỉnh Hải Dương	31		not_found	
10909	Xã Cẩm Vũ	Huyện Cẩm Giàng	30	Tỉnh Hải Dương	31	10909	exact	10909:Xã Tuệ Tĩnh
10912	Xã Đức Chính	Huyện Cẩm Giàng	30	Tỉnh Hải Dương	31	10909	exact	10909:Xã Tuệ Tĩnh
10918	Xã Định Sơn	Huyện Cẩm Giàng	30	Tỉnh Hải Dương	31	10888	exact	10888:Xã Cẩm Giang
10924	Xã Lương Điền	Huyện Cẩm Giàng	30	Tỉnh Hải Dương	31	10903	exact	10903:Xã Cẩm Giàng
10927	Xã Cao An	Huyện Cẩm Giàng	30	Tỉnh Hải Dương	31	10543	exact	10543:Phường Việt Hòa
10930	Xã Tân Trường	Huyện Cẩm Giàng	30	Tỉnh Hải Dương	31	10930	exact	10930:Xã Mao Điền
10933	Xã Cẩm Phúc	Huyện Cẩm Giàng	30	Tỉnh Hải Dương	31		not_found	
10936	Xã Cẩm Điền	Huyện Cẩm Giàng	30	Tỉnh Hải Dương	31		not_found	
10939	Xã Cẩm Đông	Huyện Cẩm Giàng	30	Tỉnh Hải Dương	31	10930	exact	10930:Xã Mao Điền
10942	Xã Cẩm Đoài	Huyện Cẩm Giàng	30	Tỉnh Hải Dương	31	10891	exact	10891:Phường Tứ Minh
10945	Thị trấn Kẻ Sặt	Huyện Bình Giang	30	Tỉnh Hải Dương	31	10945	exact	10945:Xã Kẻ Sặt
10951	Xã Vĩnh Hưng	Huyện Bình Giang	30	Tỉnh Hải Dương	31		split	11824:Xã Vĩnh Bảo|10945:Xã Kẻ Sặt
10954	Xã Hùng Thắng	Huyện Bình Giang	30	Tỉnh Hải Dương	31	10945	exact	10945:Xã Kẻ Sặt
10960	Xã Vĩnh Hồng	Huyện Bình Giang	30	Tỉnh Hải Dương	31		split	10966:Xã Bình Giang|10945:Xã Kẻ Sặt
10963	Xã Long Xuyên	Huyện Bình Giang	30	Tỉnh Hải Dương	31	10966	exact	10966:Xã Bình Giang
10966	Xã Tân Việt	Huyện Bình Giang	30	Tỉnh Hải Dương	31	10966	exact	10966:Xã Bình Giang
10969	Xã Thúc Kháng	Huyện Bình Giang	30	Tỉnh Hải Dương	31		split	10972:Xã Đường An|10993:Xã Thượng Hồng
10972	Xã Tân Hồng	Huyện Bình Giang	30	Tỉnh Hải Dương	31		split	10972:Xã Đường An|10993:Xã Thượng Hồng
10975	Xã Bình Minh	Huyện Bình Giang	30	Tỉnh Hải Dương	31		not_found	
10978	Xã Hồng Khê	Huyện Bình Giang	30	Tỉnh Hải Dương	31	10966	exact	10966:Xã Bình Giang
10981	Xã Thái Học	Huyện Bình Giang	30	Tỉnh Hải Dương	31		not_found	
10984	Xã Cổ Bì	Huyện Bình Giang	30	Tỉnh Hải Dương	31	10966	exact	10966:Xã Bình Giang
10987	Xã Nhân Quyền	Huyện Bình Giang	30	Tỉnh Hải Dương	31	11242	exact	11242:Xã Nguyễn Lương Bằng
10990	Xã Thái Dương	Huyện Bình Giang	30	Tỉnh Hải Dương	31		split	10972:Xã Đường An|10993:Xã Thượng Hồng
10993	Xã Thái Hòa	Huyện Bình Giang	30	Tỉnh Hải Dương	31		split	10972:Xã Đường An|10993:Xã Thượng Hồng
10996	Xã Bình Xuyên	Huyện Bình Giang	30	Tỉnh Hải Dương	31	10993	exact	10993:Xã Thượng Hồng
10999	Thị trấn Gia Lộc	Huyện Gia Lộc	30	Tỉnh Hải Dương	31		split	11050:Xã Gia Phúc|10999:Xã Gia Lộc
11002	Phường Thạch Khôi	Thành phố Hải Dương	30	Tỉnh Hải Dương	31	11002	exact	11002:Phường Thạch Khôi
11005	Xã Liên Hồng	Thành phố Hải Dương	30	Tỉnh Hải Dương	31	11002	exact	11002:Phường Thạch Khôi
11008	Xã Thống Nhất	Huyện Gia Lộc	30	Tỉnh Hải Dương	31		split	11020:Xã Yết Kiêu|11002:Phường Thạch Khôi
11011	Phường Tân Hưng	Thành phố Hải Dương	30	Tỉnh Hải Dương	31	10537	exact	10537:Phường Tân Hưng
11017	Xã Gia Xuyên	Thành phố Hải Dương	30	Tỉnh Hải Dương	31	11002	exact	11002:Phường Thạch Khôi
11020	Xã Yết Kiêu	Huyện Gia Lộc	30	Tỉnh Hải Dương	31		split	10999:Xã Gia Lộc|11020:Xã Yết Kiêu
11029	Xã Gia Tân	Huyện Gia Lộc	30	Tỉnh Hải Dương	31		not_found	
11032	Xã Tân Tiến	Huyện Gia Lộc	30	Tỉnh Hải Dương	31		not_found	
11035	Xã Gia Khánh	Huyện Gia Lộc	30	Tỉnh Hải Dương	31		not_found	
11038	Xã Gia Lương	Huyện Gia Lộc	30	Tỉnh Hải Dương	31		not_found	
11041	Xã Lê Lợi	Huyện Gia Lộc	30	Tỉnh Hải Dương	31		split	10999:Xã Gia Lộc|11020:Xã Yết Kiêu
11044	Xã Toàn Thắng	Huyện Gia Lộc	30	Tỉnh Hải Dương	31	11050	exact	11050:Xã Gia Phúc
11047	Xã Hoàng Diệu	Huyện Gia Lộc	30	Tỉnh Hải Dương	31	11050	exact	11050:Xã Gia Phúc
11050	Xã Hồng Hưng	Huyện Gia Lộc	30	Tỉnh Hải Dương	31	11050	exact	11050:Xã Gia Phúc
11053	Xã Phạm Trấn	Huyện Gia Lộc	30	Tỉnh Hải Dương	31	11065	exact	11065:Xã Trường Tân
11056	Xã Đoàn Thượng	Huyện Gia Lộc	30	Tỉnh Hải Dương	31		split	11050:Xã Gia Phúc|11065:Xã Trường Tân
11059	Xã Thống Kênh	Huyện Gia Lộc	30	Tỉnh Hải Dương	31		split	11050:Xã Gia Phúc|11065:Xã Trường Tân
11062	Xã Quang Minh	Huyện Gia Lộc	30	Tỉnh Hải Dương	31		not_found	
11065	Xã Đồng Quang	Huyện Gia Lộc	30	Tỉnh Hải Dương	31		not_found	
11068	Xã Nhật Tân	Huyện Gia Lộc	30	Tỉnh Hải Dương	31		not_found	
11071	Xã Đức Xương	Huyện Gia Lộc	30	Tỉnh Hải Dương	31		not_found	
11074	Thị trấn Tứ Kỳ	Huyện Tứ Kỳ	30	Tỉnh Hải Dương	31	11074	exact	11074:Xã Tứ Kỳ
11077	Xã Ngọc Sơn	Thành phố Hải Dương	30	Tỉnh Hải Dương	31	10537	exact	10537:Phường Tân Hưng
11083	Xã Đại Sơn	Huyện Tứ Kỳ	30	Tỉnh Hải Dương	31	11086	exact	11086:Xã Đại Sơn
11086	Xã Hưng Đạo	Huyện Tứ Kỳ	30	Tỉnh Hải Dương	31		split	11113:Xã Tân Kỳ|11086:Xã Đại Sơn
11089	Xã Ngọc Kỳ	Huyện Tứ Kỳ	30	Tỉnh Hải Dương	31		not_found	
11092	Xã Bình Lăng	Huyện Tứ Kỳ	30	Tỉnh Hải Dương	31	11086	exact	11086:Xã Đại Sơn
11095	Xã Chí Minh	Huyện Tứ Kỳ	30	Tỉnh Hải Dương	31	11131	exact	11131:Xã Chí Minh
11098	Xã Tái Sơn	Huyện Tứ Kỳ	30	Tỉnh Hải Dương	31		not_found	
11101	Xã Quang Phục	Huyện Tứ Kỳ	30	Tỉnh Hải Dương	31	11074	exact	11074:Xã Tứ Kỳ
11110	Xã Dân Chủ	Huyện Tứ Kỳ	30	Tỉnh Hải Dương	31		not_found	
11113	Xã Tân Kỳ	Huyện Tứ Kỳ	30	Tỉnh Hải Dương	31	11113	exact	11113:Xã Tân Kỳ
11116	Xã Quang Khải	Huyện Tứ Kỳ	30	Tỉnh Hải Dương	31	11074	exact	11074:Xã Tứ Kỳ
11119	Xã Đại Hợp	Huyện Tứ Kỳ	30	Tỉnh Hải Dương	31	11113	exact	11113:Xã Tân Kỳ
11122	Xã Quảng Nghiệp	Huyện Tứ Kỳ	30	Tỉnh Hải Dương	31		not_found	
11125	Xã An Thanh	Huyện Tứ Kỳ	30	Tỉnh Hải Dương	31	11131	exact	11131:Xã Chí Minh
11128	Xã Minh Đức	Huyện Tứ Kỳ	30	Tỉnh Hải Dương	31	11074	exact	11074:Xã Tứ Kỳ
11131	Xã Văn Tố	Huyện Tứ Kỳ	30	Tỉnh Hải Dương	31	11131	exact	11131:Xã Chí Minh
11134	Xã Quang Trung	Huyện Tứ Kỳ	30	Tỉnh Hải Dương	31	11140	exact	11140:Xã Lạc Phượng
11137	Xã Phượng Kỳ	Huyện Tứ Kỳ	30	Tỉnh Hải Dương	31		not_found	
11140	Xã Cộng Lạc	Huyện Tứ Kỳ	30	Tỉnh Hải Dương	31		not_found	
11143	Xã Tiên Động	Huyện Tứ Kỳ	30	Tỉnh Hải Dương	31		split	11146:Xã Nguyên Giáp|11140:Xã Lạc Phượng
11146	Xã Nguyên Giáp	Huyện Tứ Kỳ	30	Tỉnh Hải Dương	31	11146	exact	11146:Xã Nguyên Giáp
11149	Xã Hà Kỳ	Huyện Tứ Kỳ	30	Tỉnh Hải Dương	31	11146	exact	11146:Xã Nguyên Giáp
11152	Xã Hà Thanh	Huyện Tứ Kỳ	30	Tỉnh Hải Dương	31	11146	exact	11146:Xã Nguyên Giáp
11155	Thị trấn Ninh Giang	Huyện Ninh Giang	30	Tỉnh Hải Dương	31	11203	exact	11203:Xã Ninh Giang
11161	Xã Ứng Hoè	Huyện Ninh Giang	30	Tỉnh Hải Dương	31	11164	exact	11164:Xã Vĩnh Lại
11164	Xã Nghĩa An	Huyện Ninh Giang	30	Tỉnh Hải Dương	31	11164	exact	11164:Xã Vĩnh Lại
11167	Xã Hồng Đức	Huyện Ninh Giang	30	Tỉnh Hải Dương	31		not_found	
11173	Xã An Đức	Huyện Ninh Giang	30	Tỉnh Hải Dương	31	11167	exact	11167:Xã Tân An
11176	Xã Vạn Phúc	Huyện Ninh Giang	30	Tỉnh Hải Dương	31		not_found	
11179	Xã Tân Hương	Huyện Ninh Giang	30	Tỉnh Hải Dương	31	11164	exact	11164:Xã Vĩnh Lại
11185	Xã Vĩnh Hòa	Huyện Ninh Giang	30	Tỉnh Hải Dương	31	11203	exact	11203:Xã Ninh Giang
11188	Xã Đông Xuyên	Huyện Ninh Giang	30	Tỉnh Hải Dương	31		not_found	
11197	Xã Tân Phong	Huyện Ninh Giang	30	Tỉnh Hải Dương	31	11167	exact	11167:Xã Tân An
11200	Xã Ninh Hải	Huyện Ninh Giang	30	Tỉnh Hải Dương	31		not_found	
11203	Xã Đồng Tâm	Huyện Ninh Giang	30	Tỉnh Hải Dương	31		not_found	
11206	Xã Tân Quang	Huyện Ninh Giang	30	Tỉnh Hải Dương	31	11218	exact	11218:Xã Hồng Châu
11209	Xã Kiến Quốc	Huyện Ninh Giang	30	Tỉnh Hải Dương	31	11713	exact	11713:Xã Nghi Dương
11215	Xã Hồng Dụ	Huyện Ninh Giang	30	Tỉnh Hải Dương	31	11203	exact	11203:Xã Ninh Giang
11218	Xã Văn Hội	Huyện Ninh Giang	30	Tỉnh Hải Dương	31	11218	exact	11218:Xã Hồng Châu
11224	Xã Hồng Phong	Huyện Ninh Giang	30	Tỉnh Hải Dương	31	11224	exact	11224:Xã Khúc Thừa Dụ
11227	Xã Hiệp Lực	Huyện Ninh Giang	30	Tỉnh Hải Dương	31	11203	exact	11203:Xã Ninh Giang
11230	Xã Hồng Phúc	Huyện Ninh Giang	30	Tỉnh Hải Dương	31		not_found	
11233	Xã Hưng Long	Huyện Ninh Giang	30	Tỉnh Hải Dương	31	11218	exact	11218:Xã Hồng Châu
11239	Thị trấn Thanh Miện	Huyện Thanh Miện	30	Tỉnh Hải Dương	31		split	11239:Xã Thanh Miện|11065:Xã Trường Tân
11242	Xã Thanh Tùng	Huyện Thanh Miện	30	Tỉnh Hải Dương	31		split	11242:Xã Nguyễn Lương Bằng|10993:Xã Thượng Hồng
11245	Xã Phạm Kha	Huyện Thanh Miện	30	Tỉnh Hải Dương	31	11242	exact	11242:Xã Nguyễn Lương Bằng
11248	Xã Ngô Quyền	Huyện Thanh Miện	30	Tỉnh Hải Dương	31	11257	exact	11257:Xã Hải Hưng
11251	Xã Đoàn Tùng	Huyện Thanh Miện	30	Tỉnh Hải Dương	31		split	11242:Xã Nguyễn Lương Bằng|10993:Xã Thượng Hồng
11254	Xã Hồng Quang	Huyện Thanh Miện	30	Tỉnh Hải Dương	31	11254	exact	11254:Xã Bắc Thanh Miện
11257	Xã Tân Trào	Huyện Thanh Miện	30	Tỉnh Hải Dương	31	11257	exact	11257:Xã Hải Hưng
11260	Xã Lam Sơn	Huyện Thanh Miện	30	Tỉnh Hải Dương	31	11254	exact	11254:Xã Bắc Thanh Miện
11263	Xã Đoàn Kết	Huyện Thanh Miện	30	Tỉnh Hải Dương	31	11257	exact	11257:Xã Hải Hưng
11266	Xã Lê Hồng	Huyện Thanh Miện	30	Tỉnh Hải Dương	31	11254	exact	11254:Xã Bắc Thanh Miện
11269	Xã Tứ Cường	Huyện Thanh Miện	30	Tỉnh Hải Dương	31		split	11239:Xã Thanh Miện|11761:Xã Quyết Thắng
11275	Xã Ngũ Hùng	Huyện Thanh Miện	30	Tỉnh Hải Dương	31	11239	exact	11239:Xã Thanh Miện
11278	Xã Cao Thắng	Huyện Thanh Miện	30	Tỉnh Hải Dương	31	11239	exact	11239:Xã Thanh Miện
11281	Xã Chi Lăng Bắc	Huyện Thanh Miện	30	Tỉnh Hải Dương	31	11284	exact	11284:Xã Nam Thanh Miện
11284	Xã Chi Lăng Nam	Huyện Thanh Miện	30	Tỉnh Hải Dương	31	11284	exact	11284:Xã Nam Thanh Miện
11287	Xã Thanh Giang	Huyện Thanh Miện	30	Tỉnh Hải Dương	31	11284	exact	11284:Xã Nam Thanh Miện
11293	Xã Hồng Phong	Huyện Thanh Miện	30	Tỉnh Hải Dương	31	11284	exact	11284:Xã Nam Thanh Miện
11296	Phường Quán Toan	Quận Hồng Bàng	31	Thành phố Hải Phòng	31	11602	exact	11602:Phường Hồng An
11299	Phường Hùng Vương	Quận Hồng Bàng	31	Thành phố Hải Phòng	31	11311	exact	11311:Phường Hồng Bàng
11302	Phường Sở Dầu	Quận Hồng Bàng	31	Thành phố Hải Phòng	31	11311	exact	11311:Phường Hồng Bàng
11305	Phường Thượng Lý	Quận Hồng Bàng	31	Thành phố Hải Phòng	31	11311	exact	11311:Phường Hồng Bàng
11308	Phường Hạ Lý	Quận Hồng Bàng	31	Thành phố Hải Phòng	31		not_found	
11311	Phường Minh Khai	Quận Hồng Bàng	31	Thành phố Hải Phòng	31	11311	exact	11311:Phường Hồng Bàng
11314	Phường Trại Chuối	Quận Hồng Bàng	31	Thành phố Hải Phòng	31		not_found	
11320	Phường Hoàng Văn Thụ	Quận Hồng Bàng	31	Thành phố Hải Phòng	31	11311	exact	11311:Phường Hồng Bàng
11323	Phường Phan Bội Châu	Quận Hồng Bàng	31	Thành phố Hải Phòng	31	11311	exact	11311:Phường Hồng Bàng
11329	Phường Máy Chai	Quận Ngô Quyền	31	Thành phố Hải Phòng	31	11329	exact	11329:Phường Ngô Quyền
11332	Phường Máy Tơ	Quận Ngô Quyền	31	Thành phố Hải Phòng	31		not_found	
11335	Phường Vạn Mỹ	Quận Ngô Quyền	31	Thành phố Hải Phòng	31	11329	exact	11329:Phường Ngô Quyền
11338	Phường Cầu Tre	Quận Ngô Quyền	31	Thành phố Hải Phòng	31	11329	exact	11329:Phường Ngô Quyền
11341	Phường Lạc Viên	Quận Ngô Quyền	31	Thành phố Hải Phòng	31		not_found	
11344	Phường Cầu Đất	Quận Ngô Quyền	31	Thành phố Hải Phòng	31		split	11359:Phường Gia Viên|11383:Phường Lê Chân
11347	Phường Gia Viên	Quận Ngô Quyền	31	Thành phố Hải Phòng	31		split	11359:Phường Gia Viên|11329:Phường Ngô Quyền|11311:Phường Hồng Bàng
11350	Phường Đông Khê	Quận Ngô Quyền	31	Thành phố Hải Phòng	31		split	11359:Phường Gia Viên|11329:Phường Ngô Quyền
11356	Phường Lê Lợi	Quận Ngô Quyền	31	Thành phố Hải Phòng	31		split	11617:Phường An Hải|11581:Phường An Dương|11593:Phường An Phong
11359	Phường Đằng Giang	Quận Ngô Quyền	31	Thành phố Hải Phòng	31	11359	exact	11359:Phường Gia Viên
11362	Phường Lạch Tray	Quận Ngô Quyền	31	Thành phố Hải Phòng	31		split	11359:Phường Gia Viên|11383:Phường Lê Chân
11365	Phường Đổng Quốc Bình	Quận Ngô Quyền	31	Thành phố Hải Phòng	31		not_found	
11368	Phường Cát Dài	Quận Lê Chân	31	Thành phố Hải Phòng	31		not_found	
11371	Phường An Biên	Quận Lê Chân	31	Thành phố Hải Phòng	31		split	11383:Phường Lê Chân|11407:Phường An Biên
11374	Phường Lam Sơn	Quận Lê Chân	31	Thành phố Hải Phòng	31		not_found	
11377	Phường An Dương	Quận Lê Chân	31	Thành phố Hải Phòng	31	11407	exact	11407:Phường An Biên
11380	Phường Trần Nguyên Hãn	Quận Lê Chân	31	Thành phố Hải Phòng	31		split	11383:Phường Lê Chân|11407:Phường An Biên
11383	Phường Hồ Nam	Quận Lê Chân	31	Thành phố Hải Phòng	31		not_found	
11386	Phường Trại Cau	Quận Lê Chân	31	Thành phố Hải Phòng	31		not_found	
11389	Phường Dư Hàng	Quận Lê Chân	31	Thành phố Hải Phòng	31		not_found	
11392	Phường Hàng Kênh	Quận Lê Chân	31	Thành phố Hải Phòng	31	11383	exact	11383:Phường Lê Chân
11395	Phường Đông Hải	Quận Lê Chân	31	Thành phố Hải Phòng	31	11411	exact	11411:Phường Đông Hải
11398	Phường Niệm Nghĩa	Quận Lê Chân	31	Thành phố Hải Phòng	31		not_found	
11401	Phường Nghĩa Xá	Quận Lê Chân	31	Thành phố Hải Phòng	31		not_found	
11404	Phường Dư Hàng Kênh	Quận Lê Chân	31	Thành phố Hải Phòng	31	11383	exact	11383:Phường Lê Chân
11405	Phường Kênh Dương	Quận Lê Chân	31	Thành phố Hải Phòng	31	11383	exact	11383:Phường Lê Chân
11407	Phường Vĩnh Niệm	Quận Lê Chân	31	Thành phố Hải Phòng	31		split	11383:Phường Lê Chân|11407:Phường An Biên
11410	Phường Đông Hải 1	Quận Hải An	31	Thành phố Hải Phòng	31	11411	exact	11411:Phường Đông Hải
11411	Phường Đông Hải 2	Quận Hải An	31	Thành phố Hải Phòng	31		split	11411:Phường Đông Hải|11413:Phường Hải An
11413	Phường Đằng Lâm	Quận Hải An	31	Thành phố Hải Phòng	31	11413	exact	11413:Phường Hải An
11414	Phường Thành Tô	Quận Hải An	31	Thành phố Hải Phòng	31	11413	exact	11413:Phường Hải An
11416	Phường Đằng Hải	Quận Hải An	31	Thành phố Hải Phòng	31	11413	exact	11413:Phường Hải An
11419	Phường Nam Hải	Quận Hải An	31	Thành phố Hải Phòng	31		split	11411:Phường Đông Hải|11413:Phường Hải An
11422	Phường Cát Bi	Quận Hải An	31	Thành phố Hải Phòng	31	11413	exact	11413:Phường Hải An
11425	Phường Tràng Cát	Quận Hải An	31	Thành phố Hải Phòng	31	11413	exact	11413:Phường Hải An
11428	Phường Quán Trữ	Quận Kiến An	31	Thành phố Hải Phòng	31		not_found	
11429	Phường Lãm Hà	Quận Kiến An	31	Thành phố Hải Phòng	31		not_found	
11431	Phường Đồng Hoà	Quận Kiến An	31	Thành phố Hải Phòng	31		split	11446:Phường Phù Liễn|11443:Phường Kiến An
11434	Phường Bắc Sơn	Quận Kiến An	31	Thành phố Hải Phòng	31		split	11446:Phường Phù Liễn|11443:Phường Kiến An
11437	Phường Nam Sơn	Quận Kiến An	31	Thành phố Hải Phòng	31		split	11446:Phường Phù Liễn|11443:Phường Kiến An
11440	Phường Ngọc Sơn	Quận Kiến An	31	Thành phố Hải Phòng	31	11446	exact	11446:Phường Phù Liễn
11443	Phường Trần Thành Ngọ	Quận Kiến An	31	Thành phố Hải Phòng	31		split	11446:Phường Phù Liễn|11443:Phường Kiến An
11446	Phường Văn Đẩu	Quận Kiến An	31	Thành phố Hải Phòng	31		split	11446:Phường Phù Liễn|11443:Phường Kiến An
11449	Phường Phù Liễn	Quận Kiến An	31	Thành phố Hải Phòng	31	11446	exact	11446:Phường Phù Liễn
11452	Phường Tràng Minh	Quận Kiến An	31	Thành phố Hải Phòng	31		not_found	
11455	Phường Ngọc Xuyên	Quận Đồ Sơn	31	Thành phố Hải Phòng	31		split	11455:Phường Đồ Sơn|11737:Phường Nam Đồ Sơn
11458	Phường Hải Sơn	Quận Đồ Sơn	31	Thành phố Hải Phòng	31	11455	exact	11455:Phường Đồ Sơn
11461	Phường Vạn Hương	Quận Đồ Sơn	31	Thành phố Hải Phòng	31		split	11455:Phường Đồ Sơn|11737:Phường Nam Đồ Sơn
11465	Phường Minh Đức	Quận Đồ Sơn	31	Thành phố Hải Phòng	31	11737	exact	11737:Phường Nam Đồ Sơn
11467	Phường Bàng La	Quận Đồ Sơn	31	Thành phố Hải Phòng	31	11737	exact	11737:Phường Nam Đồ Sơn
11470	Thị trấn Núi Đèo	Huyện Thuỷ Nguyên	31	Thành phố Hải Phòng	31		not_found	
11473	Thị trấn Minh Đức	Huyện Thuỷ Nguyên	31	Thành phố Hải Phòng	31		not_found	
11476	Xã Lại Xuân	Huyện Thuỷ Nguyên	31	Thành phố Hải Phòng	31		not_found	
11479	Xã An Sơn	Huyện Thuỷ Nguyên	31	Thành phố Hải Phòng	31	10642	exact	10642:Xã Thái Tân
11482	Xã Kỳ Sơn	Huyện Thuỷ Nguyên	31	Thành phố Hải Phòng	31	11113	exact	11113:Xã Tân Kỳ
11485	Xã Liên Khê	Huyện Thuỷ Nguyên	31	Thành phố Hải Phòng	31		not_found	
11488	Xã Lưu Kiếm	Huyện Thuỷ Nguyên	31	Thành phố Hải Phòng	31		not_found	
11491	Xã Lưu Kỳ	Huyện Thuỷ Nguyên	31	Thành phố Hải Phòng	31		not_found	
11494	Xã Gia Minh	Huyện Thuỷ Nguyên	31	Thành phố Hải Phòng	31		not_found	
11497	Xã Gia Đức	Huyện Thuỷ Nguyên	31	Thành phố Hải Phòng	31		not_found	
11500	Xã Minh Tân	Huyện Thuỷ Nguyên	31	Thành phố Hải Phòng	31		split	11725:Xã Kiến Minh|10642:Xã Thái Tân
11503	Xã Phù Ninh	Huyện Thuỷ Nguyên	31	Thành phố Hải Phòng	31		not_found	
11506	Xã Quảng Thanh	Huyện Thuỷ Nguyên	31	Thành phố Hải Phòng	31	10705	exact	10705:Xã Nam An Phụ
11509	Xã Chính Mỹ	Huyện Thuỷ Nguyên	31	Thành phố Hải Phòng	31		not_found	
11512	Xã Kênh Giang	Huyện Thuỷ Nguyên	31	Thành phố Hải Phòng	31		not_found	
11515	Xã Hợp Thành	Huyện Thuỷ Nguyên	31	Thành phố Hải Phòng	31		not_found	
11518	Xã Cao Nhân	Huyện Thuỷ Nguyên	31	Thành phố Hải Phòng	31		not_found	
11521	Xã Mỹ Đồng	Huyện Thuỷ Nguyên	31	Thành phố Hải Phòng	31		not_found	
11524	Xã Đông Sơn	Huyện Thuỷ Nguyên	31	Thành phố Hải Phòng	31		not_found	
11527	Xã Hoà Bình	Huyện Thuỷ Nguyên	31	Thành phố Hải Phòng	31		split	11911:Xã Nguyễn Bỉnh Khiêm|10804:Xã Kim Thành|10843:Xã Hà Nam
11530	Xã Trung Hà	Huyện Thuỷ Nguyên	31	Thành phố Hải Phòng	31		not_found	
11533	Xã An Lư	Huyện Thuỷ Nguyên	31	Thành phố Hải Phòng	31		not_found	
11536	Xã Thuỷ Triều	Huyện Thuỷ Nguyên	31	Thành phố Hải Phòng	31		not_found	
11539	Xã Ngũ Lão	Huyện Thuỷ Nguyên	31	Thành phố Hải Phòng	31		not_found	
11542	Xã Phục Lễ	Huyện Thuỷ Nguyên	31	Thành phố Hải Phòng	31		not_found	
11545	Xã Tam Hưng	Huyện Thuỷ Nguyên	31	Thành phố Hải Phòng	31		not_found	
11548	Xã Phả Lễ	Huyện Thuỷ Nguyên	31	Thành phố Hải Phòng	31		not_found	
11551	Xã Lập Lễ	Huyện Thuỷ Nguyên	31	Thành phố Hải Phòng	31		not_found	
11554	Xã Kiền Bái	Huyện Thuỷ Nguyên	31	Thành phố Hải Phòng	31		not_found	
11557	Xã Thiên Hương	Huyện Thuỷ Nguyên	31	Thành phố Hải Phòng	31		not_found	
11560	Xã Thuỷ Sơn	Huyện Thuỷ Nguyên	31	Thành phố Hải Phòng	31		not_found	
11563	Xã Thuỷ Đường	Huyện Thuỷ Nguyên	31	Thành phố Hải Phòng	31		not_found	
11566	Xã Hoàng Động	Huyện Thuỷ Nguyên	31	Thành phố Hải Phòng	31		not_found	
11569	Xã Lâm Động	Huyện Thuỷ Nguyên	31	Thành phố Hải Phòng	31		not_found	
11572	Xã Hoa Động	Huyện Thuỷ Nguyên	31	Thành phố Hải Phòng	31		not_found	
11575	Xã Tân Dương	Huyện Thuỷ Nguyên	31	Thành phố Hải Phòng	31		not_found	
11578	Xã Dương Quan	Huyện Thuỷ Nguyên	31	Thành phố Hải Phòng	31		not_found	
11581	Thị trấn An Dương	Huyện An Dương	31	Thành phố Hải Phòng	31		not_found	
11584	Xã Lê Thiện	Huyện An Dương	31	Thành phố Hải Phòng	31		not_found	
11587	Xã Đại Bản	Huyện An Dương	31	Thành phố Hải Phòng	31		not_found	
11590	Xã An Hoà	Huyện An Dương	31	Thành phố Hải Phòng	31		not_found	
11593	Xã Hồng Phong	Huyện An Dương	31	Thành phố Hải Phòng	31		split	11284:Xã Nam Thanh Miện|11224:Xã Khúc Thừa Dụ|10606:Xã Nam Sách
11596	Xã Tân Tiến	Huyện An Dương	31	Thành phố Hải Phòng	31		not_found	
11599	Xã An Hưng	Huyện An Dương	31	Thành phố Hải Phòng	31	11674	exact	11674:Xã An Hưng
11602	Xã An Hồng	Huyện An Dương	31	Thành phố Hải Phòng	31		not_found	
11605	Xã Bắc Sơn	Huyện An Dương	31	Thành phố Hải Phòng	31		not_found	
11608	Xã Nam Sơn	Huyện An Dương	31	Thành phố Hải Phòng	31		not_found	
11611	Xã Lê Lợi	Huyện An Dương	31	Thành phố Hải Phòng	31		split	10999:Xã Gia Lộc|11020:Xã Yết Kiêu|10570:Phường Trần Hưng Đạo
11614	Xã Đặng Cương	Huyện An Dương	31	Thành phố Hải Phòng	31		not_found	
11617	Xã Đồng Thái	Huyện An Dương	31	Thành phố Hải Phòng	31		not_found	
11620	Xã Quốc Tuấn	Huyện An Dương	31	Thành phố Hải Phòng	31		split	10633:Xã Trần Phú|11647:Xã An Quang
11623	Xã An Đồng	Huyện An Dương	31	Thành phố Hải Phòng	31		not_found	
11626	Xã Hồng Thái	Huyện An Dương	31	Thành phố Hải Phòng	31		not_found	
11629	Thị trấn An Lão	Huyện An Lão	31	Thành phố Hải Phòng	31	11629	exact	11629:Xã An Lão
11632	Xã Bát Trang	Huyện An Lão	31	Thành phố Hải Phòng	31	11635	exact	11635:Xã An Trường
11635	Xã Trường Thọ	Huyện An Lão	31	Thành phố Hải Phòng	31	11635	exact	11635:Xã An Trường
11638	Xã Trường Thành	Huyện An Lão	31	Thành phố Hải Phòng	31	11635	exact	11635:Xã An Trường
11641	Xã An Tiến	Huyện An Lão	31	Thành phố Hải Phòng	31	11629	exact	11629:Xã An Lão
11644	Xã Quang Hưng	Huyện An Lão	31	Thành phố Hải Phòng	31	11647	exact	11647:Xã An Quang
11647	Xã Quang Trung	Huyện An Lão	31	Thành phố Hải Phòng	31	11647	exact	11647:Xã An Quang
11650	Xã Quốc Tuấn	Huyện An Lão	31	Thành phố Hải Phòng	31		split	10633:Xã Trần Phú|11647:Xã An Quang
11653	Xã An Thắng	Huyện An Lão	31	Thành phố Hải Phòng	31	11629	exact	11629:Xã An Lão
11656	Thị trấn Trường Sơn	Huyện An Lão	31	Thành phố Hải Phòng	31		split	11446:Phường Phù Liễn|11629:Xã An Lão
11659	Xã Tân Dân	Huyện An Lão	31	Thành phố Hải Phòng	31	11629	exact	11629:Xã An Lão
11662	Xã Thái Sơn	Huyện An Lão	31	Thành phố Hải Phòng	31		split	11668:Xã An Khánh|11629:Xã An Lão
11665	Xã Tân Viên	Huyện An Lão	31	Thành phố Hải Phòng	31	11668	exact	11668:Xã An Khánh
11668	Xã Mỹ Đức	Huyện An Lão	31	Thành phố Hải Phòng	31	11668	exact	11668:Xã An Khánh
11671	Xã Chiến Thắng	Huyện An Lão	31	Thành phố Hải Phòng	31	11674	exact	11674:Xã An Hưng
11674	Xã An Thọ	Huyện An Lão	31	Thành phố Hải Phòng	31	11674	exact	11674:Xã An Hưng
11677	Xã An Thái	Huyện An Lão	31	Thành phố Hải Phòng	31	11674	exact	11674:Xã An Hưng
11680	Thị trấn Núi Đối	Huyện Kiến Thuỵ	31	Thành phố Hải Phòng	31	11680	exact	11680:Xã Kiến Thụy
11683	Phường Đa Phúc	Quận Dương Kinh	31	Thành phố Hải Phòng	31	11689	exact	11689:Phường Hưng Đạo
11686	Phường Hưng Đạo	Quận Dương Kinh	31	Thành phố Hải Phòng	31	11689	exact	11689:Phường Hưng Đạo
11689	Phường Anh Dũng	Quận Dương Kinh	31	Thành phố Hải Phòng	31		split	11689:Phường Hưng Đạo|11692:Phường Dương Kinh
11692	Phường Hải Thành	Quận Dương Kinh	31	Thành phố Hải Phòng	31		split	11689:Phường Hưng Đạo|11692:Phường Dương Kinh
11695	Xã Đông Phương	Huyện Kiến Thuỵ	31	Thành phố Hải Phòng	31	11725	exact	11725:Xã Kiến Minh
11698	Xã Thuận Thiên	Huyện Kiến Thuỵ	31	Thành phố Hải Phòng	31	11680	exact	11680:Xã Kiến Thụy
11701	Xã Hữu Bằng	Huyện Kiến Thuỵ	31	Thành phố Hải Phòng	31	11680	exact	11680:Xã Kiến Thụy
11704	Xã Đại Đồng	Huyện Kiến Thuỵ	31	Thành phố Hải Phòng	31	11725	exact	11725:Xã Kiến Minh
11707	Phường Hoà Nghĩa	Quận Dương Kinh	31	Thành phố Hải Phòng	31	11692	exact	11692:Phường Dương Kinh
11710	Xã Ngũ Phúc	Huyện Kiến Thuỵ	31	Thành phố Hải Phòng	31	11713	exact	11713:Xã Nghi Dương
11713	Xã Kiến Quốc	Huyện Kiến Thuỵ	31	Thành phố Hải Phòng	31	11713	exact	11713:Xã Nghi Dương
11716	Xã Du Lễ	Huyện Kiến Thuỵ	31	Thành phố Hải Phòng	31	11713	exact	11713:Xã Nghi Dương
11719	Xã Thuỵ Hương	Huyện Kiến Thuỵ	31	Thành phố Hải Phòng	31		not_found	
11722	Xã Thanh Sơn	Huyện Kiến Thuỵ	31	Thành phố Hải Phòng	31	11680	exact	11680:Xã Kiến Thụy
11725	Xã Minh Tân	Huyện Kiến Thuỵ	31	Thành phố Hải Phòng	31	11725	exact	11725:Xã Kiến Minh
11728	Xã Đại Hà	Huyện Kiến Thuỵ	31	Thành phố Hải Phòng	31		not_found	
11731	Xã Ngũ Đoan	Huyện Kiến Thuỵ	31	Thành phố Hải Phòng	31		not_found	
11734	Xã Tân Phong	Huyện Kiến Thuỵ	31	Thành phố Hải Phòng	31		split	11167:Xã Tân An|11749:Xã Kiến Hải
11737	Phường Hợp Đức	Quận Đồ Sơn	31	Thành phố Hải Phòng	31	11737	exact	11737:Phường Nam Đồ Sơn
11740	Phường Tân Thành	Quận Dương Kinh	31	Thành phố Hải Phòng	31		split	11455:Phường Đồ Sơn|11692:Phường Dương Kinh
11743	Xã Tân Trào	Huyện Kiến Thuỵ	31	Thành phố Hải Phòng	31	11728	exact	11728:Xã Kiến Hưng
11746	Xã Đoàn Xá	Huyện Kiến Thuỵ	31	Thành phố Hải Phòng	31		split	11728:Xã Kiến Hưng|11749:Xã Kiến Hải
11749	Xã Tú Sơn	Huyện Kiến Thuỵ	31	Thành phố Hải Phòng	31	11749	exact	11749:Xã Kiến Hải
11752	Xã Đại Hợp	Huyện Kiến Thuỵ	31	Thành phố Hải Phòng	31	11749	exact	11749:Xã Kiến Hải
11755	Thị trấn Tiên Lãng	Huyện Tiên Lãng	31	Thành phố Hải Phòng	31	11755	exact	11755:Xã Tiên Lãng
11758	Xã Đại Thắng	Huyện Tiên Lãng	31	Thành phố Hải Phòng	31	11761	exact	11761:Xã Quyết Thắng
11761	Xã Tiên Cường	Huyện Tiên Lãng	31	Thành phố Hải Phòng	31	11761	exact	11761:Xã Quyết Thắng
11764	Xã Tự Cường	Huyện Tiên Lãng	31	Thành phố Hải Phòng	31		split	11239:Xã Thanh Miện|11761:Xã Quyết Thắng
11770	Xã Quyết Tiến	Huyện Tiên Lãng	31	Thành phố Hải Phòng	31	11755	exact	11755:Xã Tiên Lãng
11773	Xã Khởi Nghĩa	Huyện Tiên Lãng	31	Thành phố Hải Phòng	31	11755	exact	11755:Xã Tiên Lãng
11776	Xã Tiên Thanh	Huyện Tiên Lãng	31	Thành phố Hải Phòng	31	11755	exact	11755:Xã Tiên Lãng
11779	Xã Cấp Tiến	Huyện Tiên Lãng	31	Thành phố Hải Phòng	31	11779	exact	11779:Xã Tân Minh
11782	Xã Kiến Thiết	Huyện Tiên Lãng	31	Thành phố Hải Phòng	31	11779	exact	11779:Xã Tân Minh
11785	Xã Đoàn Lập	Huyện Tiên Lãng	31	Thành phố Hải Phòng	31	11779	exact	11779:Xã Tân Minh
11788	Xã Bạch Đằng	Huyện Tiên Lãng	31	Thành phố Hải Phòng	31		split	11473:Phường Bạch Đằng|10678:Phường Bắc An Phụ
11791	Xã Quang Phục	Huyện Tiên Lãng	31	Thành phố Hải Phòng	31	11074	exact	11074:Xã Tứ Kỳ
11794	Xã Toàn Thắng	Huyện Tiên Lãng	31	Thành phố Hải Phòng	31	11050	exact	11050:Xã Gia Phúc
11797	Xã Tiên Thắng	Huyện Tiên Lãng	31	Thành phố Hải Phòng	31	11791	exact	11791:Xã Tiên Minh
11800	Xã Tiên Minh	Huyện Tiên Lãng	31	Thành phố Hải Phòng	31	11791	exact	11791:Xã Tiên Minh
11803	Xã Bắc Hưng	Huyện Tiên Lãng	31	Thành phố Hải Phòng	31	11806	exact	11806:Xã Chấn Hưng
11806	Xã Nam Hưng	Huyện Tiên Lãng	31	Thành phố Hải Phòng	31	11806	exact	11806:Xã Chấn Hưng
11809	Xã Hùng Thắng	Huyện Tiên Lãng	31	Thành phố Hải Phòng	31	11809	exact	11809:Xã Hùng Thắng
11812	Xã Tây Hưng	Huyện Tiên Lãng	31	Thành phố Hải Phòng	31	11806	exact	11806:Xã Chấn Hưng
11815	Xã Đông Hưng	Huyện Tiên Lãng	31	Thành phố Hải Phòng	31	11806	exact	11806:Xã Chấn Hưng
11821	Xã Vinh Quang	Huyện Tiên Lãng	31	Thành phố Hải Phòng	31	11809	exact	11809:Xã Hùng Thắng
11824	Thị trấn Vĩnh Bảo	Huyện Vĩnh Bảo	31	Thành phố Hải Phòng	31	11824	exact	11824:Xã Vĩnh Bảo
11827	Xã Dũng Tiến	Huyện Vĩnh Bảo	31	Thành phố Hải Phòng	31	11842	exact	11842:Xã Vĩnh Thuận
11830	Xã Giang Biên	Huyện Vĩnh Bảo	31	Thành phố Hải Phòng	31	11842	exact	11842:Xã Vĩnh Thuận
11833	Xã Thắng Thuỷ	Huyện Vĩnh Bảo	31	Thành phố Hải Phòng	31	11836	exact	11836:Xã Vĩnh Thịnh
11836	Xã Trung Lập	Huyện Vĩnh Bảo	31	Thành phố Hải Phòng	31	11836	exact	11836:Xã Vĩnh Thịnh
11839	Xã Việt Tiến	Huyện Vĩnh Bảo	31	Thành phố Hải Phòng	31	11836	exact	11836:Xã Vĩnh Thịnh
11842	Xã Vĩnh An	Huyện Vĩnh Bảo	31	Thành phố Hải Phòng	31	11842	exact	11842:Xã Vĩnh Thuận
11845	Xã Vĩnh Long	Huyện Vĩnh Bảo	31	Thành phố Hải Phòng	31		not_found	
11848	Xã Hiệp Hoà	Huyện Vĩnh Bảo	31	Thành phố Hải Phòng	31	10729	exact	10729:Phường Trần Liễu
11851	Xã Hùng Tiến	Huyện Vĩnh Bảo	31	Thành phố Hải Phòng	31	11848	exact	11848:Xã Vĩnh Hòa
11854	Xã An Hoà	Huyện Vĩnh Bảo	31	Thành phố Hải Phòng	31		not_found	
11857	Xã Tân Hưng	Huyện Vĩnh Bảo	31	Thành phố Hải Phòng	31	11824	exact	11824:Xã Vĩnh Bảo
11860	Xã Tân Liên	Huyện Vĩnh Bảo	31	Thành phố Hải Phòng	31	11824	exact	11824:Xã Vĩnh Bảo
11863	Xã Nhân Hoà	Huyện Vĩnh Bảo	31	Thành phố Hải Phòng	31		not_found	
11866	Xã Tam Đa	Huyện Vĩnh Bảo	31	Thành phố Hải Phòng	31		not_found	
11869	Xã Hưng Nhân	Huyện Vĩnh Bảo	31	Thành phố Hải Phòng	31		not_found	
11872	Xã Vinh Quang	Huyện Vĩnh Bảo	31	Thành phố Hải Phòng	31	11809	exact	11809:Xã Hùng Thắng
11875	Xã Đồng Minh	Huyện Vĩnh Bảo	31	Thành phố Hải Phòng	31		not_found	
11878	Xã Thanh Lương	Huyện Vĩnh Bảo	31	Thành phố Hải Phòng	31		not_found	
11881	Xã Liên Am	Huyện Vĩnh Bảo	31	Thành phố Hải Phòng	31	11887	exact	11887:Xã Vĩnh Am
11884	Xã Lý Học	Huyện Vĩnh Bảo	31	Thành phố Hải Phòng	31	11911	exact	11911:Xã Nguyễn Bỉnh Khiêm
11887	Xã Tam Cường	Huyện Vĩnh Bảo	31	Thành phố Hải Phòng	31	11887	exact	11887:Xã Vĩnh Am
11890	Xã Hoà Bình	Huyện Vĩnh Bảo	31	Thành phố Hải Phòng	31		split	11911:Xã Nguyễn Bỉnh Khiêm|10804:Xã Kim Thành|10843:Xã Hà Nam
11893	Xã Tiền Phong	Huyện Vĩnh Bảo	31	Thành phố Hải Phòng	31	11875	exact	11875:Xã Vĩnh Hải
11896	Xã Vĩnh Phong	Huyện Vĩnh Bảo	31	Thành phố Hải Phòng	31		not_found	
11899	Xã Cộng Hiền	Huyện Vĩnh Bảo	31	Thành phố Hải Phòng	31		not_found	
11902	Xã Cao Minh	Huyện Vĩnh Bảo	31	Thành phố Hải Phòng	31	11887	exact	11887:Xã Vĩnh Am
11905	Xã Cổ Am	Huyện Vĩnh Bảo	31	Thành phố Hải Phòng	31		not_found	
11908	Xã Vĩnh Tiến	Huyện Vĩnh Bảo	31	Thành phố Hải Phòng	31		not_found	
11911	Xã Trấn Dương	Huyện Vĩnh Bảo	31	Thành phố Hải Phòng	31	11911	exact	11911:Xã Nguyễn Bỉnh Khiêm
11914	Thị trấn Cát Bà	Huyện Cát Hải	31	Thành phố Hải Phòng	31	11914	exact	11914:Đặc khu Cát Hải
11917	Thị trấn Cát Hải	Huyện Cát Hải	31	Thành phố Hải Phòng	31	11914	exact	11914:Đặc khu Cát Hải
11920	Xã Nghĩa Lộ	Huyện Cát Hải	31	Thành phố Hải Phòng	31	11914	exact	11914:Đặc khu Cát Hải
11923	Xã Đồng Bài	Huyện Cát Hải	31	Thành phố Hải Phòng	31	11914	exact	11914:Đặc khu Cát Hải
11926	Xã Hoàng Châu	Huyện Cát Hải	31	Thành phố Hải Phòng	31	11914	exact	11914:Đặc khu Cát Hải
11929	Xã Văn Phong	Huyện Cát Hải	31	Thành phố Hải Phòng	31	11914	exact	11914:Đặc khu Cát Hải
11932	Xã Phù Long	Huyện Cát Hải	31	Thành phố Hải Phòng	31	11914	exact	11914:Đặc khu Cát Hải
11935	Xã Gia Luận	Huyện Cát Hải	31	Thành phố Hải Phòng	31	11914	exact	11914:Đặc khu Cát Hải
11938	Xã Hiền Hào	Huyện Cát Hải	31	Thành phố Hải Phòng	31	11914	exact	11914:Đặc khu Cát Hải
11941	Xã Trân Châu	Huyện Cát Hải	31	Thành phố Hải Phòng	31	11914	exact	11914:Đặc khu Cát Hải
11944	Xã Việt Hải	Huyện Cát Hải	31	Thành phố Hải Phòng	31	11914	exact	11914:Đặc khu Cát Hải
11947	Xã Xuân Đám	Huyện Cát Hải	31	Thành phố Hải Phòng	31	11914	exact	11914:Đặc khu Cát Hải
11950	Phường Lam Sơn	Thành phố Hưng Yên	33	Tỉnh Hưng Yên	33	11983	exact	11983:Phường Sơn Nam
11953	Phường Hiến Nam	Thành phố Hưng Yên	33	Tỉnh Hưng Yên	33	11953	exact	11953:Phường Phố Hiến
11956	Phường An Tảo	Thành phố Hưng Yên	33	Tỉnh Hưng Yên	33	11953	exact	11953:Phường Phố Hiến
11959	Phường Lê Lợi	Thành phố Hưng Yên	33	Tỉnh Hưng Yên	33	11953	exact	11953:Phường Phố Hiến
11962	Phường Minh Khai	Thành phố Hưng Yên	33	Tỉnh Hưng Yên	33	11953	exact	11953:Phường Phố Hiến
11965	Phường Quang Trung	Thành phố Hưng Yên	33	Tỉnh Hưng Yên	33	12452	exact	12452:Phường Trần Hưng Đạo
11968	Phường Hồng Châu	Thành phố Hưng Yên	33	Tỉnh Hưng Yên	33	11980	exact	11980:Phường Hồng Châu
11971	Xã Trung Nghĩa	Thành phố Hưng Yên	33	Tỉnh Hưng Yên	33	11953	exact	11953:Phường Phố Hiến
11974	Xã Liên Phương	Thành phố Hưng Yên	33	Tỉnh Hưng Yên	33	11953	exact	11953:Phường Phố Hiến
11977	Xã Hồng Nam	Thành phố Hưng Yên	33	Tỉnh Hưng Yên	33		not_found	
11980	Xã Quảng Châu	Thành phố Hưng Yên	33	Tỉnh Hưng Yên	33	11980	exact	11980:Phường Hồng Châu
11983	Xã Bảo Khê	Thành phố Hưng Yên	33	Tỉnh Hưng Yên	33	11983	exact	11983:Phường Sơn Nam
11986	Thị trấn Như Quỳnh	Huyện Văn Lâm	33	Tỉnh Hưng Yên	33	12004	exact	12004:Xã Như Quỳnh
11989	Xã Lạc Đạo	Huyện Văn Lâm	33	Tỉnh Hưng Yên	33		split	11992:Xã Lạc Đạo|11995:Xã Đại Đồng
11992	Xã Chỉ Đạo	Huyện Văn Lâm	33	Tỉnh Hưng Yên	33	11992	exact	11992:Xã Lạc Đạo
11995	Xã Đại Đồng	Huyện Văn Lâm	33	Tỉnh Hưng Yên	33	11995	exact	11995:Xã Đại Đồng
11998	Xã Việt Hưng	Huyện Văn Lâm	33	Tỉnh Hưng Yên	33		split	13219:Xã Vạn Xuân|11995:Xã Đại Đồng
12001	Xã Tân Quang	Huyện Văn Lâm	33	Tỉnh Hưng Yên	33	12004	exact	12004:Xã Như Quỳnh
12004	Xã Đình Dù	Huyện Văn Lâm	33	Tỉnh Hưng Yên	33		split	12004:Xã Như Quỳnh|11995:Xã Đại Đồng
12007	Xã Minh Hải	Huyện Văn Lâm	33	Tỉnh Hưng Yên	33	11992	exact	11992:Xã Lạc Đạo
12010	Xã Lương Tài	Huyện Văn Lâm	33	Tỉnh Hưng Yên	33	11995	exact	11995:Xã Đại Đồng
12013	Xã Trưng Trắc	Huyện Văn Lâm	33	Tỉnh Hưng Yên	33	12004	exact	12004:Xã Như Quỳnh
12016	Xã Lạc Hồng	Huyện Văn Lâm	33	Tỉnh Hưng Yên	33	12004	exact	12004:Xã Như Quỳnh
12019	Thị trấn Văn Giang	Huyện Văn Giang	33	Tỉnh Hưng Yên	33	12019	exact	12019:Xã Văn Giang
12022	Xã Xuân Quan	Huyện Văn Giang	33	Tỉnh Hưng Yên	33	12025	exact	12025:Xã Phụng Công
12025	Xã Cửu Cao	Huyện Văn Giang	33	Tỉnh Hưng Yên	33	12025	exact	12025:Xã Phụng Công
12028	Xã Phụng Công	Huyện Văn Giang	33	Tỉnh Hưng Yên	33	12025	exact	12025:Xã Phụng Công
12031	Xã Nghĩa Trụ	Huyện Văn Giang	33	Tỉnh Hưng Yên	33	12031	exact	12031:Xã Nghĩa Trụ
12034	Xã Long Hưng	Huyện Văn Giang	33	Tỉnh Hưng Yên	33	12031	exact	12031:Xã Nghĩa Trụ
12037	Xã Vĩnh Khúc	Huyện Văn Giang	33	Tỉnh Hưng Yên	33	12031	exact	12031:Xã Nghĩa Trụ
12040	Xã Liên Nghĩa	Huyện Văn Giang	33	Tỉnh Hưng Yên	33	12019	exact	12019:Xã Văn Giang
12043	Xã Tân Tiến	Huyện Văn Giang	33	Tỉnh Hưng Yên	33	12019	exact	12019:Xã Văn Giang
12046	Xã Thắng Lợi	Huyện Văn Giang	33	Tỉnh Hưng Yên	33	12049	exact	12049:Xã Mễ Sở
12049	Xã Mễ Sở	Huyện Văn Giang	33	Tỉnh Hưng Yên	33	12049	exact	12049:Xã Mễ Sở
12052	Thị trấn Yên Mỹ	Huyện Yên Mỹ	33	Tỉnh Hưng Yên	33	12073	exact	12073:Xã Yên Mỹ
12055	Xã Giai Phạm	Huyện Yên Mỹ	33	Tỉnh Hưng Yên	33		not_found	
12058	Xã Nghĩa Hiệp	Huyện Yên Mỹ	33	Tỉnh Hưng Yên	33		not_found	
12061	Xã Đồng Than	Huyện Yên Mỹ	33	Tỉnh Hưng Yên	33	12070	exact	12070:Xã Hoàn Long
12064	Xã Ngọc Long	Huyện Yên Mỹ	33	Tỉnh Hưng Yên	33	12064	exact	12064:Xã Nguyễn Văn Linh
12067	Xã Liêu Xá	Huyện Yên Mỹ	33	Tỉnh Hưng Yên	33	12064	exact	12064:Xã Nguyễn Văn Linh
12070	Xã Hoàn Long	Huyện Yên Mỹ	33	Tỉnh Hưng Yên	33	12070	exact	12070:Xã Hoàn Long
12073	Xã Tân Lập	Huyện Yên Mỹ	33	Tỉnh Hưng Yên	33	12073	exact	12073:Xã Yên Mỹ
12076	Xã Thanh Long	Huyện Yên Mỹ	33	Tỉnh Hưng Yên	33	12091	exact	12091:Xã Việt Yên
12079	Xã Yên Phú	Huyện Yên Mỹ	33	Tỉnh Hưng Yên	33	12091	exact	12091:Xã Việt Yên
12082	Xã Việt Cường	Huyện Yên Mỹ	33	Tỉnh Hưng Yên	33		not_found	
12085	Xã Trung Hòa	Huyện Yên Mỹ	33	Tỉnh Hưng Yên	33	12073	exact	12073:Xã Yên Mỹ
12088	Xã Yên Hòa	Huyện Yên Mỹ	33	Tỉnh Hưng Yên	33		not_found	
12091	Xã Minh Châu	Huyện Yên Mỹ	33	Tỉnh Hưng Yên	33		not_found	
12094	Xã Trung Hưng	Huyện Yên Mỹ	33	Tỉnh Hưng Yên	33		not_found	
12097	Xã Lý Thường Kiệt	Huyện Yên Mỹ	33	Tỉnh Hưng Yên	33		not_found	
12100	Xã Tân Việt	Huyện Yên Mỹ	33	Tỉnh Hưng Yên	33		not_found	
12103	Phường Bần Yên Nhân	Thị xã Mỹ Hào	33	Tỉnh Hưng Yên	33	12103	exact	12103:Phường Mỹ Hào
12106	Phường Phan Đình Phùng	Thị xã Mỹ Hào	33	Tỉnh Hưng Yên	33	12103	exact	12103:Phường Mỹ Hào
12109	Xã Cẩm Xá	Thị xã Mỹ Hào	33	Tỉnh Hưng Yên	33	12103	exact	12103:Phường Mỹ Hào
12112	Xã Dương Quang	Thị xã Mỹ Hào	33	Tỉnh Hưng Yên	33	12127	exact	12127:Phường Thượng Hồng
12115	Xã Hòa Phong	Thị xã Mỹ Hào	33	Tỉnh Hưng Yên	33	12127	exact	12127:Phường Thượng Hồng
12118	Phường Nhân Hòa	Thị xã Mỹ Hào	33	Tỉnh Hưng Yên	33	12103	exact	12103:Phường Mỹ Hào
12121	Phường Dị Sử	Thị xã Mỹ Hào	33	Tỉnh Hưng Yên	33	12133	exact	12133:Phường Đường Hào
12124	Phường Bạch Sam	Thị xã Mỹ Hào	33	Tỉnh Hưng Yên	33	12127	exact	12127:Phường Thượng Hồng
12127	Phường Minh Đức	Thị xã Mỹ Hào	33	Tỉnh Hưng Yên	33	12127	exact	12127:Phường Thượng Hồng
12130	Phường Phùng Chí Kiên	Thị xã Mỹ Hào	33	Tỉnh Hưng Yên	33	12133	exact	12133:Phường Đường Hào
12133	Xã Xuân Dục	Thị xã Mỹ Hào	33	Tỉnh Hưng Yên	33	12133	exact	12133:Phường Đường Hào
12136	Xã Ngọc Lâm	Thị xã Mỹ Hào	33	Tỉnh Hưng Yên	33	12133	exact	12133:Phường Đường Hào
12139	Xã Hưng Long	Thị xã Mỹ Hào	33	Tỉnh Hưng Yên	33	12133	exact	12133:Phường Đường Hào
12142	Thị trấn Ân Thi	Huyện Ân Thi	33	Tỉnh Hưng Yên	33	12142	exact	12142:Xã Ân Thi
12145	Xã Phù Ủng	Huyện Ân Thi	33	Tỉnh Hưng Yên	33	12148	exact	12148:Xã Phạm Ngũ Lão
12148	Xã Bắc Sơn	Huyện Ân Thi	33	Tỉnh Hưng Yên	33	12148	exact	12148:Xã Phạm Ngũ Lão
12151	Xã Bãi Sậy	Huyện Ân Thi	33	Tỉnh Hưng Yên	33	12148	exact	12148:Xã Phạm Ngũ Lão
12154	Xã Đào Dương	Huyện Ân Thi	33	Tỉnh Hưng Yên	33	12148	exact	12148:Xã Phạm Ngũ Lão
12157	Xã Tân Phúc	Huyện Ân Thi	33	Tỉnh Hưng Yên	33		not_found	
12160	Xã Vân Du	Huyện Ân Thi	33	Tỉnh Hưng Yên	33	12166	exact	12166:Xã Xuân Trúc
12163	Xã Quang Vinh	Huyện Ân Thi	33	Tỉnh Hưng Yên	33	12142	exact	12142:Xã Ân Thi
12166	Xã Xuân Trúc	Huyện Ân Thi	33	Tỉnh Hưng Yên	33	12166	exact	12166:Xã Xuân Trúc
12169	Xã Hoàng Hoa Thám	Huyện Ân Thi	33	Tỉnh Hưng Yên	33	12142	exact	12142:Xã Ân Thi
12172	Xã Quảng Lãng	Huyện Ân Thi	33	Tỉnh Hưng Yên	33	12166	exact	12166:Xã Xuân Trúc
12175	Xã Văn Nhuệ	Huyện Ân Thi	33	Tỉnh Hưng Yên	33		not_found	
12178	Xã Đặng Lễ	Huyện Ân Thi	33	Tỉnh Hưng Yên	33	12184	exact	12184:Xã Nguyễn Trãi
12181	Xã Cẩm Ninh	Huyện Ân Thi	33	Tỉnh Hưng Yên	33	12184	exact	12184:Xã Nguyễn Trãi
12184	Xã Nguyễn Trãi	Huyện Ân Thi	33	Tỉnh Hưng Yên	33	12184	exact	12184:Xã Nguyễn Trãi
12187	Xã Đa Lộc	Huyện Ân Thi	33	Tỉnh Hưng Yên	33	12184	exact	12184:Xã Nguyễn Trãi
12190	Xã Hồ Tùng Mậu	Huyện Ân Thi	33	Tỉnh Hưng Yên	33	12196	exact	12196:Xã Hồng Quang
12193	Xã Tiền Phong	Huyện Ân Thi	33	Tỉnh Hưng Yên	33	12196	exact	12196:Xã Hồng Quang
12196	Xã Hồng Vân	Huyện Ân Thi	33	Tỉnh Hưng Yên	33		not_found	
12199	Xã Hồng Quang	Huyện Ân Thi	33	Tỉnh Hưng Yên	33	12196	exact	12196:Xã Hồng Quang
12202	Xã Hạ Lễ	Huyện Ân Thi	33	Tỉnh Hưng Yên	33	12196	exact	12196:Xã Hồng Quang
12205	Thị trấn Khoái Châu	Huyện Khoái Châu	33	Tỉnh Hưng Yên	33	12205	exact	12205:Xã KHóai Châu
12208	Xã Đông Tảo	Huyện Khoái Châu	33	Tỉnh Hưng Yên	33	12070	exact	12070:Xã Hoàn Long
12211	Xã Bình Minh	Huyện Khoái Châu	33	Tỉnh Hưng Yên	33	12049	exact	12049:Xã Mễ Sở
12214	Xã Dạ Trạch	Huyện Khoái Châu	33	Tỉnh Hưng Yên	33		not_found	
12217	Xã Hàm Tử	Huyện Khoái Châu	33	Tỉnh Hưng Yên	33		not_found	
12220	Xã Ông Đình	Huyện Khoái Châu	33	Tỉnh Hưng Yên	33	12223	exact	12223:Xã Triệu Việt Vương
12223	Xã Tân Dân	Huyện Khoái Châu	33	Tỉnh Hưng Yên	33	12223	exact	12223:Xã Triệu Việt Vương
12226	Xã Tứ Dân	Huyện Khoái Châu	33	Tỉnh Hưng Yên	33	12247	exact	12247:Xã Châu Ninh
12229	Xã An Vĩ	Huyện Khoái Châu	33	Tỉnh Hưng Yên	33	12223	exact	12223:Xã Triệu Việt Vương
12232	Xã Đông Kết	Huyện Khoái Châu	33	Tỉnh Hưng Yên	33	12205	exact	12205:Xã KHóai Châu
12235	Xã Bình Kiều	Huyện Khoái Châu	33	Tỉnh Hưng Yên	33		not_found	
12238	Xã Dân Tiến	Huyện Khoái Châu	33	Tỉnh Hưng Yên	33	12238	exact	12238:Xã Việt Tiến
12241	Xã Đồng Tiến	Huyện Khoái Châu	33	Tỉnh Hưng Yên	33	12238	exact	12238:Xã Việt Tiến
12244	Xã Hồng Tiến	Huyện Khoái Châu	33	Tỉnh Hưng Yên	33	13186	exact	13186:Xã Bình Định
12247	Xã Tân Châu	Huyện Khoái Châu	33	Tỉnh Hưng Yên	33	12247	exact	12247:Xã Châu Ninh
12250	Xã Liên Khê	Huyện Khoái Châu	33	Tỉnh Hưng Yên	33	12205	exact	12205:Xã KHóai Châu
12253	Xã Phùng Hưng	Huyện Khoái Châu	33	Tỉnh Hưng Yên	33	12205	exact	12205:Xã KHóai Châu
12256	Xã Việt Hòa	Huyện Khoái Châu	33	Tỉnh Hưng Yên	33	12238	exact	12238:Xã Việt Tiến
12259	Xã Đông Ninh	Huyện Khoái Châu	33	Tỉnh Hưng Yên	33	12247	exact	12247:Xã Châu Ninh
12262	Xã Đại Tập	Huyện Khoái Châu	33	Tỉnh Hưng Yên	33	12247	exact	12247:Xã Châu Ninh
12265	Xã Chí Tân	Huyện Khoái Châu	33	Tỉnh Hưng Yên	33		not_found	
12268	Xã Đại Hưng	Huyện Khoái Châu	33	Tỉnh Hưng Yên	33		not_found	
12271	Xã Thuần Hưng	Huyện Khoái Châu	33	Tỉnh Hưng Yên	33	12271	exact	12271:Xã Chí Minh
12274	Xã Thành Công	Huyện Khoái Châu	33	Tỉnh Hưng Yên	33		not_found	
12277	Xã Nhuế Dương	Huyện Khoái Châu	33	Tỉnh Hưng Yên	33		not_found	
12280	Thị trấn Lương Bằng	Huyện Kim Động	33	Tỉnh Hưng Yên	33	12280	exact	12280:Xã Lương Bằng
12283	Xã Nghĩa Dân	Huyện Kim Động	33	Tỉnh Hưng Yên	33	12286	exact	12286:Xã Nghĩa Dân
12286	Xã Toàn Thắng	Huyện Kim Động	33	Tỉnh Hưng Yên	33	12286	exact	12286:Xã Nghĩa Dân
12289	Xã Vĩnh Xá	Huyện Kim Động	33	Tỉnh Hưng Yên	33	12286	exact	12286:Xã Nghĩa Dân
12292	Xã Phạm Ngũ Lão	Huyện Kim Động	33	Tỉnh Hưng Yên	33	12280	exact	12280:Xã Lương Bằng
12295	Xã Thọ Vinh	Huyện Kim Động	33	Tỉnh Hưng Yên	33		not_found	
12298	Xã Đồng Thanh	Huyện Kim Động	33	Tỉnh Hưng Yên	33	12286	exact	12286:Xã Nghĩa Dân
12301	Xã Song Mai	Huyện Kim Động	33	Tỉnh Hưng Yên	33	12322	exact	12322:Xã Hiệp Cường
12304	Xã Chính Nghĩa	Huyện Kim Động	33	Tỉnh Hưng Yên	33	12280	exact	12280:Xã Lương Bằng
12307	Xã Nhân La	Huyện Kim Động	33	Tỉnh Hưng Yên	33		not_found	
12310	Xã Phú Thịnh	Huyện Kim Động	33	Tỉnh Hưng Yên	33		not_found	
12313	Xã Mai Động	Huyện Kim Động	33	Tỉnh Hưng Yên	33	12313	exact	12313:Xã Đức Hợp
12316	Xã Đức Hợp	Huyện Kim Động	33	Tỉnh Hưng Yên	33	12313	exact	12313:Xã Đức Hợp
12319	Xã Hùng An	Huyện Kim Động	33	Tỉnh Hưng Yên	33	12322	exact	12322:Xã Hiệp Cường
12322	Xã Ngọc Thanh	Huyện Kim Động	33	Tỉnh Hưng Yên	33		split	11983:Phường Sơn Nam|12322:Xã Hiệp Cường
12325	Xã Vũ Xá	Huyện Kim Động	33	Tỉnh Hưng Yên	33		not_found	
12328	Xã Hiệp Cường	Huyện Kim Động	33	Tỉnh Hưng Yên	33	12322	exact	12322:Xã Hiệp Cường
12331	Xã Phú Cường	Thành phố Hưng Yên	33	Tỉnh Hưng Yên	33	11983	exact	11983:Phường Sơn Nam
12334	Xã Hùng Cường	Thành phố Hưng Yên	33	Tỉnh Hưng Yên	33	11983	exact	11983:Phường Sơn Nam
12337	Thị trấn Vương	Huyện Tiên Lữ	33	Tỉnh Hưng Yên	33	12337	exact	12337:Xã Hoàng Hoa Thám
12340	Xã Hưng Đạo	Huyện Tiên Lữ	33	Tỉnh Hưng Yên	33	12337	exact	12337:Xã Hoàng Hoa Thám
12343	Xã Ngô Quyền	Huyện Tiên Lữ	33	Tỉnh Hưng Yên	33		not_found	
12346	Xã Nhật Tân	Huyện Tiên Lữ	33	Tỉnh Hưng Yên	33	12337	exact	12337:Xã Hoàng Hoa Thám
12349	Xã Dị Chế	Huyện Tiên Lữ	33	Tỉnh Hưng Yên	33		not_found	
12352	Xã Lệ Xá	Huyện Tiên Lữ	33	Tỉnh Hưng Yên	33	12361	exact	12361:Xã Tiên Hoa
12355	Xã An Viên	Huyện Tiên Lữ	33	Tỉnh Hưng Yên	33	12337	exact	12337:Xã Hoàng Hoa Thám
12358	Xã Đức Thắng	Huyện Tiên Lữ	33	Tỉnh Hưng Yên	33		not_found	
12361	Xã Trung Dũng	Huyện Tiên Lữ	33	Tỉnh Hưng Yên	33	12361	exact	12361:Xã Tiên Hoa
12364	Xã Hải Triều	Huyện Tiên Lữ	33	Tỉnh Hưng Yên	33		not_found	
12367	Xã Thủ Sỹ	Huyện Tiên Lữ	33	Tỉnh Hưng Yên	33	11977	exact	11977:Xã Tân Hưng
12370	Xã Thiện Phiến	Huyện Tiên Lữ	33	Tỉnh Hưng Yên	33	12364	exact	12364:Xã Tiên Lữ
12373	Xã Thụy Lôi	Huyện Tiên Lữ	33	Tỉnh Hưng Yên	33	12364	exact	12364:Xã Tiên Lữ
12376	Xã Cương Chính	Huyện Tiên Lữ	33	Tỉnh Hưng Yên	33	12361	exact	12361:Xã Tiên Hoa
12379	Xã Minh Phượng	Huyện Tiên Lữ	33	Tỉnh Hưng Yên	33		not_found	
12382	Xã Phương Chiểu	Thành phố Hưng Yên	33	Tỉnh Hưng Yên	33		not_found	
12385	Xã Tân Hưng	Thành phố Hưng Yên	33	Tỉnh Hưng Yên	33	11977	exact	11977:Xã Tân Hưng
12388	Xã Hoàng Hanh	Thành phố Hưng Yên	33	Tỉnh Hưng Yên	33	11980	exact	11980:Phường Hồng Châu
12391	Thị trấn Trần Cao	Huyện Phù Cừ	33	Tỉnh Hưng Yên	33	12391	exact	12391:Xã Quang Hưng
12394	Xã Minh Tân	Huyện Phù Cừ	33	Tỉnh Hưng Yên	33	12391	exact	12391:Xã Quang Hưng
12397	Xã Phan Sào Nam	Huyện Phù Cừ	33	Tỉnh Hưng Yên	33	12406	exact	12406:Xã Đoàn Đào
12400	Xã Quang Hưng	Huyện Phù Cừ	33	Tỉnh Hưng Yên	33	12391	exact	12391:Xã Quang Hưng
12403	Xã Minh Hoàng	Huyện Phù Cừ	33	Tỉnh Hưng Yên	33	12406	exact	12406:Xã Đoàn Đào
12406	Xã Đoàn Đào	Huyện Phù Cừ	33	Tỉnh Hưng Yên	33	12406	exact	12406:Xã Đoàn Đào
12409	Xã Tống Phan	Huyện Phù Cừ	33	Tỉnh Hưng Yên	33	12391	exact	12391:Xã Quang Hưng
12412	Xã Đình Cao	Huyện Phù Cừ	33	Tỉnh Hưng Yên	33	12424	exact	12424:Xã Tiên Tiến
12415	Xã Nhật Quang	Huyện Phù Cừ	33	Tỉnh Hưng Yên	33	12424	exact	12424:Xã Tiên Tiến
12418	Xã Tiền Tiến	Huyện Phù Cừ	33	Tỉnh Hưng Yên	33	12424	exact	12424:Xã Tiên Tiến
12421	Xã Tam Đa	Huyện Phù Cừ	33	Tỉnh Hưng Yên	33	12427	exact	12427:Xã Tống Trân
12424	Xã Minh Tiến	Huyện Phù Cừ	33	Tỉnh Hưng Yên	33		not_found	
12427	Xã Nguyên Hòa	Huyện Phù Cừ	33	Tỉnh Hưng Yên	33	12427	exact	12427:Xã Tống Trân
12430	Xã Tống Trân	Huyện Phù Cừ	33	Tỉnh Hưng Yên	33	12427	exact	12427:Xã Tống Trân
12433	Phường Lê Hồng Phong	Thành phố Thái Bình	34	Tỉnh Thái Bình	33	13225	exact	13225:Phường Thái Bình
12436	Phường Bồ Xuyên	Thành phố Thái Bình	34	Tỉnh Thái Bình	33	13225	exact	13225:Phường Thái Bình
12439	Phường Đề Thám	Thành phố Thái Bình	34	Tỉnh Thái Bình	33	12452	exact	12452:Phường Trần Hưng Đạo
12442	Phường Kỳ Bá	Thành phố Thái Bình	34	Tỉnh Thái Bình	33	12454	exact	12454:Phường Trần Lãm
12445	Phường Quang Trung	Thành phố Thái Bình	34	Tỉnh Thái Bình	33	12452	exact	12452:Phường Trần Hưng Đạo
12448	Phường Phú Khánh	Thành phố Thái Bình	34	Tỉnh Thái Bình	33	12466	exact	12466:Phường Vũ Phúc
12451	Phường Tiền Phong	Thành phố Thái Bình	34	Tỉnh Thái Bình	33	13225	exact	13225:Phường Thái Bình
12452	Phường Trần Hưng Đạo	Thành phố Thái Bình	34	Tỉnh Thái Bình	33	12452	exact	12452:Phường Trần Hưng Đạo
12454	Phường Trần Lãm	Thành phố Thái Bình	34	Tỉnh Thái Bình	33	12454	exact	12454:Phường Trần Lãm
12457	Xã Đông Hòa	Thành phố Thái Bình	34	Tỉnh Thái Bình	33	12817	exact	12817:Phường Trà Lý
12460	Phường Hoàng Diệu	Thành phố Thái Bình	34	Tỉnh Thái Bình	33	12817	exact	12817:Phường Trà Lý
12463	Xã Phú Xuân	Thành phố Thái Bình	34	Tỉnh Thái Bình	33	12452	exact	12452:Phường Trần Hưng Đạo
12466	Xã Vũ Phúc	Thành phố Thái Bình	34	Tỉnh Thái Bình	33	12466	exact	12466:Phường Vũ Phúc
12469	Xã Vũ Chính	Thành phố Thái Bình	34	Tỉnh Thái Bình	33	12454	exact	12454:Phường Trần Lãm
12472	Thị trấn Quỳnh Côi	Huyện Quỳnh Phụ	34	Tỉnh Thái Bình	33	12472	exact	12472:Xã Quỳnh Phụ
12475	Xã An Khê	Huyện Quỳnh Phụ	34	Tỉnh Thái Bình	33	12499	exact	12499:Xã A Sào
12478	Xã An Đồng	Huyện Quỳnh Phụ	34	Tỉnh Thái Bình	33	12499	exact	12499:Xã A Sào
12481	Xã Quỳnh Hoa	Huyện Quỳnh Phụ	34	Tỉnh Thái Bình	33	12511	exact	12511:Xã Minh Thọ
12484	Xã Quỳnh Lâm	Huyện Quỳnh Phụ	34	Tỉnh Thái Bình	33	12517	exact	12517:Xã Ngọc Lâm
12487	Xã Quỳnh Thọ	Huyện Quỳnh Phụ	34	Tỉnh Thái Bình	33	12511	exact	12511:Xã Minh Thọ
12490	Xã An Hiệp	Huyện Quỳnh Phụ	34	Tỉnh Thái Bình	33	12499	exact	12499:Xã A Sào
12493	Xã Quỳnh Hoàng	Huyện Quỳnh Phụ	34	Tỉnh Thái Bình	33	12517	exact	12517:Xã Ngọc Lâm
12496	Xã Quỳnh Giao	Huyện Quỳnh Phụ	34	Tỉnh Thái Bình	33	12511	exact	12511:Xã Minh Thọ
12499	Xã An Thái	Huyện Quỳnh Phụ	34	Tỉnh Thái Bình	33	12499	exact	12499:Xã A Sào
12502	Xã An Cầu	Huyện Quỳnh Phụ	34	Tỉnh Thái Bình	33	12526	exact	12526:Xã Đồng Bằng
12505	Xã Quỳnh Hồng	Huyện Quỳnh Phụ	34	Tỉnh Thái Bình	33	12472	exact	12472:Xã Quỳnh Phụ
12508	Xã Quỳnh Khê	Huyện Quỳnh Phụ	34	Tỉnh Thái Bình	33	12532	exact	12532:Xã Nguyễn Du
12511	Xã Quỳnh Minh	Huyện Quỳnh Phụ	34	Tỉnh Thái Bình	33	12511	exact	12511:Xã Minh Thọ
12514	Xã An Ninh	Huyện Quỳnh Phụ	34	Tỉnh Thái Bình	33	12523	exact	12523:Xã Phụ Dực
12517	Xã Quỳnh Ngọc	Huyện Quỳnh Phụ	34	Tỉnh Thái Bình	33	12517	exact	12517:Xã Ngọc Lâm
12520	Xã Quỳnh Hải	Huyện Quỳnh Phụ	34	Tỉnh Thái Bình	33	12472	exact	12472:Xã Quỳnh Phụ
12523	Thị trấn An Bài	Huyện Quỳnh Phụ	34	Tỉnh Thái Bình	33	12523	exact	12523:Xã Phụ Dực
12526	Xã An Ấp	Huyện Quỳnh Phụ	34	Tỉnh Thái Bình	33	12526	exact	12526:Xã Đồng Bằng
12529	Xã Quỳnh Hội	Huyện Quỳnh Phụ	34	Tỉnh Thái Bình	33	12472	exact	12472:Xã Quỳnh Phụ
12532	Xã Châu Sơn	Huyện Quỳnh Phụ	34	Tỉnh Thái Bình	33	12532	exact	12532:Xã Nguyễn Du
12535	Xã Quỳnh Mỹ	Huyện Quỳnh Phụ	34	Tỉnh Thái Bình	33	12472	exact	12472:Xã Quỳnh Phụ
12538	Xã An Quí	Huyện Quỳnh Phụ	34	Tỉnh Thái Bình	33		not_found	
12541	Xã An Thanh	Huyện Quỳnh Phụ	34	Tỉnh Thái Bình	33	12523	exact	12523:Xã Phụ Dực
12547	Xã An Vũ	Huyện Quỳnh Phụ	34	Tỉnh Thái Bình	33	12523	exact	12523:Xã Phụ Dực
12550	Xã An Lễ	Huyện Quỳnh Phụ	34	Tỉnh Thái Bình	33	12526	exact	12526:Xã Đồng Bằng
12553	Xã Quỳnh Hưng	Huyện Quỳnh Phụ	34	Tỉnh Thái Bình	33	12472	exact	12472:Xã Quỳnh Phụ
12556	Xã Quỳnh Bảo	Huyện Quỳnh Phụ	34	Tỉnh Thái Bình	33		not_found	
12559	Xã An Mỹ	Huyện Quỳnh Phụ	34	Tỉnh Thái Bình	33	12523	exact	12523:Xã Phụ Dực
12562	Xã Quỳnh Nguyên	Huyện Quỳnh Phụ	34	Tỉnh Thái Bình	33	12532	exact	12532:Xã Nguyễn Du
12565	Xã An Vinh	Huyện Quỳnh Phụ	34	Tỉnh Thái Bình	33	12577	exact	12577:Xã Quỳnh An
12568	Xã Quỳnh Xá	Huyện Quỳnh Phụ	34	Tỉnh Thái Bình	33		not_found	
12571	Xã An Dục	Huyện Quỳnh Phụ	34	Tỉnh Thái Bình	33	12583	exact	12583:Xã Tân Tiến
12574	Xã Đông Hải	Huyện Quỳnh Phụ	34	Tỉnh Thái Bình	33	12577	exact	12577:Xã Quỳnh An
12577	Xã Quỳnh Trang	Huyện Quỳnh Phụ	34	Tỉnh Thái Bình	33		not_found	
12580	Xã An Tràng	Huyện Quỳnh Phụ	34	Tỉnh Thái Bình	33	12583	exact	12583:Xã Tân Tiến
12583	Xã Đồng Tiến	Huyện Quỳnh Phụ	34	Tỉnh Thái Bình	33	12583	exact	12583:Xã Tân Tiến
12586	Thị trấn Hưng Hà	Huyện Hưng Hà	34	Tỉnh Thái Bình	33	12586	exact	12586:Xã Hưng Hà
12589	Xã Điệp Nông	Huyện Hưng Hà	34	Tỉnh Thái Bình	33		not_found	
12592	Xã Tân Lễ	Huyện Hưng Hà	34	Tỉnh Thái Bình	33	12613	exact	12613:Xã Long Hưng
12595	Xã Cộng Hòa	Huyện Hưng Hà	34	Tỉnh Thái Bình	33	12595	exact	12595:Xã Ngự Thiên
12598	Xã Dân Chủ	Huyện Hưng Hà	34	Tỉnh Thái Bình	33		not_found	
12601	Xã Canh Tân	Huyện Hưng Hà	34	Tỉnh Thái Bình	33	12595	exact	12595:Xã Ngự Thiên
12604	Xã Hòa Tiến	Huyện Hưng Hà	34	Tỉnh Thái Bình	33	12595	exact	12595:Xã Ngự Thiên
12607	Xã Hùng Dũng	Huyện Hưng Hà	34	Tỉnh Thái Bình	33		not_found	
12610	Xã Tân Tiến	Huyện Hưng Hà	34	Tỉnh Thái Bình	33	12634	exact	12634:Xã Tiên La
12613	Thị trấn Hưng Nhân	Huyện Hưng Hà	34	Tỉnh Thái Bình	33	12613	exact	12613:Xã Long Hưng
12616	Xã Đoan Hùng	Huyện Hưng Hà	34	Tỉnh Thái Bình	33	12634	exact	12634:Xã Tiên La
12619	Xã Duyên Hải	Huyện Hưng Hà	34	Tỉnh Thái Bình	33	12619	exact	12619:Xã Diên Hà
12622	Xã Tân Hòa	Huyện Hưng Hà	34	Tỉnh Thái Bình	33	12595	exact	12595:Xã Ngự Thiên
12625	Xã Văn Cẩm	Huyện Hưng Hà	34	Tỉnh Thái Bình	33	12619	exact	12619:Xã Diên Hà
12628	Xã Bắc Sơn	Huyện Hưng Hà	34	Tỉnh Thái Bình	33	12631	exact	12631:Xã Thần Khê
12631	Xã Đông Đô	Huyện Hưng Hà	34	Tỉnh Thái Bình	33	12631	exact	12631:Xã Thần Khê
12634	Xã Phúc Khánh	Huyện Hưng Hà	34	Tỉnh Thái Bình	33	12634	exact	12634:Xã Tiên La
12637	Xã Liên Hiệp	Huyện Hưng Hà	34	Tỉnh Thái Bình	33	12613	exact	12613:Xã Long Hưng
12640	Xã Tây Đô	Huyện Hưng Hà	34	Tỉnh Thái Bình	33	12631	exact	12631:Xã Thần Khê
12643	Xã Thống Nhất	Huyện Hưng Hà	34	Tỉnh Thái Bình	33	12586	exact	12586:Xã Hưng Hà
12646	Xã Tiến Đức	Huyện Hưng Hà	34	Tỉnh Thái Bình	33	12613	exact	12613:Xã Long Hưng
12649	Xã Thái Hưng	Huyện Hưng Hà	34	Tỉnh Thái Bình	33	12613	exact	12613:Xã Long Hưng
12652	Xã Thái Phương	Huyện Hưng Hà	34	Tỉnh Thái Bình	33	12634	exact	12634:Xã Tiên La
12655	Xã Hòa Bình	Huyện Hưng Hà	34	Tỉnh Thái Bình	33		split	12586:Xã Hưng Hà|13132:Xã Quang Lịch|13192:Xã Vũ Thư
12656	Xã Chi Lăng	Huyện Hưng Hà	34	Tỉnh Thái Bình	33	12631	exact	12631:Xã Thần Khê
12658	Xã Minh Khai	Huyện Hưng Hà	34	Tỉnh Thái Bình	33		split	12586:Xã Hưng Hà|13192:Xã Vũ Thư
12661	Xã Hồng An	Huyện Hưng Hà	34	Tỉnh Thái Bình	33	12676	exact	12676:Xã Lê Quý Đôn
12664	Xã Kim Chung	Huyện Hưng Hà	34	Tỉnh Thái Bình	33		not_found	
12667	Xã Hồng Lĩnh	Huyện Hưng Hà	34	Tỉnh Thái Bình	33	12586	exact	12586:Xã Hưng Hà
12670	Xã Minh Tân	Huyện Hưng Hà	34	Tỉnh Thái Bình	33	12676	exact	12676:Xã Lê Quý Đôn
12673	Xã Văn Lang	Huyện Hưng Hà	34	Tỉnh Thái Bình	33	12586	exact	12586:Xã Hưng Hà
12676	Xã Độc Lập	Huyện Hưng Hà	34	Tỉnh Thái Bình	33	12676	exact	12676:Xã Lê Quý Đôn
12679	Xã Chí Hòa	Huyện Hưng Hà	34	Tỉnh Thái Bình	33	12685	exact	12685:Xã Hồng Minh
12682	Xã Minh Hòa	Huyện Hưng Hà	34	Tỉnh Thái Bình	33	12685	exact	12685:Xã Hồng Minh
12685	Xã Hồng Minh	Huyện Hưng Hà	34	Tỉnh Thái Bình	33	12685	exact	12685:Xã Hồng Minh
12688	Thị trấn Đông Hưng	Huyện Đông Hưng	34	Tỉnh Thái Bình	33	12688	exact	12688:Xã Đông Hưng
12691	Xã Đô Lương	Huyện Đông Hưng	34	Tỉnh Thái Bình	33		not_found	
12694	Xã Đông Phương	Huyện Đông Hưng	34	Tỉnh Thái Bình	33	12694	exact	12694:Xã Bắc Đông Hưng
12697	Xã Liên Giang	Huyện Đông Hưng	34	Tỉnh Thái Bình	33		not_found	
12700	Xã An Châu	Huyện Đông Hưng	34	Tỉnh Thái Bình	33		not_found	
12703	Xã Đông Sơn	Huyện Đông Hưng	34	Tỉnh Thái Bình	33	12688	exact	12688:Xã Đông Hưng
12706	Xã Đông Cường	Huyện Đông Hưng	34	Tỉnh Thái Bình	33	12694	exact	12694:Xã Bắc Đông Hưng
12709	Xã Phú Lương	Huyện Đông Hưng	34	Tỉnh Thái Bình	33	12700	exact	12700:Xã Bắc Tiên Hưng
12712	Xã Mê Linh	Huyện Đông Hưng	34	Tỉnh Thái Bình	33	12700	exact	12700:Xã Bắc Tiên Hưng
12715	Xã Lô Giang	Huyện Đông Hưng	34	Tỉnh Thái Bình	33	12700	exact	12700:Xã Bắc Tiên Hưng
12718	Xã Đông La	Huyện Đông Hưng	34	Tỉnh Thái Bình	33	12688	exact	12688:Xã Đông Hưng
12721	Xã Minh Tân	Huyện Đông Hưng	34	Tỉnh Thái Bình	33	12754	exact	12754:Xã Tiên Hưng
12724	Xã Đông Xá	Huyện Đông Hưng	34	Tỉnh Thái Bình	33	12694	exact	12694:Xã Bắc Đông Hưng
12727	Xã Chương Dương	Huyện Đông Hưng	34	Tỉnh Thái Bình	33		not_found	
12730	Xã Nguyên Xá	Huyện Đông Hưng	34	Tỉnh Thái Bình	33	12688	exact	12688:Xã Đông Hưng
12733	Xã Phong Châu	Huyện Đông Hưng	34	Tỉnh Thái Bình	33		not_found	
12736	Xã Hợp Tiến	Huyện Đông Hưng	34	Tỉnh Thái Bình	33		not_found	
12739	Xã Hồng Việt	Huyện Đông Hưng	34	Tỉnh Thái Bình	33	12754	exact	12754:Xã Tiên Hưng
12745	Xã Hà Giang	Huyện Đông Hưng	34	Tỉnh Thái Bình	33	12745	exact	12745:Xã Bắc Đông Quan
12748	Xã Đông Kinh	Huyện Đông Hưng	34	Tỉnh Thái Bình	33	12745	exact	12745:Xã Bắc Đông Quan
12751	Xã Đông Hợp	Huyện Đông Hưng	34	Tỉnh Thái Bình	33	12688	exact	12688:Xã Đông Hưng
12754	Xã Thăng Long	Huyện Đông Hưng	34	Tỉnh Thái Bình	33	12754	exact	12754:Xã Tiên Hưng
12757	Xã Đông Các	Huyện Đông Hưng	34	Tỉnh Thái Bình	33	12688	exact	12688:Xã Đông Hưng
12760	Xã Phú Châu	Huyện Đông Hưng	34	Tỉnh Thái Bình	33	12736	exact	12736:Xã Đông Tiên Hưng
12763	Xã Liên Hoa	Huyện Đông Hưng	34	Tỉnh Thái Bình	33	12763	exact	12763:Xã Nam Tiên Hưng
12769	Xã Đông Tân	Huyện Đông Hưng	34	Tỉnh Thái Bình	33	12793	exact	12793:Xã Đông Quan
12772	Xã Đông Vinh	Huyện Đông Hưng	34	Tỉnh Thái Bình	33	12745	exact	12745:Xã Bắc Đông Quan
12775	Xã Đông Động	Huyện Đông Hưng	34	Tỉnh Thái Bình	33		not_found	
12778	Xã Hồng Bạch	Huyện Đông Hưng	34	Tỉnh Thái Bình	33	12754	exact	12754:Xã Tiên Hưng
12784	Xã Trọng Quan	Huyện Đông Hưng	34	Tỉnh Thái Bình	33	12763	exact	12763:Xã Nam Tiên Hưng
12790	Xã Hồng Giang	Huyện Đông Hưng	34	Tỉnh Thái Bình	33	12763	exact	12763:Xã Nam Tiên Hưng
12793	Xã Đông Quan	Huyện Đông Hưng	34	Tỉnh Thái Bình	33	12793	exact	12793:Xã Đông Quan
12796	Xã Đông Quang	Huyện Đông Hưng	34	Tỉnh Thái Bình	33	12988	exact	12988:Xã Đông Tiền Hải
12799	Xã Đông Xuân	Huyện Đông Hưng	34	Tỉnh Thái Bình	33		not_found	
12802	Xã Đông Á	Huyện Đông Hưng	34	Tỉnh Thái Bình	33	12793	exact	12793:Xã Đông Quan
12808	Xã Đông Hoàng	Huyện Đông Hưng	34	Tỉnh Thái Bình	33	12775	exact	12775:Xã Nam Đông Hưng
12811	Xã Đông Dương	Huyện Đông Hưng	34	Tỉnh Thái Bình	33	12817	exact	12817:Phường Trà Lý
12817	Xã Đông Mỹ	Thành phố Thái Bình	34	Tỉnh Thái Bình	33	12817	exact	12817:Phường Trà Lý
12820	Xã Đông Thọ	Thành phố Thái Bình	34	Tỉnh Thái Bình	33	12817	exact	12817:Phường Trà Lý
12823	Xã Minh Phú	Huyện Đông Hưng	34	Tỉnh Thái Bình	33	12763	exact	12763:Xã Nam Tiên Hưng
12826	Thị trấn Diêm Điền	Huyện Thái Thụy	34	Tỉnh Thái Bình	33	12826	exact	12826:Xã Thái Thụy
12832	Xã Thụy Trường	Huyện Thái Thụy	34	Tỉnh Thái Bình	33	12862	exact	12862:Xã Đông Thụy Anh
12841	Xã Hồng Dũng	Huyện Thái Thụy	34	Tỉnh Thái Bình	33	12862	exact	12862:Xã Đông Thụy Anh
12844	Xã Thụy Quỳnh	Huyện Thái Thụy	34	Tỉnh Thái Bình	33	12859	exact	12859:Xã Bắc Thụy Anh
12847	Xã An Tân	Huyện Thái Thụy	34	Tỉnh Thái Bình	33	12862	exact	12862:Xã Đông Thụy Anh
12850	Xã Thụy Ninh	Huyện Thái Thụy	34	Tỉnh Thái Bình	33	12850	exact	12850:Xã Tây Thụy Anh
12853	Xã Thụy Hưng	Huyện Thái Thụy	34	Tỉnh Thái Bình	33	12865	exact	12865:Xã Thụy Anh
12856	Xã Thụy Việt	Huyện Thái Thụy	34	Tỉnh Thái Bình	33	12859	exact	12859:Xã Bắc Thụy Anh
12859	Xã Thụy Văn	Huyện Thái Thụy	34	Tỉnh Thái Bình	33	12859	exact	12859:Xã Bắc Thụy Anh
12862	Xã Thụy Xuân	Huyện Thái Thụy	34	Tỉnh Thái Bình	33	12862	exact	12862:Xã Đông Thụy Anh
12865	Xã Dương Phúc	Huyện Thái Thụy	34	Tỉnh Thái Bình	33	12865	exact	12865:Xã Thụy Anh
12868	Xã Thụy Trình	Huyện Thái Thụy	34	Tỉnh Thái Bình	33	12826	exact	12826:Xã Thái Thụy
12871	Xã Thụy Bình	Huyện Thái Thụy	34	Tỉnh Thái Bình	33	12826	exact	12826:Xã Thái Thụy
12874	Xã Thụy Chính	Huyện Thái Thụy	34	Tỉnh Thái Bình	33	12850	exact	12850:Xã Tây Thụy Anh
12877	Xã Thụy Dân	Huyện Thái Thụy	34	Tỉnh Thái Bình	33	12850	exact	12850:Xã Tây Thụy Anh
12880	Xã Thụy Hải	Huyện Thái Thụy	34	Tỉnh Thái Bình	33	12826	exact	12826:Xã Thái Thụy
12889	Xã Thụy Liên	Huyện Thái Thụy	34	Tỉnh Thái Bình	33	12826	exact	12826:Xã Thái Thụy
12892	Xã Thụy Duyên	Huyện Thái Thụy	34	Tỉnh Thái Bình	33	12904	exact	12904:Xã Nam Thụy Anh
12898	Xã Thụy Thanh	Huyện Thái Thụy	34	Tỉnh Thái Bình	33	12904	exact	12904:Xã Nam Thụy Anh
12901	Xã Thụy Sơn	Huyện Thái Thụy	34	Tỉnh Thái Bình	33	12865	exact	12865:Xã Thụy Anh
12904	Xã Thụy Phong	Huyện Thái Thụy	34	Tỉnh Thái Bình	33	12904	exact	12904:Xã Nam Thụy Anh
12907	Xã Thái Thượng	Huyện Thái Thụy	34	Tỉnh Thái Bình	33	12922	exact	12922:Xã Thái Ninh
12910	Xã Thái Nguyên	Huyện Thái Thụy	34	Tỉnh Thái Bình	33	12922	exact	12922:Xã Thái Ninh
12916	Xã Dương Hồng Thủy	Huyện Thái Thụy	34	Tỉnh Thái Bình	33	12916	exact	12916:Xã Bắc Thái Ninh
12919	Xã Thái Giang	Huyện Thái Thụy	34	Tỉnh Thái Bình	33	12919	exact	12919:Xã Tây Thái Ninh
12922	Xã Hòa An	Huyện Thái Thụy	34	Tỉnh Thái Bình	33	12922	exact	12922:Xã Thái Ninh
12925	Xã Sơn Hà	Huyện Thái Thụy	34	Tỉnh Thái Bình	33	12919	exact	12919:Xã Tây Thái Ninh
12934	Xã Thái Phúc	Huyện Thái Thụy	34	Tỉnh Thái Bình	33	12916	exact	12916:Xã Bắc Thái Ninh
12937	Xã Thái Hưng	Huyện Thái Thụy	34	Tỉnh Thái Bình	33	12922	exact	12922:Xã Thái Ninh
12940	Xã Thái Đô	Huyện Thái Thụy	34	Tỉnh Thái Bình	33	12943	exact	12943:Xã Đông Thái Ninh
12943	Xã Thái Xuyên	Huyện Thái Thụy	34	Tỉnh Thái Bình	33	12943	exact	12943:Xã Đông Thái Ninh
12949	Xã Mỹ Lộc	Huyện Thái Thụy	34	Tỉnh Thái Bình	33	12943	exact	12943:Xã Đông Thái Ninh
12958	Xã Tân Học	Huyện Thái Thụy	34	Tỉnh Thái Bình	33	12943	exact	12943:Xã Đông Thái Ninh
12961	Xã Thái Thịnh	Huyện Thái Thụy	34	Tỉnh Thái Bình	33	12961	exact	12961:Xã Nam Thái Ninh
12964	Xã Thuần Thành	Huyện Thái Thụy	34	Tỉnh Thái Bình	33	12961	exact	12961:Xã Nam Thái Ninh
12967	Xã Thái Thọ	Huyện Thái Thụy	34	Tỉnh Thái Bình	33	12961	exact	12961:Xã Nam Thái Ninh
12970	Thị trấn Tiền Hải	Huyện Tiền Hải	34	Tỉnh Thái Bình	33	12970	exact	12970:Xã Tiền Hải
12976	Xã Đông Trà	Huyện Tiền Hải	34	Tỉnh Thái Bình	33	12988	exact	12988:Xã Đông Tiền Hải
12979	Xã Đông Long	Huyện Tiền Hải	34	Tỉnh Thái Bình	33	12988	exact	12988:Xã Đông Tiền Hải
12982	Xã Đông Quí	Huyện Tiền Hải	34	Tỉnh Thái Bình	33		not_found	
12985	Xã Vũ Lăng	Huyện Tiền Hải	34	Tỉnh Thái Bình	33	12970	exact	12970:Xã Tiền Hải
12988	Xã Đông Xuyên	Huyện Tiền Hải	34	Tỉnh Thái Bình	33	12988	exact	12988:Xã Đông Tiền Hải
12991	Xã Tây Lương	Huyện Tiền Hải	34	Tỉnh Thái Bình	33	12970	exact	12970:Xã Tiền Hải
12994	Xã Tây Ninh	Huyện Tiền Hải	34	Tỉnh Thái Bình	33	12970	exact	12970:Xã Tiền Hải
12997	Xã Đông Trung	Huyện Tiền Hải	34	Tỉnh Thái Bình	33		not_found	
13000	Xã Đông Hoàng	Huyện Tiền Hải	34	Tỉnh Thái Bình	33	13003	exact	13003:Xã Đồng Châu
13003	Xã Đông Minh	Huyện Tiền Hải	34	Tỉnh Thái Bình	33	13003	exact	13003:Xã Đồng Châu
13009	Xã Đông Phong	Huyện Tiền Hải	34	Tỉnh Thái Bình	33		not_found	
13012	Xã An Ninh	Huyện Tiền Hải	34	Tỉnh Thái Bình	33	12970	exact	12970:Xã Tiền Hải
13018	Xã Đông Cơ	Huyện Tiền Hải	34	Tỉnh Thái Bình	33	13003	exact	13003:Xã Đồng Châu
13021	Xã Tây Giang	Huyện Tiền Hải	34	Tỉnh Thái Bình	33	13021	exact	13021:Xã Ái Quốc
13024	Xã Đông Lâm	Huyện Tiền Hải	34	Tỉnh Thái Bình	33	13003	exact	13003:Xã Đồng Châu
13027	Xã Phương Công	Huyện Tiền Hải	34	Tỉnh Thái Bình	33	13039	exact	13039:Xã Tây Tiền Hải
13030	Xã Tây Phong	Huyện Tiền Hải	34	Tỉnh Thái Bình	33		not_found	
13033	Xã Tây Tiến	Huyện Tiền Hải	34	Tỉnh Thái Bình	33		not_found	
13036	Xã Nam Cường	Huyện Tiền Hải	34	Tỉnh Thái Bình	33	13057	exact	13057:Xã Nam Cường
13039	Xã Vân Trường	Huyện Tiền Hải	34	Tỉnh Thái Bình	33	13039	exact	13039:Xã Tây Tiền Hải
13042	Xã Nam Thắng	Huyện Tiền Hải	34	Tỉnh Thái Bình	33		not_found	
13045	Xã Nam Chính	Huyện Tiền Hải	34	Tỉnh Thái Bình	33	13057	exact	13057:Xã Nam Cường
13048	Xã Bắc Hải	Huyện Tiền Hải	34	Tỉnh Thái Bình	33	13039	exact	13039:Xã Tây Tiền Hải
13051	Xã Nam Thịnh	Huyện Tiền Hải	34	Tỉnh Thái Bình	33	13057	exact	13057:Xã Nam Cường
13054	Xã Nam Hà	Huyện Tiền Hải	34	Tỉnh Thái Bình	33	13063	exact	13063:Xã Nam Tiền Hải
13057	Xã Nam Thanh	Huyện Tiền Hải	34	Tỉnh Thái Bình	33		not_found	
13060	Xã Nam Trung	Huyện Tiền Hải	34	Tỉnh Thái Bình	33	13066	exact	13066:Xã Hưng Phú
13063	Xã Nam Hồng	Huyện Tiền Hải	34	Tỉnh Thái Bình	33	13063	exact	13063:Xã Nam Tiền Hải
13066	Xã Nam Hưng	Huyện Tiền Hải	34	Tỉnh Thái Bình	33	13066	exact	13066:Xã Hưng Phú
13069	Xã Nam Hải	Huyện Tiền Hải	34	Tỉnh Thái Bình	33	13063	exact	13063:Xã Nam Tiền Hải
13072	Xã Nam Phú	Huyện Tiền Hải	34	Tỉnh Thái Bình	33	13066	exact	13066:Xã Hưng Phú
13075	Thị trấn Kiến Xương	Huyện Kiến Xương	34	Tỉnh Thái Bình	33	13075	exact	13075:Xã Kiến Xương
13078	Xã Trà Giang	Huyện Kiến Xương	34	Tỉnh Thái Bình	33	13093	exact	13093:Xã Trà Giang
13081	Xã Quốc Tuấn	Huyện Kiến Xương	34	Tỉnh Thái Bình	33	13093	exact	13093:Xã Trà Giang
13084	Xã Vũ Đông	Thành phố Thái Bình	34	Tỉnh Thái Bình	33	12454	exact	12454:Phường Trần Lãm
13087	Xã An Bình	Huyện Kiến Xương	34	Tỉnh Thái Bình	33	13096	exact	13096:Xã Bình Nguyên
13090	Xã Tây Sơn	Huyện Kiến Xương	34	Tỉnh Thái Bình	33	12454	exact	12454:Phường Trần Lãm
13093	Xã Hồng Thái	Huyện Kiến Xương	34	Tỉnh Thái Bình	33	13093	exact	13093:Xã Trà Giang
13096	Xã Bình Nguyên	Huyện Kiến Xương	34	Tỉnh Thái Bình	33	13096	exact	13096:Xã Bình Nguyên
13102	Xã Lê Lợi	Huyện Kiến Xương	34	Tỉnh Thái Bình	33	13120	exact	13120:Xã Lê Lợi
13108	Xã Vũ Lạc	Thành phố Thái Bình	34	Tỉnh Thái Bình	33	12454	exact	12454:Phường Trần Lãm
13111	Xã Vũ Lễ	Huyện Kiến Xương	34	Tỉnh Thái Bình	33	13132	exact	13132:Xã Quang Lịch
13114	Xã Thanh Tân	Huyện Kiến Xương	34	Tỉnh Thái Bình	33	13096	exact	13096:Xã Bình Nguyên
13117	Xã Thượng Hiền	Huyện Kiến Xương	34	Tỉnh Thái Bình	33		not_found	
13120	Xã Nam Cao	Huyện Kiến Xương	34	Tỉnh Thái Bình	33		not_found	
13123	Xã Đình Phùng	Huyện Kiến Xương	34	Tỉnh Thái Bình	33		not_found	
13126	Xã Vũ Ninh	Huyện Kiến Xương	34	Tỉnh Thái Bình	33	13141	exact	13141:Xã Vũ Quý
13129	Xã Vũ An	Huyện Kiến Xương	34	Tỉnh Thái Bình	33	13141	exact	13141:Xã Vũ Quý
13132	Xã Quang Lịch	Huyện Kiến Xương	34	Tỉnh Thái Bình	33	13132	exact	13132:Xã Quang Lịch
13135	Xã Hòa Bình	Huyện Kiến Xương	34	Tỉnh Thái Bình	33	13132	exact	13132:Xã Quang Lịch
13138	Xã Bình Minh	Huyện Kiến Xương	34	Tỉnh Thái Bình	33		split	12049:Xã Mễ Sở|13075:Xã Kiến Xương
13141	Xã Vũ Quí	Huyện Kiến Xương	34	Tỉnh Thái Bình	33		not_found	
13144	Xã Quang Bình	Huyện Kiến Xương	34	Tỉnh Thái Bình	33	13075	exact	13075:Xã Kiến Xương
13150	Xã Vũ Trung	Huyện Kiến Xương	34	Tỉnh Thái Bình	33	13141	exact	13141:Xã Vũ Quý
13153	Xã Vũ Thắng	Huyện Kiến Xương	34	Tỉnh Thái Bình	33		not_found	
13156	Xã Vũ Công	Huyện Kiến Xương	34	Tỉnh Thái Bình	33	13159	exact	13159:Xã Hồng Vũ
13159	Xã Vũ Hòa	Huyện Kiến Xương	34	Tỉnh Thái Bình	33		not_found	
13162	Xã Quang Minh	Huyện Kiến Xương	34	Tỉnh Thái Bình	33	13075	exact	13075:Xã Kiến Xương
13165	Xã Quang Trung	Huyện Kiến Xương	34	Tỉnh Thái Bình	33	13075	exact	13075:Xã Kiến Xương
13171	Xã Minh Quang	Huyện Kiến Xương	34	Tỉnh Thái Bình	33	13183	exact	13183:Xã Bình Thanh
13174	Xã Vũ Bình	Huyện Kiến Xương	34	Tỉnh Thái Bình	33		not_found	
13177	Xã Minh Tân	Huyện Kiến Xương	34	Tỉnh Thái Bình	33		split	12754:Xã Tiên Hưng|12676:Xã Lê Quý Đôn|12391:Xã Quang Hưng|13183:Xã Bình Thanh
13180	Xã Nam Bình	Huyện Kiến Xương	34	Tỉnh Thái Bình	33	13186	exact	13186:Xã Bình Định
13183	Xã Bình Thanh	Huyện Kiến Xương	34	Tỉnh Thái Bình	33	13183	exact	13183:Xã Bình Thanh
13186	Xã Bình Định	Huyện Kiến Xương	34	Tỉnh Thái Bình	33	13186	exact	13186:Xã Bình Định
13189	Xã Hồng Tiến	Huyện Kiến Xương	34	Tỉnh Thái Bình	33	13186	exact	13186:Xã Bình Định
13192	Thị trấn Vũ Thư	Huyện Vũ Thư	34	Tỉnh Thái Bình	33	13192	exact	13192:Xã Vũ Thư
13195	Xã Hồng Lý	Huyện Vũ Thư	34	Tỉnh Thái Bình	33	13219	exact	13219:Xã Vạn Xuân
13198	Xã Đồng Thanh	Huyện Vũ Thư	34	Tỉnh Thái Bình	33	13219	exact	13219:Xã Vạn Xuân
13201	Xã Xuân Hòa	Huyện Vũ Thư	34	Tỉnh Thái Bình	33	13219	exact	13219:Xã Vạn Xuân
13204	Xã Hiệp Hòa	Huyện Vũ Thư	34	Tỉnh Thái Bình	33	13222	exact	13222:Xã Thư Trì
13207	Xã Phúc Thành	Huyện Vũ Thư	34	Tỉnh Thái Bình	33	13225	exact	13225:Phường Thái Bình
13210	Xã Tân Phong	Huyện Vũ Thư	34	Tỉnh Thái Bình	33	13225	exact	13225:Phường Thái Bình
13213	Xã Song Lãng	Huyện Vũ Thư	34	Tỉnh Thái Bình	33	13222	exact	13222:Xã Thư Trì
13216	Xã Tân Hòa	Huyện Vũ Thư	34	Tỉnh Thái Bình	33	13225	exact	13225:Phường Thái Bình
13219	Xã Việt Hùng	Huyện Vũ Thư	34	Tỉnh Thái Bình	33		split	13219:Xã Vạn Xuân|11995:Xã Đại Đồng
13222	Xã Minh Lãng	Huyện Vũ Thư	34	Tỉnh Thái Bình	33	13222	exact	13222:Xã Thư Trì
13225	Xã Tân Bình	Thành phố Thái Bình	34	Tỉnh Thái Bình	33	13225	exact	13225:Phường Thái Bình
13228	Xã Minh Khai	Huyện Vũ Thư	34	Tỉnh Thái Bình	33		split	12586:Xã Hưng Hà|13192:Xã Vũ Thư
13231	Xã Dũng Nghĩa	Huyện Vũ Thư	34	Tỉnh Thái Bình	33	13192	exact	13192:Xã Vũ Thư
13234	Xã Minh Quang	Huyện Vũ Thư	34	Tỉnh Thái Bình	33	13192	exact	13192:Xã Vũ Thư
13237	Xã Tam Quang	Huyện Vũ Thư	34	Tỉnh Thái Bình	33	13192	exact	13192:Xã Vũ Thư
13240	Xã Tân Lập	Huyện Vũ Thư	34	Tỉnh Thái Bình	33	13246	exact	13246:Xã Tân Thuận
13243	Xã Bách Thuận	Huyện Vũ Thư	34	Tỉnh Thái Bình	33	13246	exact	13246:Xã Tân Thuận
13246	Xã Tự Tân	Huyện Vũ Thư	34	Tỉnh Thái Bình	33	13246	exact	13246:Xã Tân Thuận
13249	Xã Song An	Huyện Vũ Thư	34	Tỉnh Thái Bình	33	12466	exact	12466:Phường Vũ Phúc
13252	Xã Trung An	Huyện Vũ Thư	34	Tỉnh Thái Bình	33	12466	exact	12466:Phường Vũ Phúc
13255	Xã Vũ Hội	Huyện Vũ Thư	34	Tỉnh Thái Bình	33	13264	exact	13264:Xã Thư Vũ
13258	Xã Hòa Bình	Huyện Vũ Thư	34	Tỉnh Thái Bình	33		split	12586:Xã Hưng Hà|13132:Xã Quang Lịch|13192:Xã Vũ Thư
13261	Xã Nguyên Xá	Huyện Vũ Thư	34	Tỉnh Thái Bình	33	12466	exact	12466:Phường Vũ Phúc
13264	Xã Việt Thuận	Huyện Vũ Thư	34	Tỉnh Thái Bình	33	13264	exact	13264:Xã Thư Vũ
13267	Xã Vũ Vinh	Huyện Vũ Thư	34	Tỉnh Thái Bình	33	13264	exact	13264:Xã Thư Vũ
13270	Xã Vũ Đoài	Huyện Vũ Thư	34	Tỉnh Thái Bình	33	13279	exact	13279:Xã Vũ Tiên
13273	Xã Vũ Tiến	Huyện Vũ Thư	34	Tỉnh Thái Bình	33	13279	exact	13279:Xã Vũ Tiên
13276	Xã Vũ Vân	Huyện Vũ Thư	34	Tỉnh Thái Bình	33	13264	exact	13264:Xã Thư Vũ
13279	Xã Duy Nhất	Huyện Vũ Thư	34	Tỉnh Thái Bình	33	13279	exact	13279:Xã Vũ Tiên
13282	Xã Hồng Phong	Huyện Vũ Thư	34	Tỉnh Thái Bình	33	13279	exact	13279:Xã Vũ Tiên
13285	Phường Quang Trung	Thành phố Phủ Lý	35	Tỉnh Hà Nam	37		split	13318:Phường Châu Sơn|13285:Phường Phủ Lý
13288	Phường Lương Khánh Thiện	Thành phố Phủ Lý	35	Tỉnh Hà Nam	37		not_found	
13291	Phường Lê Hồng Phong	Thành phố Phủ Lý	35	Tỉnh Hà Nam	37		not_found	
13294	Phường Minh Khai	Thành phố Phủ Lý	35	Tỉnh Hà Nam	37		not_found	
13297	Phường Hai Bà Trưng	Thành phố Phủ Lý	35	Tỉnh Hà Nam	37		not_found	
13300	Phường Trần Hưng Đạo	Thành phố Phủ Lý	35	Tỉnh Hà Nam	37	13669	exact	13669:Phường Nam Định
13303	Phường Lam Hạ	Thành phố Phủ Lý	35	Tỉnh Hà Nam	37	13285	exact	13285:Phường Phủ Lý
13306	Xã Phù Vân	Thành phố Phủ Lý	35	Tỉnh Hà Nam	37		not_found	
13309	Phường Liêm Chính	Thành phố Phủ Lý	35	Tỉnh Hà Nam	37	13318	exact	13318:Phường Châu Sơn
13312	Xã Liêm Chung	Thành phố Phủ Lý	35	Tỉnh Hà Nam	37		not_found	
13315	Phường Thanh Châu	Thành phố Phủ Lý	35	Tỉnh Hà Nam	37	13318	exact	13318:Phường Châu Sơn
13318	Phường Châu Sơn	Thành phố Phủ Lý	35	Tỉnh Hà Nam	37	13435	exact	13435:Phường Lý Thường Kiệt
13321	Phường Đồng Văn	Thị xã Duy Tiên	35	Tỉnh Hà Nam	37	13348	exact	13348:Phường Đồng Văn
13324	Phường Hòa Mạc	Thị xã Duy Tiên	35	Tỉnh Hà Nam	37		split	13330:Phường Duy Tân|13324:Phường Duy Tiên
13327	Xã Mộc Bắc	Thị xã Duy Tiên	35	Tỉnh Hà Nam	37		not_found	
13330	Phường Châu Giang	Thị xã Duy Tiên	35	Tỉnh Hà Nam	37	13330	exact	13330:Phường Duy Tân
13333	Phường Bạch Thượng	Thị xã Duy Tiên	35	Tỉnh Hà Nam	37	13348	exact	13348:Phường Đồng Văn
13336	Phường Duy Minh	Thị xã Duy Tiên	35	Tỉnh Hà Nam	37	13336	exact	13336:Phường Duy Hà
13339	Xã Mộc Nam	Thị xã Duy Tiên	35	Tỉnh Hà Nam	37		not_found	
13342	Phường Duy Hải	Thị xã Duy Tiên	35	Tỉnh Hà Nam	37	13336	exact	13336:Phường Duy Hà
13345	Xã Chuyên Ngoại	Thị xã Duy Tiên	35	Tỉnh Hà Nam	37	13324	exact	13324:Phường Duy Tiên
13348	Phường Yên Bắc	Thị xã Duy Tiên	35	Tỉnh Hà Nam	37	13348	exact	13348:Phường Đồng Văn
13351	Xã Trác Văn	Thị xã Duy Tiên	35	Tỉnh Hà Nam	37	13324	exact	13324:Phường Duy Tiên
13354	Phường Tiên Nội	Thị xã Duy Tiên	35	Tỉnh Hà Nam	37	13285	exact	13285:Phường Phủ Lý
13357	Phường Hoàng Đông	Thị xã Duy Tiên	35	Tỉnh Hà Nam	37		split	13336:Phường Duy Hà|13285:Phường Phủ Lý
13360	Xã Yên Nam	Thị xã Duy Tiên	35	Tỉnh Hà Nam	37	13324	exact	13324:Phường Duy Tiên
13363	Xã Tiên Ngoại	Thị xã Duy Tiên	35	Tỉnh Hà Nam	37	13285	exact	13285:Phường Phủ Lý
13366	Xã Tiên Tân	Thành phố Phủ Lý	35	Tỉnh Hà Nam	37		not_found	
13369	Xã Tiên Sơn	Thị xã Duy Tiên	35	Tỉnh Hà Nam	37		not_found	
13372	Xã Tiên Hiệp	Thành phố Phủ Lý	35	Tỉnh Hà Nam	37		not_found	
13381	Xã Tiên Hải	Thành phố Phủ Lý	35	Tỉnh Hà Nam	37		not_found	
13384	Thị trấn Quế	Huyện Kim Bảng	35	Tỉnh Hà Nam	37		not_found	
13387	Xã Nguyễn Úy	Huyện Kim Bảng	35	Tỉnh Hà Nam	37	13396	exact	13396:Phường Nguyễn Úy
13390	Xã Đại Cương	Huyện Kim Bảng	35	Tỉnh Hà Nam	37		not_found	
13393	Xã Lê Hồ	Huyện Kim Bảng	35	Tỉnh Hà Nam	37		not_found	
13396	Xã Tượng Lĩnh	Huyện Kim Bảng	35	Tỉnh Hà Nam	37		not_found	
13399	Xã Nhật Tựu	Huyện Kim Bảng	35	Tỉnh Hà Nam	37		not_found	
13402	Xã Nhật Tân	Huyện Kim Bảng	35	Tỉnh Hà Nam	37		not_found	
13405	Xã Đồng Hóa	Huyện Kim Bảng	35	Tỉnh Hà Nam	37		not_found	
13408	Xã Hoàng Tây	Huyện Kim Bảng	35	Tỉnh Hà Nam	37	13402	exact	13402:Phường Kim Thanh
13411	Xã Tân Sơn	Huyện Kim Bảng	35	Tỉnh Hà Nam	37		not_found	
13414	Xã Thụy Lôi	Huyện Kim Bảng	35	Tỉnh Hà Nam	37	13384	exact	13384:Phường Kim Bảng
13417	Xã Văn Xá	Huyện Kim Bảng	35	Tỉnh Hà Nam	37	13456	exact	13456:Xã Liêm Hà
13420	Xã Khả Phong	Huyện Kim Bảng	35	Tỉnh Hà Nam	37	13384	exact	13384:Phường Kim Bảng
13423	Xã Ngọc Sơn	Huyện Kim Bảng	35	Tỉnh Hà Nam	37		not_found	
13426	Xã Kim Bình	Thành phố Phủ Lý	35	Tỉnh Hà Nam	37		not_found	
13429	Thị trấn Ba Sao	Huyện Kim Bảng	35	Tỉnh Hà Nam	37		not_found	
13432	Xã Liên Sơn	Huyện Kim Bảng	35	Tỉnh Hà Nam	37		split	14482:Xã Gia Hưng|13420:Phường Tam Chúc
13435	Xã Thi Sơn	Huyện Kim Bảng	35	Tỉnh Hà Nam	37		not_found	
13438	Xã Thanh Sơn	Huyện Kim Bảng	35	Tỉnh Hà Nam	37	13420	exact	13420:Phường Tam Chúc
13441	Thị trấn Kiện Khê	Huyện Thanh Liêm	35	Tỉnh Hà Nam	37	13435	exact	13435:Phường Lý Thường Kiệt
13444	Xã Liêm Tuyền	Thành phố Phủ Lý	35	Tỉnh Hà Nam	37		not_found	
13447	Xã Liêm Tiết	Thành phố Phủ Lý	35	Tỉnh Hà Nam	37		not_found	
13450	Xã Liêm Phong	Huyện Thanh Liêm	35	Tỉnh Hà Nam	37	13474	exact	13474:Xã Tân Thanh
13453	Xã Thanh Hà	Huyện Thanh Liêm	35	Tỉnh Hà Nam	37	13474	exact	13474:Xã Tân Thanh
13456	Xã Liêm Cần	Huyện Thanh Liêm	35	Tỉnh Hà Nam	37	13474	exact	13474:Xã Tân Thanh
13459	Phường Thanh Tuyền	Thành phố Phủ Lý	35	Tỉnh Hà Nam	37	13435	exact	13435:Phường Lý Thường Kiệt
13465	Xã Liêm Thuận	Huyện Thanh Liêm	35	Tỉnh Hà Nam	37	13489	exact	13489:Xã Thanh Lâm
13468	Xã Thanh Thủy	Huyện Thanh Liêm	35	Tỉnh Hà Nam	37	13483	exact	13483:Xã Thanh Bình
13471	Xã Thanh Phong	Huyện Thanh Liêm	35	Tỉnh Hà Nam	37	13483	exact	13483:Xã Thanh Bình
13474	Thị trấn Tân Thanh	Huyện Thanh Liêm	35	Tỉnh Hà Nam	37	13483	exact	13483:Xã Thanh Bình
13477	Xã Thanh Tân	Huyện Thanh Liêm	35	Tỉnh Hà Nam	37	13495	exact	13495:Xã Thanh Liêm
13480	Xã Liêm Túc	Huyện Thanh Liêm	35	Tỉnh Hà Nam	37	13489	exact	13489:Xã Thanh Lâm
13483	Xã Liêm Sơn	Huyện Thanh Liêm	35	Tỉnh Hà Nam	37	13489	exact	13489:Xã Thanh Lâm
13486	Xã Thanh Hương	Huyện Thanh Liêm	35	Tỉnh Hà Nam	37	13501	exact	13501:Xã Bình Mỹ
13489	Xã Thanh Nghị	Huyện Thanh Liêm	35	Tỉnh Hà Nam	37	13495	exact	13495:Xã Thanh Liêm
13492	Xã Thanh Tâm	Huyện Thanh Liêm	35	Tỉnh Hà Nam	37	13501	exact	13501:Xã Bình Mỹ
13495	Xã Thanh Nguyên	Huyện Thanh Liêm	35	Tỉnh Hà Nam	37	13501	exact	13501:Xã Bình Mỹ
13498	Xã Thanh Hải	Huyện Thanh Liêm	35	Tỉnh Hà Nam	37	13495	exact	13495:Xã Thanh Liêm
13501	Thị trấn Bình Mỹ	Huyện Bình Lục	35	Tỉnh Hà Nam	37	13558	exact	13558:Xã Bình Sơn
13504	Xã Bình Nghĩa	Huyện Bình Lục	35	Tỉnh Hà Nam	37		not_found	
13507	Xã Đinh Xá	Thành phố Phủ Lý	35	Tỉnh Hà Nam	37	13366	exact	13366:Phường Hà Nam
13510	Xã Tràng An	Huyện Bình Lục	35	Tỉnh Hà Nam	37		not_found	
13513	Xã Trịnh Xá	Thành phố Phủ Lý	35	Tỉnh Hà Nam	37	13366	exact	13366:Phường Hà Nam
13516	Xã Đồng Du	Huyện Bình Lục	35	Tỉnh Hà Nam	37		not_found	
13519	Xã Ngọc Lũ	Huyện Bình Lục	35	Tỉnh Hà Nam	37	13291	exact	13291:Phường Phù Vân
13522	Xã Hưng Công	Huyện Bình Lục	35	Tỉnh Hà Nam	37		not_found	
13525	Xã Đồn Xá	Huyện Bình Lục	35	Tỉnh Hà Nam	37	13558	exact	13558:Xã Bình Sơn
13528	Xã An Ninh	Huyện Bình Lục	35	Tỉnh Hà Nam	37	13531	exact	13531:Xã Bình Giang
13531	Xã Bồ Đề	Huyện Bình Lục	35	Tỉnh Hà Nam	37	13531	exact	13531:Xã Bình Giang
13534	Xã Bối Cầu	Huyện Bình Lục	35	Tỉnh Hà Nam	37		not_found	
13540	Xã An Nội	Huyện Bình Lục	35	Tỉnh Hà Nam	37		not_found	
13543	Xã Vũ Bản	Huyện Bình Lục	35	Tỉnh Hà Nam	37	13531	exact	13531:Xã Bình Giang
13546	Xã Trung Lương	Huyện Bình Lục	35	Tỉnh Hà Nam	37	13291	exact	13291:Phường Phù Vân
13552	Xã An Đổ	Huyện Bình Lục	35	Tỉnh Hà Nam	37	13573	exact	13573:Xã Lý Nhân
13555	Xã La Sơn	Huyện Bình Lục	35	Tỉnh Hà Nam	37	13558	exact	13558:Xã Bình Sơn
13558	Xã Tiêu Động	Huyện Bình Lục	35	Tỉnh Hà Nam	37	13573	exact	13573:Xã Lý Nhân
13561	Xã An Lão	Huyện Bình Lục	35	Tỉnh Hà Nam	37	13573	exact	13573:Xã Lý Nhân
13567	Xã Hợp Lý	Huyện Lý Nhân	35	Tỉnh Hà Nam	37		not_found	
13570	Xã Nguyên Lý	Huyện Lý Nhân	35	Tỉnh Hà Nam	37	13591	exact	13591:Xã Nam Xang
13573	Xã Chính Lý	Huyện Lý Nhân	35	Tỉnh Hà Nam	37		not_found	
13576	Xã Chân Lý	Huyện Lý Nhân	35	Tỉnh Hà Nam	37	13504	exact	13504:Xã Bình Lục
13579	Xã Đạo Lý	Huyện Lý Nhân	35	Tỉnh Hà Nam	37	13504	exact	13504:Xã Bình Lục
13582	Xã Công Lý	Huyện Lý Nhân	35	Tỉnh Hà Nam	37	13591	exact	13591:Xã Nam Xang
13585	Xã Văn Lý	Huyện Lý Nhân	35	Tỉnh Hà Nam	37		not_found	
13588	Xã Bắc Lý	Huyện Lý Nhân	35	Tỉnh Hà Nam	37	13504	exact	13504:Xã Bình Lục
13591	Xã Đức Lý	Huyện Lý Nhân	35	Tỉnh Hà Nam	37	13591	exact	13591:Xã Nam Xang
13594	Xã Trần Hưng Đạo	Huyện Lý Nhân	35	Tỉnh Hà Nam	37	13594	exact	13594:Xã Trần Thương
13597	Thị trấn Vĩnh Trụ	Huyện Lý Nhân	35	Tỉnh Hà Nam	37		not_found	
13600	Xã Nhân Thịnh	Huyện Lý Nhân	35	Tỉnh Hà Nam	37	13609	exact	13609:Xã Nhân Hà
13606	Xã Nhân Khang	Huyện Lý Nhân	35	Tỉnh Hà Nam	37		not_found	
13609	Xã Nhân Mỹ	Huyện Lý Nhân	35	Tỉnh Hà Nam	37	13609	exact	13609:Xã Nhân Hà
13612	Xã Nhân Nghĩa	Huyện Lý Nhân	35	Tỉnh Hà Nam	37	13594	exact	13594:Xã Trần Thương
13615	Xã Nhân Chính	Huyện Lý Nhân	35	Tỉnh Hà Nam	37		not_found	
13618	Xã Nhân Bình	Huyện Lý Nhân	35	Tỉnh Hà Nam	37	13594	exact	13594:Xã Trần Thương
13621	Xã Phú Phúc	Huyện Lý Nhân	35	Tỉnh Hà Nam	37	13627	exact	13627:Xã Nam Lý
13624	Xã Xuân Khê	Huyện Lý Nhân	35	Tỉnh Hà Nam	37	13609	exact	13609:Xã Nhân Hà
13627	Xã Tiến Thắng	Huyện Lý Nhân	35	Tỉnh Hà Nam	37	13627	exact	13627:Xã Nam Lý
13630	Xã Hòa Hậu	Huyện Lý Nhân	35	Tỉnh Hà Nam	37	13627	exact	13627:Xã Nam Lý
13633	Phường Hạ Long	Thành phố Nam Định	36	Tỉnh Nam Định	37		not_found	
13636	Phường Trần Tế Xương	Thành phố Nam Định	36	Tỉnh Nam Định	37		not_found	
13639	Phường Vị Hoàng	Thành phố Nam Định	36	Tỉnh Nam Định	37		not_found	
13642	Phường Vị Xuyên	Thành phố Nam Định	36	Tỉnh Nam Định	37	13669	exact	13669:Phường Nam Định
13645	Phường Quang Trung	Thành phố Nam Định	36	Tỉnh Nam Định	37	13669	exact	13669:Phường Nam Định
13648	Phường Cửa Bắc	Thành phố Nam Định	36	Tỉnh Nam Định	37	13669	exact	13669:Phường Nam Định
13651	Phường Nguyễn Du	Thành phố Nam Định	36	Tỉnh Nam Định	37		not_found	
13654	Phường Bà Triệu	Thành phố Nam Định	36	Tỉnh Nam Định	37		not_found	
13657	Phường Trường Thi	Thành phố Nam Định	36	Tỉnh Nam Định	37	13777	exact	13777:Phường Trường Thi
13660	Phường Phan Đình Phùng	Thành phố Nam Định	36	Tỉnh Nam Định	37		not_found	
13663	Phường Ngô Quyền	Thành phố Nam Định	36	Tỉnh Nam Định	37		not_found	
13666	Phường Trần Hưng Đạo	Thành phố Nam Định	36	Tỉnh Nam Định	37	13669	exact	13669:Phường Nam Định
13669	Phường Trần Đăng Ninh	Thành phố Nam Định	36	Tỉnh Nam Định	37		not_found	
13672	Phường Năng Tĩnh	Thành phố Nam Định	36	Tỉnh Nam Định	37	13669	exact	13669:Phường Nam Định
13675	Phường Văn Miếu	Thành phố Nam Định	36	Tỉnh Nam Định	37		not_found	
13678	Phường Trần Quang Khải	Thành phố Nam Định	36	Tỉnh Nam Định	37		not_found	
13681	Phường Thống Nhất	Thành phố Nam Định	36	Tỉnh Nam Định	37		not_found	
13684	Phường Lộc Hạ	Thành phố Nam Định	36	Tỉnh Nam Định	37	13684	exact	13684:Phường Thiên Trường
13687	Phường Lộc Vượng	Thành phố Nam Định	36	Tỉnh Nam Định	37	13669	exact	13669:Phường Nam Định
13690	Phường Cửa Nam	Thành phố Nam Định	36	Tỉnh Nam Định	37	13669	exact	13669:Phường Nam Định
13693	Phường Lộc Hòa	Thành phố Nam Định	36	Tỉnh Nam Định	37	13693	exact	13693:Phường Đông A
13696	Xã Nam Phong	Thành phố Nam Định	36	Tỉnh Nam Định	37		not_found	
13699	Phường Mỹ Xá	Thành phố Nam Định	36	Tỉnh Nam Định	37	13699	exact	13699:Phường Thành Nam
13702	Xã Lộc An	Thành phố Nam Định	36	Tỉnh Nam Định	37		not_found	
13705	Xã Nam Vân	Thành phố Nam Định	36	Tỉnh Nam Định	37		not_found	
13708	Thị trấn Mỹ Lộc	Huyện Mỹ Lộc	36	Tỉnh Nam Định	37		not_found	
13711	Xã Mỹ Hà	Huyện Mỹ Lộc	36	Tỉnh Nam Định	37	13693	exact	13693:Phường Đông A
13714	Xã Mỹ Tiến	Huyện Mỹ Lộc	36	Tỉnh Nam Định	37		not_found	
13717	Xã Mỹ Thắng	Huyện Mỹ Lộc	36	Tỉnh Nam Định	37	13693	exact	13693:Phường Đông A
13720	Xã Mỹ Trung	Huyện Mỹ Lộc	36	Tỉnh Nam Định	37	13684	exact	13684:Phường Thiên Trường
13723	Xã Mỹ Tân	Huyện Mỹ Lộc	36	Tỉnh Nam Định	37	13684	exact	13684:Phường Thiên Trường
13726	Xã Mỹ Phúc	Huyện Mỹ Lộc	36	Tỉnh Nam Định	37	13669	exact	13669:Phường Nam Định
13729	Xã Mỹ Hưng	Huyện Mỹ Lộc	36	Tỉnh Nam Định	37		not_found	
13732	Xã Mỹ Thuận	Huyện Mỹ Lộc	36	Tỉnh Nam Định	37	13708	exact	13708:Phường Mỹ Lộc
13735	Xã Mỹ Thịnh	Huyện Mỹ Lộc	36	Tỉnh Nam Định	37		not_found	
13738	Xã Mỹ Thành	Huyện Mỹ Lộc	36	Tỉnh Nam Định	37		not_found	
13741	Thị trấn Gôi	Huyện Vụ Bản	36	Tỉnh Nam Định	37	13741	exact	13741:Xã Vụ Bản
13744	Xã Minh Thuận	Huyện Vụ Bản	36	Tỉnh Nam Định	37		not_found	
13747	Xã Hiển Khánh	Huyện Vụ Bản	36	Tỉnh Nam Định	37	13753	exact	13753:Xã Hiển Khánh
13750	Xã Tân Khánh	Huyện Vụ Bản	36	Tỉnh Nam Định	37		not_found	
13753	Xã Hợp Hưng	Huyện Vụ Bản	36	Tỉnh Nam Định	37	13753	exact	13753:Xã Hiển Khánh
13756	Xã Đại An	Huyện Vụ Bản	36	Tỉnh Nam Định	37	13699	exact	13699:Phường Thành Nam
13759	Xã Tân Thành	Huyện Vụ Bản	36	Tỉnh Nam Định	37	14674	exact	14674:Xã Lai Thành
13762	Xã Cộng Hòa	Huyện Vụ Bản	36	Tỉnh Nam Định	37	13750	exact	13750:Xã Minh Tân
13765	Xã Trung Thành	Huyện Vụ Bản	36	Tỉnh Nam Định	37	13753	exact	13753:Xã Hiển Khánh
13768	Xã Quang Trung	Huyện Vụ Bản	36	Tỉnh Nam Định	37	13753	exact	13753:Xã Hiển Khánh
13771	Xã Minh Tân	Huyện Vụ Bản	36	Tỉnh Nam Định	37	13750	exact	13750:Xã Minh Tân
13774	Xã Liên Bảo	Huyện Vụ Bản	36	Tỉnh Nam Định	37		not_found	
13777	Xã Thành Lợi	Huyện Vụ Bản	36	Tỉnh Nam Định	37	13777	exact	13777:Phường Trường Thi
13780	Xã Kim Thái	Huyện Vụ Bản	36	Tỉnh Nam Định	37	13741	exact	13741:Xã Vụ Bản
13783	Xã Liên Minh	Huyện Vụ Bản	36	Tỉnh Nam Định	37	13786	exact	13786:Xã Liên Minh
13786	Xã Đại Thắng	Huyện Vụ Bản	36	Tỉnh Nam Định	37	13786	exact	13786:Xã Liên Minh
13789	Xã Tam Thanh	Huyện Vụ Bản	36	Tỉnh Nam Định	37	13741	exact	13741:Xã Vụ Bản
13792	Xã Vĩnh Hào	Huyện Vụ Bản	36	Tỉnh Nam Định	37	13786	exact	13786:Xã Liên Minh
13795	Thị trấn Lâm	Huyện Ý Yên	36	Tỉnh Nam Định	37	13795	exact	13795:Xã Ý Yên
13798	Xã Yên Trung	Huyện Ý Yên	36	Tỉnh Nam Định	37		not_found	
13801	Xã Yên Thành	Huyện Ý Yên	36	Tỉnh Nam Định	37	14746	exact	14746:Xã Đồng Thái
13804	Xã Yên Tân	Huyện Ý Yên	36	Tỉnh Nam Định	37		not_found	
13807	Xã Yên Lợi	Huyện Ý Yên	36	Tỉnh Nam Định	37		not_found	
13810	Xã Yên Thọ	Huyện Ý Yên	36	Tỉnh Nam Định	37	13822	exact	13822:Xã Phong Doanh
13813	Xã Yên Nghĩa	Huyện Ý Yên	36	Tỉnh Nam Định	37		not_found	
13816	Xã Yên Minh	Huyện Ý Yên	36	Tỉnh Nam Định	37		not_found	
13819	Xã Yên Phương	Huyện Ý Yên	36	Tỉnh Nam Định	37		not_found	
13822	Xã Yên Chính	Huyện Ý Yên	36	Tỉnh Nam Định	37	13822	exact	13822:Xã Phong Doanh
13825	Xã Yên Bình	Huyện Ý Yên	36	Tỉnh Nam Định	37	13834	exact	13834:Xã Vũ Dương
13828	Xã Yên Phú	Huyện Ý Yên	36	Tỉnh Nam Định	37		not_found	
13831	Xã Yên Mỹ	Huyện Ý Yên	36	Tỉnh Nam Định	37	13834	exact	13834:Xã Vũ Dương
13834	Xã Yên Dương	Huyện Ý Yên	36	Tỉnh Nam Định	37	13834	exact	13834:Xã Vũ Dương
13840	Xã Yên Hưng	Huyện Ý Yên	36	Tỉnh Nam Định	37		not_found	
13843	Xã Yên Khánh	Huyện Ý Yên	36	Tỉnh Nam Định	37	13795	exact	13795:Xã Ý Yên
13846	Xã Yên Phong	Huyện Ý Yên	36	Tỉnh Nam Định	37		split	13795:Xã Ý Yên|14728:Xã Yên Từ
13849	Xã Yên Ninh	Huyện Ý Yên	36	Tỉnh Nam Định	37	13834	exact	13834:Xã Vũ Dương
13852	Xã Yên Lương	Huyện Ý Yên	36	Tỉnh Nam Định	37	13864	exact	13864:Xã Vạn Thắng
13855	Xã Yên Hồng	Huyện Ý Yên	36	Tỉnh Nam Định	37		not_found	
13858	Xã Yên Quang	Huyện Ý Yên	36	Tỉnh Nam Định	37	14428	exact	14428:Xã Nho Quan
13861	Xã Yên Tiến	Huyện Ý Yên	36	Tỉnh Nam Định	37	13864	exact	13864:Xã Vạn Thắng
13864	Xã Yên Thắng	Huyện Ý Yên	36	Tỉnh Nam Định	37	13864	exact	13864:Xã Vạn Thắng
13867	Xã Yên Phúc	Huyện Ý Yên	36	Tỉnh Nam Định	37	13870	exact	13870:Xã Yên Cường
13870	Xã Yên Cường	Huyện Ý Yên	36	Tỉnh Nam Định	37	13870	exact	13870:Xã Yên Cường
13873	Xã Yên Lộc	Huyện Ý Yên	36	Tỉnh Nam Định	37	13870	exact	13870:Xã Yên Cường
13876	Xã Yên Bằng	Huyện Ý Yên	36	Tỉnh Nam Định	37		not_found	
13879	Xã Yên Đồng	Huyện Ý Yên	36	Tỉnh Nam Định	37	13879	exact	13879:Xã Yên Đồng
13882	Xã Yên Khang	Huyện Ý Yên	36	Tỉnh Nam Định	37	13879	exact	13879:Xã Yên Đồng
13885	Xã Yên Nhân	Huyện Ý Yên	36	Tỉnh Nam Định	37		split	13870:Xã Yên Cường|14728:Xã Yên Từ
13888	Xã Yên Trị	Huyện Ý Yên	36	Tỉnh Nam Định	37	13879	exact	13879:Xã Yên Đồng
13891	Thị trấn Liễu Đề	Huyện Nghĩa Hưng	36	Tỉnh Nam Định	37	13891	exact	13891:Xã Nghĩa Hưng
13894	Thị trấn Rạng Đông	Huyện Nghĩa Hưng	36	Tỉnh Nam Định	37	13894	exact	13894:Xã Rạng Đông
13897	Xã Nghĩa Đồng	Huyện Nghĩa Hưng	36	Tỉnh Nam Định	37		not_found	
13900	Xã Nghĩa Thịnh	Huyện Nghĩa Hưng	36	Tỉnh Nam Định	37		not_found	
13903	Xã Nghĩa Minh	Huyện Nghĩa Hưng	36	Tỉnh Nam Định	37		not_found	
13906	Xã Nghĩa Thái	Huyện Nghĩa Hưng	36	Tỉnh Nam Định	37	13891	exact	13891:Xã Nghĩa Hưng
13909	Xã Hoàng Nam	Huyện Nghĩa Hưng	36	Tỉnh Nam Định	37	13900	exact	13900:Xã Đồng Thịnh
13912	Xã Nghĩa Châu	Huyện Nghĩa Hưng	36	Tỉnh Nam Định	37	13891	exact	13891:Xã Nghĩa Hưng
13915	Xã Nghĩa Trung	Huyện Nghĩa Hưng	36	Tỉnh Nam Định	37	13891	exact	13891:Xã Nghĩa Hưng
13918	Xã Nghĩa Sơn	Huyện Nghĩa Hưng	36	Tỉnh Nam Định	37	13918	exact	13918:Xã Nghĩa Sơn
13921	Xã Nghĩa Lạc	Huyện Nghĩa Hưng	36	Tỉnh Nam Định	37	13918	exact	13918:Xã Nghĩa Sơn
13924	Xã Nghĩa Hồng	Huyện Nghĩa Hưng	36	Tỉnh Nam Định	37	13927	exact	13927:Xã Hồng Phong
13927	Xã Nghĩa Phong	Huyện Nghĩa Hưng	36	Tỉnh Nam Định	37	13927	exact	13927:Xã Hồng Phong
13930	Xã Nghĩa Phú	Huyện Nghĩa Hưng	36	Tỉnh Nam Định	37	13927	exact	13927:Xã Hồng Phong
13933	Xã Nghĩa Bình	Huyện Nghĩa Hưng	36	Tỉnh Nam Định	37		not_found	
13936	Thị trấn Quỹ Nhất	Huyện Nghĩa Hưng	36	Tỉnh Nam Định	37	13939	exact	13939:Xã Quỹ Nhất
13939	Xã Nghĩa Tân	Huyện Nghĩa Hưng	36	Tỉnh Nam Định	37		not_found	
13942	Xã Nghĩa Hùng	Huyện Nghĩa Hưng	36	Tỉnh Nam Định	37	13957	exact	13957:Xã Nghĩa Lâm
13945	Xã Nghĩa Lâm	Huyện Nghĩa Hưng	36	Tỉnh Nam Định	37	13957	exact	13957:Xã Nghĩa Lâm
13948	Xã Nghĩa Thành	Huyện Nghĩa Hưng	36	Tỉnh Nam Định	37	13939	exact	13939:Xã Quỹ Nhất
13951	Xã Phúc Thắng	Huyện Nghĩa Hưng	36	Tỉnh Nam Định	37	13894	exact	13894:Xã Rạng Đông
13954	Xã Nghĩa Lợi	Huyện Nghĩa Hưng	36	Tỉnh Nam Định	37	13939	exact	13939:Xã Quỹ Nhất
13957	Xã Nghĩa Hải	Huyện Nghĩa Hưng	36	Tỉnh Nam Định	37	13957	exact	13957:Xã Nghĩa Lâm
13963	Xã Nam Điền	Huyện Nghĩa Hưng	36	Tỉnh Nam Định	37	13894	exact	13894:Xã Rạng Đông
13966	Thị trấn Nam Giang	Huyện Nam Trực	36	Tỉnh Nam Định	37	13966	exact	13966:Xã Nam Trực
13969	Xã Nam Mỹ	Huyện Nam Trực	36	Tỉnh Nam Định	37		not_found	
13972	Xã Điền Xá	Huyện Nam Trực	36	Tỉnh Nam Định	37		not_found	
13975	Xã Nghĩa An	Huyện Nam Trực	36	Tỉnh Nam Định	37	13984	exact	13984:Phường Hồng Quang
13978	Xã Nam Thắng	Huyện Nam Trực	36	Tỉnh Nam Định	37	13987	exact	13987:Xã Nam Hồng
13981	Xã Nam Toàn	Huyện Nam Trực	36	Tỉnh Nam Định	37		not_found	
13984	Xã Hồng Quang	Huyện Nam Trực	36	Tỉnh Nam Định	37	13984	exact	13984:Phường Hồng Quang
13987	Xã Tân Thịnh	Huyện Nam Trực	36	Tỉnh Nam Định	37	13987	exact	13987:Xã Nam Hồng
13990	Xã Nam Cường	Huyện Nam Trực	36	Tỉnh Nam Định	37	13966	exact	13966:Xã Nam Trực
13993	Xã Nam Hồng	Huyện Nam Trực	36	Tỉnh Nam Định	37	13987	exact	13987:Xã Nam Hồng
13996	Xã Nam Hùng	Huyện Nam Trực	36	Tỉnh Nam Định	37	13966	exact	13966:Xã Nam Trực
13999	Xã Nam Hoa	Huyện Nam Trực	36	Tỉnh Nam Định	37	14005	exact	14005:Xã Nam Ninh
14002	Xã Nam Dương	Huyện Nam Trực	36	Tỉnh Nam Định	37	14011	exact	14011:Xã Nam Minh
14005	Xã Nam Thanh	Huyện Nam Trực	36	Tỉnh Nam Định	37	14005	exact	14005:Xã Nam Ninh
14008	Xã Nam Lợi	Huyện Nam Trực	36	Tỉnh Nam Định	37	14005	exact	14005:Xã Nam Ninh
14011	Xã Bình Minh	Huyện Nam Trực	36	Tỉnh Nam Định	37	14011	exact	14011:Xã Nam Minh
14014	Xã Đồng Sơn	Huyện Nam Trực	36	Tỉnh Nam Định	37		split	14365:Phường Trung Sơn|14014:Xã Nam Đồng
14017	Xã Nam Tiến	Huyện Nam Trực	36	Tỉnh Nam Định	37	14011	exact	14011:Xã Nam Minh
14020	Xã Nam Hải	Huyện Nam Trực	36	Tỉnh Nam Định	37	14005	exact	14005:Xã Nam Ninh
14023	Xã Nam Thái	Huyện Nam Trực	36	Tỉnh Nam Định	37	14014	exact	14014:Xã Nam Đồng
14026	Thị trấn Cổ Lễ	Huyện Trực Ninh	36	Tỉnh Nam Định	37	14026	exact	14026:Xã Cổ Lễ
14029	Xã Phương Định	Huyện Trực Ninh	36	Tỉnh Nam Định	37	14038	exact	14038:Xã Ninh Giang
14032	Xã Trực Chính	Huyện Trực Ninh	36	Tỉnh Nam Định	37	14038	exact	14038:Xã Ninh Giang
14035	Xã Trung Đông	Huyện Trực Ninh	36	Tỉnh Nam Định	37	14026	exact	14026:Xã Cổ Lễ
14038	Xã Liêm Hải	Huyện Trực Ninh	36	Tỉnh Nam Định	37	14038	exact	14038:Xã Ninh Giang
14041	Xã Trực Tuấn	Huyện Trực Ninh	36	Tỉnh Nam Định	37	14026	exact	14026:Xã Cổ Lễ
14044	Xã Việt Hùng	Huyện Trực Ninh	36	Tỉnh Nam Định	37	14056	exact	14056:Xã Cát Thành
14047	Xã Trực Đạo	Huyện Trực Ninh	36	Tỉnh Nam Định	37	14056	exact	14056:Xã Cát Thành
14050	Xã Trực Hưng	Huyện Trực Ninh	36	Tỉnh Nam Định	37		split	14053:Xã Trực Ninh|14077:Xã Ninh Cường
14053	Xã Trực Nội	Huyện Trực Ninh	36	Tỉnh Nam Định	37	14053	exact	14053:Xã Trực Ninh
14056	Thị trấn Cát Thành	Huyện Trực Ninh	36	Tỉnh Nam Định	37	14056	exact	14056:Xã Cát Thành
14059	Xã Trực Thanh	Huyện Trực Ninh	36	Tỉnh Nam Định	37	14053	exact	14053:Xã Trực Ninh
14062	Xã Trực Khang	Huyện Trực Ninh	36	Tỉnh Nam Định	37	14062	exact	14062:Xã Quang Hưng
14065	Xã Trực Thuận	Huyện Trực Ninh	36	Tỉnh Nam Định	37	14062	exact	14062:Xã Quang Hưng
14068	Xã Trực Mỹ	Huyện Trực Ninh	36	Tỉnh Nam Định	37	14062	exact	14062:Xã Quang Hưng
14071	Xã Trực Đại	Huyện Trực Ninh	36	Tỉnh Nam Định	37	14071	exact	14071:Xã Minh Thái
14074	Xã Trực Cường	Huyện Trực Ninh	36	Tỉnh Nam Định	37	14077	exact	14077:Xã Ninh Cường
14077	Thị trấn Ninh Cường	Huyện Trực Ninh	36	Tỉnh Nam Định	37	14077	exact	14077:Xã Ninh Cường
14080	Xã Trực Thái	Huyện Trực Ninh	36	Tỉnh Nam Định	37	14071	exact	14071:Xã Minh Thái
14083	Xã Trực Hùng	Huyện Trực Ninh	36	Tỉnh Nam Định	37		split	14053:Xã Trực Ninh|14077:Xã Ninh Cường
14086	Xã Trực Thắng	Huyện Trực Ninh	36	Tỉnh Nam Định	37	14071	exact	14071:Xã Minh Thái
14089	Thị trấn Xuân Trường	Huyện Xuân Trường	36	Tỉnh Nam Định	37	14089	exact	14089:Xã Xuân Trường
14092	Xã Xuân Châu	Huyện Xuân Trường	36	Tỉnh Nam Định	37	14095	exact	14095:Xã Xuân Hồng
14095	Xã Xuân Hồng	Huyện Xuân Trường	36	Tỉnh Nam Định	37	14095	exact	14095:Xã Xuân Hồng
14098	Xã Xuân Thành	Huyện Xuân Trường	36	Tỉnh Nam Định	37	14095	exact	14095:Xã Xuân Hồng
14101	Xã Xuân Thượng	Huyện Xuân Trường	36	Tỉnh Nam Định	37	14095	exact	14095:Xã Xuân Hồng
14104	Xã Xuân Phong	Huyện Xuân Trường	36	Tỉnh Nam Định	37		not_found	
14107	Xã Xuân Đài	Huyện Xuân Trường	36	Tỉnh Nam Định	37		not_found	
14110	Xã Xuân Tân	Huyện Xuân Trường	36	Tỉnh Nam Định	37	14104	exact	14104:Xã Xuân Giang
14113	Xã Xuân Thủy	Huyện Xuân Trường	36	Tỉnh Nam Định	37		not_found	
14116	Xã Xuân Ngọc	Huyện Xuân Trường	36	Tỉnh Nam Định	37	14089	exact	14089:Xã Xuân Trường
14119	Xã Xuân Bắc	Huyện Xuân Trường	36	Tỉnh Nam Định	37		not_found	
14122	Xã Xuân Phương	Huyện Xuân Trường	36	Tỉnh Nam Định	37		not_found	
14125	Xã Thọ Nghiệp	Huyện Xuân Trường	36	Tỉnh Nam Định	37	14122	exact	14122:Xã Xuân Hưng
14128	Xã Xuân Phú	Huyện Xuân Trường	36	Tỉnh Nam Định	37	14104	exact	14104:Xã Xuân Giang
14131	Xã Xuân Trung	Huyện Xuân Trường	36	Tỉnh Nam Định	37		not_found	
14134	Xã Xuân Vinh	Huyện Xuân Trường	36	Tỉnh Nam Định	37	14122	exact	14122:Xã Xuân Hưng
14137	Xã Xuân Kiên	Huyện Xuân Trường	36	Tỉnh Nam Định	37		not_found	
14140	Xã Xuân Tiến	Huyện Xuân Trường	36	Tỉnh Nam Định	37		not_found	
14143	Xã Xuân Ninh	Huyện Xuân Trường	36	Tỉnh Nam Định	37	14089	exact	14089:Xã Xuân Trường
14146	Xã Xuân Hòa	Huyện Xuân Trường	36	Tỉnh Nam Định	37		not_found	
14149	Thị trấn Ngô Đồng	Huyện Giao Thủy	36	Tỉnh Nam Định	37		not_found	
14152	Thị trấn Quất Lâm	Huyện Giao Thủy	36	Tỉnh Nam Định	37	14212	exact	14212:Xã Giao Ninh
14155	Xã Giao Hương	Huyện Giao Thủy	36	Tỉnh Nam Định	37	14161	exact	14161:Xã Giao Minh
14158	Xã Hồng Thuận	Huyện Giao Thủy	36	Tỉnh Nam Định	37	14182	exact	14182:Xã Giao Hòa
14161	Xã Giao Thiện	Huyện Giao Thủy	36	Tỉnh Nam Định	37	14161	exact	14161:Xã Giao Minh
14164	Xã Giao Thanh	Huyện Giao Thủy	36	Tỉnh Nam Định	37	14161	exact	14161:Xã Giao Minh
14167	Xã Hoành Sơn	Huyện Giao Thủy	36	Tỉnh Nam Định	37		not_found	
14170	Xã Bình Hòa	Huyện Giao Thủy	36	Tỉnh Nam Định	37		split	13597:Xã Vĩnh Trụ|14167:Xã Giao Thủy
14173	Xã Giao Tiến	Huyện Giao Thủy	36	Tỉnh Nam Định	37		not_found	
14176	Xã Giao Hà	Huyện Giao Thủy	36	Tỉnh Nam Định	37	14203	exact	14203:Xã Giao Phúc
14179	Xã Giao Nhân	Huyện Giao Thủy	36	Tỉnh Nam Định	37	14179	exact	14179:Xã Giao Hưng
14182	Xã Giao An	Huyện Giao Thủy	36	Tỉnh Nam Định	37	14182	exact	14182:Xã Giao Hòa
14185	Xã Giao Lạc	Huyện Giao Thủy	36	Tỉnh Nam Định	37	14182	exact	14182:Xã Giao Hòa
14188	Xã Giao Châu	Huyện Giao Thủy	36	Tỉnh Nam Định	37	14179	exact	14179:Xã Giao Hưng
14191	Xã Giao Tân	Huyện Giao Thủy	36	Tỉnh Nam Định	37	14194	exact	14194:Xã Giao Bình
14194	Xã Giao Yến	Huyện Giao Thủy	36	Tỉnh Nam Định	37	14194	exact	14194:Xã Giao Bình
14197	Xã Giao Xuân	Huyện Giao Thủy	36	Tỉnh Nam Định	37	14203	exact	14203:Xã Giao Phúc
14200	Xã Giao Thịnh	Huyện Giao Thủy	36	Tỉnh Nam Định	37	14212	exact	14212:Xã Giao Ninh
14203	Xã Giao Hải	Huyện Giao Thủy	36	Tỉnh Nam Định	37	14203	exact	14203:Xã Giao Phúc
14206	Xã Bạch Long	Huyện Giao Thủy	36	Tỉnh Nam Định	37	14194	exact	14194:Xã Giao Bình
14209	Xã Giao Long	Huyện Giao Thủy	36	Tỉnh Nam Định	37	14179	exact	14179:Xã Giao Hưng
14212	Xã Giao Phong	Huyện Giao Thủy	36	Tỉnh Nam Định	37	14212	exact	14212:Xã Giao Ninh
14215	Thị trấn Yên Định	Huyện Hải Hậu	36	Tỉnh Nam Định	37	14215	exact	14215:Xã Hải Hậu
14218	Thị trấn Cồn	Huyện Hải Hậu	36	Tỉnh Nam Định	37	14218	exact	14218:Xã Hải Tiến
14221	Thị trấn Thịnh Long	Huyện Hải Hậu	36	Tỉnh Nam Định	37	14221	exact	14221:Xã Hải Thịnh
14224	Xã Hải Nam	Huyện Hải Hậu	36	Tỉnh Nam Định	37	14248	exact	14248:Xã Hải Hưng
14227	Xã Hải Trung	Huyện Hải Hậu	36	Tỉnh Nam Định	37	14215	exact	14215:Xã Hải Hậu
14230	Xã Hải Vân	Huyện Hải Hậu	36	Tỉnh Nam Định	37		not_found	
14233	Xã Hải Minh	Huyện Hải Hậu	36	Tỉnh Nam Định	37	14236	exact	14236:Xã Hải Anh
14236	Xã Hải Anh	Huyện Hải Hậu	36	Tỉnh Nam Định	37	14236	exact	14236:Xã Hải Anh
14239	Xã Hải Hưng	Huyện Hải Hậu	36	Tỉnh Nam Định	37	14248	exact	14248:Xã Hải Hưng
14242	Xã Hải Bắc	Huyện Hải Hậu	36	Tỉnh Nam Định	37		not_found	
14245	Xã Hải Phúc	Huyện Hải Hậu	36	Tỉnh Nam Định	37		not_found	
14248	Xã Hải Thanh	Huyện Hải Hậu	36	Tỉnh Nam Định	37		not_found	
14251	Xã Hải Hà	Huyện Hải Hậu	36	Tỉnh Nam Định	37		not_found	
14254	Xã Hải Long	Huyện Hải Hậu	36	Tỉnh Nam Định	37	14215	exact	14215:Xã Hải Hậu
14257	Xã Hải Phương	Huyện Hải Hậu	36	Tỉnh Nam Định	37		not_found	
14260	Xã Hải Đường	Huyện Hải Hậu	36	Tỉnh Nam Định	37	14236	exact	14236:Xã Hải Anh
14263	Xã Hải Lộc	Huyện Hải Hậu	36	Tỉnh Nam Định	37	14248	exact	14248:Xã Hải Hưng
14266	Xã Hải Quang	Huyện Hải Hậu	36	Tỉnh Nam Định	37	14287	exact	14287:Xã Hải Quang
14269	Xã Hải Đông	Huyện Hải Hậu	36	Tỉnh Nam Định	37	14287	exact	14287:Xã Hải Quang
14272	Xã Hải Sơn	Huyện Hải Hậu	36	Tỉnh Nam Định	37	14218	exact	14218:Xã Hải Tiến
14275	Xã Hải Tân	Huyện Hải Hậu	36	Tỉnh Nam Định	37	14218	exact	14218:Xã Hải Tiến
14281	Xã Hải Phong	Huyện Hải Hậu	36	Tỉnh Nam Định	37	14281	exact	14281:Xã Hải An
14284	Xã Hải An	Huyện Hải Hậu	36	Tỉnh Nam Định	37	14281	exact	14281:Xã Hải An
14287	Xã Hải Tây	Huyện Hải Hậu	36	Tỉnh Nam Định	37	14287	exact	14287:Xã Hải Quang
14290	Xã Hải Lý	Huyện Hải Hậu	36	Tỉnh Nam Định	37		not_found	
14293	Xã Hải Phú	Huyện Hải Hậu	36	Tỉnh Nam Định	37	14308	exact	14308:Xã Hải Xuân
14296	Xã Hải Giang	Huyện Hải Hậu	36	Tỉnh Nam Định	37	14281	exact	14281:Xã Hải An
14299	Xã Hải Cường	Huyện Hải Hậu	36	Tỉnh Nam Định	37		not_found	
14302	Xã Hải Ninh	Huyện Hải Hậu	36	Tỉnh Nam Định	37	14221	exact	14221:Xã Hải Thịnh
14305	Xã Hải Chính	Huyện Hải Hậu	36	Tỉnh Nam Định	37		not_found	
14308	Xã Hải Xuân	Huyện Hải Hậu	36	Tỉnh Nam Định	37	14308	exact	14308:Xã Hải Xuân
14311	Xã Hải Châu	Huyện Hải Hậu	36	Tỉnh Nam Định	37	14221	exact	14221:Xã Hải Thịnh
14314	Xã Hải Triều	Huyện Hải Hậu	36	Tỉnh Nam Định	37		not_found	
14317	Xã Hải Hòa	Huyện Hải Hậu	36	Tỉnh Nam Định	37	14308	exact	14308:Xã Hải Xuân
14320	Phường Đông Thành	Thành phố Ninh Bình	37	Tỉnh Ninh Bình	37	14329	exact	14329:Phường Hoa Lư
14323	Phường Tân Thành	Thành phố Ninh Bình	37	Tỉnh Ninh Bình	37		split	14329:Phường Hoa Lư|13579:Xã Bắc Lý
14326	Phường Thanh Bình	Thành phố Ninh Bình	37	Tỉnh Ninh Bình	37		not_found	
14329	Phường Vân Giang	Thành phố Ninh Bình	37	Tỉnh Ninh Bình	37	14329	exact	14329:Phường Hoa Lư
14332	Phường Bích Đào	Thành phố Ninh Bình	37	Tỉnh Ninh Bình	37	14329	exact	14329:Phường Hoa Lư
14335	Phường Phúc Thành	Thành phố Ninh Bình	37	Tỉnh Ninh Bình	37		not_found	
14338	Phường Nam Bình	Thành phố Ninh Bình	37	Tỉnh Ninh Bình	37	14329	exact	14329:Phường Hoa Lư
14341	Phường Nam Thành	Thành phố Ninh Bình	37	Tỉnh Ninh Bình	37	14329	exact	14329:Phường Hoa Lư
14344	Phường Ninh Khánh	Thành phố Ninh Bình	37	Tỉnh Ninh Bình	37	14329	exact	14329:Phường Hoa Lư
14347	Xã Ninh Nhất	Thành phố Ninh Bình	37	Tỉnh Ninh Bình	37	14329	exact	14329:Phường Hoa Lư
14350	Xã Ninh Tiến	Thành phố Ninh Bình	37	Tỉnh Ninh Bình	37	14329	exact	14329:Phường Hoa Lư
14353	Xã Ninh Phúc	Thành phố Ninh Bình	37	Tỉnh Ninh Bình	37		not_found	
14356	Phường Ninh Sơn	Thành phố Ninh Bình	37	Tỉnh Ninh Bình	37	14359	exact	14359:Phường Nam Hoa Lư
14359	Phường Ninh Phong	Thành phố Ninh Bình	37	Tỉnh Ninh Bình	37	14359	exact	14359:Phường Nam Hoa Lư
14362	Phường Bắc Sơn	Thành phố Tam Điệp	37	Tỉnh Ninh Bình	37	14362	exact	14362:Phường Tam Điệp
14365	Phường Trung Sơn	Thành phố Tam Điệp	37	Tỉnh Ninh Bình	37	14365	exact	14365:Phường Trung Sơn
14368	Phường Nam Sơn	Thành phố Tam Điệp	37	Tỉnh Ninh Bình	37	14365	exact	14365:Phường Trung Sơn
14369	Phường Tây Sơn	Thành phố Tam Điệp	37	Tỉnh Ninh Bình	37	14362	exact	14362:Phường Tam Điệp
14371	Xã Yên Sơn	Thành phố Tam Điệp	37	Tỉnh Ninh Bình	37	14371	exact	14371:Phường Yên Sơn
14374	Phường Yên Bình	Thành phố Tam Điệp	37	Tỉnh Ninh Bình	37	14725	exact	14725:Phường Yên Thắng
14375	Phường Tân Bình	Thành phố Tam Điệp	37	Tỉnh Ninh Bình	37	14371	exact	14371:Phường Yên Sơn
14377	Xã Quang Sơn	Thành phố Tam Điệp	37	Tỉnh Ninh Bình	37	14362	exact	14362:Phường Tam Điệp
14380	Xã Đông Sơn	Thành phố Tam Điệp	37	Tỉnh Ninh Bình	37		split	14365:Phường Trung Sơn|14014:Xã Nam Đồng
14383	Thị trấn Nho Quan	Huyện Nho Quan	37	Tỉnh Ninh Bình	37	14428	exact	14428:Xã Nho Quan
14386	Xã Xích Thổ	Huyện Nho Quan	37	Tỉnh Ninh Bình	37	14389	exact	14389:Xã Gia Lâm
14389	Xã Gia Lâm	Huyện Nho Quan	37	Tỉnh Ninh Bình	37	14389	exact	14389:Xã Gia Lâm
14392	Xã Gia Sơn	Huyện Nho Quan	37	Tỉnh Ninh Bình	37	14389	exact	14389:Xã Gia Lâm
14395	Xã Thạch Bình	Huyện Nho Quan	37	Tỉnh Ninh Bình	37	14407	exact	14407:Xã Phú Sơn
14398	Xã Gia Thủy	Huyện Nho Quan	37	Tỉnh Ninh Bình	37	14401	exact	14401:Xã Gia Tường
14401	Xã Gia Tường	Huyện Nho Quan	37	Tỉnh Ninh Bình	37	14401	exact	14401:Xã Gia Tường
14404	Xã Cúc Phương	Huyện Nho Quan	37	Tỉnh Ninh Bình	37	14404	exact	14404:Xã Cúc Phương
14407	Xã Phú Sơn	Huyện Nho Quan	37	Tỉnh Ninh Bình	37	14407	exact	14407:Xã Phú Sơn
14410	Xã Đức Long	Huyện Nho Quan	37	Tỉnh Ninh Bình	37	14401	exact	14401:Xã Gia Tường
14413	Xã Lạc Vân	Huyện Nho Quan	37	Tỉnh Ninh Bình	37	14407	exact	14407:Xã Phú Sơn
14416	Xã Đồng Phong	Huyện Nho Quan	37	Tỉnh Ninh Bình	37	14428	exact	14428:Xã Nho Quan
14419	Xã Yên Quang	Huyện Nho Quan	37	Tỉnh Ninh Bình	37	14428	exact	14428:Xã Nho Quan
14422	Xã Lạng Phong	Huyện Nho Quan	37	Tỉnh Ninh Bình	37		not_found	
14425	Xã Thượng Hòa	Huyện Nho Quan	37	Tỉnh Ninh Bình	37	14434	exact	14434:Xã Thanh Sơn
14428	Xã Văn Phong	Huyện Nho Quan	37	Tỉnh Ninh Bình	37		not_found	
14431	Xã Văn Phương	Huyện Nho Quan	37	Tỉnh Ninh Bình	37	14404	exact	14404:Xã Cúc Phương
14434	Xã Thanh Lạc	Huyện Nho Quan	37	Tỉnh Ninh Bình	37		not_found	
14437	Xã Sơn Lai	Huyện Nho Quan	37	Tỉnh Ninh Bình	37		not_found	
14440	Xã Sơn Thành	Huyện Nho Quan	37	Tỉnh Ninh Bình	37		not_found	
14443	Xã Văn Phú	Huyện Nho Quan	37	Tỉnh Ninh Bình	37	14434	exact	14434:Xã Thanh Sơn
14446	Xã Phú Lộc	Huyện Nho Quan	37	Tỉnh Ninh Bình	37	14452	exact	14452:Xã Quỳnh Lưu
14449	Xã Kỳ Phú	Huyện Nho Quan	37	Tỉnh Ninh Bình	37	14458	exact	14458:Xã Phú Long
14452	Xã Quỳnh Lưu	Huyện Nho Quan	37	Tỉnh Ninh Bình	37	14452	exact	14452:Xã Quỳnh Lưu
14455	Xã Sơn Hà	Huyện Nho Quan	37	Tỉnh Ninh Bình	37		not_found	
14458	Xã Phú Long	Huyện Nho Quan	37	Tỉnh Ninh Bình	37	14458	exact	14458:Xã Phú Long
14461	Xã Quảng Lạc	Huyện Nho Quan	37	Tỉnh Ninh Bình	37	14371	exact	14371:Phường Yên Sơn
14464	Thị trấn Me	Huyện Gia Viễn	37	Tỉnh Ninh Bình	37		not_found	
14467	Xã Gia Hòa	Huyện Gia Viễn	37	Tỉnh Ninh Bình	37	14464	exact	14464:Xã Gia Viễn
14470	Xã Gia Hưng	Huyện Gia Viễn	37	Tỉnh Ninh Bình	37	14482	exact	14482:Xã Gia Hưng
14473	Xã Liên Sơn	Huyện Gia Viễn	37	Tỉnh Ninh Bình	37	14482	exact	14482:Xã Gia Hưng
14476	Xã Gia Thanh	Huyện Gia Viễn	37	Tỉnh Ninh Bình	37	14494	exact	14494:Xã Gia Trấn
14479	Xã Gia Vân	Huyện Gia Viễn	37	Tỉnh Ninh Bình	37	14488	exact	14488:Xã Gia Vân
14482	Xã Gia Phú	Huyện Gia Viễn	37	Tỉnh Ninh Bình	37	14482	exact	14482:Xã Gia Hưng
14485	Xã Gia Xuân	Huyện Gia Viễn	37	Tỉnh Ninh Bình	37	14494	exact	14494:Xã Gia Trấn
14488	Xã Gia Lập	Huyện Gia Viễn	37	Tỉnh Ninh Bình	37	14488	exact	14488:Xã Gia Vân
14491	Xã Gia Vượng	Huyện Gia Viễn	37	Tỉnh Ninh Bình	37		not_found	
14494	Xã Gia Trấn	Huyện Gia Viễn	37	Tỉnh Ninh Bình	37	14494	exact	14494:Xã Gia Trấn
14497	Xã Gia Thịnh	Huyện Gia Viễn	37	Tỉnh Ninh Bình	37		not_found	
14500	Xã Gia Phương	Huyện Gia Viễn	37	Tỉnh Ninh Bình	37	14500	exact	14500:Xã Đại Hoàng
14503	Xã Gia Tân	Huyện Gia Viễn	37	Tỉnh Ninh Bình	37		split	14533:Phường Tây Hoa Lư|14488:Xã Gia Vân
14506	Xã Gia Thắng	Huyện Gia Viễn	37	Tỉnh Ninh Bình	37		not_found	
14509	Xã Gia Trung	Huyện Gia Viễn	37	Tỉnh Ninh Bình	37	14500	exact	14500:Xã Đại Hoàng
14512	Xã Gia Minh	Huyện Gia Viễn	37	Tỉnh Ninh Bình	37	14524	exact	14524:Xã Gia Phong
14515	Xã Gia Lạc	Huyện Gia Viễn	37	Tỉnh Ninh Bình	37	14524	exact	14524:Xã Gia Phong
14518	Xã Gia Tiến	Huyện Gia Viễn	37	Tỉnh Ninh Bình	37		not_found	
14521	Xã Gia Sinh	Huyện Gia Viễn	37	Tỉnh Ninh Bình	37	14533	exact	14533:Phường Tây Hoa Lư
14524	Xã Gia Phong	Huyện Gia Viễn	37	Tỉnh Ninh Bình	37	14524	exact	14524:Xã Gia Phong
14527	Thị trấn Thiên Tôn	Huyện Hoa Lư	37	Tỉnh Ninh Bình	37		not_found	
14530	Xã Ninh Giang	Huyện Hoa Lư	37	Tỉnh Ninh Bình	37	14038	exact	14038:Xã Ninh Giang
14533	Xã Trường Yên	Huyện Hoa Lư	37	Tỉnh Ninh Bình	37	14533	exact	14533:Phường Tây Hoa Lư
14536	Xã Ninh Khang	Huyện Hoa Lư	37	Tỉnh Ninh Bình	37	14329	exact	14329:Phường Hoa Lư
14539	Xã Ninh Mỹ	Huyện Hoa Lư	37	Tỉnh Ninh Bình	37		not_found	
14542	Xã Ninh Hòa	Huyện Hoa Lư	37	Tỉnh Ninh Bình	37	14533	exact	14533:Phường Tây Hoa Lư
14545	Xã Ninh Xuân	Huyện Hoa Lư	37	Tỉnh Ninh Bình	37		not_found	
14548	Xã Ninh Hải	Huyện Hoa Lư	37	Tỉnh Ninh Bình	37	14359	exact	14359:Phường Nam Hoa Lư
14551	Xã Ninh Thắng	Huyện Hoa Lư	37	Tỉnh Ninh Bình	37		not_found	
14554	Xã Ninh Vân	Huyện Hoa Lư	37	Tỉnh Ninh Bình	37	14359	exact	14359:Phường Nam Hoa Lư
14557	Xã Ninh An	Huyện Hoa Lư	37	Tỉnh Ninh Bình	37	14359	exact	14359:Phường Nam Hoa Lư
14560	Thị trấn Yên Ninh	Huyện Yên Khánh	37	Tỉnh Ninh Bình	37	14560	exact	14560:Xã Yên Khánh
14563	Xã Khánh Tiên	Huyện Yên Khánh	37	Tỉnh Ninh Bình	37		not_found	
14566	Xã Khánh Phú	Huyện Yên Khánh	37	Tỉnh Ninh Bình	37	14566	exact	14566:Phường Đông Hoa Lư
14569	Xã Khánh Hòa	Huyện Yên Khánh	37	Tỉnh Ninh Bình	37	14566	exact	14566:Phường Đông Hoa Lư
14572	Xã Khánh Lợi	Huyện Yên Khánh	37	Tỉnh Ninh Bình	37	14563	exact	14563:Xã Khánh Thiện
14575	Xã Khánh An	Huyện Yên Khánh	37	Tỉnh Ninh Bình	37	14566	exact	14566:Phường Đông Hoa Lư
14578	Xã Khánh Cường	Huyện Yên Khánh	37	Tỉnh Ninh Bình	37	14563	exact	14563:Xã Khánh Thiện
14581	Xã Khánh Cư	Huyện Yên Khánh	37	Tỉnh Ninh Bình	37	14560	exact	14560:Xã Yên Khánh
14584	Xã Khánh Thiện	Huyện Yên Khánh	37	Tỉnh Ninh Bình	37	14563	exact	14563:Xã Khánh Thiện
14587	Xã Khánh Hải	Huyện Yên Khánh	37	Tỉnh Ninh Bình	37	14560	exact	14560:Xã Yên Khánh
14590	Xã Khánh Trung	Huyện Yên Khánh	37	Tỉnh Ninh Bình	37	14608	exact	14608:Xã Khánh Trung
14593	Xã Khánh Mậu	Huyện Yên Khánh	37	Tỉnh Ninh Bình	37	14614	exact	14614:Xã Khánh Hội
14596	Xã Khánh Vân	Huyện Yên Khánh	37	Tỉnh Ninh Bình	37	14560	exact	14560:Xã Yên Khánh
14599	Xã Khánh Hội	Huyện Yên Khánh	37	Tỉnh Ninh Bình	37	14614	exact	14614:Xã Khánh Hội
14602	Xã Khánh Công	Huyện Yên Khánh	37	Tỉnh Ninh Bình	37	14608	exact	14608:Xã Khánh Trung
14608	Xã Khánh Thành	Huyện Yên Khánh	37	Tỉnh Ninh Bình	37	14608	exact	14608:Xã Khánh Trung
14611	Xã Khánh Nhạc	Huyện Yên Khánh	37	Tỉnh Ninh Bình	37	14611	exact	14611:Xã Khánh Nhạc
14614	Xã Khánh Thủy	Huyện Yên Khánh	37	Tỉnh Ninh Bình	37	14614	exact	14614:Xã Khánh Hội
14617	Xã Khánh Hồng	Huyện Yên Khánh	37	Tỉnh Ninh Bình	37	14611	exact	14611:Xã Khánh Nhạc
14620	Thị trấn Phát Diệm	Huyện Kim Sơn	37	Tỉnh Ninh Bình	37	14620	exact	14620:Xã Phát Diệm
14623	Thị trấn Bình Minh	Huyện Kim Sơn	37	Tỉnh Ninh Bình	37	14623	exact	14623:Xã Bình Minh
14629	Xã Hồi Ninh	Huyện Kim Sơn	37	Tỉnh Ninh Bình	37	14653	exact	14653:Xã Chất Bình
14632	Xã Xuân Chính	Huyện Kim Sơn	37	Tỉnh Ninh Bình	37	14653	exact	14653:Xã Chất Bình
14635	Xã Kim Định	Huyện Kim Sơn	37	Tỉnh Ninh Bình	37	14638	exact	14638:Xã Kim Sơn
14638	Xã Ân Hòa	Huyện Kim Sơn	37	Tỉnh Ninh Bình	37	14638	exact	14638:Xã Kim Sơn
14641	Xã Hùng Tiến	Huyện Kim Sơn	37	Tỉnh Ninh Bình	37	14638	exact	14638:Xã Kim Sơn
14647	Xã Quang Thiện	Huyện Kim Sơn	37	Tỉnh Ninh Bình	37	14647	exact	14647:Xã Quang Thiện
14650	Xã Như Hòa	Huyện Kim Sơn	37	Tỉnh Ninh Bình	37	14647	exact	14647:Xã Quang Thiện
14653	Xã Chất Bình	Huyện Kim Sơn	37	Tỉnh Ninh Bình	37	14653	exact	14653:Xã Chất Bình
14656	Xã Đồng Hướng	Huyện Kim Sơn	37	Tỉnh Ninh Bình	37	14647	exact	14647:Xã Quang Thiện
14659	Xã Kim Chính	Huyện Kim Sơn	37	Tỉnh Ninh Bình	37	14620	exact	14620:Xã Phát Diệm
14662	Xã Thượng Kiệm	Huyện Kim Sơn	37	Tỉnh Ninh Bình	37	14620	exact	14620:Xã Phát Diệm
14665	Xã Lưu Phương	Huyện Kim Sơn	37	Tỉnh Ninh Bình	37		not_found	
14668	Xã Tân Thành	Huyện Kim Sơn	37	Tỉnh Ninh Bình	37	14674	exact	14674:Xã Lai Thành
14671	Xã Yên Lộc	Huyện Kim Sơn	37	Tỉnh Ninh Bình	37	14674	exact	14674:Xã Lai Thành
14674	Xã Lai Thành	Huyện Kim Sơn	37	Tỉnh Ninh Bình	37	14674	exact	14674:Xã Lai Thành
14677	Xã Định Hóa	Huyện Kim Sơn	37	Tỉnh Ninh Bình	37	14677	exact	14677:Xã Định Hóa
14680	Xã Văn Hải	Huyện Kim Sơn	37	Tỉnh Ninh Bình	37	14677	exact	14677:Xã Định Hóa
14683	Xã Kim Tân	Huyện Kim Sơn	37	Tỉnh Ninh Bình	37	14677	exact	14677:Xã Định Hóa
14686	Xã Kim Mỹ	Huyện Kim Sơn	37	Tỉnh Ninh Bình	37	14623	exact	14623:Xã Bình Minh
14689	Xã Cồn Thoi	Huyện Kim Sơn	37	Tỉnh Ninh Bình	37	14623	exact	14623:Xã Bình Minh
14692	Xã Kim Hải	Huyện Kim Sơn	37	Tỉnh Ninh Bình	37		not_found	
14695	Xã Kim Trung	Huyện Kim Sơn	37	Tỉnh Ninh Bình	37	14698	exact	14698:Xã Kim Đông
14698	Xã Kim Đông	Huyện Kim Sơn	37	Tỉnh Ninh Bình	37	14698	exact	14698:Xã Kim Đông
14701	Thị trấn Yên Thịnh	Huyện Yên Mô	37	Tỉnh Ninh Bình	37	14701	exact	14701:Xã Yên Mô
14704	Xã Khánh Thượng	Huyện Yên Mô	37	Tỉnh Ninh Bình	37	14725	exact	14725:Phường Yên Thắng
14707	Xã Khánh Dương	Huyện Yên Mô	37	Tỉnh Ninh Bình	37	14701	exact	14701:Xã Yên Mô
14710	Xã Mai Sơn	Huyện Yên Mô	37	Tỉnh Ninh Bình	37		not_found	
14713	Xã Khánh Thịnh	Huyện Yên Mô	37	Tỉnh Ninh Bình	37		not_found	
14719	Xã Yên Phong	Huyện Yên Mô	37	Tỉnh Ninh Bình	37		split	13795:Xã Ý Yên|14728:Xã Yên Từ
14722	Xã Yên Hòa	Huyện Yên Mô	37	Tỉnh Ninh Bình	37	14701	exact	14701:Xã Yên Mô
14725	Xã Yên Thắng	Huyện Yên Mô	37	Tỉnh Ninh Bình	37	14725	exact	14725:Phường Yên Thắng
14728	Xã Yên Từ	Huyện Yên Mô	37	Tỉnh Ninh Bình	37	14728	exact	14728:Xã Yên Từ
14731	Xã Yên Hưng	Huyện Yên Mô	37	Tỉnh Ninh Bình	37		not_found	
14734	Xã Yên Thành	Huyện Yên Mô	37	Tỉnh Ninh Bình	37	14746	exact	14746:Xã Đồng Thái
14737	Xã Yên Nhân	Huyện Yên Mô	37	Tỉnh Ninh Bình	37	14728	exact	14728:Xã Yên Từ
14740	Xã Yên Mỹ	Huyện Yên Mô	37	Tỉnh Ninh Bình	37	14743	exact	14743:Xã Yên Mạc
14743	Xã Yên Mạc	Huyện Yên Mô	37	Tỉnh Ninh Bình	37	14743	exact	14743:Xã Yên Mạc
14746	Xã Yên Đồng	Huyện Yên Mô	37	Tỉnh Ninh Bình	37	14746	exact	14746:Xã Đồng Thái
14749	Xã Yên Thái	Huyện Yên Mô	37	Tỉnh Ninh Bình	37	14746	exact	14746:Xã Đồng Thái
14752	Xã Yên Lâm	Huyện Yên Mô	37	Tỉnh Ninh Bình	37	14743	exact	14743:Xã Yên Mạc
14755	Phường Hàm Rồng	Thành phố Thanh Hóa	38	Tỉnh Thanh Hóa	38	14758	exact	14758:Phường Hàm Rồng
14758	Phường Đông Thọ	Thành phố Thanh Hóa	38	Tỉnh Thanh Hóa	38	14758	exact	14758:Phường Hàm Rồng
14761	Phường Nam Ngạn	Thành phố Thanh Hóa	38	Tỉnh Thanh Hóa	38	14758	exact	14758:Phường Hàm Rồng
14764	Phường Trường Thi	Thành phố Thanh Hóa	38	Tỉnh Thanh Hóa	38	14797	exact	14797:Phường Hạc Thành
14767	Phường Điện Biên	Thành phố Thanh Hóa	38	Tỉnh Thanh Hóa	38	14797	exact	14797:Phường Hạc Thành
14770	Phường Phú Sơn	Thành phố Thanh Hóa	38	Tỉnh Thanh Hóa	38		split	14818:Phường Quang Trung|14797:Phường Hạc Thành
14773	Phường Lam Sơn	Thành phố Thanh Hóa	38	Tỉnh Thanh Hóa	38		split	14812:Phường Bỉm Sơn|14797:Phường Hạc Thành
14776	Phường Ba Đình	Thành phố Thanh Hóa	38	Tỉnh Thanh Hóa	38		split	14812:Phường Bỉm Sơn|14797:Phường Hạc Thành
14779	Phường Ngọc Trạo	Thành phố Thanh Hóa	38	Tỉnh Thanh Hóa	38		split	14818:Phường Quang Trung|14797:Phường Hạc Thành
14782	Phường Đông Vệ	Thành phố Thanh Hóa	38	Tỉnh Thanh Hóa	38		not_found	
14785	Phường Đông Sơn	Thành phố Thanh Hóa	38	Tỉnh Thanh Hóa	38	14797	exact	14797:Phường Hạc Thành
14788	Phường Tân Sơn	Thành phố Thanh Hóa	38	Tỉnh Thanh Hóa	38		not_found	
14791	Phường Đông Cương	Thành phố Thanh Hóa	38	Tỉnh Thanh Hóa	38	14758	exact	14758:Phường Hàm Rồng
14794	Phường Đông Hương	Thành phố Thanh Hóa	38	Tỉnh Thanh Hóa	38	14797	exact	14797:Phường Hạc Thành
14797	Phường Đông Hải	Thành phố Thanh Hóa	38	Tỉnh Thanh Hóa	38	14797	exact	14797:Phường Hạc Thành
14800	Phường Quảng Hưng	Thành phố Thanh Hóa	38	Tỉnh Thanh Hóa	38	16522	exact	16522:Phường Quảng Phú
14803	Phường Quảng Thắng	Thành phố Thanh Hóa	38	Tỉnh Thanh Hóa	38	16417	exact	16417:Phường Đông Quang
14806	Phường Quảng Thành	Thành phố Thanh Hóa	38	Tỉnh Thanh Hóa	38	16522	exact	16522:Phường Quảng Phú
14809	Phường Bắc Sơn	Thị xã Bỉm Sơn	38	Tỉnh Thanh Hóa	38		split	14818:Phường Quang Trung|16531:Phường Sầm Sơn
14812	Phường Ba Đình	Thị xã Bỉm Sơn	38	Tỉnh Thanh Hóa	38	14812	exact	14812:Phường Bỉm Sơn
14815	Phường Lam Sơn	Thị xã Bỉm Sơn	38	Tỉnh Thanh Hóa	38		split	14812:Phường Bỉm Sơn|14797:Phường Hạc Thành
14818	Phường Ngọc Trạo	Thị xã Bỉm Sơn	38	Tỉnh Thanh Hóa	38		split	14818:Phường Quang Trung|14797:Phường Hạc Thành
14821	Phường Đông Sơn	Thị xã Bỉm Sơn	38	Tỉnh Thanh Hóa	38		split	14812:Phường Bỉm Sơn|14797:Phường Hạc Thành
14823	Phường Phú Sơn	Thị xã Bỉm Sơn	38	Tỉnh Thanh Hóa	38		split	14818:Phường Quang Trung|14797:Phường Hạc Thành
14824	Xã Quang Trung	Thị xã Bỉm Sơn	38	Tỉnh Thanh Hóa	38	14818	exact	14818:Phường Quang Trung
14830	Phường Trung Sơn	Thành phố Sầm Sơn	38	Tỉnh Thanh Hóa	38	16531	exact	16531:Phường Sầm Sơn
14833	Phường Bắc Sơn	Thành phố Sầm Sơn	38	Tỉnh Thanh Hóa	38	16531	exact	16531:Phường Sầm Sơn
14836	Phường Trường Sơn	Thành phố Sầm Sơn	38	Tỉnh Thanh Hóa	38	16531	exact	16531:Phường Sầm Sơn
14839	Phường Quảng Cư	Thành phố Sầm Sơn	38	Tỉnh Thanh Hóa	38	16531	exact	16531:Phường Sầm Sơn
14842	Phường Quảng Tiến	Thành phố Sầm Sơn	38	Tỉnh Thanh Hóa	38	16531	exact	16531:Phường Sầm Sơn
14845	Thị trấn Mường Lát	Huyện Mường Lát	38	Tỉnh Thanh Hóa	38	14845	exact	14845:Xã Mường Lát
14848	Xã Tam Chung	Huyện Mường Lát	38	Tỉnh Thanh Hóa	38	14848	exact	14848:Xã Tam Chung
14854	Xã Mường Lý	Huyện Mường Lát	38	Tỉnh Thanh Hóa	38	14854	exact	14854:Xã Mường Lý
14857	Xã Trung Lý	Huyện Mường Lát	38	Tỉnh Thanh Hóa	38	14857	exact	14857:Xã Trung Lý
14860	Xã Quang Chiểu	Huyện Mường Lát	38	Tỉnh Thanh Hóa	38	14860	exact	14860:Xã Quang Chiểu
14863	Xã Pù Nhi	Huyện Mường Lát	38	Tỉnh Thanh Hóa	38	14863	exact	14863:Xã Pù Nhi
14864	Xã Nhi Sơn	Huyện Mường Lát	38	Tỉnh Thanh Hóa	38	14864	exact	14864:Xã Nhi Sơn
14866	Xã Mường Chanh	Huyện Mường Lát	38	Tỉnh Thanh Hóa	38	14866	exact	14866:Xã Mường Chanh
14869	Thị trấn Hồi Xuân	Huyện Quan Hóa	38	Tỉnh Thanh Hóa	38	14869	exact	14869:Xã Hồi Xuân
14872	Xã Thành Sơn	Huyện Quan Hóa	38	Tỉnh Thanh Hóa	38		split	14956:Xã Pù Luông|14872:Xã Trung Thành|16222:Xã Thanh Quân|16576:Phường Ngọc Sơn
14875	Xã Trung Sơn	Huyện Quan Hóa	38	Tỉnh Thanh Hóa	38	14875	exact	14875:Xã Trung Sơn
14878	Xã Phú Thanh	Huyện Quan Hóa	38	Tỉnh Thanh Hóa	38	14878	exact	14878:Xã Phú Lệ
14881	Xã Trung Thành	Huyện Quan Hóa	38	Tỉnh Thanh Hóa	38	14872	exact	14872:Xã Trung Thành
14884	Xã Phú Lệ	Huyện Quan Hóa	38	Tỉnh Thanh Hóa	38	14878	exact	14878:Xã Phú Lệ
14887	Xã Phú Sơn	Huyện Quan Hóa	38	Tỉnh Thanh Hóa	38	14878	exact	14878:Xã Phú Lệ
14890	Xã Phú Xuân	Huyện Quan Hóa	38	Tỉnh Thanh Hóa	38	15574	exact	15574:Xã Xuân Tín
14896	Xã Hiền Chung	Huyện Quan Hóa	38	Tỉnh Thanh Hóa	38	14896	exact	14896:Xã Hiền Kiệt
14899	Xã Hiền Kiệt	Huyện Quan Hóa	38	Tỉnh Thanh Hóa	38	14896	exact	14896:Xã Hiền Kiệt
14902	Xã Nam Tiến	Huyện Quan Hóa	38	Tỉnh Thanh Hóa	38	14902	exact	14902:Xã Nam Xuân
14908	Xã Thiên Phủ	Huyện Quan Hóa	38	Tỉnh Thanh Hóa	38	14908	exact	14908:Xã Thiên Phủ
14911	Xã Phú Nghiêm	Huyện Quan Hóa	38	Tỉnh Thanh Hóa	38	14869	exact	14869:Xã Hồi Xuân
14914	Xã Nam Xuân	Huyện Quan Hóa	38	Tỉnh Thanh Hóa	38	14902	exact	14902:Xã Nam Xuân
14917	Xã Nam Động	Huyện Quan Hóa	38	Tỉnh Thanh Hóa	38	14908	exact	14908:Xã Thiên Phủ
14923	Thị trấn Cành Nàng	Huyện Bá Thước	38	Tỉnh Thanh Hóa	38	14923	exact	14923:Xã Bá Thước
14926	Xã Điền Thượng	Huyện Bá Thước	38	Tỉnh Thanh Hóa	38	14932	exact	14932:Xã Điền Quang
14929	Xã Điền Hạ	Huyện Bá Thước	38	Tỉnh Thanh Hóa	38	14932	exact	14932:Xã Điền Quang
14932	Xã Điền Quang	Huyện Bá Thước	38	Tỉnh Thanh Hóa	38	14932	exact	14932:Xã Điền Quang
14935	Xã Điền Trung	Huyện Bá Thước	38	Tỉnh Thanh Hóa	38	14950	exact	14950:Xã Điền Lư
14938	Xã Thành Sơn	Huyện Bá Thước	38	Tỉnh Thanh Hóa	38	14956	exact	14956:Xã Pù Luông
14941	Xã Lương Ngoại	Huyện Bá Thước	38	Tỉnh Thanh Hóa	38	14953	exact	14953:Xã Quý Lương
14944	Xã Ái Thượng	Huyện Bá Thước	38	Tỉnh Thanh Hóa	38	14950	exact	14950:Xã Điền Lư
14947	Xã Lương Nội	Huyện Bá Thước	38	Tỉnh Thanh Hóa	38	14953	exact	14953:Xã Quý Lương
14950	Xã Điền Lư	Huyện Bá Thước	38	Tỉnh Thanh Hóa	38	14950	exact	14950:Xã Điền Lư
14953	Xã Lương Trung	Huyện Bá Thước	38	Tỉnh Thanh Hóa	38	14953	exact	14953:Xã Quý Lương
14956	Xã Lũng Niêm	Huyện Bá Thước	38	Tỉnh Thanh Hóa	38	14956	exact	14956:Xã Pù Luông
14959	Xã Lũng Cao	Huyện Bá Thước	38	Tỉnh Thanh Hóa	38	14959	exact	14959:Xã Cổ Lũng
14962	Xã Hạ Trung	Huyện Bá Thước	38	Tỉnh Thanh Hóa	38	14923	exact	14923:Xã Bá Thước
14965	Xã Cổ Lũng	Huyện Bá Thước	38	Tỉnh Thanh Hóa	38	14959	exact	14959:Xã Cổ Lũng
14968	Xã Thành Lâm	Huyện Bá Thước	38	Tỉnh Thanh Hóa	38		split	14956:Xã Pù Luông|16213:Xã Thanh Phong
14971	Xã Ban Công	Huyện Bá Thước	38	Tỉnh Thanh Hóa	38	14923	exact	14923:Xã Bá Thước
14974	Xã Kỳ Tân	Huyện Bá Thước	38	Tỉnh Thanh Hóa	38	14974	exact	14974:Xã Văn Nho
14977	Xã Văn Nho	Huyện Bá Thước	38	Tỉnh Thanh Hóa	38	14974	exact	14974:Xã Văn Nho
14980	Xã Thiết Ống	Huyện Bá Thước	38	Tỉnh Thanh Hóa	38	14980	exact	14980:Xã Thiết Ống
14986	Xã Thiết Kế	Huyện Bá Thước	38	Tỉnh Thanh Hóa	38	14980	exact	14980:Xã Thiết Ống
14995	Xã Trung Xuân	Huyện Quan Sơn	38	Tỉnh Thanh Hóa	38	15001	exact	15001:Xã Trung Hạ
14998	Xã Trung Thượng	Huyện Quan Sơn	38	Tỉnh Thanh Hóa	38	15016	exact	15016:Xã Quan Sơn
14999	Xã Trung Tiến	Huyện Quan Sơn	38	Tỉnh Thanh Hóa	38	15001	exact	15001:Xã Trung Hạ
15001	Xã Trung Hạ	Huyện Quan Sơn	38	Tỉnh Thanh Hóa	38	15001	exact	15001:Xã Trung Hạ
15004	Xã Sơn Hà	Huyện Quan Sơn	38	Tỉnh Thanh Hóa	38	15019	exact	15019:Xã Tam Lư
15007	Xã Tam Thanh	Huyện Quan Sơn	38	Tỉnh Thanh Hóa	38	15007	exact	15007:Xã Tam Thanh
15010	Xã Sơn Thủy	Huyện Quan Sơn	38	Tỉnh Thanh Hóa	38	15010	exact	15010:Xã Sơn Thủy
15013	Xã Na Mèo	Huyện Quan Sơn	38	Tỉnh Thanh Hóa	38	15013	exact	15013:Xã Na Mèo
15016	Thị trấn Sơn Lư	Huyện Quan Sơn	38	Tỉnh Thanh Hóa	38		split	15016:Xã Quan Sơn|15019:Xã Tam Lư
15019	Xã Tam Lư	Huyện Quan Sơn	38	Tỉnh Thanh Hóa	38	15019	exact	15019:Xã Tam Lư
15022	Xã Sơn Điện	Huyện Quan Sơn	38	Tỉnh Thanh Hóa	38	15022	exact	15022:Xã Sơn Điện
15025	Xã Mường Mìn	Huyện Quan Sơn	38	Tỉnh Thanh Hóa	38	15025	exact	15025:Xã Mường Mìn
15031	Xã Yên Khương	Huyện Lang Chánh	38	Tỉnh Thanh Hóa	38	15031	exact	15031:Xã Yên Khương
15034	Xã Yên Thắng	Huyện Lang Chánh	38	Tỉnh Thanh Hóa	38	15034	exact	15034:Xã Yên Thắng
15037	Xã Trí Nang	Huyện Lang Chánh	38	Tỉnh Thanh Hóa	38	15055	exact	15055:Xã Linh Sơn
15040	Xã Giao An	Huyện Lang Chánh	38	Tỉnh Thanh Hóa	38	15043	exact	15043:Xã Giao An
15043	Xã Giao Thiện	Huyện Lang Chánh	38	Tỉnh Thanh Hóa	38	15043	exact	15043:Xã Giao An
15046	Xã Tân Phúc	Huyện Lang Chánh	38	Tỉnh Thanh Hóa	38	15058	exact	15058:Xã Đồng Lương
15049	Xã Tam Văn	Huyện Lang Chánh	38	Tỉnh Thanh Hóa	38	15049	exact	15049:Xã Văn Phú
15052	Xã Lâm Phú	Huyện Lang Chánh	38	Tỉnh Thanh Hóa	38	15049	exact	15049:Xã Văn Phú
15055	Thị trấn Lang Chánh	Huyện Lang Chánh	38	Tỉnh Thanh Hóa	38	15055	exact	15055:Xã Linh Sơn
15058	Xã Đồng Lương	Huyện Lang Chánh	38	Tỉnh Thanh Hóa	38	15058	exact	15058:Xã Đồng Lương
15061	Thị trấn Ngọc Lặc	Huyện Ngọc Lặc	38	Tỉnh Thanh Hóa	38	15061	exact	15061:Xã Ngọc Lặc
15064	Xã Lam Sơn	Huyện Ngọc Lặc	38	Tỉnh Thanh Hóa	38	15124	exact	15124:Xã Minh Sơn
15067	Xã Mỹ Tân	Huyện Ngọc Lặc	38	Tỉnh Thanh Hóa	38	15061	exact	15061:Xã Ngọc Lặc
15070	Xã Thúy Sơn	Huyện Ngọc Lặc	38	Tỉnh Thanh Hóa	38	15061	exact	15061:Xã Ngọc Lặc
15073	Xã Thạch Lập	Huyện Ngọc Lặc	38	Tỉnh Thanh Hóa	38	15085	exact	15085:Xã Thạch Lập
15076	Xã Vân Âm	Huyện Ngọc Lặc	38	Tỉnh Thanh Hóa	38	15106	exact	15106:Xã Nguyệt Ấn
15079	Xã Cao Ngọc	Huyện Ngọc Lặc	38	Tỉnh Thanh Hóa	38	15124	exact	15124:Xã Minh Sơn
15085	Xã Quang Trung	Huyện Ngọc Lặc	38	Tỉnh Thanh Hóa	38	15085	exact	15085:Xã Thạch Lập
15088	Xã Đồng Thịnh	Huyện Ngọc Lặc	38	Tỉnh Thanh Hóa	38	15085	exact	15085:Xã Thạch Lập
15091	Xã Ngọc Liên	Huyện Ngọc Lặc	38	Tỉnh Thanh Hóa	38	15091	exact	15091:Xã Ngọc Liên
15094	Xã Ngọc Sơn	Huyện Ngọc Lặc	38	Tỉnh Thanh Hóa	38	15091	exact	15091:Xã Ngọc Liên
15097	Xã Lộc Thịnh	Huyện Ngọc Lặc	38	Tỉnh Thanh Hóa	38	15091	exact	15091:Xã Ngọc Liên
15100	Xã Cao Thịnh	Huyện Ngọc Lặc	38	Tỉnh Thanh Hóa	38	15091	exact	15091:Xã Ngọc Liên
15103	Xã Ngọc Trung	Huyện Ngọc Lặc	38	Tỉnh Thanh Hóa	38	15091	exact	15091:Xã Ngọc Liên
15106	Xã Phùng Giáo	Huyện Ngọc Lặc	38	Tỉnh Thanh Hóa	38	15106	exact	15106:Xã Nguyệt Ấn
15109	Xã Phùng Minh	Huyện Ngọc Lặc	38	Tỉnh Thanh Hóa	38	15112	exact	15112:Xã Kiên Thọ
15112	Xã Phúc Thịnh	Huyện Ngọc Lặc	38	Tỉnh Thanh Hóa	38	15112	exact	15112:Xã Kiên Thọ
15115	Xã Nguyệt Ấn	Huyện Ngọc Lặc	38	Tỉnh Thanh Hóa	38	15106	exact	15106:Xã Nguyệt Ấn
15118	Xã Kiên Thọ	Huyện Ngọc Lặc	38	Tỉnh Thanh Hóa	38	15112	exact	15112:Xã Kiên Thọ
15121	Xã Minh Tiến	Huyện Ngọc Lặc	38	Tỉnh Thanh Hóa	38	15124	exact	15124:Xã Minh Sơn
15124	Xã Minh Sơn	Huyện Ngọc Lặc	38	Tỉnh Thanh Hóa	38	15124	exact	15124:Xã Minh Sơn
15127	Thị trấn Phong Sơn	Huyện Cẩm Thủy	38	Tỉnh Thanh Hóa	38	15127	exact	15127:Xã Cẩm Thủy
15133	Xã Cẩm Thành	Huyện Cẩm Thủy	38	Tỉnh Thanh Hóa	38	15142	exact	15142:Xã Cẩm Thạch
15136	Xã Cẩm Quý	Huyện Cẩm Thủy	38	Tỉnh Thanh Hóa	38	15148	exact	15148:Xã Cẩm Tú
15139	Xã Cẩm Lương	Huyện Cẩm Thủy	38	Tỉnh Thanh Hóa	38	15148	exact	15148:Xã Cẩm Tú
15142	Xã Cẩm Thạch	Huyện Cẩm Thủy	38	Tỉnh Thanh Hóa	38	15142	exact	15142:Xã Cẩm Thạch
15145	Xã Cẩm Liên	Huyện Cẩm Thủy	38	Tỉnh Thanh Hóa	38	15142	exact	15142:Xã Cẩm Thạch
15148	Xã Cẩm Giang	Huyện Cẩm Thủy	38	Tỉnh Thanh Hóa	38	15148	exact	15148:Xã Cẩm Tú
15151	Xã Cẩm Bình	Huyện Cẩm Thủy	38	Tỉnh Thanh Hóa	38	15142	exact	15142:Xã Cẩm Thạch
15154	Xã Cẩm Tú	Huyện Cẩm Thủy	38	Tỉnh Thanh Hóa	38	15148	exact	15148:Xã Cẩm Tú
15160	Xã Cẩm Châu	Huyện Cẩm Thủy	38	Tỉnh Thanh Hóa	38	15163	exact	15163:Xã Cẩm Vân
15163	Xã Cẩm Tâm	Huyện Cẩm Thủy	38	Tỉnh Thanh Hóa	38	15163	exact	15163:Xã Cẩm Vân
15169	Xã Cẩm Ngọc	Huyện Cẩm Thủy	38	Tỉnh Thanh Hóa	38	15127	exact	15127:Xã Cẩm Thủy
15172	Xã Cẩm Long	Huyện Cẩm Thủy	38	Tỉnh Thanh Hóa	38	15178	exact	15178:Xã Cẩm Tân
15175	Xã Cẩm Yên	Huyện Cẩm Thủy	38	Tỉnh Thanh Hóa	38	15163	exact	15163:Xã Cẩm Vân
15178	Xã Cẩm Tân	Huyện Cẩm Thủy	38	Tỉnh Thanh Hóa	38	15178	exact	15178:Xã Cẩm Tân
15181	Xã Cẩm Phú	Huyện Cẩm Thủy	38	Tỉnh Thanh Hóa	38	15178	exact	15178:Xã Cẩm Tân
15184	Xã Cẩm Vân	Huyện Cẩm Thủy	38	Tỉnh Thanh Hóa	38	15163	exact	15163:Xã Cẩm Vân
15187	Thị trấn Kim Tân	Huyện Thạch Thành	38	Tỉnh Thanh Hóa	38	15187	exact	15187:Xã Kim Tân
15190	Thị trấn Vân Du	Huyện Thạch Thành	38	Tỉnh Thanh Hóa	38	15190	exact	15190:Xã Vân Du
15196	Xã Thạch Lâm	Huyện Thạch Thành	38	Tỉnh Thanh Hóa	38	15199	exact	15199:Xã Thạch Quảng
15199	Xã Thạch Quảng	Huyện Thạch Thành	38	Tỉnh Thanh Hóa	38	15199	exact	15199:Xã Thạch Quảng
15202	Xã Thạch Tượng	Huyện Thạch Thành	38	Tỉnh Thanh Hóa	38	15199	exact	15199:Xã Thạch Quảng
15205	Xã Thạch Cẩm	Huyện Thạch Thành	38	Tỉnh Thanh Hóa	38	15211	exact	15211:Xã Thạch Bình
15208	Xã Thạch Sơn	Huyện Thạch Thành	38	Tỉnh Thanh Hóa	38	15211	exact	15211:Xã Thạch Bình
15211	Xã Thạch Bình	Huyện Thạch Thành	38	Tỉnh Thanh Hóa	38	15211	exact	15211:Xã Thạch Bình
15214	Xã Thạch Định	Huyện Thạch Thành	38	Tỉnh Thanh Hóa	38	15187	exact	15187:Xã Kim Tân
15217	Xã Thạch Đồng	Huyện Thạch Thành	38	Tỉnh Thanh Hóa	38		not_found	
15220	Xã Thạch Long	Huyện Thạch Thành	38	Tỉnh Thanh Hóa	38	15211	exact	15211:Xã Thạch Bình
15223	Xã Thành Mỹ	Huyện Thạch Thành	38	Tỉnh Thanh Hóa	38	15229	exact	15229:Xã Thành Vinh
15226	Xã Thành Yên	Huyện Thạch Thành	38	Tỉnh Thanh Hóa	38	15229	exact	15229:Xã Thành Vinh
15229	Xã Thành Vinh	Huyện Thạch Thành	38	Tỉnh Thanh Hóa	38	15229	exact	15229:Xã Thành Vinh
15232	Xã Thành Minh	Huyện Thạch Thành	38	Tỉnh Thanh Hóa	38	15229	exact	15229:Xã Thành Vinh
15235	Xã Thành Công	Huyện Thạch Thành	38	Tỉnh Thanh Hóa	38	15190	exact	15190:Xã Vân Du
15238	Xã Thành Tân	Huyện Thạch Thành	38	Tỉnh Thanh Hóa	38		split	16273:Xã Thanh Kỳ|16369:Xã Công Chính|15190:Xã Vân Du
15241	Xã Thành Trực	Huyện Thạch Thành	38	Tỉnh Thanh Hóa	38	15187	exact	15187:Xã Kim Tân
15247	Xã Thành Tâm	Huyện Thạch Thành	38	Tỉnh Thanh Hóa	38	15250	exact	15250:Xã Ngọc Trạo
15250	Xã Thành An	Huyện Thạch Thành	38	Tỉnh Thanh Hóa	38	15250	exact	15250:Xã Ngọc Trạo
15253	Xã Thành Thọ	Huyện Thạch Thành	38	Tỉnh Thanh Hóa	38	15187	exact	15187:Xã Kim Tân
15256	Xã Thành Tiến	Huyện Thạch Thành	38	Tỉnh Thanh Hóa	38	15187	exact	15187:Xã Kim Tân
15259	Xã Thành Long	Huyện Thạch Thành	38	Tỉnh Thanh Hóa	38	15250	exact	15250:Xã Ngọc Trạo
15265	Xã Thành Hưng	Huyện Thạch Thành	38	Tỉnh Thanh Hóa	38	15187	exact	15187:Xã Kim Tân
15268	Xã Ngọc Trạo	Huyện Thạch Thành	38	Tỉnh Thanh Hóa	38	15250	exact	15250:Xã Ngọc Trạo
15271	Thị trấn Hà Trung	Huyện Hà Trung	38	Tỉnh Thanh Hóa	38		split	15286:Xã Hoạt Giang|15271:Xã Hà Trung
15274	Xã Hà Long	Huyện Hà Trung	38	Tỉnh Thanh Hóa	38	15274	exact	15274:Xã Hà Long
15277	Xã Hà Vinh	Huyện Hà Trung	38	Tỉnh Thanh Hóa	38	14812	exact	14812:Phường Bỉm Sơn
15280	Xã Hà Bắc	Huyện Hà Trung	38	Tỉnh Thanh Hóa	38	15274	exact	15274:Xã Hà Long
15283	Xã Hoạt Giang	Huyện Hà Trung	38	Tỉnh Thanh Hóa	38	15286	exact	15286:Xã Hoạt Giang
15286	Xã Yên Dương	Huyện Hà Trung	38	Tỉnh Thanh Hóa	38	15286	exact	15286:Xã Hoạt Giang
15292	Xã Hà Giang	Huyện Hà Trung	38	Tỉnh Thanh Hóa	38	15274	exact	15274:Xã Hà Long
15298	Xã Lĩnh Toại	Huyện Hà Trung	38	Tỉnh Thanh Hóa	38	15298	exact	15298:Xã Lĩnh Toại
15304	Xã Hà Ngọc	Huyện Hà Trung	38	Tỉnh Thanh Hóa	38	15271	exact	15271:Xã Hà Trung
15307	Xã Yến Sơn	Huyện Hà Trung	38	Tỉnh Thanh Hóa	38	15271	exact	15271:Xã Hà Trung
15313	Xã Hà Sơn	Huyện Hà Trung	38	Tỉnh Thanh Hóa	38	15316	exact	15316:Xã Tống Sơn
15316	Xã Hà Lĩnh	Huyện Hà Trung	38	Tỉnh Thanh Hóa	38		not_found	
15319	Xã Hà Đông	Huyện Hà Trung	38	Tỉnh Thanh Hóa	38	15271	exact	15271:Xã Hà Trung
15322	Xã Hà Tân	Huyện Hà Trung	38	Tỉnh Thanh Hóa	38	15316	exact	15316:Xã Tống Sơn
15325	Xã Hà Tiến	Huyện Hà Trung	38	Tỉnh Thanh Hóa	38	15316	exact	15316:Xã Tống Sơn
15328	Xã Hà Bình	Huyện Hà Trung	38	Tỉnh Thanh Hóa	38		split	15286:Xã Hoạt Giang|15271:Xã Hà Trung
15331	Xã Hà Lai	Huyện Hà Trung	38	Tỉnh Thanh Hóa	38		not_found	
15334	Xã Hà Châu	Huyện Hà Trung	38	Tỉnh Thanh Hóa	38	15298	exact	15298:Xã Lĩnh Toại
15340	Xã Hà Thái	Huyện Hà Trung	38	Tỉnh Thanh Hóa	38		not_found	
15343	Xã Hà Hải	Huyện Hà Trung	38	Tỉnh Thanh Hóa	38	15298	exact	15298:Xã Lĩnh Toại
15349	Thị trấn Vĩnh Lộc	Huyện Vĩnh Lộc	38	Tỉnh Thanh Hóa	38	15349	exact	15349:Xã Vĩnh Lộc
15352	Xã Vĩnh Quang	Huyện Vĩnh Lộc	38	Tỉnh Thanh Hóa	38	15361	exact	15361:Xã Tây Đô
15355	Xã Vĩnh Yên	Huyện Vĩnh Lộc	38	Tỉnh Thanh Hóa	38	15361	exact	15361:Xã Tây Đô
15358	Xã Vĩnh Tiến	Huyện Vĩnh Lộc	38	Tỉnh Thanh Hóa	38	15361	exact	15361:Xã Tây Đô
15361	Xã Vĩnh Long	Huyện Vĩnh Lộc	38	Tỉnh Thanh Hóa	38	15361	exact	15361:Xã Tây Đô
15364	Xã Vĩnh Phúc	Huyện Vĩnh Lộc	38	Tỉnh Thanh Hóa	38	15349	exact	15349:Xã Vĩnh Lộc
15367	Xã Vĩnh Hưng	Huyện Vĩnh Lộc	38	Tỉnh Thanh Hóa	38		split	15382:Xã Biện Thượng|15349:Xã Vĩnh Lộc
15376	Xã Vĩnh Hòa	Huyện Vĩnh Lộc	38	Tỉnh Thanh Hóa	38	15349	exact	15349:Xã Vĩnh Lộc
15379	Xã Vĩnh Hùng	Huyện Vĩnh Lộc	38	Tỉnh Thanh Hóa	38		split	15382:Xã Biện Thượng|15349:Xã Vĩnh Lộc
15382	Xã Minh Tân	Huyện Vĩnh Lộc	38	Tỉnh Thanh Hóa	38	15382	exact	15382:Xã Biện Thượng
15385	Xã Ninh Khang	Huyện Vĩnh Lộc	38	Tỉnh Thanh Hóa	38	15349	exact	15349:Xã Vĩnh Lộc
15388	Xã Vĩnh Thịnh	Huyện Vĩnh Lộc	38	Tỉnh Thanh Hóa	38	15382	exact	15382:Xã Biện Thượng
15391	Xã Vĩnh An	Huyện Vĩnh Lộc	38	Tỉnh Thanh Hóa	38	15382	exact	15382:Xã Biện Thượng
15397	Thị trấn Thống Nhất	Huyện Yên Định	38	Tỉnh Thanh Hóa	38	15409	exact	15409:Xã Yên Phú
15403	Thị trấn Yên Lâm	Huyện Yên Định	38	Tỉnh Thanh Hóa	38	15412	exact	15412:Xã Quý Lộc
15406	Xã Yên Tâm	Huyện Yên Định	38	Tỉnh Thanh Hóa	38	15409	exact	15409:Xã Yên Phú
15409	Xã Yên Phú	Huyện Yên Định	38	Tỉnh Thanh Hóa	38	15409	exact	15409:Xã Yên Phú
15412	Thị trấn Quý Lộc	Huyện Yên Định	38	Tỉnh Thanh Hóa	38	15412	exact	15412:Xã Quý Lộc
15415	Xã Yên Thọ	Huyện Yên Định	38	Tỉnh Thanh Hóa	38	15412	exact	15412:Xã Quý Lộc
15418	Xã Yên Trung	Huyện Yên Định	38	Tỉnh Thanh Hóa	38	15421	exact	15421:Xã Yên Trường
15421	Xã Yên Trường	Huyện Yên Định	38	Tỉnh Thanh Hóa	38	15421	exact	15421:Xã Yên Trường
15427	Xã Yên Phong	Huyện Yên Định	38	Tỉnh Thanh Hóa	38	15421	exact	15421:Xã Yên Trường
15430	Xã Yên Thái	Huyện Yên Định	38	Tỉnh Thanh Hóa	38	15421	exact	15421:Xã Yên Trường
15433	Xã Yên Hùng	Huyện Yên Định	38	Tỉnh Thanh Hóa	38	15442	exact	15442:Xã Yên Ninh
15436	Xã Yên Thịnh	Huyện Yên Định	38	Tỉnh Thanh Hóa	38	15442	exact	15442:Xã Yên Ninh
15439	Xã Yên Ninh	Huyện Yên Định	38	Tỉnh Thanh Hóa	38	15442	exact	15442:Xã Yên Ninh
15442	Xã Yên Lạc	Huyện Yên Định	38	Tỉnh Thanh Hóa	38	16264	exact	16264:Xã Yên Thọ
15445	Xã Định Tăng	Huyện Yên Định	38	Tỉnh Thanh Hóa	38	15469	exact	15469:Xã Yên Định
15448	Xã Định Hòa	Huyện Yên Định	38	Tỉnh Thanh Hóa	38	15448	exact	15448:Xã Định Hòa
15451	Xã Định Thành	Huyện Yên Định	38	Tỉnh Thanh Hóa	38	15448	exact	15448:Xã Định Hòa
15454	Xã Định Công	Huyện Yên Định	38	Tỉnh Thanh Hóa	38	15448	exact	15448:Xã Định Hòa
15457	Xã Định Tân	Huyện Yên Định	38	Tỉnh Thanh Hóa	38	15457	exact	15457:Xã Định Tân
15460	Xã Định Tiến	Huyện Yên Định	38	Tỉnh Thanh Hóa	38	15457	exact	15457:Xã Định Tân
15463	Xã Định Long	Huyện Yên Định	38	Tỉnh Thanh Hóa	38	15469	exact	15469:Xã Yên Định
15466	Xã Định Liên	Huyện Yên Định	38	Tỉnh Thanh Hóa	38	15469	exact	15469:Xã Yên Định
15469	Thị trấn Quán Lào	Huyện Yên Định	38	Tỉnh Thanh Hóa	38	15469	exact	15469:Xã Yên Định
15472	Xã Định Hưng	Huyện Yên Định	38	Tỉnh Thanh Hóa	38	15457	exact	15457:Xã Định Tân
15475	Xã Định Hải	Huyện Yên Định	38	Tỉnh Thanh Hóa	38	15457	exact	15457:Xã Định Tân
15478	Xã Định Bình	Huyện Yên Định	38	Tỉnh Thanh Hóa	38	15448	exact	15448:Xã Định Hòa
15493	Xã Xuân Hồng	Huyện Thọ Xuân	38	Tỉnh Thanh Hóa	38	15499	exact	15499:Xã Thọ Xuân
15499	Thị trấn Thọ Xuân	Huyện Thọ Xuân	38	Tỉnh Thanh Hóa	38	15499	exact	15499:Xã Thọ Xuân
15502	Xã Bắc Lương	Huyện Thọ Xuân	38	Tỉnh Thanh Hóa	38	15505	exact	15505:Xã Thọ Long
15505	Xã Nam Giang	Huyện Thọ Xuân	38	Tỉnh Thanh Hóa	38	15505	exact	15505:Xã Thọ Long
15508	Xã Xuân Phong	Huyện Thọ Xuân	38	Tỉnh Thanh Hóa	38	15505	exact	15505:Xã Thọ Long
15511	Xã Thọ Lộc	Huyện Thọ Xuân	38	Tỉnh Thanh Hóa	38	15505	exact	15505:Xã Thọ Long
15514	Xã Xuân Trường	Huyện Thọ Xuân	38	Tỉnh Thanh Hóa	38	15499	exact	15499:Xã Thọ Xuân
15517	Xã Xuân Hòa	Huyện Thọ Xuân	38	Tỉnh Thanh Hóa	38	15520	exact	15520:Xã Xuân Hòa
15520	Xã Thọ Hải	Huyện Thọ Xuân	38	Tỉnh Thanh Hóa	38	15520	exact	15520:Xã Xuân Hòa
15523	Xã Tây Hồ	Huyện Thọ Xuân	38	Tỉnh Thanh Hóa	38	15505	exact	15505:Xã Thọ Long
15526	Xã Xuân Giang	Huyện Thọ Xuân	38	Tỉnh Thanh Hóa	38	15499	exact	15499:Xã Thọ Xuân
15532	Xã Xuân Sinh	Huyện Thọ Xuân	38	Tỉnh Thanh Hóa	38	15553	exact	15553:Xã Sao Vàng
15535	Xã Xuân Hưng	Huyện Thọ Xuân	38	Tỉnh Thanh Hóa	38	15520	exact	15520:Xã Xuân Hòa
15538	Xã Thọ Diên	Huyện Thọ Xuân	38	Tỉnh Thanh Hóa	38	15520	exact	15520:Xã Xuân Hòa
15541	Xã Thọ Lâm	Huyện Thọ Xuân	38	Tỉnh Thanh Hóa	38	15553	exact	15553:Xã Sao Vàng
15544	Xã Thọ Xương	Huyện Thọ Xuân	38	Tỉnh Thanh Hóa	38	15544	exact	15544:Xã Lam Sơn
15547	Xã Xuân Bái	Huyện Thọ Xuân	38	Tỉnh Thanh Hóa	38	15544	exact	15544:Xã Lam Sơn
15550	Xã Xuân Phú	Huyện Thọ Xuân	38	Tỉnh Thanh Hóa	38	15553	exact	15553:Xã Sao Vàng
15553	Thị trấn Sao Vàng	Huyện Thọ Xuân	38	Tỉnh Thanh Hóa	38	15553	exact	15553:Xã Sao Vàng
15556	Thị trấn Lam Sơn	Huyện Thọ Xuân	38	Tỉnh Thanh Hóa	38	15544	exact	15544:Xã Lam Sơn
15559	Xã Xuân Thiên	Huyện Thọ Xuân	38	Tỉnh Thanh Hóa	38	15568	exact	15568:Xã Thọ Lập
15565	Xã Thuận Minh	Huyện Thọ Xuân	38	Tỉnh Thanh Hóa	38	15568	exact	15568:Xã Thọ Lập
15568	Xã Thọ Lập	Huyện Thọ Xuân	38	Tỉnh Thanh Hóa	38	15568	exact	15568:Xã Thọ Lập
15571	Xã Quảng Phú	Huyện Thọ Xuân	38	Tỉnh Thanh Hóa	38	15574	exact	15574:Xã Xuân Tín
15574	Xã Xuân Tín	Huyện Thọ Xuân	38	Tỉnh Thanh Hóa	38	15574	exact	15574:Xã Xuân Tín
15577	Xã Phú Xuân	Huyện Thọ Xuân	38	Tỉnh Thanh Hóa	38	15574	exact	15574:Xã Xuân Tín
15583	Xã Xuân Lai	Huyện Thọ Xuân	38	Tỉnh Thanh Hóa	38	15592	exact	15592:Xã Xuân Lập
15586	Xã Xuân Lập	Huyện Thọ Xuân	38	Tỉnh Thanh Hóa	38	15592	exact	15592:Xã Xuân Lập
15592	Xã Xuân Minh	Huyện Thọ Xuân	38	Tỉnh Thanh Hóa	38	15592	exact	15592:Xã Xuân Lập
15598	Xã Trường Xuân	Huyện Thọ Xuân	38	Tỉnh Thanh Hóa	38	15592	exact	15592:Xã Xuân Lập
15607	Xã Bát Mọt	Huyện Thường Xuân	38	Tỉnh Thanh Hóa	38	15607	exact	15607:Xã Bát Mọt
15610	Xã Yên Nhân	Huyện Thường Xuân	38	Tỉnh Thanh Hóa	38	15610	exact	15610:Xã Yên Nhân
15619	Xã Xuân Lẹ	Huyện Thường Xuân	38	Tỉnh Thanh Hóa	38	15658	exact	15658:Xã Xuân Chinh
15622	Xã Vạn Xuân	Huyện Thường Xuân	38	Tỉnh Thanh Hóa	38	15622	exact	15622:Xã Vạn Xuân
15628	Xã Lương Sơn	Huyện Thường Xuân	38	Tỉnh Thanh Hóa	38	15628	exact	15628:Xã Lương Sơn
15631	Xã Xuân Cao	Huyện Thường Xuân	38	Tỉnh Thanh Hóa	38	15634	exact	15634:Xã Luận Thành
15634	Xã Luận Thành	Huyện Thường Xuân	38	Tỉnh Thanh Hóa	38	15634	exact	15634:Xã Luận Thành
15637	Xã Luận Khê	Huyện Thường Xuân	38	Tỉnh Thanh Hóa	38		split	15634:Xã Luận Thành|15661:Xã Tân Thành
15640	Xã Xuân Thắng	Huyện Thường Xuân	38	Tỉnh Thanh Hóa	38	15643	exact	15643:Xã Thắng Lộc
15643	Xã Xuân Lộc	Huyện Thường Xuân	38	Tỉnh Thanh Hóa	38	15643	exact	15643:Xã Thắng Lộc
15646	Thị trấn Thường Xuân	Huyện Thường Xuân	38	Tỉnh Thanh Hóa	38	15646	exact	15646:Xã Thường Xuân
15649	Xã Xuân Dương	Huyện Thường Xuân	38	Tỉnh Thanh Hóa	38	15646	exact	15646:Xã Thường Xuân
15652	Xã Thọ Thanh	Huyện Thường Xuân	38	Tỉnh Thanh Hóa	38	15646	exact	15646:Xã Thường Xuân
15655	Xã Ngọc Phụng	Huyện Thường Xuân	38	Tỉnh Thanh Hóa	38	15646	exact	15646:Xã Thường Xuân
15658	Xã Xuân Chinh	Huyện Thường Xuân	38	Tỉnh Thanh Hóa	38	15658	exact	15658:Xã Xuân Chinh
15661	Xã Tân Thành	Huyện Thường Xuân	38	Tỉnh Thanh Hóa	38	15661	exact	15661:Xã Tân Thành
15664	Thị trấn Triệu Sơn	Huyện Triệu Sơn	38	Tỉnh Thanh Hóa	38	15664	exact	15664:Xã Triệu Sơn
15667	Xã Thọ Sơn	Huyện Triệu Sơn	38	Tỉnh Thanh Hóa	38	15667	exact	15667:Xã Thọ Bình
15670	Xã Thọ Bình	Huyện Triệu Sơn	38	Tỉnh Thanh Hóa	38	15667	exact	15667:Xã Thọ Bình
15673	Xã Thọ Tiến	Huyện Triệu Sơn	38	Tỉnh Thanh Hóa	38	15754	exact	15754:Xã Thọ Ngọc
15676	Xã Hợp Lý	Huyện Triệu Sơn	38	Tỉnh Thanh Hóa	38	15682	exact	15682:Xã Hợp Tiến
15679	Xã Hợp Tiến	Huyện Triệu Sơn	38	Tỉnh Thanh Hóa	38	15682	exact	15682:Xã Hợp Tiến
15682	Xã Hợp Thành	Huyện Triệu Sơn	38	Tỉnh Thanh Hóa	38	15682	exact	15682:Xã Hợp Tiến
15685	Xã Triệu Thành	Huyện Triệu Sơn	38	Tỉnh Thanh Hóa	38	15682	exact	15682:Xã Hợp Tiến
15688	Xã Hợp Thắng	Huyện Triệu Sơn	38	Tỉnh Thanh Hóa	38	15682	exact	15682:Xã Hợp Tiến
15691	Xã Minh Sơn	Huyện Triệu Sơn	38	Tỉnh Thanh Hóa	38	15664	exact	15664:Xã Triệu Sơn
15700	Xã Dân Lực	Huyện Triệu Sơn	38	Tỉnh Thanh Hóa	38	15664	exact	15664:Xã Triệu Sơn
15703	Xã Dân Lý	Huyện Triệu Sơn	38	Tỉnh Thanh Hóa	38	15664	exact	15664:Xã Triệu Sơn
15706	Xã Dân Quyền	Huyện Triệu Sơn	38	Tỉnh Thanh Hóa	38	15664	exact	15664:Xã Triệu Sơn
15709	Xã An Nông	Huyện Triệu Sơn	38	Tỉnh Thanh Hóa	38	15766	exact	15766:Xã An Nông
15712	Xã Văn Sơn	Huyện Triệu Sơn	38	Tỉnh Thanh Hóa	38	15715	exact	15715:Xã Tân Ninh
15715	Xã Thái Hòa	Huyện Triệu Sơn	38	Tỉnh Thanh Hóa	38	15715	exact	15715:Xã Tân Ninh
15718	Thị trấn Nưa	Huyện Triệu Sơn	38	Tỉnh Thanh Hóa	38	15715	exact	15715:Xã Tân Ninh
15721	Xã Đồng Lợi	Huyện Triệu Sơn	38	Tỉnh Thanh Hóa	38	15724	exact	15724:Xã Đồng Tiến
15724	Xã Đồng Tiến	Huyện Triệu Sơn	38	Tỉnh Thanh Hóa	38		split	15724:Xã Đồng Tiến|15853:Phường Đông Tiến
15727	Xã Đồng Thắng	Huyện Triệu Sơn	38	Tỉnh Thanh Hóa	38	15724	exact	15724:Xã Đồng Tiến
15730	Xã Tiến Nông	Huyện Triệu Sơn	38	Tỉnh Thanh Hóa	38	15766	exact	15766:Xã An Nông
15733	Xã Khuyến Nông	Huyện Triệu Sơn	38	Tỉnh Thanh Hóa	38	15766	exact	15766:Xã An Nông
15736	Xã Xuân Thịnh	Huyện Triệu Sơn	38	Tỉnh Thanh Hóa	38		not_found	
15739	Xã Xuân Lộc	Huyện Triệu Sơn	38	Tỉnh Thanh Hóa	38	15763	exact	15763:Xã Thọ Phú
15742	Xã Thọ Dân	Huyện Triệu Sơn	38	Tỉnh Thanh Hóa	38	15763	exact	15763:Xã Thọ Phú
15745	Xã Xuân Thọ	Huyện Triệu Sơn	38	Tỉnh Thanh Hóa	38	15754	exact	15754:Xã Thọ Ngọc
15748	Xã Thọ Tân	Huyện Triệu Sơn	38	Tỉnh Thanh Hóa	38	15763	exact	15763:Xã Thọ Phú
15751	Xã Thọ Ngọc	Huyện Triệu Sơn	38	Tỉnh Thanh Hóa	38	15754	exact	15754:Xã Thọ Ngọc
15754	Xã Thọ Cường	Huyện Triệu Sơn	38	Tỉnh Thanh Hóa	38	15754	exact	15754:Xã Thọ Ngọc
15757	Xã Thọ Phú	Huyện Triệu Sơn	38	Tỉnh Thanh Hóa	38	15763	exact	15763:Xã Thọ Phú
15760	Xã Thọ Vực	Huyện Triệu Sơn	38	Tỉnh Thanh Hóa	38		not_found	
15763	Xã Thọ Thế	Huyện Triệu Sơn	38	Tỉnh Thanh Hóa	38	15763	exact	15763:Xã Thọ Phú
15766	Xã Nông Trường	Huyện Triệu Sơn	38	Tỉnh Thanh Hóa	38	15766	exact	15766:Xã An Nông
15769	Xã Bình Sơn	Huyện Triệu Sơn	38	Tỉnh Thanh Hóa	38	15667	exact	15667:Xã Thọ Bình
15772	Thị trấn Thiệu Hóa	Huyện Thiệu Hóa	38	Tỉnh Thanh Hóa	38		split	15835:Xã Thiệu Trung|15796:Xã Thiệu Quang|15772:Xã Thiệu Hóa
15775	Xã Thiệu Ngọc	Huyện Thiệu Hóa	38	Tỉnh Thanh Hóa	38	15778	exact	15778:Xã Thiệu Tiến
15778	Xã Thiệu Vũ	Huyện Thiệu Hóa	38	Tỉnh Thanh Hóa	38	15778	exact	15778:Xã Thiệu Tiến
15781	Xã Thiệu Phúc	Huyện Thiệu Hóa	38	Tỉnh Thanh Hóa	38	15772	exact	15772:Xã Thiệu Hóa
15784	Xã Thiệu Tiến	Huyện Thiệu Hóa	38	Tỉnh Thanh Hóa	38	15778	exact	15778:Xã Thiệu Tiến
15787	Xã Thiệu Công	Huyện Thiệu Hóa	38	Tỉnh Thanh Hóa	38	15772	exact	15772:Xã Thiệu Hóa
15790	Xã Thiệu Phú	Huyện Thiệu Hóa	38	Tỉnh Thanh Hóa	38		not_found	
15793	Xã Thiệu Long	Huyện Thiệu Hóa	38	Tỉnh Thanh Hóa	38		split	15448:Xã Định Hòa|15772:Xã Thiệu Hóa
15796	Xã Thiệu Giang	Huyện Thiệu Hóa	38	Tỉnh Thanh Hóa	38	15796	exact	15796:Xã Thiệu Quang
15799	Xã Thiệu Duy	Huyện Thiệu Hóa	38	Tỉnh Thanh Hóa	38	15796	exact	15796:Xã Thiệu Quang
15802	Xã Thiệu Nguyên	Huyện Thiệu Hóa	38	Tỉnh Thanh Hóa	38	15772	exact	15772:Xã Thiệu Hóa
15805	Xã Thiệu Hợp	Huyện Thiệu Hóa	38	Tỉnh Thanh Hóa	38	15796	exact	15796:Xã Thiệu Quang
15808	Xã Thiệu Thịnh	Huyện Thiệu Hóa	38	Tỉnh Thanh Hóa	38	15796	exact	15796:Xã Thiệu Quang
15811	Xã Thiệu Quang	Huyện Thiệu Hóa	38	Tỉnh Thanh Hóa	38	15796	exact	15796:Xã Thiệu Quang
15814	Xã Thiệu Thành	Huyện Thiệu Hóa	38	Tỉnh Thanh Hóa	38	15778	exact	15778:Xã Thiệu Tiến
15817	Xã Thiệu Toán	Huyện Thiệu Hóa	38	Tỉnh Thanh Hóa	38	15820	exact	15820:Xã Thiệu Toán
15820	Xã Thiệu Chính	Huyện Thiệu Hóa	38	Tỉnh Thanh Hóa	38	15820	exact	15820:Xã Thiệu Toán
15823	Xã Thiệu Hòa	Huyện Thiệu Hóa	38	Tỉnh Thanh Hóa	38	15820	exact	15820:Xã Thiệu Toán
15829	Xã Minh Tâm	Huyện Thiệu Hóa	38	Tỉnh Thanh Hóa	38		not_found	
15832	Xã Thiệu Viên	Huyện Thiệu Hóa	38	Tỉnh Thanh Hóa	38	15835	exact	15835:Xã Thiệu Trung
15835	Xã Thiệu Lý	Huyện Thiệu Hóa	38	Tỉnh Thanh Hóa	38	15835	exact	15835:Xã Thiệu Trung
15838	Xã Thiệu Vận	Huyện Thiệu Hóa	38	Tỉnh Thanh Hóa	38		split	15853:Phường Đông Tiến|15835:Xã Thiệu Trung
15841	Xã Thiệu Trung	Huyện Thiệu Hóa	38	Tỉnh Thanh Hóa	38	15835	exact	15835:Xã Thiệu Trung
15847	Xã Tân Châu	Huyện Thiệu Hóa	38	Tỉnh Thanh Hóa	38	15853	exact	15853:Phường Đông Tiến
15850	Xã Thiệu Vân	Thành phố Thanh Hóa	38	Tỉnh Thanh Hóa	38		split	15853:Phường Đông Tiến|15835:Xã Thiệu Trung
15853	Xã Thiệu Giao	Huyện Thiệu Hóa	38	Tỉnh Thanh Hóa	38	15853	exact	15853:Phường Đông Tiến
15856	Phường Thiệu Khánh	Thành phố Thanh Hóa	38	Tỉnh Thanh Hóa	38	15853	exact	15853:Phường Đông Tiến
15859	Phường Thiệu Dương	Thành phố Thanh Hóa	38	Tỉnh Thanh Hóa	38	14758	exact	14758:Phường Hàm Rồng
15865	Thị trấn Bút Sơn	Huyện Hoằng Hóa	38	Tỉnh Thanh Hóa	38	15865	exact	15865:Xã Hoằng Hóa
15871	Xã Hoằng Giang	Huyện Hoằng Hóa	38	Tỉnh Thanh Hóa	38		split	15880:Xã Hoằng Giang|16297:Xã Trung Chính
15877	Xã Hoằng Xuân	Huyện Hoằng Hóa	38	Tỉnh Thanh Hóa	38	15880	exact	15880:Xã Hoằng Giang
15880	Xã Hoằng Phượng	Huyện Hoằng Hóa	38	Tỉnh Thanh Hóa	38		not_found	
15883	Xã Hoằng Phú	Huyện Hoằng Hóa	38	Tỉnh Thanh Hóa	38		split	16000:Xã Hoằng Thanh|15889:Xã Hoằng Phú
15886	Xã Hoằng Quỳ	Huyện Hoằng Hóa	38	Tỉnh Thanh Hóa	38		split	15880:Xã Hoằng Giang|15889:Xã Hoằng Phú
15889	Xã Hoằng Kim	Huyện Hoằng Hóa	38	Tỉnh Thanh Hóa	38	15889	exact	15889:Xã Hoằng Phú
15892	Xã Hoằng Trung	Huyện Hoằng Hóa	38	Tỉnh Thanh Hóa	38	15889	exact	15889:Xã Hoằng Phú
15895	Xã Hoằng Trinh	Huyện Hoằng Hóa	38	Tỉnh Thanh Hóa	38	15910	exact	15910:Xã Hoằng Sơn
15901	Xã Hoằng Sơn	Huyện Hoằng Hóa	38	Tỉnh Thanh Hóa	38		split	16297:Xã Trung Chính|15910:Xã Hoằng Sơn
15907	Xã Hoằng Cát	Huyện Hoằng Hóa	38	Tỉnh Thanh Hóa	38	15910	exact	15910:Xã Hoằng Sơn
15910	Xã Hoằng Xuyên	Huyện Hoằng Hóa	38	Tỉnh Thanh Hóa	38	15910	exact	15910:Xã Hoằng Sơn
15913	Phường Tào Xuyên	Thành phố Thanh Hóa	38	Tỉnh Thanh Hóa	38	15925	exact	15925:Phường Nguyệt Viên
15916	Xã Hoằng Quý	Huyện Hoằng Hóa	38	Tỉnh Thanh Hóa	38		split	15880:Xã Hoằng Giang|15889:Xã Hoằng Phú
15919	Xã Hoằng Hợp	Huyện Hoằng Hóa	38	Tỉnh Thanh Hóa	38	15880	exact	15880:Xã Hoằng Giang
15922	Phường Long Anh	Thành phố Thanh Hóa	38	Tỉnh Thanh Hóa	38	15925	exact	15925:Phường Nguyệt Viên
15925	Xã Hoằng Quang	Thành phố Thanh Hóa	38	Tỉnh Thanh Hóa	38		not_found	
15928	Xã Hoằng Đức	Huyện Hoằng Hóa	38	Tỉnh Thanh Hóa	38	15865	exact	15865:Xã Hoằng Hóa
15937	Xã Hoằng Hà	Huyện Hoằng Hóa	38	Tỉnh Thanh Hóa	38	15865	exact	15865:Xã Hoằng Hóa
15940	Xã Hoằng Đạt	Huyện Hoằng Hóa	38	Tỉnh Thanh Hóa	38	15865	exact	15865:Xã Hoằng Hóa
15946	Xã Hoằng Đạo	Huyện Hoằng Hóa	38	Tỉnh Thanh Hóa	38	15865	exact	15865:Xã Hoằng Hóa
15949	Xã Hoằng Thắng	Huyện Hoằng Hóa	38	Tỉnh Thanh Hóa	38	15976	exact	15976:Xã Hoằng Châu
15952	Xã Hoằng Đồng	Huyện Hoằng Hóa	38	Tỉnh Thanh Hóa	38		split	15865:Xã Hoằng Hóa|16000:Xã Hoằng Thanh
15955	Xã Hoằng Thái	Huyện Hoằng Hóa	38	Tỉnh Thanh Hóa	38	15961	exact	15961:Xã Hoằng Lộc
15958	Xã Hoằng Thịnh	Huyện Hoằng Hóa	38	Tỉnh Thanh Hóa	38	15961	exact	15961:Xã Hoằng Lộc
15961	Xã Hoằng Thành	Huyện Hoằng Hóa	38	Tỉnh Thanh Hóa	38		split	15961:Xã Hoằng Lộc|16000:Xã Hoằng Thanh
15964	Xã Hoằng Lộc	Huyện Hoằng Hóa	38	Tỉnh Thanh Hóa	38	15961	exact	15961:Xã Hoằng Lộc
15967	Xã Hoằng Trạch	Huyện Hoằng Hóa	38	Tỉnh Thanh Hóa	38	15961	exact	15961:Xã Hoằng Lộc
15970	Xã Hoằng Đại	Thành phố Thanh Hóa	38	Tỉnh Thanh Hóa	38		not_found	
15973	Xã Hoằng Phong	Huyện Hoằng Hóa	38	Tỉnh Thanh Hóa	38	15976	exact	15976:Xã Hoằng Châu
15976	Xã Hoằng Lưu	Huyện Hoằng Hóa	38	Tỉnh Thanh Hóa	38	15976	exact	15976:Xã Hoằng Châu
15979	Xã Hoằng Châu	Huyện Hoằng Hóa	38	Tỉnh Thanh Hóa	38	15976	exact	15976:Xã Hoằng Châu
15982	Xã Hoằng Tân	Huyện Hoằng Hóa	38	Tỉnh Thanh Hóa	38	15961	exact	15961:Xã Hoằng Lộc
15985	Xã Hoằng Yến	Huyện Hoằng Hóa	38	Tỉnh Thanh Hóa	38	15991	exact	15991:Xã Hoằng Tiến
15988	Xã Hoằng Tiến	Huyện Hoằng Hóa	38	Tỉnh Thanh Hóa	38	15991	exact	15991:Xã Hoằng Tiến
15991	Xã Hoằng Hải	Huyện Hoằng Hóa	38	Tỉnh Thanh Hóa	38	15991	exact	15991:Xã Hoằng Tiến
15994	Xã Hoằng Ngọc	Huyện Hoằng Hóa	38	Tỉnh Thanh Hóa	38	16000	exact	16000:Xã Hoằng Thanh
15997	Xã Hoằng Đông	Huyện Hoằng Hóa	38	Tỉnh Thanh Hóa	38		split	15865:Xã Hoằng Hóa|16000:Xã Hoằng Thanh
16000	Xã Hoằng Thanh	Huyện Hoằng Hóa	38	Tỉnh Thanh Hóa	38		split	15961:Xã Hoằng Lộc|16000:Xã Hoằng Thanh
16003	Xã Hoằng Phụ	Huyện Hoằng Hóa	38	Tỉnh Thanh Hóa	38		split	16000:Xã Hoằng Thanh|15889:Xã Hoằng Phú
16006	Xã Hoằng Trường	Huyện Hoằng Hóa	38	Tỉnh Thanh Hóa	38	15991	exact	15991:Xã Hoằng Tiến
16012	Thị trấn Hậu Lộc	Huyện Hậu Lộc	38	Tỉnh Thanh Hóa	38	16012	exact	16012:Xã Hậu Lộc
16015	Xã Đồng Lộc	Huyện Hậu Lộc	38	Tỉnh Thanh Hóa	38	16033	exact	16033:Xã Đông Thành
16018	Xã Đại Lộc	Huyện Hậu Lộc	38	Tỉnh Thanh Hóa	38	16021	exact	16021:Xã Triệu Lộc
16021	Xã Triệu Lộc	Huyện Hậu Lộc	38	Tỉnh Thanh Hóa	38	16021	exact	16021:Xã Triệu Lộc
16027	Xã Tiến Lộc	Huyện Hậu Lộc	38	Tỉnh Thanh Hóa	38	16021	exact	16021:Xã Triệu Lộc
16030	Xã Lộc Sơn	Huyện Hậu Lộc	38	Tỉnh Thanh Hóa	38	16012	exact	16012:Xã Hậu Lộc
16033	Xã Cầu Lộc	Huyện Hậu Lộc	38	Tỉnh Thanh Hóa	38	16033	exact	16033:Xã Đông Thành
16036	Xã Thành Lộc	Huyện Hậu Lộc	38	Tỉnh Thanh Hóa	38	16033	exact	16033:Xã Đông Thành
16039	Xã Tuy Lộc	Huyện Hậu Lộc	38	Tỉnh Thanh Hóa	38	16033	exact	16033:Xã Đông Thành
16042	Xã Phong Lộc	Huyện Hậu Lộc	38	Tỉnh Thanh Hóa	38		not_found	
16045	Xã Mỹ Lộc	Huyện Hậu Lộc	38	Tỉnh Thanh Hóa	38	16012	exact	16012:Xã Hậu Lộc
16048	Xã Thuần Lộc	Huyện Hậu Lộc	38	Tỉnh Thanh Hóa	38	16012	exact	16012:Xã Hậu Lộc
16057	Xã Xuân Lộc	Huyện Hậu Lộc	38	Tỉnh Thanh Hóa	38	16072	exact	16072:Xã Hoa Lộc
16063	Xã Hoa Lộc	Huyện Hậu Lộc	38	Tỉnh Thanh Hóa	38	16072	exact	16072:Xã Hoa Lộc
16066	Xã Liên Lộc	Huyện Hậu Lộc	38	Tỉnh Thanh Hóa	38	16072	exact	16072:Xã Hoa Lộc
16069	Xã Quang Lộc	Huyện Hậu Lộc	38	Tỉnh Thanh Hóa	38		split	16543:Xã Quảng Bình|16072:Xã Hoa Lộc
16072	Xã Phú Lộc	Huyện Hậu Lộc	38	Tỉnh Thanh Hóa	38	16072	exact	16072:Xã Hoa Lộc
16075	Xã Hòa Lộc	Huyện Hậu Lộc	38	Tỉnh Thanh Hóa	38	16072	exact	16072:Xã Hoa Lộc
16078	Xã Minh Lộc	Huyện Hậu Lộc	38	Tỉnh Thanh Hóa	38	16078	exact	16078:Xã Vạn Lộc
16081	Xã Hưng Lộc	Huyện Hậu Lộc	38	Tỉnh Thanh Hóa	38	16078	exact	16078:Xã Vạn Lộc
16084	Xã Hải Lộc	Huyện Hậu Lộc	38	Tỉnh Thanh Hóa	38	16078	exact	16078:Xã Vạn Lộc
16087	Xã Đa Lộc	Huyện Hậu Lộc	38	Tỉnh Thanh Hóa	38	16078	exact	16078:Xã Vạn Lộc
16090	Xã Ngư Lộc	Huyện Hậu Lộc	38	Tỉnh Thanh Hóa	38	16078	exact	16078:Xã Vạn Lộc
16093	Thị trấn Nga Sơn	Huyện Nga Sơn	38	Tỉnh Thanh Hóa	38	16093	exact	16093:Xã Nga Sơn
16096	Xã Ba Đình	Huyện Nga Sơn	38	Tỉnh Thanh Hóa	38	16171	exact	16171:Xã Ba Đình
16099	Xã Nga Vịnh	Huyện Nga Sơn	38	Tỉnh Thanh Hóa	38	16171	exact	16171:Xã Ba Đình
16102	Xã Nga Văn	Huyện Nga Sơn	38	Tỉnh Thanh Hóa	38	16114	exact	16114:Xã Nga Thắng
16105	Xã Nga Thiện	Huyện Nga Sơn	38	Tỉnh Thanh Hóa	38	16171	exact	16171:Xã Ba Đình
16108	Xã Nga Tiến	Huyện Nga Sơn	38	Tỉnh Thanh Hóa	38	16108	exact	16108:Xã Tân Tiến
16114	Xã Nga Phượng	Huyện Nga Sơn	38	Tỉnh Thanh Hóa	38	16114	exact	16114:Xã Nga Thắng
16117	Xã Nga Trung	Huyện Nga Sơn	38	Tỉnh Thanh Hóa	38		not_found	
16120	Xã Nga Bạch	Huyện Nga Sơn	38	Tỉnh Thanh Hóa	38		not_found	
16123	Xã Nga Thanh	Huyện Nga Sơn	38	Tỉnh Thanh Hóa	38		split	16138:Xã Hồ Vương|16093:Xã Nga Sơn
16132	Xã Nga Yên	Huyện Nga Sơn	38	Tỉnh Thanh Hóa	38	16093	exact	16093:Xã Nga Sơn
16135	Xã Nga Giáp	Huyện Nga Sơn	38	Tỉnh Thanh Hóa	38	16138	exact	16138:Xã Hồ Vương
16138	Xã Nga Hải	Huyện Nga Sơn	38	Tỉnh Thanh Hóa	38	16138	exact	16138:Xã Hồ Vương
16141	Xã Nga Thành	Huyện Nga Sơn	38	Tỉnh Thanh Hóa	38		split	16138:Xã Hồ Vương|16093:Xã Nga Sơn
16144	Xã Nga An	Huyện Nga Sơn	38	Tỉnh Thanh Hóa	38	16144	exact	16144:Xã Nga An
16147	Xã Nga Phú	Huyện Nga Sơn	38	Tỉnh Thanh Hóa	38	16144	exact	16144:Xã Nga An
16150	Xã Nga Điền	Huyện Nga Sơn	38	Tỉnh Thanh Hóa	38	16144	exact	16144:Xã Nga An
16153	Xã Nga Tân	Huyện Nga Sơn	38	Tỉnh Thanh Hóa	38	16108	exact	16108:Xã Tân Tiến
16156	Xã Nga Thủy	Huyện Nga Sơn	38	Tỉnh Thanh Hóa	38	16093	exact	16093:Xã Nga Sơn
16159	Xã Nga Liên	Huyện Nga Sơn	38	Tỉnh Thanh Hóa	38	16138	exact	16138:Xã Hồ Vương
16162	Xã Nga Thái	Huyện Nga Sơn	38	Tỉnh Thanh Hóa	38	16108	exact	16108:Xã Tân Tiến
16165	Xã Nga Thạch	Huyện Nga Sơn	38	Tỉnh Thanh Hóa	38	16114	exact	16114:Xã Nga Thắng
16168	Xã Nga Thắng	Huyện Nga Sơn	38	Tỉnh Thanh Hóa	38	16114	exact	16114:Xã Nga Thắng
16171	Xã Nga Trường	Huyện Nga Sơn	38	Tỉnh Thanh Hóa	38	16171	exact	16171:Xã Ba Đình
16174	Thị trấn Yên Cát	Huyện Như Xuân	38	Tỉnh Thanh Hóa	38	16174	exact	16174:Xã Như Xuân
16177	Xã Bãi Trành	Huyện Như Xuân	38	Tỉnh Thanh Hóa	38	16177	exact	16177:Xã Xuân Bình
16180	Xã Xuân Hòa	Huyện Như Xuân	38	Tỉnh Thanh Hóa	38	16177	exact	16177:Xã Xuân Bình
16183	Xã Xuân Bình	Huyện Như Xuân	38	Tỉnh Thanh Hóa	38	16177	exact	16177:Xã Xuân Bình
16186	Xã Hóa Quỳ	Huyện Như Xuân	38	Tỉnh Thanh Hóa	38	16186	exact	16186:Xã Hóa Quỳ
16195	Xã Cát Vân	Huyện Như Xuân	38	Tỉnh Thanh Hóa	38	16225	exact	16225:Xã Thượng Ninh
16198	Xã Cát Tân	Huyện Như Xuân	38	Tỉnh Thanh Hóa	38	16225	exact	16225:Xã Thượng Ninh
16201	Xã Tân Bình	Huyện Như Xuân	38	Tỉnh Thanh Hóa	38	16174	exact	16174:Xã Như Xuân
16204	Xã Bình Lương	Huyện Như Xuân	38	Tỉnh Thanh Hóa	38	16186	exact	16186:Xã Hóa Quỳ
16207	Xã Thanh Quân	Huyện Như Xuân	38	Tỉnh Thanh Hóa	38	16222	exact	16222:Xã Thanh Quân
16210	Xã Thanh Xuân	Huyện Như Xuân	38	Tỉnh Thanh Hóa	38	16222	exact	16222:Xã Thanh Quân
16213	Xã Thanh Hòa	Huyện Như Xuân	38	Tỉnh Thanh Hóa	38	16213	exact	16213:Xã Thanh Phong
16216	Xã Thanh Phong	Huyện Như Xuân	38	Tỉnh Thanh Hóa	38	16213	exact	16213:Xã Thanh Phong
16219	Xã Thanh Lâm	Huyện Như Xuân	38	Tỉnh Thanh Hóa	38		split	14956:Xã Pù Luông|16213:Xã Thanh Phong
16222	Xã Thanh Sơn	Huyện Như Xuân	38	Tỉnh Thanh Hóa	38	16222	exact	16222:Xã Thanh Quân
16225	Xã Thượng Ninh	Huyện Như Xuân	38	Tỉnh Thanh Hóa	38	16225	exact	16225:Xã Thượng Ninh
16228	Thị trấn Bến Sung	Huyện Như Thanh	38	Tỉnh Thanh Hóa	38	16228	exact	16228:Xã Như Thanh
16231	Xã Cán Khê	Huyện Như Thanh	38	Tỉnh Thanh Hóa	38	16234	exact	16234:Xã Xuân Du
16234	Xã Xuân Du	Huyện Như Thanh	38	Tỉnh Thanh Hóa	38	16234	exact	16234:Xã Xuân Du
16240	Xã Phượng Nghi	Huyện Như Thanh	38	Tỉnh Thanh Hóa	38	16234	exact	16234:Xã Xuân Du
16243	Xã Mậu Lâm	Huyện Như Thanh	38	Tỉnh Thanh Hóa	38	16249	exact	16249:Xã Mậu Lâm
16246	Xã Xuân Khang	Huyện Như Thanh	38	Tỉnh Thanh Hóa	38	16228	exact	16228:Xã Như Thanh
16249	Xã Phú Nhuận	Huyện Như Thanh	38	Tỉnh Thanh Hóa	38	16249	exact	16249:Xã Mậu Lâm
16252	Xã Hải Long	Huyện Như Thanh	38	Tỉnh Thanh Hóa	38	16228	exact	16228:Xã Như Thanh
16258	Xã Xuân Thái	Huyện Như Thanh	38	Tỉnh Thanh Hóa	38	16258	exact	16258:Xã Xuân Thái
16261	Xã Xuân Phúc	Huyện Như Thanh	38	Tỉnh Thanh Hóa	38	16264	exact	16264:Xã Yên Thọ
16264	Xã Yên Thọ	Huyện Như Thanh	38	Tỉnh Thanh Hóa	38		split	16264:Xã Yên Thọ|16228:Xã Như Thanh
16267	Xã Yên Lạc	Huyện Như Thanh	38	Tỉnh Thanh Hóa	38	16264	exact	16264:Xã Yên Thọ
16273	Xã Thanh Tân	Huyện Như Thanh	38	Tỉnh Thanh Hóa	38		split	16273:Xã Thanh Kỳ|16369:Xã Công Chính|15190:Xã Vân Du
16276	Xã Thanh Kỳ	Huyện Như Thanh	38	Tỉnh Thanh Hóa	38	16273	exact	16273:Xã Thanh Kỳ
16279	Thị trấn Nông Cống	Huyện Nông Cống	38	Tỉnh Thanh Hóa	38	16279	exact	16279:Xã Nông Cống
16282	Xã Tân Phúc	Huyện Nông Cống	38	Tỉnh Thanh Hóa	38	16297	exact	16297:Xã Trung Chính
16285	Xã Tân Thọ	Huyện Nông Cống	38	Tỉnh Thanh Hóa	38	16297	exact	16297:Xã Trung Chính
16288	Xã Hoàng Sơn	Huyện Nông Cống	38	Tỉnh Thanh Hóa	38		split	16297:Xã Trung Chính|15910:Xã Hoằng Sơn
16291	Xã Tân Khang	Huyện Nông Cống	38	Tỉnh Thanh Hóa	38	16297	exact	16297:Xã Trung Chính
16294	Xã Hoàng Giang	Huyện Nông Cống	38	Tỉnh Thanh Hóa	38		split	15880:Xã Hoằng Giang|16297:Xã Trung Chính
16297	Xã Trung Chính	Huyện Nông Cống	38	Tỉnh Thanh Hóa	38	16297	exact	16297:Xã Trung Chính
16303	Xã Trung Thành	Huyện Nông Cống	38	Tỉnh Thanh Hóa	38	16309	exact	16309:Xã Thắng Lợi
16309	Xã Tế Thắng	Huyện Nông Cống	38	Tỉnh Thanh Hóa	38	16309	exact	16309:Xã Thắng Lợi
16315	Xã Tế Lợi	Huyện Nông Cống	38	Tỉnh Thanh Hóa	38	16309	exact	16309:Xã Thắng Lợi
16318	Xã Tế Nông	Huyện Nông Cống	38	Tỉnh Thanh Hóa	38	16309	exact	16309:Xã Thắng Lợi
16321	Xã Minh Nghĩa	Huyện Nông Cống	38	Tỉnh Thanh Hóa	38	16279	exact	16279:Xã Nông Cống
16324	Xã Minh Khôi	Huyện Nông Cống	38	Tỉnh Thanh Hóa	38	16279	exact	16279:Xã Nông Cống
16327	Xã Vạn Hòa	Huyện Nông Cống	38	Tỉnh Thanh Hóa	38	16279	exact	16279:Xã Nông Cống
16330	Xã Trường Trung	Huyện Nông Cống	38	Tỉnh Thanh Hóa	38	16348	exact	16348:Xã Trường Văn
16333	Xã Vạn Thắng	Huyện Nông Cống	38	Tỉnh Thanh Hóa	38	16279	exact	16279:Xã Nông Cống
16336	Xã Trường Giang	Huyện Nông Cống	38	Tỉnh Thanh Hóa	38	16348	exact	16348:Xã Trường Văn
16339	Xã Vạn Thiện	Huyện Nông Cống	38	Tỉnh Thanh Hóa	38	16279	exact	16279:Xã Nông Cống
16342	Xã Thăng Long	Huyện Nông Cống	38	Tỉnh Thanh Hóa	38	16342	exact	16342:Xã Thăng Bình
16345	Xã Trường Minh	Huyện Nông Cống	38	Tỉnh Thanh Hóa	38	16348	exact	16348:Xã Trường Văn
16348	Xã Trường Sơn	Huyện Nông Cống	38	Tỉnh Thanh Hóa	38	16348	exact	16348:Xã Trường Văn
16351	Xã Thăng Bình	Huyện Nông Cống	38	Tỉnh Thanh Hóa	38	16342	exact	16342:Xã Thăng Bình
16354	Xã Công Liêm	Huyện Nông Cống	38	Tỉnh Thanh Hóa	38	16369	exact	16369:Xã Công Chính
16357	Xã Tượng Văn	Huyện Nông Cống	38	Tỉnh Thanh Hóa	38	16363	exact	16363:Xã Tượng Lĩnh
16360	Xã Thăng Thọ	Huyện Nông Cống	38	Tỉnh Thanh Hóa	38	16342	exact	16342:Xã Thăng Bình
16363	Xã Tượng Lĩnh	Huyện Nông Cống	38	Tỉnh Thanh Hóa	38	16363	exact	16363:Xã Tượng Lĩnh
16366	Xã Tượng Sơn	Huyện Nông Cống	38	Tỉnh Thanh Hóa	38	16363	exact	16363:Xã Tượng Lĩnh
16369	Xã Công Chính	Huyện Nông Cống	38	Tỉnh Thanh Hóa	38	16369	exact	16369:Xã Công Chính
16375	Xã Yên Mỹ	Huyện Nông Cống	38	Tỉnh Thanh Hóa	38	16369	exact	16369:Xã Công Chính
16378	Thị trấn Rừng Thông	Huyện Đông Sơn	38	Tỉnh Thanh Hóa	38		not_found	
16381	Xã Đông Hoàng	Huyện Đông Sơn	38	Tỉnh Thanh Hóa	38	16378	exact	16378:Phường Đông Sơn
16384	Xã Đông Ninh	Huyện Đông Sơn	38	Tỉnh Thanh Hóa	38	16378	exact	16378:Phường Đông Sơn
16390	Xã Đông Hòa	Huyện Đông Sơn	38	Tỉnh Thanh Hóa	38	16378	exact	16378:Phường Đông Sơn
16393	Xã Đông Yên	Huyện Đông Sơn	38	Tỉnh Thanh Hóa	38	16417	exact	16417:Phường Đông Quang
16396	Phường Đông Lĩnh	Thành phố Thanh Hóa	38	Tỉnh Thanh Hóa	38	15853	exact	15853:Phường Đông Tiến
16399	Xã Đông Minh	Huyện Đông Sơn	38	Tỉnh Thanh Hóa	38	16378	exact	16378:Phường Đông Sơn
16402	Xã Đông Thanh	Huyện Đông Sơn	38	Tỉnh Thanh Hóa	38	15853	exact	15853:Phường Đông Tiến
16405	Xã Đông Tiến	Huyện Đông Sơn	38	Tỉnh Thanh Hóa	38		split	15724:Xã Đồng Tiến|15853:Phường Đông Tiến
16408	Xã Đông Khê	Huyện Đông Sơn	38	Tỉnh Thanh Hóa	38	16378	exact	16378:Phường Đông Sơn
16414	Xã Đông Thịnh	Huyện Đông Sơn	38	Tỉnh Thanh Hóa	38	15085	exact	15085:Xã Thạch Lập
16417	Xã Đông Văn	Huyện Đông Sơn	38	Tỉnh Thanh Hóa	38	16417	exact	16417:Phường Đông Quang
16420	Xã Đông Phú	Huyện Đông Sơn	38	Tỉnh Thanh Hóa	38	16417	exact	16417:Phường Đông Quang
16423	Xã Đông Nam	Huyện Đông Sơn	38	Tỉnh Thanh Hóa	38	16417	exact	16417:Phường Đông Quang
16426	Xã Đông Quang	Huyện Đông Sơn	38	Tỉnh Thanh Hóa	38	16417	exact	16417:Phường Đông Quang
16429	Xã Đông Vinh	Thành phố Thanh Hóa	38	Tỉnh Thanh Hóa	38	16417	exact	16417:Phường Đông Quang
16432	Phường Đông Tân	Thành phố Thanh Hóa	38	Tỉnh Thanh Hóa	38	16378	exact	16378:Phường Đông Sơn
16435	Phường An Hưng	Thành phố Thanh Hóa	38	Tỉnh Thanh Hóa	38	16417	exact	16417:Phường Đông Quang
16438	Thị trấn Tân Phong	Huyện Quảng Xương	38	Tỉnh Thanh Hóa	38	16438	exact	16438:Xã Lưu Vệ
16441	Phường Quảng Thịnh	Thành phố Thanh Hóa	38	Tỉnh Thanh Hóa	38	16522	exact	16522:Phường Quảng Phú
16447	Xã Quảng Trạch	Huyện Quảng Xương	38	Tỉnh Thanh Hóa	38	16480	exact	16480:Xã Quảng Yên
16453	Xã Quảng Đức	Huyện Quảng Xương	38	Tỉnh Thanh Hóa	38	16438	exact	16438:Xã Lưu Vệ
16456	Xã Quảng Định	Huyện Quảng Xương	38	Tỉnh Thanh Hóa	38	16438	exact	16438:Xã Lưu Vệ
16459	Phường Quảng Đông	Thành phố Thanh Hóa	38	Tỉnh Thanh Hóa	38	16522	exact	16522:Phường Quảng Phú
16462	Xã Quảng Nhân	Huyện Quảng Xương	38	Tỉnh Thanh Hóa	38	16540	exact	16540:Xã Quảng Ninh
16465	Xã Quảng Ninh	Huyện Quảng Xương	38	Tỉnh Thanh Hóa	38	16540	exact	16540:Xã Quảng Ninh
16468	Xã Quảng Bình	Huyện Quảng Xương	38	Tỉnh Thanh Hóa	38	16543	exact	16543:Xã Quảng Bình
16471	Xã Quảng Hợp	Huyện Quảng Xương	38	Tỉnh Thanh Hóa	38	16498	exact	16498:Xã Quảng Ngọc
16474	Xã Quảng Văn	Huyện Quảng Xương	38	Tỉnh Thanh Hóa	38	16498	exact	16498:Xã Quảng Ngọc
16477	Xã Quảng Long	Huyện Quảng Xương	38	Tỉnh Thanh Hóa	38	16480	exact	16480:Xã Quảng Yên
16480	Xã Quảng Yên	Huyện Quảng Xương	38	Tỉnh Thanh Hóa	38	16480	exact	16480:Xã Quảng Yên
16483	Xã Quảng Hòa	Huyện Quảng Xương	38	Tỉnh Thanh Hóa	38	16480	exact	16480:Xã Quảng Yên
16489	Xã Quảng Khê	Huyện Quảng Xương	38	Tỉnh Thanh Hóa	38	16489	exact	16489:Xã Quảng Chính
16492	Xã Quảng Trung	Huyện Quảng Xương	38	Tỉnh Thanh Hóa	38		split	15085:Xã Thạch Lập|14818:Phường Quang Trung|16489:Xã Quảng Chính
16495	Xã Quảng Chính	Huyện Quảng Xương	38	Tỉnh Thanh Hóa	38	16489	exact	16489:Xã Quảng Chính
16498	Xã Quảng Ngọc	Huyện Quảng Xương	38	Tỉnh Thanh Hóa	38	16498	exact	16498:Xã Quảng Ngọc
16501	Xã Quảng Trường	Huyện Quảng Xương	38	Tỉnh Thanh Hóa	38	16489	exact	16489:Xã Quảng Chính
16507	Phường Quảng Cát	Thành phố Thanh Hóa	38	Tỉnh Thanh Hóa	38	16522	exact	16522:Phường Quảng Phú
16510	Xã Quảng Phúc	Huyện Quảng Xương	38	Tỉnh Thanh Hóa	38	16498	exact	16498:Xã Quảng Ngọc
16513	Xã Quảng Minh	Thành phố Sầm Sơn	38	Tỉnh Thanh Hóa	38	16516	exact	16516:Phường Nam Sầm Sơn
16516	Xã Quảng Hùng	Thành phố Sầm Sơn	38	Tỉnh Thanh Hóa	38		not_found	
16519	Xã Quảng Giao	Huyện Quảng Xương	38	Tỉnh Thanh Hóa	38	16516	exact	16516:Phường Nam Sầm Sơn
16522	Phường Quảng Phú	Thành phố Thanh Hóa	38	Tỉnh Thanh Hóa	38	16522	exact	16522:Phường Quảng Phú
16525	Phường Quảng Tâm	Thành phố Thanh Hóa	38	Tỉnh Thanh Hóa	38	16522	exact	16522:Phường Quảng Phú
16528	Phường Quảng Thọ	Thành phố Sầm Sơn	38	Tỉnh Thanh Hóa	38	16531	exact	16531:Phường Sầm Sơn
16531	Phường Quảng Châu	Thành phố Sầm Sơn	38	Tỉnh Thanh Hóa	38	16531	exact	16531:Phường Sầm Sơn
16534	Phường Quảng Vinh	Thành phố Sầm Sơn	38	Tỉnh Thanh Hóa	38	16516	exact	16516:Phường Nam Sầm Sơn
16537	Xã Quảng Đại	Thành phố Sầm Sơn	38	Tỉnh Thanh Hóa	38		not_found	
16540	Xã Quảng Hải	Huyện Quảng Xương	38	Tỉnh Thanh Hóa	38	16540	exact	16540:Xã Quảng Ninh
16543	Xã Quảng Lưu	Huyện Quảng Xương	38	Tỉnh Thanh Hóa	38	16543	exact	16543:Xã Quảng Bình
16546	Xã Quảng Lộc	Huyện Quảng Xương	38	Tỉnh Thanh Hóa	38		split	16543:Xã Quảng Bình|16072:Xã Hoa Lộc
16549	Xã Tiên Trang	Huyện Quảng Xương	38	Tỉnh Thanh Hóa	38	16549	exact	16549:Xã Tiên Trang
16552	Xã Quảng Nham	Huyện Quảng Xương	38	Tỉnh Thanh Hóa	38	16549	exact	16549:Xã Tiên Trang
16555	Xã Quảng Thạch	Huyện Quảng Xương	38	Tỉnh Thanh Hóa	38	16549	exact	16549:Xã Tiên Trang
16558	Xã Quảng Thái	Huyện Quảng Xương	38	Tỉnh Thanh Hóa	38	16543	exact	16543:Xã Quảng Bình
16561	Phường Hải Hòa	Thị xã Nghi Sơn	38	Tỉnh Thanh Hóa	38	16561	exact	16561:Phường Tĩnh Gia
16564	Phường Hải Châu	Thị xã Nghi Sơn	38	Tỉnh Thanh Hóa	38	16576	exact	16576:Phường Ngọc Sơn
16567	Xã Thanh Thủy	Thị xã Nghi Sơn	38	Tỉnh Thanh Hóa	38	16576	exact	16576:Phường Ngọc Sơn
16570	Xã Thanh Sơn	Thị xã Nghi Sơn	38	Tỉnh Thanh Hóa	38	16576	exact	16576:Phường Ngọc Sơn
16576	Phường Hải Ninh	Thị xã Nghi Sơn	38	Tỉnh Thanh Hóa	38	16576	exact	16576:Phường Ngọc Sơn
16579	Xã Anh Sơn	Thị xã Nghi Sơn	38	Tỉnh Thanh Hóa	38	16591	exact	16591:Xã Các Sơn
16582	Xã Ngọc Lĩnh	Thị xã Nghi Sơn	38	Tỉnh Thanh Hóa	38	16594	exact	16594:Phường Tân Dân
16585	Phường Hải An	Thị xã Nghi Sơn	38	Tỉnh Thanh Hóa	38	16594	exact	16594:Phường Tân Dân
16591	Xã Các Sơn	Thị xã Nghi Sơn	38	Tỉnh Thanh Hóa	38	16591	exact	16591:Xã Các Sơn
16594	Phường Tân Dân	Thị xã Nghi Sơn	38	Tỉnh Thanh Hóa	38	16594	exact	16594:Phường Tân Dân
16597	Phường Hải Lĩnh	Thị xã Nghi Sơn	38	Tỉnh Thanh Hóa	38	16597	exact	16597:Phường Hải Lĩnh
16600	Xã Định Hải	Thị xã Nghi Sơn	38	Tỉnh Thanh Hóa	38	16597	exact	16597:Phường Hải Lĩnh
16603	Xã Phú Sơn	Thị xã Nghi Sơn	38	Tỉnh Thanh Hóa	38	16624	exact	16624:Phường Trúc Lâm
16606	Phường Ninh Hải	Thị xã Nghi Sơn	38	Tỉnh Thanh Hóa	38	16597	exact	16597:Phường Hải Lĩnh
16609	Phường Nguyên Bình	Thị xã Nghi Sơn	38	Tỉnh Thanh Hóa	38	16609	exact	16609:Phường Đào Duy Từ
16612	Xã Hải Nhân	Thị xã Nghi Sơn	38	Tỉnh Thanh Hóa	38	16561	exact	16561:Phường Tĩnh Gia
16618	Phường Bình Minh	Thị xã Nghi Sơn	38	Tỉnh Thanh Hóa	38	16561	exact	16561:Phường Tĩnh Gia
16621	Phường Hải Thanh	Thị xã Nghi Sơn	38	Tỉnh Thanh Hóa	38	16561	exact	16561:Phường Tĩnh Gia
16624	Xã Phú Lâm	Thị xã Nghi Sơn	38	Tỉnh Thanh Hóa	38	16624	exact	16624:Phường Trúc Lâm
16627	Phường Xuân Lâm	Thị xã Nghi Sơn	38	Tỉnh Thanh Hóa	38	16609	exact	16609:Phường Đào Duy Từ
16630	Phường Trúc Lâm	Thị xã Nghi Sơn	38	Tỉnh Thanh Hóa	38	16624	exact	16624:Phường Trúc Lâm
16633	Phường Hải Bình	Thị xã Nghi Sơn	38	Tỉnh Thanh Hóa	38	16645	exact	16645:Phường Hải Bình
16636	Xã Tân Trường	Thị xã Nghi Sơn	38	Tỉnh Thanh Hóa	38	16636	exact	16636:Xã Trường Lâm
16639	Xã Tùng Lâm	Thị xã Nghi Sơn	38	Tỉnh Thanh Hóa	38	16624	exact	16624:Phường Trúc Lâm
16642	Phường Tĩnh Hải	Thị xã Nghi Sơn	38	Tỉnh Thanh Hóa	38	16645	exact	16645:Phường Hải Bình
16645	Phường Mai Lâm	Thị xã Nghi Sơn	38	Tỉnh Thanh Hóa	38	16645	exact	16645:Phường Hải Bình
16648	Xã Trường Lâm	Thị xã Nghi Sơn	38	Tỉnh Thanh Hóa	38	16636	exact	16636:Xã Trường Lâm
16651	Xã Hải Yến	Thị xã Nghi Sơn	38	Tỉnh Thanh Hóa	38		not_found	
16654	Phường Hải Thượng	Thị xã Nghi Sơn	38	Tỉnh Thanh Hóa	38	16654	exact	16654:Phường Nghi Sơn
16657	Xã Nghi Sơn	Thị xã Nghi Sơn	38	Tỉnh Thanh Hóa	38	16654	exact	16654:Phường Nghi Sơn
16660	Xã Hải Hà	Thị xã Nghi Sơn	38	Tỉnh Thanh Hóa	38	16654	exact	16654:Phường Nghi Sơn
16663	Phường Đông Vĩnh	Thành phố Vinh	40	Tỉnh Nghệ An	40	16681	exact	16681:Phường Thành Vinh
16666	Phường Hà Huy Tập	Thành phố Vinh	40	Tỉnh Nghệ An	40	16702	exact	16702:Phường Vinh Phú
16669	Phường Lê Lợi	Thành phố Vinh	40	Tỉnh Nghệ An	40	16681	exact	16681:Phường Thành Vinh
16670	Phường Quán Bàu	Thành phố Vinh	40	Tỉnh Nghệ An	40	17920	exact	17920:Phường Vinh Hưng
16672	Phường Hưng Bình	Thành phố Vinh	40	Tỉnh Nghệ An	40	16681	exact	16681:Phường Thành Vinh
16673	Phường Hưng Phúc	Thành phố Vinh	40	Tỉnh Nghệ An	40	16690	exact	16690:Phường Trường Vinh
16675	Phường Hưng Dũng	Thành phố Vinh	40	Tỉnh Nghệ An	40	16690	exact	16690:Phường Trường Vinh
16678	Phường Cửa Nam	Thành phố Vinh	40	Tỉnh Nghệ An	40	16681	exact	16681:Phường Thành Vinh
16681	Phường Quang Trung	Thành phố Vinh	40	Tỉnh Nghệ An	40	16681	exact	16681:Phường Thành Vinh
16684	Phường Đội Cung	Thành phố Vinh	40	Tỉnh Nghệ An	40		not_found	
16687	Phường Lê Mao	Thành phố Vinh	40	Tỉnh Nghệ An	40		not_found	
16690	Phường Trường Thi	Thành phố Vinh	40	Tỉnh Nghệ An	40	16690	exact	16690:Phường Trường Vinh
16693	Phường Bến Thủy	Thành phố Vinh	40	Tỉnh Nghệ An	40	16690	exact	16690:Phường Trường Vinh
16696	Phường Hồng Sơn	Thành phố Vinh	40	Tỉnh Nghệ An	40		not_found	
16699	Phường Trung Đô	Thành phố Vinh	40	Tỉnh Nghệ An	40	16690	exact	16690:Phường Trường Vinh
16702	Xã Nghi Phú	Thành phố Vinh	40	Tỉnh Nghệ An	40		not_found	
16705	Xã Hưng Đông	Thành phố Vinh	40	Tỉnh Nghệ An	40		not_found	
16708	Xã Hưng Lộc	Thành phố Vinh	40	Tỉnh Nghệ An	40		not_found	
16711	Xã Hưng Hòa	Thành phố Vinh	40	Tỉnh Nghệ An	40	16690	exact	16690:Phường Trường Vinh
16714	Phường Vinh Tân	Thành phố Vinh	40	Tỉnh Nghệ An	40	16690	exact	16690:Phường Trường Vinh
16717	Phường Nghi Thuỷ	Thị xã Cửa Lò	40	Tỉnh Nghệ An	40	16732	exact	16732:Phường Cửa Lò
16720	Phường Nghi Tân	Thị xã Cửa Lò	40	Tỉnh Nghệ An	40	16732	exact	16732:Phường Cửa Lò
16723	Phường Thu Thuỷ	Thị xã Cửa Lò	40	Tỉnh Nghệ An	40		not_found	
16726	Phường Nghi Hòa	Thị xã Cửa Lò	40	Tỉnh Nghệ An	40	16732	exact	16732:Phường Cửa Lò
16729	Phường Nghi Hải	Thị xã Cửa Lò	40	Tỉnh Nghệ An	40	16732	exact	16732:Phường Cửa Lò
16732	Phường Nghi Hương	Thị xã Cửa Lò	40	Tỉnh Nghệ An	40	16732	exact	16732:Phường Cửa Lò
16735	Phường Nghi Thu	Thị xã Cửa Lò	40	Tỉnh Nghệ An	40	16732	exact	16732:Phường Cửa Lò
16738	Thị trấn Kim Sơn	Huyện Quế Phong	40	Tỉnh Nghệ An	40	16738	exact	16738:Xã Quế Phong
16741	Xã Thông Thụ	Huyện Quế Phong	40	Tỉnh Nghệ An	40	16744	exact	16744:Xã Thông Thụ
16744	Xã Đồng Văn	Huyện Quế Phong	40	Tỉnh Nghệ An	40	16744	exact	16744:Xã Thông Thụ
16747	Xã Hạnh Dịch	Huyện Quế Phong	40	Tỉnh Nghệ An	40	16750	exact	16750:Xã Tiền Phong
16750	Xã Tiền Phong	Huyện Quế Phong	40	Tỉnh Nghệ An	40	16750	exact	16750:Xã Tiền Phong
16753	Xã Nậm Giải	Huyện Quế Phong	40	Tỉnh Nghệ An	40	16738	exact	16738:Xã Quế Phong
16756	Xã Tri Lễ	Huyện Quế Phong	40	Tỉnh Nghệ An	40	16756	exact	16756:Xã Tri Lễ
16759	Xã Châu Kim	Huyện Quế Phong	40	Tỉnh Nghệ An	40	16738	exact	16738:Xã Quế Phong
16763	Xã Mường Nọc	Huyện Quế Phong	40	Tỉnh Nghệ An	40	16738	exact	16738:Xã Quế Phong
16765	Xã Châu Thôn	Huyện Quế Phong	40	Tỉnh Nghệ An	40	16774	exact	16774:Xã Mường Quàng
16768	Xã Nậm Nhoóng	Huyện Quế Phong	40	Tỉnh Nghệ An	40	16756	exact	16756:Xã Tri Lễ
16771	Xã Quang Phong	Huyện Quế Phong	40	Tỉnh Nghệ An	40	16774	exact	16774:Xã Mường Quàng
16774	Xã Căm Muộn	Huyện Quế Phong	40	Tỉnh Nghệ An	40	16774	exact	16774:Xã Mường Quàng
16777	Thị trấn Tân Lạc	Huyện Quỳ Châu	40	Tỉnh Nghệ An	40	16777	exact	16777:Xã Quỳ Châu
16780	Xã Châu Bính	Huyện Quỳ Châu	40	Tỉnh Nghệ An	40	16792	exact	16792:Xã Châu Tiến
16783	Xã Châu Thuận	Huyện Quỳ Châu	40	Tỉnh Nghệ An	40	16792	exact	16792:Xã Châu Tiến
16786	Xã Châu Hội	Huyện Quỳ Châu	40	Tỉnh Nghệ An	40	16777	exact	16777:Xã Quỳ Châu
16789	Xã Châu Nga	Huyện Quỳ Châu	40	Tỉnh Nghệ An	40	16777	exact	16777:Xã Quỳ Châu
16792	Xã Châu Tiến	Huyện Quỳ Châu	40	Tỉnh Nghệ An	40	16792	exact	16792:Xã Châu Tiến
16795	Xã Châu Hạnh	Huyện Quỳ Châu	40	Tỉnh Nghệ An	40	16777	exact	16777:Xã Quỳ Châu
16798	Xã Châu Thắng	Huyện Quỳ Châu	40	Tỉnh Nghệ An	40	16792	exact	16792:Xã Châu Tiến
16801	Xã Châu Phong	Huyện Quỳ Châu	40	Tỉnh Nghệ An	40	16801	exact	16801:Xã Hùng Chân
16804	Xã Châu Bình	Huyện Quỳ Châu	40	Tỉnh Nghệ An	40	16792	exact	16792:Xã Châu Tiến
16807	Xã Châu Hoàn	Huyện Quỳ Châu	40	Tỉnh Nghệ An	40	16801	exact	16801:Xã Hùng Chân
16810	Xã Diên Lãm	Huyện Quỳ Châu	40	Tỉnh Nghệ An	40		split	17395:Xã Hùng Châu|16801:Xã Hùng Chân
16813	Thị trấn Mường Xén	Huyện Kỳ Sơn	40	Tỉnh Nghệ An	40	16813	exact	16813:Xã Mường Xén
16816	Xã Mỹ Lý	Huyện Kỳ Sơn	40	Tỉnh Nghệ An	40	16816	exact	16816:Xã Mỹ Lý
16819	Xã Bắc Lý	Huyện Kỳ Sơn	40	Tỉnh Nghệ An	40	16819	exact	16819:Xã Bắc Lý
16822	Xã Keng Đu	Huyện Kỳ Sơn	40	Tỉnh Nghệ An	40	16822	exact	16822:Xã Keng Đu
16825	Xã Đoọc Mạy	Huyện Kỳ Sơn	40	Tỉnh Nghệ An	40	16834	exact	16834:Xã Na Loi
16828	Xã Huồi Tụ	Huyện Kỳ Sơn	40	Tỉnh Nghệ An	40	16828	exact	16828:Xã Huồi Tụ
16831	Xã Mường Lống	Huyện Kỳ Sơn	40	Tỉnh Nghệ An	40	16831	exact	16831:Xã Mường Lống
16834	Xã Na Loi	Huyện Kỳ Sơn	40	Tỉnh Nghệ An	40	16834	exact	16834:Xã Na Loi
16837	Xã Nậm Cắn	Huyện Kỳ Sơn	40	Tỉnh Nghệ An	40		split	16870:Xã Na Ngoi|16837:Xã Nậm Cắn
16840	Xã Bảo Nam	Huyện Kỳ Sơn	40	Tỉnh Nghệ An	40	16849	exact	16849:Xã Hữu Kiệm
16843	Xã Phà Đánh	Huyện Kỳ Sơn	40	Tỉnh Nghệ An	40	16837	exact	16837:Xã Nậm Cắn
16846	Xã Bảo Thắng	Huyện Kỳ Sơn	40	Tỉnh Nghệ An	40	16855	exact	16855:Xã Chiêu Lưu
16849	Xã Hữu Lập	Huyện Kỳ Sơn	40	Tỉnh Nghệ An	40	16849	exact	16849:Xã Hữu Kiệm
16852	Xã Tà Cạ	Huyện Kỳ Sơn	40	Tỉnh Nghệ An	40	16813	exact	16813:Xã Mường Xén
16855	Xã Chiêu Lưu	Huyện Kỳ Sơn	40	Tỉnh Nghệ An	40	16855	exact	16855:Xã Chiêu Lưu
16858	Xã Mường Típ	Huyện Kỳ Sơn	40	Tỉnh Nghệ An	40	16858	exact	16858:Xã Mường Típ
16861	Xã Hữu Kiệm	Huyện Kỳ Sơn	40	Tỉnh Nghệ An	40	16849	exact	16849:Xã Hữu Kiệm
16864	Xã Tây Sơn	Huyện Kỳ Sơn	40	Tỉnh Nghệ An	40	16813	exact	16813:Xã Mường Xén
16867	Xã Mường Ải	Huyện Kỳ Sơn	40	Tỉnh Nghệ An	40	16858	exact	16858:Xã Mường Típ
16870	Xã Na Ngoi	Huyện Kỳ Sơn	40	Tỉnh Nghệ An	40	16870	exact	16870:Xã Na Ngoi
16873	Xã Nậm Càn	Huyện Kỳ Sơn	40	Tỉnh Nghệ An	40		split	16870:Xã Na Ngoi|16837:Xã Nậm Cắn
16876	Thị trấn Thạch Giám	Huyện Tương Dương	40	Tỉnh Nghệ An	40	16876	exact	16876:Xã Tương Dương
16879	Xã Mai Sơn	Huyện Tương Dương	40	Tỉnh Nghệ An	40	16882	exact	16882:Xã Nhôn Mai
16882	Xã Nhôn Mai	Huyện Tương Dương	40	Tỉnh Nghệ An	40	16882	exact	16882:Xã Nhôn Mai
16885	Xã Hữu Khuông	Huyện Tương Dương	40	Tỉnh Nghệ An	40	16885	exact	16885:Xã Hữu Khuông
16900	Xã Yên Tĩnh	Huyện Tương Dương	40	Tỉnh Nghệ An	40	16912	exact	16912:Xã Yên Na
16903	Xã Nga My	Huyện Tương Dương	40	Tỉnh Nghệ An	40	16903	exact	16903:Xã Nga My
16904	Xã Xiêng My	Huyện Tương Dương	40	Tỉnh Nghệ An	40	16903	exact	16903:Xã Nga My
16906	Xã Lưỡng Minh	Huyện Tương Dương	40	Tỉnh Nghệ An	40	16906	exact	16906:Xã Lượng Minh
16909	Xã Yên Hòa	Huyện Tương Dương	40	Tỉnh Nghệ An	40	16909	exact	16909:Xã Yên Hòa
16912	Xã Yên Na	Huyện Tương Dương	40	Tỉnh Nghệ An	40	16912	exact	16912:Xã Yên Na
16915	Xã Lưu Kiền	Huyện Tương Dương	40	Tỉnh Nghệ An	40	16876	exact	16876:Xã Tương Dương
16921	Xã Xá Lượng	Huyện Tương Dương	40	Tỉnh Nghệ An	40	16876	exact	16876:Xã Tương Dương
16924	Xã Tam Thái	Huyện Tương Dương	40	Tỉnh Nghệ An	40	16936	exact	16936:Xã Tam Thái
16927	Xã Tam Đình	Huyện Tương Dương	40	Tỉnh Nghệ An	40		split	17344:Xã Nhân Hòa|16933:Xã Tam Quang
16930	Xã Yên Thắng	Huyện Tương Dương	40	Tỉnh Nghệ An	40	16909	exact	16909:Xã Yên Hòa
16933	Xã Tam Quang	Huyện Tương Dương	40	Tỉnh Nghệ An	40	16933	exact	16933:Xã Tam Quang
16936	Xã Tam Hợp	Huyện Tương Dương	40	Tỉnh Nghệ An	40	16936	exact	16936:Xã Tam Thái
16939	Phường Hoà Hiếu	Thị xã Thái Hoà	40	Tỉnh Nghệ An	40	16939	exact	16939:Phường Thái Hòa
16941	Thị trấn Nghĩa Đàn	Huyện Nghĩa Đàn	40	Tỉnh Nghệ An	40	16941	exact	16941:Xã Nghĩa Đàn
16942	Xã Nghĩa Mai	Huyện Nghĩa Đàn	40	Tỉnh Nghệ An	40	16975	exact	16975:Xã Nghĩa Mai
16945	Xã Nghĩa Yên	Huyện Nghĩa Đàn	40	Tỉnh Nghệ An	40	16951	exact	16951:Xã Nghĩa Lâm
16948	Xã Nghĩa Lạc	Huyện Nghĩa Đàn	40	Tỉnh Nghệ An	40	16951	exact	16951:Xã Nghĩa Lâm
16951	Xã Nghĩa Lâm	Huyện Nghĩa Đàn	40	Tỉnh Nghệ An	40	16951	exact	16951:Xã Nghĩa Lâm
16954	Xã Nghĩa Sơn	Huyện Nghĩa Đàn	40	Tỉnh Nghệ An	40	16951	exact	16951:Xã Nghĩa Lâm
16957	Xã Nghĩa Lợi	Huyện Nghĩa Đàn	40	Tỉnh Nghệ An	40	16969	exact	16969:Xã Nghĩa Thọ
16960	Xã Nghĩa Bình	Huyện Nghĩa Đàn	40	Tỉnh Nghệ An	40	16941	exact	16941:Xã Nghĩa Đàn
16963	Xã Nghĩa Thọ	Huyện Nghĩa Đàn	40	Tỉnh Nghệ An	40	16969	exact	16969:Xã Nghĩa Thọ
16966	Xã Nghĩa Minh	Huyện Nghĩa Đàn	40	Tỉnh Nghệ An	40	16975	exact	16975:Xã Nghĩa Mai
16969	Xã Nghĩa Phú	Huyện Nghĩa Đàn	40	Tỉnh Nghệ An	40		not_found	
16972	Xã Nghĩa Hưng	Huyện Nghĩa Đàn	40	Tỉnh Nghệ An	40	16972	exact	16972:Xã Nghĩa Hưng
16975	Xã Nghĩa Hồng	Huyện Nghĩa Đàn	40	Tỉnh Nghệ An	40	16975	exact	16975:Xã Nghĩa Mai
16978	Xã Nghĩa Thịnh	Huyện Nghĩa Đàn	40	Tỉnh Nghệ An	40		not_found	
16981	Xã Nghĩa Trung	Huyện Nghĩa Đàn	40	Tỉnh Nghệ An	40	16941	exact	16941:Xã Nghĩa Đàn
16984	Xã Nghĩa Hội	Huyện Nghĩa Đàn	40	Tỉnh Nghệ An	40	16969	exact	16969:Xã Nghĩa Thọ
16987	Xã Nghĩa Thành	Huyện Nghĩa Đàn	40	Tỉnh Nghệ An	40	16972	exact	16972:Xã Nghĩa Hưng
16993	Phường Quang Phong	Thị xã Thái Hoà	40	Tỉnh Nghệ An	40	16939	exact	16939:Phường Thái Hòa
16994	Phường Quang Tiến	Thị xã Thái Hoà	40	Tỉnh Nghệ An	40	17011	exact	17011:Phường Tây Hiếu
16996	Xã Nghĩa Hiếu	Huyện Nghĩa Đàn	40	Tỉnh Nghệ An	40		not_found	
17003	Phường Long Sơn	Thị xã Thái Hoà	40	Tỉnh Nghệ An	40	16939	exact	16939:Phường Thái Hòa
17005	Xã Nghĩa Tiến	Thị xã Thái Hoà	40	Tỉnh Nghệ An	40	17011	exact	17011:Phường Tây Hiếu
17008	Xã Nghĩa Mỹ	Thị xã Thái Hoà	40	Tỉnh Nghệ An	40	17017	exact	17017:Xã Đông Hiếu
17011	Xã Tây Hiếu	Thị xã Thái Hoà	40	Tỉnh Nghệ An	40	17011	exact	17011:Phường Tây Hiếu
17014	Xã Nghĩa Thuận	Thị xã Thái Hoà	40	Tỉnh Nghệ An	40	17017	exact	17017:Xã Đông Hiếu
17017	Xã Đông Hiếu	Thị xã Thái Hoà	40	Tỉnh Nghệ An	40	17017	exact	17017:Xã Đông Hiếu
17020	Xã Nghĩa Đức	Huyện Nghĩa Đàn	40	Tỉnh Nghệ An	40	17032	exact	17032:Xã Nghĩa Khánh
17023	Xã Nghĩa An	Huyện Nghĩa Đàn	40	Tỉnh Nghệ An	40	17032	exact	17032:Xã Nghĩa Khánh
17026	Xã Nghĩa Long	Huyện Nghĩa Đàn	40	Tỉnh Nghệ An	40	17029	exact	17029:Xã Nghĩa Lộc
17029	Xã Nghĩa Lộc	Huyện Nghĩa Đàn	40	Tỉnh Nghệ An	40	17029	exact	17029:Xã Nghĩa Lộc
17032	Xã Nghĩa Khánh	Huyện Nghĩa Đàn	40	Tỉnh Nghệ An	40	17032	exact	17032:Xã Nghĩa Khánh
17035	Thị trấn Quỳ Hợp	Huyện Quỳ Hợp	40	Tỉnh Nghệ An	40	17035	exact	17035:Xã Quỳ Hợp
17038	Xã Yên Hợp	Huyện Quỳ Hợp	40	Tỉnh Nghệ An	40	17059	exact	17059:Xã Tam Hợp
17041	Xã Châu Tiến	Huyện Quỳ Hợp	40	Tỉnh Nghệ An	40	17044	exact	17044:Xã Châu Hồng
17044	Xã Châu Hồng	Huyện Quỳ Hợp	40	Tỉnh Nghệ An	40	17044	exact	17044:Xã Châu Hồng
17047	Xã Đồng Hợp	Huyện Quỳ Hợp	40	Tỉnh Nghệ An	40	17059	exact	17059:Xã Tam Hợp
17050	Xã Châu Thành	Huyện Quỳ Hợp	40	Tỉnh Nghệ An	40	17044	exact	17044:Xã Châu Hồng
17053	Xã Liên Hợp	Huyện Quỳ Hợp	40	Tỉnh Nghệ An	40	17056	exact	17056:Xã Châu Lộc
17056	Xã Châu Lộc	Huyện Quỳ Hợp	40	Tỉnh Nghệ An	40	17056	exact	17056:Xã Châu Lộc
17059	Xã Tam Hợp	Huyện Quỳ Hợp	40	Tỉnh Nghệ An	40	17059	exact	17059:Xã Tam Hợp
17062	Xã Châu Cường	Huyện Quỳ Hợp	40	Tỉnh Nghệ An	40	17077	exact	17077:Xã Mường Ham
17065	Xã Châu Quang	Huyện Quỳ Hợp	40	Tỉnh Nghệ An	40	17035	exact	17035:Xã Quỳ Hợp
17068	Xã Thọ Hợp	Huyện Quỳ Hợp	40	Tỉnh Nghệ An	40	17035	exact	17035:Xã Quỳ Hợp
17071	Xã Minh Hợp	Huyện Quỳ Hợp	40	Tỉnh Nghệ An	40	17071	exact	17071:Xã Minh Hợp
17074	Xã Nghĩa Xuân	Huyện Quỳ Hợp	40	Tỉnh Nghệ An	40	17059	exact	17059:Xã Tam Hợp
17077	Xã Châu Thái	Huyện Quỳ Hợp	40	Tỉnh Nghệ An	40	17077	exact	17077:Xã Mường Ham
17080	Xã Châu Đình	Huyện Quỳ Hợp	40	Tỉnh Nghệ An	40	17035	exact	17035:Xã Quỳ Hợp
17083	Xã Văn Lợi	Huyện Quỳ Hợp	40	Tỉnh Nghệ An	40	17071	exact	17071:Xã Minh Hợp
17086	Xã Nam Sơn	Huyện Quỳ Hợp	40	Tỉnh Nghệ An	40	17089	exact	17089:Xã Mường Chọng
17089	Xã Châu Lý	Huyện Quỳ Hợp	40	Tỉnh Nghệ An	40	17089	exact	17089:Xã Mường Chọng
17092	Xã Hạ Sơn	Huyện Quỳ Hợp	40	Tỉnh Nghệ An	40	17071	exact	17071:Xã Minh Hợp
17095	Xã Bắc Sơn	Huyện Quỳ Hợp	40	Tỉnh Nghệ An	40		split	17089:Xã Mường Chọng|17662:Xã Đô Lương
17098	Thị trấn Cầu Giát	Huyện Quỳnh Lưu	40	Tỉnh Nghệ An	40	17179	exact	17179:Xã Quỳnh Lưu
17101	Xã Quỳnh Thắng	Huyện Quỳnh Lưu	40	Tỉnh Nghệ An	40	17224	exact	17224:Xã Quỳnh Thắng
17104	Xã Quỳnh Vinh	Thị xã Hoàng Mai	40	Tỉnh Nghệ An	40	17110	exact	17110:Phường Hoàng Mai
17107	Xã Quỳnh Lộc	Thị xã Hoàng Mai	40	Tỉnh Nghệ An	40	17128	exact	17128:Phường Tân Mai
17110	Phường Quỳnh Thiện	Thị xã Hoàng Mai	40	Tỉnh Nghệ An	40	17110	exact	17110:Phường Hoàng Mai
17113	Xã Quỳnh Lập	Thị xã Hoàng Mai	40	Tỉnh Nghệ An	40	17128	exact	17128:Phường Tân Mai
17116	Xã Quỳnh Trang	Thị xã Hoàng Mai	40	Tỉnh Nghệ An	40	17110	exact	17110:Phường Hoàng Mai
17119	Xã Quỳnh Tân	Huyện Quỳnh Lưu	40	Tỉnh Nghệ An	40	17143	exact	17143:Xã Quỳnh Văn
17122	Xã Quỳnh Châu	Huyện Quỳnh Lưu	40	Tỉnh Nghệ An	40	17149	exact	17149:Xã Quỳnh Tam
17125	Phường Mai Hùng	Thị xã Hoàng Mai	40	Tỉnh Nghệ An	40	17125	exact	17125:Phường Quỳnh Mai
17128	Phường Quỳnh Dị	Thị xã Hoàng Mai	40	Tỉnh Nghệ An	40	17128	exact	17128:Phường Tân Mai
17131	Phường Quỳnh Xuân	Thị xã Hoàng Mai	40	Tỉnh Nghệ An	40	17125	exact	17125:Phường Quỳnh Mai
17134	Phường Quỳnh Phương	Thị xã Hoàng Mai	40	Tỉnh Nghệ An	40	17125	exact	17125:Phường Quỳnh Mai
17137	Xã Quỳnh Liên	Thị xã Hoàng Mai	40	Tỉnh Nghệ An	40	17125	exact	17125:Phường Quỳnh Mai
17140	Xã Tân Sơn	Huyện Quỳnh Lưu	40	Tỉnh Nghệ An	40	17149	exact	17149:Xã Quỳnh Tam
17143	Xã Quỳnh Văn	Huyện Quỳnh Lưu	40	Tỉnh Nghệ An	40	17143	exact	17143:Xã Quỳnh Văn
17146	Xã Ngọc Sơn	Huyện Quỳnh Lưu	40	Tỉnh Nghệ An	40	17170	exact	17170:Xã Quỳnh Sơn
17149	Xã Quỳnh Tam	Huyện Quỳnh Lưu	40	Tỉnh Nghệ An	40	17149	exact	17149:Xã Quỳnh Tam
17152	Xã Quỳnh Hoa	Huyện Quỳnh Lưu	40	Tỉnh Nghệ An	40		not_found	
17155	Xã Quỳnh Thạch	Huyện Quỳnh Lưu	40	Tỉnh Nghệ An	40	17143	exact	17143:Xã Quỳnh Văn
17158	Xã Quỳnh Bảng	Huyện Quỳnh Lưu	40	Tỉnh Nghệ An	40	17176	exact	17176:Xã Quỳnh Anh
17161	Xã Quỳnh Mỹ	Huyện Quỳnh Lưu	40	Tỉnh Nghệ An	40		not_found	
17164	Xã Quỳnh Thanh	Huyện Quỳnh Lưu	40	Tỉnh Nghệ An	40	17176	exact	17176:Xã Quỳnh Anh
17167	Xã Quỳnh Hậu	Huyện Quỳnh Lưu	40	Tỉnh Nghệ An	40	17179	exact	17179:Xã Quỳnh Lưu
17170	Xã Quỳnh Lâm	Huyện Quỳnh Lưu	40	Tỉnh Nghệ An	40	17170	exact	17170:Xã Quỳnh Sơn
17173	Xã Quỳnh Đôi	Huyện Quỳnh Lưu	40	Tỉnh Nghệ An	40	17176	exact	17176:Xã Quỳnh Anh
17176	Xã Quỳnh Lương	Huyện Quỳnh Lưu	40	Tỉnh Nghệ An	40		not_found	
17179	Xã Quỳnh Hồng	Huyện Quỳnh Lưu	40	Tỉnh Nghệ An	40		not_found	
17182	Xã Quỳnh Yên	Huyện Quỳnh Lưu	40	Tỉnh Nghệ An	40	17176	exact	17176:Xã Quỳnh Anh
17185	Xã Quỳnh Bá	Huyện Quỳnh Lưu	40	Tỉnh Nghệ An	40		not_found	
17188	Xã Quỳnh Minh	Huyện Quỳnh Lưu	40	Tỉnh Nghệ An	40		not_found	
17191	Xã Quỳnh Diễn	Huyện Quỳnh Lưu	40	Tỉnh Nghệ An	40	17179	exact	17179:Xã Quỳnh Lưu
17194	Xã Quỳnh Hưng	Huyện Quỳnh Lưu	40	Tỉnh Nghệ An	40		not_found	
17197	Xã Quỳnh Giang	Huyện Quỳnh Lưu	40	Tỉnh Nghệ An	40	17179	exact	17179:Xã Quỳnh Lưu
17200	Xã Quỳnh Ngọc	Huyện Quỳnh Lưu	40	Tỉnh Nghệ An	40		not_found	
17203	Xã Quỳnh Nghĩa	Huyện Quỳnh Lưu	40	Tỉnh Nghệ An	40		not_found	
17206	Xã An Hòa	Huyện Quỳnh Lưu	40	Tỉnh Nghệ An	40	17212	exact	17212:Xã Quỳnh Phú
17209	Xã Tiến Thủy	Huyện Quỳnh Lưu	40	Tỉnh Nghệ An	40		not_found	
17212	Xã Sơn Hải	Huyện Quỳnh Lưu	40	Tỉnh Nghệ An	40		not_found	
17215	Xã Quỳnh Thọ	Huyện Quỳnh Lưu	40	Tỉnh Nghệ An	40		not_found	
17218	Xã Quỳnh Thuận	Huyện Quỳnh Lưu	40	Tỉnh Nghệ An	40		not_found	
17221	Xã Quỳnh Long	Huyện Quỳnh Lưu	40	Tỉnh Nghệ An	40		not_found	
17224	Xã Tân Thắng	Huyện Quỳnh Lưu	40	Tỉnh Nghệ An	40	17224	exact	17224:Xã Quỳnh Thắng
17227	Thị trấn Con Cuông	Huyện Con Cuông	40	Tỉnh Nghệ An	40		not_found	
17230	Xã Bình Chuẩn	Huyện Con Cuông	40	Tỉnh Nghệ An	40	17230	exact	17230:Xã Bình Chuẩn
17233	Xã Lạng Khê	Huyện Con Cuông	40	Tỉnh Nghệ An	40	17248	exact	17248:Xã Châu Khê
17236	Xã Cam Lâm	Huyện Con Cuông	40	Tỉnh Nghệ An	40	17242	exact	17242:Xã Cam Phục
17239	Xã Thạch Ngàn	Huyện Con Cuông	40	Tỉnh Nghệ An	40	17239	exact	17239:Xã Mậu Thạch
17242	Xã Đôn Phục	Huyện Con Cuông	40	Tỉnh Nghệ An	40	17242	exact	17242:Xã Cam Phục
17245	Xã Mậu Đức	Huyện Con Cuông	40	Tỉnh Nghệ An	40	17239	exact	17239:Xã Mậu Thạch
17248	Xã Châu Khê	Huyện Con Cuông	40	Tỉnh Nghệ An	40	17248	exact	17248:Xã Châu Khê
17251	Xã Chi Khê	Huyện Con Cuông	40	Tỉnh Nghệ An	40	17254	exact	17254:Xã Con Cuông
17254	Xã Bồng Khê	Huyện Con Cuông	40	Tỉnh Nghệ An	40		not_found	
17257	Xã Yên Khê	Huyện Con Cuông	40	Tỉnh Nghệ An	40	17254	exact	17254:Xã Con Cuông
17260	Xã Lục Dạ	Huyện Con Cuông	40	Tỉnh Nghệ An	40	17263	exact	17263:Xã Môn Sơn
17263	Xã Môn Sơn	Huyện Con Cuông	40	Tỉnh Nghệ An	40	17263	exact	17263:Xã Môn Sơn
17266	Thị trấn Tân Kỳ	Huyện Tân Kỳ	40	Tỉnh Nghệ An	40	17266	exact	17266:Xã Tân Kỳ
17269	Xã Tân Hợp	Huyện Tân Kỳ	40	Tỉnh Nghệ An	40	17278	exact	17278:Xã Giai Xuân
17272	Xã Tân Phú	Huyện Tân Kỳ	40	Tỉnh Nghệ An	40	17272	exact	17272:Xã Tân Phú
17275	Xã Tân Xuân	Huyện Tân Kỳ	40	Tỉnh Nghệ An	40	17272	exact	17272:Xã Tân Phú
17278	Xã Giai Xuân	Huyện Tân Kỳ	40	Tỉnh Nghệ An	40	17278	exact	17278:Xã Giai Xuân
17281	Xã Nghĩa Bình	Huyện Tân Kỳ	40	Tỉnh Nghệ An	40	16941	exact	16941:Xã Nghĩa Đàn
17284	Xã Nghĩa Đồng	Huyện Tân Kỳ	40	Tỉnh Nghệ An	40	17284	exact	17284:Xã Nghĩa Đồng
17287	Xã Đồng Văn	Huyện Tân Kỳ	40	Tỉnh Nghệ An	40	17287	exact	17287:Xã Tiên Đồng
17290	Xã Nghĩa Thái	Huyện Tân Kỳ	40	Tỉnh Nghệ An	40	17272	exact	17272:Xã Tân Phú
17293	Xã Nghĩa Hợp	Huyện Tân Kỳ	40	Tỉnh Nghệ An	40		not_found	
17296	Xã Nghĩa Hoàn	Huyện Tân Kỳ	40	Tỉnh Nghệ An	40		not_found	
17299	Xã Nghĩa Phúc	Huyện Tân Kỳ	40	Tỉnh Nghệ An	40	17305	exact	17305:Xã Tân An
17302	Xã Tiên Kỳ	Huyện Tân Kỳ	40	Tỉnh Nghệ An	40	17287	exact	17287:Xã Tiên Đồng
17305	Xã Tân An	Huyện Tân Kỳ	40	Tỉnh Nghệ An	40	17305	exact	17305:Xã Tân An
17308	Xã Nghĩa Dũng	Huyện Tân Kỳ	40	Tỉnh Nghệ An	40	17266	exact	17266:Xã Tân Kỳ
17311	Xã Tân Long	Huyện Tân Kỳ	40	Tỉnh Nghệ An	40		not_found	
17314	Xã Kỳ Sơn	Huyện Tân Kỳ	40	Tỉnh Nghệ An	40	17266	exact	17266:Xã Tân Kỳ
17317	Xã Hương Sơn	Huyện Tân Kỳ	40	Tỉnh Nghệ An	40	17305	exact	17305:Xã Tân An
17320	Xã Kỳ Tân	Huyện Tân Kỳ	40	Tỉnh Nghệ An	40	17266	exact	17266:Xã Tân Kỳ
17323	Xã Phú Sơn	Huyện Tân Kỳ	40	Tỉnh Nghệ An	40	17326	exact	17326:Xã Nghĩa Hành
17325	Xã Tân Hương	Huyện Tân Kỳ	40	Tỉnh Nghệ An	40	17326	exact	17326:Xã Nghĩa Hành
17326	Xã Nghĩa Hành	Huyện Tân Kỳ	40	Tỉnh Nghệ An	40	17326	exact	17326:Xã Nghĩa Hành
17329	Thị trấn Anh Sơn	Huyện Anh Sơn	40	Tỉnh Nghệ An	40		not_found	
17332	Xã Thọ Sơn	Huyện Anh Sơn	40	Tỉnh Nghệ An	40	17335	exact	17335:Xã Thành Bình Thọ
17335	Xã Thành Sơn	Huyện Anh Sơn	40	Tỉnh Nghệ An	40		split	17335:Xã Thành Bình Thọ|17759:Xã Sơn Lâm
17338	Xã Bình Sơn	Huyện Anh Sơn	40	Tỉnh Nghệ An	40	17335	exact	17335:Xã Thành Bình Thọ
17341	Xã Tam Sơn	Huyện Anh Sơn	40	Tỉnh Nghệ An	40		not_found	
17344	Xã Đỉnh Sơn	Huyện Anh Sơn	40	Tỉnh Nghệ An	40		not_found	
17347	Xã Hùng Sơn	Huyện Anh Sơn	40	Tỉnh Nghệ An	40	17344	exact	17344:Xã Nhân Hòa
17350	Xã Cẩm Sơn	Huyện Anh Sơn	40	Tỉnh Nghệ An	40	17344	exact	17344:Xã Nhân Hòa
17353	Xã Đức Sơn	Huyện Anh Sơn	40	Tỉnh Nghệ An	40	17329	exact	17329:Xã Anh Sơn
17356	Xã Tường Sơn	Huyện Anh Sơn	40	Tỉnh Nghệ An	40	17357	exact	17357:Xã Vĩnh Tường
17357	Xã Hoa Sơn	Huyện Anh Sơn	40	Tỉnh Nghệ An	40		split	17677:Xã Văn Hiến|17357:Xã Vĩnh Tường
17359	Xã Tào Sơn	Huyện Anh Sơn	40	Tỉnh Nghệ An	40	17365	exact	17365:Xã Anh Sơn Đông
17362	Xã Vĩnh Sơn	Huyện Anh Sơn	40	Tỉnh Nghệ An	40	17365	exact	17365:Xã Anh Sơn Đông
17365	Xã Lạng Sơn	Huyện Anh Sơn	40	Tỉnh Nghệ An	40	17365	exact	17365:Xã Anh Sơn Đông
17368	Xã Hội Sơn	Huyện Anh Sơn	40	Tỉnh Nghệ An	40	17357	exact	17357:Xã Vĩnh Tường
17371	Xã Thạch Sơn	Huyện Anh Sơn	40	Tỉnh Nghệ An	40		not_found	
17374	Xã Phúc Sơn	Huyện Anh Sơn	40	Tỉnh Nghệ An	40	17329	exact	17329:Xã Anh Sơn
17377	Xã Long Sơn	Huyện Anh Sơn	40	Tỉnh Nghệ An	40	17380	exact	17380:Xã Yên Xuân
17380	Xã Khai Sơn	Huyện Anh Sơn	40	Tỉnh Nghệ An	40	17380	exact	17380:Xã Yên Xuân
17383	Xã Lĩnh Sơn	Huyện Anh Sơn	40	Tỉnh Nghệ An	40	17380	exact	17380:Xã Yên Xuân
17386	Xã Cao Sơn	Huyện Anh Sơn	40	Tỉnh Nghệ An	40	17380	exact	17380:Xã Yên Xuân
17389	Thị trấn Diễn Châu	Huyện Diễn Châu	40	Tỉnh Nghệ An	40		not_found	
17392	Xã Diễn Lâm	Huyện Diễn Châu	40	Tỉnh Nghệ An	40		split	17395:Xã Hùng Châu|16801:Xã Hùng Chân
17395	Xã Diễn Đoài	Huyện Diễn Châu	40	Tỉnh Nghệ An	40	17395	exact	17395:Xã Hùng Châu
17398	Xã Diễn Trường	Huyện Diễn Châu	40	Tỉnh Nghệ An	40	17395	exact	17395:Xã Hùng Châu
17401	Xã Diễn Yên	Huyện Diễn Châu	40	Tỉnh Nghệ An	40	17395	exact	17395:Xã Hùng Châu
17404	Xã Diễn Hoàng	Huyện Diễn Châu	40	Tỉnh Nghệ An	40	17419	exact	17419:Xã Hải Châu
17407	Xã Diễn Hùng	Huyện Diễn Châu	40	Tỉnh Nghệ An	40		not_found	
17410	Xã Diễn Mỹ	Huyện Diễn Châu	40	Tỉnh Nghệ An	40	17419	exact	17419:Xã Hải Châu
17413	Xã Diễn Hồng	Huyện Diễn Châu	40	Tỉnh Nghệ An	40	17416	exact	17416:Xã Đức Châu
17416	Xã Diễn Phong	Huyện Diễn Châu	40	Tỉnh Nghệ An	40	17416	exact	17416:Xã Đức Châu
17419	Xã Diễn Hải	Huyện Diễn Châu	40	Tỉnh Nghệ An	40		not_found	
17422	Xã Diễn Tháp	Huyện Diễn Châu	40	Tỉnh Nghệ An	40		not_found	
17425	Xã Diễn Liên	Huyện Diễn Châu	40	Tỉnh Nghệ An	40	17443	exact	17443:Xã Quảng Châu
17428	Xã Diễn Vạn	Huyện Diễn Châu	40	Tỉnh Nghệ An	40	17416	exact	17416:Xã Đức Châu
17431	Xã Diễn Kim	Huyện Diễn Châu	40	Tỉnh Nghệ An	40	17419	exact	17419:Xã Hải Châu
17434	Xã Diễn Kỷ	Huyện Diễn Châu	40	Tỉnh Nghệ An	40	17416	exact	17416:Xã Đức Châu
17437	Xã Diễn Xuân	Huyện Diễn Châu	40	Tỉnh Nghệ An	40		not_found	
17440	Xã Diễn Thái	Huyện Diễn Châu	40	Tỉnh Nghệ An	40	17443	exact	17443:Xã Quảng Châu
17443	Xã Diễn Đồng	Huyện Diễn Châu	40	Tỉnh Nghệ An	40	17443	exact	17443:Xã Quảng Châu
17446	Xã Diễn Bích	Huyện Diễn Châu	40	Tỉnh Nghệ An	40		not_found	
17449	Xã Diễn Hạnh	Huyện Diễn Châu	40	Tỉnh Nghệ An	40		not_found	
17452	Xã Diễn Ngọc	Huyện Diễn Châu	40	Tỉnh Nghệ An	40		not_found	
17455	Xã Diễn Quảng	Huyện Diễn Châu	40	Tỉnh Nghệ An	40		not_found	
17458	Xã Diễn Nguyên	Huyện Diễn Châu	40	Tỉnh Nghệ An	40	17476	exact	17476:Xã Minh Châu
17461	Xã Diễn Hoa	Huyện Diễn Châu	40	Tỉnh Nghệ An	40		split	17464:Xã Diễn Châu|17827:Xã Nghi Lộc
17464	Xã Diễn Thành	Huyện Diễn Châu	40	Tỉnh Nghệ An	40		not_found	
17467	Xã Diễn Phúc	Huyện Diễn Châu	40	Tỉnh Nghệ An	40	17464	exact	17464:Xã Diễn Châu
17476	Xã Diễn Cát	Huyện Diễn Châu	40	Tỉnh Nghệ An	40	17476	exact	17476:Xã Minh Châu
17479	Xã Diễn Thịnh	Huyện Diễn Châu	40	Tỉnh Nghệ An	40	17479	exact	17479:Xã An Châu
17482	Xã Diễn Tân	Huyện Diễn Châu	40	Tỉnh Nghệ An	40	17479	exact	17479:Xã An Châu
17485	Xã Minh Châu	Huyện Diễn Châu	40	Tỉnh Nghệ An	40	17476	exact	17476:Xã Minh Châu
17488	Xã Diễn Thọ	Huyện Diễn Châu	40	Tỉnh Nghệ An	40	17488	exact	17488:Xã Tân Châu
17491	Xã Diễn Lợi	Huyện Diễn Châu	40	Tỉnh Nghệ An	40	17488	exact	17488:Xã Tân Châu
17494	Xã Diễn Lộc	Huyện Diễn Châu	40	Tỉnh Nghệ An	40	17488	exact	17488:Xã Tân Châu
17497	Xã Diễn Trung	Huyện Diễn Châu	40	Tỉnh Nghệ An	40	17479	exact	17479:Xã An Châu
17500	Xã Diễn An	Huyện Diễn Châu	40	Tỉnh Nghệ An	40	17479	exact	17479:Xã An Châu
17503	Xã Diễn Phú	Huyện Diễn Châu	40	Tỉnh Nghệ An	40	17488	exact	17488:Xã Tân Châu
17506	Thị trấn Yên Thành	Huyện Yên Thành	40	Tỉnh Nghệ An	40		not_found	
17509	Xã Mã Thành	Huyện Yên Thành	40	Tỉnh Nghệ An	40	17515	exact	17515:Xã Bình Minh
17510	Xã Tiến Thành	Huyện Yên Thành	40	Tỉnh Nghệ An	40	17515	exact	17515:Xã Bình Minh
17512	Xã Lăng Thành	Huyện Yên Thành	40	Tỉnh Nghệ An	40	17524	exact	17524:Xã Giai Lạc
17515	Xã Tân Thành	Huyện Yên Thành	40	Tỉnh Nghệ An	40	17515	exact	17515:Xã Bình Minh
17518	Xã Đức Thành	Huyện Yên Thành	40	Tỉnh Nghệ An	40	17515	exact	17515:Xã Bình Minh
17521	Xã Kim Thành	Huyện Yên Thành	40	Tỉnh Nghệ An	40	17521	exact	17521:Xã Quang Đồng
17524	Xã Hậu Thành	Huyện Yên Thành	40	Tỉnh Nghệ An	40	17524	exact	17524:Xã Giai Lạc
17525	Xã Hùng Thành	Huyện Yên Thành	40	Tỉnh Nghệ An	40	18040	exact	18040:Xã Lam Thành
17527	Xã Đô Thành	Huyện Yên Thành	40	Tỉnh Nghệ An	40	17530	exact	17530:Xã Đông Thành
17530	Xã Thọ Thành	Huyện Yên Thành	40	Tỉnh Nghệ An	40	17530	exact	17530:Xã Đông Thành
17533	Xã Quang Thành	Huyện Yên Thành	40	Tỉnh Nghệ An	40	17521	exact	17521:Xã Quang Đồng
17536	Xã Tây Thành	Huyện Yên Thành	40	Tỉnh Nghệ An	40	17560	exact	17560:Xã Vân Du
17539	Xã Phúc Thành	Huyện Yên Thành	40	Tỉnh Nghệ An	40	17524	exact	17524:Xã Giai Lạc
17542	Xã Hồng Thành	Huyện Yên Thành	40	Tỉnh Nghệ An	40		not_found	
17545	Xã Đồng Thành	Huyện Yên Thành	40	Tỉnh Nghệ An	40		split	17521:Xã Quang Đồng|17506:Xã Yên Thành
17548	Xã Phú Thành	Huyện Yên Thành	40	Tỉnh Nghệ An	40	17530	exact	17530:Xã Đông Thành
17551	Xã Hoa Thành	Huyện Yên Thành	40	Tỉnh Nghệ An	40		not_found	
17554	Xã Tăng Thành	Huyện Yên Thành	40	Tỉnh Nghệ An	40	17506	exact	17506:Xã Yên Thành
17557	Xã Văn Thành	Huyện Yên Thành	40	Tỉnh Nghệ An	40	17506	exact	17506:Xã Yên Thành
17560	Xã Thịnh Thành	Huyện Yên Thành	40	Tỉnh Nghệ An	40	17560	exact	17560:Xã Vân Du
17563	Xã Hợp Thành	Huyện Yên Thành	40	Tỉnh Nghệ An	40		not_found	
17566	Xã Xuân Thành	Huyện Yên Thành	40	Tỉnh Nghệ An	40	17569	exact	17569:Xã Quan Thành
17569	Xã Bắc Thành	Huyện Yên Thành	40	Tỉnh Nghệ An	40	17569	exact	17569:Xã Quan Thành
17572	Xã Nhân Thành	Huyện Yên Thành	40	Tỉnh Nghệ An	40		not_found	
17575	Xã Trung Thành	Huyện Yên Thành	40	Tỉnh Nghệ An	40	17569	exact	17569:Xã Quan Thành
17578	Xã Long Thành	Huyện Yên Thành	40	Tỉnh Nghệ An	40	17605	exact	17605:Xã Hợp Minh
17581	Xã Minh Thành	Huyện Yên Thành	40	Tỉnh Nghệ An	40	17560	exact	17560:Xã Vân Du
17584	Xã Nam Thành	Huyện Yên Thành	40	Tỉnh Nghệ An	40		split	17569:Xã Quan Thành|17935:Xã Nam Đàn
17587	Xã Vĩnh Thành	Huyện Yên Thành	40	Tỉnh Nghệ An	40	17605	exact	17605:Xã Hợp Minh
17590	Xã Lý Thành	Huyện Yên Thành	40	Tỉnh Nghệ An	40		not_found	
17593	Xã Khánh Thành	Huyện Yên Thành	40	Tỉnh Nghệ An	40		not_found	
17596	Xã Viên Thành	Huyện Yên Thành	40	Tỉnh Nghệ An	40	17605	exact	17605:Xã Hợp Minh
17599	Xã Đại Thành	Huyện Yên Thành	40	Tỉnh Nghệ An	40		not_found	
17602	Xã Liên Thành	Huyện Yên Thành	40	Tỉnh Nghệ An	40	17611	exact	17611:Xã Vân Tụ
17605	Xã Bảo Thành	Huyện Yên Thành	40	Tỉnh Nghệ An	40	17605	exact	17605:Xã Hợp Minh
17608	Xã Mỹ Thành	Huyện Yên Thành	40	Tỉnh Nghệ An	40	17611	exact	17611:Xã Vân Tụ
17611	Xã Công Thành	Huyện Yên Thành	40	Tỉnh Nghệ An	40		not_found	
17614	Xã Sơn Thành	Huyện Yên Thành	40	Tỉnh Nghệ An	40	17605	exact	17605:Xã Hợp Minh
17617	Thị trấn Đô Lương	Huyện Đô Lương	40	Tỉnh Nghệ An	40	17662	exact	17662:Xã Đô Lương
17619	Xã Giang Sơn Đông	Huyện Đô Lương	40	Tỉnh Nghệ An	40	17623	exact	17623:Xã Bạch Ngọc
17620	Xã Giang Sơn Tây	Huyện Đô Lương	40	Tỉnh Nghệ An	40	17623	exact	17623:Xã Bạch Ngọc
17623	Xã Lam Sơn	Huyện Đô Lương	40	Tỉnh Nghệ An	40		not_found	
17626	Xã Bồi Sơn	Huyện Đô Lương	40	Tỉnh Nghệ An	40	17623	exact	17623:Xã Bạch Ngọc
17629	Xã Hồng Sơn	Huyện Đô Lương	40	Tỉnh Nghệ An	40	17641	exact	17641:Xã Lương Sơn
17632	Xã Bài Sơn	Huyện Đô Lương	40	Tỉnh Nghệ An	40	17641	exact	17641:Xã Lương Sơn
17635	Xã Ngọc Sơn	Huyện Đô Lương	40	Tỉnh Nghệ An	40		split	17779:Xã Xuân Lâm|17170:Xã Quỳnh Sơn
17638	Xã Bắc Sơn	Huyện Đô Lương	40	Tỉnh Nghệ An	40		split	17089:Xã Mường Chọng|17662:Xã Đô Lương
17641	Xã Tràng Sơn	Huyện Đô Lương	40	Tỉnh Nghệ An	40	17641	exact	17641:Xã Lương Sơn
17644	Xã Thượng Sơn	Huyện Đô Lương	40	Tỉnh Nghệ An	40	17677	exact	17677:Xã Văn Hiến
17647	Xã Hòa Sơn	Huyện Đô Lương	40	Tỉnh Nghệ An	40		split	17677:Xã Văn Hiến|17357:Xã Vĩnh Tường
17650	Xã Đặng Sơn	Huyện Đô Lương	40	Tỉnh Nghệ An	40	17662	exact	17662:Xã Đô Lương
17653	Xã Đông Sơn	Huyện Đô Lương	40	Tỉnh Nghệ An	40	17641	exact	17641:Xã Lương Sơn
17656	Xã Nam Sơn	Huyện Đô Lương	40	Tỉnh Nghệ An	40	17662	exact	17662:Xã Đô Lương
17659	Xã Lưu Sơn	Huyện Đô Lương	40	Tỉnh Nghệ An	40	17662	exact	17662:Xã Đô Lương
17662	Xã Yên Sơn	Huyện Đô Lương	40	Tỉnh Nghệ An	40	17662	exact	17662:Xã Đô Lương
17665	Xã Văn Sơn	Huyện Đô Lương	40	Tỉnh Nghệ An	40	17662	exact	17662:Xã Đô Lương
17668	Xã Đà Sơn	Huyện Đô Lương	40	Tỉnh Nghệ An	40	17662	exact	17662:Xã Đô Lương
17671	Xã Lạc Sơn	Huyện Đô Lương	40	Tỉnh Nghệ An	40	17689	exact	17689:Xã Thuần Trung
17674	Xã Tân Sơn	Huyện Đô Lương	40	Tỉnh Nghệ An	40	17677	exact	17677:Xã Văn Hiến
17677	Xã Thái Sơn	Huyện Đô Lương	40	Tỉnh Nghệ An	40	17677	exact	17677:Xã Văn Hiến
17680	Xã Quang Sơn	Huyện Đô Lương	40	Tỉnh Nghệ An	40	17677	exact	17677:Xã Văn Hiến
17683	Xã Thịnh Sơn	Huyện Đô Lương	40	Tỉnh Nghệ An	40	17662	exact	17662:Xã Đô Lương
17686	Xã Trung Sơn	Huyện Đô Lương	40	Tỉnh Nghệ An	40	17689	exact	17689:Xã Thuần Trung
17689	Xã Xuân Sơn	Huyện Đô Lương	40	Tỉnh Nghệ An	40	17689	exact	17689:Xã Thuần Trung
17692	Xã Minh Sơn	Huyện Đô Lương	40	Tỉnh Nghệ An	40	17689	exact	17689:Xã Thuần Trung
17695	Xã Thuận Sơn	Huyện Đô Lương	40	Tỉnh Nghệ An	40	17689	exact	17689:Xã Thuần Trung
17698	Xã Nhân Sơn	Huyện Đô Lương	40	Tỉnh Nghệ An	40	17689	exact	17689:Xã Thuần Trung
17701	Xã Hiến Sơn	Huyện Đô Lương	40	Tỉnh Nghệ An	40	17707	exact	17707:Xã Bạch Hà
17704	Xã Mỹ Sơn	Huyện Đô Lương	40	Tỉnh Nghệ An	40	17707	exact	17707:Xã Bạch Hà
17707	Xã Trù Sơn	Huyện Đô Lương	40	Tỉnh Nghệ An	40	17707	exact	17707:Xã Bạch Hà
17710	Xã Đại Sơn	Huyện Đô Lương	40	Tỉnh Nghệ An	40	17707	exact	17707:Xã Bạch Hà
17713	Thị trấn Thanh Chương	Huyện Thanh Chương	40	Tỉnh Nghệ An	40		not_found	
17716	Xã Cát Văn	Huyện Thanh Chương	40	Tỉnh Nghệ An	40	17728	exact	17728:Xã Cát Ngạn
17719	Xã Thanh Nho	Huyện Thanh Chương	40	Tỉnh Nghệ An	40		not_found	
17722	Xã Hạnh Lâm	Huyện Thanh Chương	40	Tỉnh Nghệ An	40	17722	exact	17722:Xã Hạnh Lâm
17723	Xã Thanh Sơn	Huyện Thanh Chương	40	Tỉnh Nghệ An	40		split	17335:Xã Thành Bình Thọ|17759:Xã Sơn Lâm
17725	Xã Thanh Hòa	Huyện Thanh Chương	40	Tỉnh Nghệ An	40		not_found	
17728	Xã Phong Thịnh	Huyện Thanh Chương	40	Tỉnh Nghệ An	40	17728	exact	17728:Xã Cát Ngạn
17731	Xã Thanh Phong	Huyện Thanh Chương	40	Tỉnh Nghệ An	40	17713	exact	17713:Xã Đại Đồng
17734	Xã Thanh Mỹ	Huyện Thanh Chương	40	Tỉnh Nghệ An	40	17743	exact	17743:Xã Tam Đồng
17737	Xã Thanh Tiên	Huyện Thanh Chương	40	Tỉnh Nghệ An	40	17743	exact	17743:Xã Tam Đồng
17743	Xã Thanh Liên	Huyện Thanh Chương	40	Tỉnh Nghệ An	40	17743	exact	17743:Xã Tam Đồng
17749	Xã Đại Đồng	Huyện Thanh Chương	40	Tỉnh Nghệ An	40	17713	exact	17713:Xã Đại Đồng
17752	Xã Thanh Đồng	Huyện Thanh Chương	40	Tỉnh Nghệ An	40		not_found	
17755	Xã Thanh Ngọc	Huyện Thanh Chương	40	Tỉnh Nghệ An	40	17713	exact	17713:Xã Đại Đồng
17758	Xã Thanh Hương	Huyện Thanh Chương	40	Tỉnh Nghệ An	40	17770	exact	17770:Xã Hoa Quân
17759	Xã Ngọc Lâm	Huyện Thanh Chương	40	Tỉnh Nghệ An	40	17759	exact	17759:Xã Sơn Lâm
17761	Xã Thanh Lĩnh	Huyện Thanh Chương	40	Tỉnh Nghệ An	40		not_found	
17764	Xã Đồng Văn	Huyện Thanh Chương	40	Tỉnh Nghệ An	40	17713	exact	17713:Xã Đại Đồng
17767	Xã Ngọc Sơn	Huyện Thanh Chương	40	Tỉnh Nghệ An	40	17779	exact	17779:Xã Xuân Lâm
17770	Xã Thanh Thịnh	Huyện Thanh Chương	40	Tỉnh Nghệ An	40	17770	exact	17770:Xã Hoa Quân
17773	Xã Thanh An	Huyện Thanh Chương	40	Tỉnh Nghệ An	40	17770	exact	17770:Xã Hoa Quân
17776	Xã Thanh Chi	Huyện Thanh Chương	40	Tỉnh Nghệ An	40		not_found	
17779	Xã Xuân Tường	Huyện Thanh Chương	40	Tỉnh Nghệ An	40		not_found	
17782	Xã Thanh Dương	Huyện Thanh Chương	40	Tỉnh Nghệ An	40		not_found	
17785	Xã Thanh Lương	Huyện Thanh Chương	40	Tỉnh Nghệ An	40		not_found	
17788	Xã Thanh Khê	Huyện Thanh Chương	40	Tỉnh Nghệ An	40		not_found	
17791	Xã Võ Liệt	Huyện Thanh Chương	40	Tỉnh Nghệ An	40		not_found	
17794	Xã Thanh Long	Huyện Thanh Chương	40	Tỉnh Nghệ An	40		not_found	
17797	Xã Thanh Thủy	Huyện Thanh Chương	40	Tỉnh Nghệ An	40	17791	exact	17791:Xã Kim Bảng
17800	Xã Thanh Khai	Huyện Thanh Chương	40	Tỉnh Nghệ An	40		not_found	
17803	Xã Thanh Yên	Huyện Thanh Chương	40	Tỉnh Nghệ An	40		not_found	
17806	Xã Thanh Hà	Huyện Thanh Chương	40	Tỉnh Nghệ An	40	17791	exact	17791:Xã Kim Bảng
17809	Xã Thanh Giang	Huyện Thanh Chương	40	Tỉnh Nghệ An	40		not_found	
17812	Xã Thanh Tùng	Huyện Thanh Chương	40	Tỉnh Nghệ An	40	17818	exact	17818:Xã Bích Hào
17815	Xã Thanh Lâm	Huyện Thanh Chương	40	Tỉnh Nghệ An	40	17818	exact	17818:Xã Bích Hào
17818	Xã Thanh Mai	Huyện Thanh Chương	40	Tỉnh Nghệ An	40		not_found	
17821	Xã Thanh Xuân	Huyện Thanh Chương	40	Tỉnh Nghệ An	40	17818	exact	17818:Xã Bích Hào
17824	Xã Thanh Đức	Huyện Thanh Chương	40	Tỉnh Nghệ An	40	17722	exact	17722:Xã Hạnh Lâm
17827	Thị trấn Quán Hành	Huyện Nghi Lộc	40	Tỉnh Nghệ An	40	17827	exact	17827:Xã Nghi Lộc
17830	Xã Nghi Văn	Huyện Nghi Lộc	40	Tỉnh Nghệ An	40		split	17827:Xã Nghi Lộc|17854:Xã Văn Kiều
17833	Xã Nghi Yên	Huyện Nghi Lộc	40	Tỉnh Nghệ An	40	17833	exact	17833:Xã Hải Lộc
17836	Xã Nghi Tiến	Huyện Nghi Lộc	40	Tỉnh Nghệ An	40	17833	exact	17833:Xã Hải Lộc
17839	Xã Nghi Hưng	Huyện Nghi Lộc	40	Tỉnh Nghệ An	40	17842	exact	17842:Xã Thần Lĩnh
17842	Xã Nghi Đồng	Huyện Nghi Lộc	40	Tỉnh Nghệ An	40	17842	exact	17842:Xã Thần Lĩnh
17845	Xã Nghi Thiết	Huyện Nghi Lộc	40	Tỉnh Nghệ An	40	17833	exact	17833:Xã Hải Lộc
17848	Xã Nghi Lâm	Huyện Nghi Lộc	40	Tỉnh Nghệ An	40	17857	exact	17857:Xã Phúc Lộc
17851	Xã Nghi Quang	Huyện Nghi Lộc	40	Tỉnh Nghệ An	40	17866	exact	17866:Xã Trung Lộc
17854	Xã Nghi Kiều	Huyện Nghi Lộc	40	Tỉnh Nghệ An	40	17854	exact	17854:Xã Văn Kiều
17857	Xã Nghi Mỹ	Huyện Nghi Lộc	40	Tỉnh Nghệ An	40	17857	exact	17857:Xã Phúc Lộc
17860	Xã Nghi Phương	Huyện Nghi Lộc	40	Tỉnh Nghệ An	40	17842	exact	17842:Xã Thần Lĩnh
17863	Xã Nghi Thuận	Huyện Nghi Lộc	40	Tỉnh Nghệ An	40	17866	exact	17866:Xã Trung Lộc
17866	Xã Nghi Long	Huyện Nghi Lộc	40	Tỉnh Nghệ An	40	17866	exact	17866:Xã Trung Lộc
17869	Xã Nghi Xá	Huyện Nghi Lộc	40	Tỉnh Nghệ An	40	17866	exact	17866:Xã Trung Lộc
17875	Xã Nghi Hoa	Huyện Nghi Lộc	40	Tỉnh Nghệ An	40		not_found	
17878	Xã Khánh Hợp	Huyện Nghi Lộc	40	Tỉnh Nghệ An	40	17878	exact	17878:Xã Đông Lộc
17881	Xã Nghi Thịnh	Huyện Nghi Lộc	40	Tỉnh Nghệ An	40		not_found	
17884	Xã Nghi Công Bắc	Huyện Nghi Lộc	40	Tỉnh Nghệ An	40	17857	exact	17857:Xã Phúc Lộc
17887	Xã Nghi Công Nam	Huyện Nghi Lộc	40	Tỉnh Nghệ An	40	17857	exact	17857:Xã Phúc Lộc
17890	Xã Nghi Thạch	Huyện Nghi Lộc	40	Tỉnh Nghệ An	40	17878	exact	17878:Xã Đông Lộc
17893	Xã Nghi Trung	Huyện Nghi Lộc	40	Tỉnh Nghệ An	40	17827	exact	17827:Xã Nghi Lộc
17896	Xã Nghi Trường	Huyện Nghi Lộc	40	Tỉnh Nghệ An	40		not_found	
17899	Xã Nghi Diên	Huyện Nghi Lộc	40	Tỉnh Nghệ An	40		not_found	
17902	Xã Nghi Phong	Huyện Nghi Lộc	40	Tỉnh Nghệ An	40	16708	exact	16708:Phường Vinh Lộc
17905	Xã Nghi Xuân	Huyện Nghi Lộc	40	Tỉnh Nghệ An	40	16708	exact	16708:Phường Vinh Lộc
17908	Xã Nghi Liên	Thành phố Vinh	40	Tỉnh Nghệ An	40	17920	exact	17920:Phường Vinh Hưng
17911	Xã Nghi Vạn	Huyện Nghi Lộc	40	Tỉnh Nghệ An	40		split	17827:Xã Nghi Lộc|17854:Xã Văn Kiều
17914	Xã Nghi Ân	Thành phố Vinh	40	Tỉnh Nghệ An	40	16702	exact	16702:Phường Vinh Phú
17917	Xã Phúc Thọ	Huyện Nghi Lộc	40	Tỉnh Nghệ An	40	16708	exact	16708:Phường Vinh Lộc
17920	Xã Nghi Kim	Thành phố Vinh	40	Tỉnh Nghệ An	40	17920	exact	17920:Phường Vinh Hưng
17923	Xã Nghi Đức	Thành phố Vinh	40	Tỉnh Nghệ An	40		not_found	
17926	Xã Nghi Thái	Huyện Nghi Lộc	40	Tỉnh Nghệ An	40	16708	exact	16708:Phường Vinh Lộc
17932	Xã Nam Hưng	Huyện Nam Đàn	40	Tỉnh Nghệ An	40	17935	exact	17935:Xã Nam Đàn
17935	Xã Nam Nghĩa	Huyện Nam Đàn	40	Tỉnh Nghệ An	40		not_found	
17938	Xã Nam Thanh	Huyện Nam Đàn	40	Tỉnh Nghệ An	40		split	17569:Xã Quan Thành|17935:Xã Nam Đàn
17941	Xã Nam Anh	Huyện Nam Đàn	40	Tỉnh Nghệ An	40	17944	exact	17944:Xã Đại Huệ
17944	Xã Nam Xuân	Huyện Nam Đàn	40	Tỉnh Nghệ An	40	17944	exact	17944:Xã Đại Huệ
17947	Xã Nam Thái	Huyện Nam Đàn	40	Tỉnh Nghệ An	40		not_found	
17950	Thị trấn Nam Đàn	Huyện Nam Đàn	40	Tỉnh Nghệ An	40	17950	exact	17950:Xã Vạn An
17953	Xã Nam Lĩnh	Huyện Nam Đàn	40	Tỉnh Nghệ An	40	17944	exact	17944:Xã Đại Huệ
17956	Xã Nam Giang	Huyện Nam Đàn	40	Tỉnh Nghệ An	40	17971	exact	17971:Xã Kim Liên
17959	Xã Xuân Hòa	Huyện Nam Đàn	40	Tỉnh Nghệ An	40	17950	exact	17950:Xã Vạn An
17962	Xã Hùng Tiến	Huyện Nam Đàn	40	Tỉnh Nghệ An	40	17971	exact	17971:Xã Kim Liên
17968	Xã Thượng Tân Lộc	Huyện Nam Đàn	40	Tỉnh Nghệ An	40	17950	exact	17950:Xã Vạn An
17971	Xã Kim Liên	Huyện Nam Đàn	40	Tỉnh Nghệ An	40	17971	exact	17971:Xã Kim Liên
17977	Xã Hồng Long	Huyện Nam Đàn	40	Tỉnh Nghệ An	40		not_found	
17980	Xã Xuân Lâm	Huyện Nam Đàn	40	Tỉnh Nghệ An	40	18028	exact	18028:Xã Hưng Nguyên Nam
17983	Xã Nam Cát	Huyện Nam Đàn	40	Tỉnh Nghệ An	40	17971	exact	17971:Xã Kim Liên
17986	Xã Khánh Sơn	Huyện Nam Đàn	40	Tỉnh Nghệ An	40	17989	exact	17989:Xã Thiên Nhẫn
17989	Xã Trung Phúc Cường	Huyện Nam Đàn	40	Tỉnh Nghệ An	40	17989	exact	17989:Xã Thiên Nhẫn
17998	Xã Nam Kim	Huyện Nam Đàn	40	Tỉnh Nghệ An	40	17989	exact	17989:Xã Thiên Nhẫn
18001	Thị trấn Hưng Nguyên	Huyện Hưng Nguyên	40	Tỉnh Nghệ An	40	18001	exact	18001:Xã Hưng Nguyên
18004	Xã Hưng Trung	Huyện Hưng Nguyên	40	Tỉnh Nghệ An	40	18007	exact	18007:Xã Yên Trung
18007	Xã Hưng Yên	Huyện Hưng Nguyên	40	Tỉnh Nghệ An	40		not_found	
18008	Xã Hưng Yên Bắc	Huyện Hưng Nguyên	40	Tỉnh Nghệ An	40	18007	exact	18007:Xã Yên Trung
18010	Xã Hưng Tây	Huyện Hưng Nguyên	40	Tỉnh Nghệ An	40	18001	exact	18001:Xã Hưng Nguyên
18013	Xã Hưng Chính	Thành phố Vinh	40	Tỉnh Nghệ An	40	16681	exact	16681:Phường Thành Vinh
18016	Xã Hưng Đạo	Huyện Hưng Nguyên	40	Tỉnh Nghệ An	40	18001	exact	18001:Xã Hưng Nguyên
18019	Xã Hưng Mỹ	Huyện Hưng Nguyên	40	Tỉnh Nghệ An	40		not_found	
18022	Xã Hưng Thịnh	Huyện Hưng Nguyên	40	Tỉnh Nghệ An	40		not_found	
18025	Xã Hưng Lĩnh	Huyện Hưng Nguyên	40	Tỉnh Nghệ An	40	18028	exact	18028:Xã Hưng Nguyên Nam
18028	Xã Hưng Thông	Huyện Hưng Nguyên	40	Tỉnh Nghệ An	40		not_found	
18031	Xã Hưng Tân	Huyện Hưng Nguyên	40	Tỉnh Nghệ An	40		not_found	
18034	Xã Hưng Lợi	Huyện Hưng Nguyên	40	Tỉnh Nghệ An	40		not_found	
18037	Xã Hưng Nghĩa	Huyện Hưng Nguyên	40	Tỉnh Nghệ An	40	18040	exact	18040:Xã Lam Thành
18040	Xã Hưng Phúc	Huyện Hưng Nguyên	40	Tỉnh Nghệ An	40		not_found	
18043	Xã Long Xá	Huyện Hưng Nguyên	40	Tỉnh Nghệ An	40	18028	exact	18028:Xã Hưng Nguyên Nam
18052	Xã Châu Nhân	Huyện Hưng Nguyên	40	Tỉnh Nghệ An	40	18040	exact	18040:Xã Lam Thành
18055	Xã Xuân Lam	Huyện Hưng Nguyên	40	Tỉnh Nghệ An	40	18028	exact	18028:Xã Hưng Nguyên Nam
18064	Xã Hưng Thành	Huyện Hưng Nguyên	40	Tỉnh Nghệ An	40	18040	exact	18040:Xã Lam Thành
18070	Phường Trần Phú	Thành phố Hà Tĩnh	42	Tỉnh Hà Tĩnh	42	18073	exact	18073:Phường Thành Sen
18073	Phường Nam Hà	Thành phố Hà Tĩnh	42	Tỉnh Hà Tĩnh	42	18073	exact	18073:Phường Thành Sen
18076	Phường Bắc Hà	Thành phố Hà Tĩnh	42	Tỉnh Hà Tĩnh	42	18073	exact	18073:Phường Thành Sen
18077	Phường Nguyễn Du	Thành phố Hà Tĩnh	42	Tỉnh Hà Tĩnh	42		not_found	
18079	Phường Tân Giang	Thành phố Hà Tĩnh	42	Tỉnh Hà Tĩnh	42	18073	exact	18073:Phường Thành Sen
18082	Phường Đại Nài	Thành phố Hà Tĩnh	42	Tỉnh Hà Tĩnh	42		split	18073:Phường Thành Sen|18652:Phường Hà Huy Tập
18085	Phường Hà Huy Tập	Thành phố Hà Tĩnh	42	Tỉnh Hà Tĩnh	42	18073	exact	18073:Phường Thành Sen
18088	Xã Thạch Trung	Thành phố Hà Tĩnh	42	Tỉnh Hà Tĩnh	42		not_found	
18091	Phường Thạch Quý	Thành phố Hà Tĩnh	42	Tỉnh Hà Tĩnh	42	18073	exact	18073:Phường Thành Sen
18094	Phường Thạch Linh	Thành phố Hà Tĩnh	42	Tỉnh Hà Tĩnh	42		not_found	
18097	Phường Văn Yên	Thành phố Hà Tĩnh	42	Tỉnh Hà Tĩnh	42	18073	exact	18073:Phường Thành Sen
18100	Xã Thạch Hạ	Thành phố Hà Tĩnh	42	Tỉnh Hà Tĩnh	42	18562	exact	18562:Xã Thạch Hà
18103	Xã Đồng Môn	Thành phố Hà Tĩnh	42	Tỉnh Hà Tĩnh	42		not_found	
18109	Xã Thạch Hưng	Thành phố Hà Tĩnh	42	Tỉnh Hà Tĩnh	42		not_found	
18112	Xã Thạch Bình	Thành phố Hà Tĩnh	42	Tỉnh Hà Tĩnh	42	18685	exact	18685:Xã Cẩm Bình
18115	Phường Bắc Hồng	Thị xã Hồng Lĩnh	42	Tỉnh Hà Tĩnh	42	18115	exact	18115:Phường Bắc Hồng Lĩnh
18118	Phường Nam Hồng	Thị xã Hồng Lĩnh	42	Tỉnh Hà Tĩnh	42	18118	exact	18118:Phường Nam Hồng Lĩnh
18121	Phường Trung Lương	Thị xã Hồng Lĩnh	42	Tỉnh Hà Tĩnh	42	18115	exact	18115:Phường Bắc Hồng Lĩnh
18124	Phường Đức Thuận	Thị xã Hồng Lĩnh	42	Tỉnh Hà Tĩnh	42	18115	exact	18115:Phường Bắc Hồng Lĩnh
18127	Phường Đậu Liêu	Thị xã Hồng Lĩnh	42	Tỉnh Hà Tĩnh	42	18118	exact	18118:Phường Nam Hồng Lĩnh
18130	Xã Thuận Lộc	Thị xã Hồng Lĩnh	42	Tỉnh Hà Tĩnh	42	18118	exact	18118:Phường Nam Hồng Lĩnh
18133	Thị trấn Phố Châu	Huyện Hương Sơn	42	Tỉnh Hà Tĩnh	42	18133	exact	18133:Xã Hương Sơn
18136	Thị trấn Tây Sơn	Huyện Hương Sơn	42	Tỉnh Hà Tĩnh	42	18172	exact	18172:Xã Sơn Tây
18139	Xã Sơn Hồng	Huyện Hương Sơn	42	Tỉnh Hà Tĩnh	42	18160	exact	18160:Xã Sơn Hồng
18142	Xã Sơn Tiến	Huyện Hương Sơn	42	Tỉnh Hà Tĩnh	42	18163	exact	18163:Xã Sơn Tiến
18145	Xã Sơn Lâm	Huyện Hương Sơn	42	Tỉnh Hà Tĩnh	42	18184	exact	18184:Xã Sơn Giang
18148	Xã Sơn Lễ	Huyện Hương Sơn	42	Tỉnh Hà Tĩnh	42	18163	exact	18163:Xã Sơn Tiến
18157	Xã Sơn Giang	Huyện Hương Sơn	42	Tỉnh Hà Tĩnh	42	18184	exact	18184:Xã Sơn Giang
18160	Xã Sơn Lĩnh	Huyện Hương Sơn	42	Tỉnh Hà Tĩnh	42	18160	exact	18160:Xã Sơn Hồng
18163	Xã An Hòa Thịnh	Huyện Hương Sơn	42	Tỉnh Hà Tĩnh	42	18163	exact	18163:Xã Sơn Tiến
18172	Xã Sơn Tây	Huyện Hương Sơn	42	Tỉnh Hà Tĩnh	42	18172	exact	18172:Xã Sơn Tây
18175	Xã Sơn Ninh	Huyện Hương Sơn	42	Tỉnh Hà Tĩnh	42	18133	exact	18133:Xã Hương Sơn
18178	Xã Sơn Châu	Huyện Hương Sơn	42	Tỉnh Hà Tĩnh	42		not_found	
18181	Xã Tân Mỹ Hà	Huyện Hương Sơn	42	Tỉnh Hà Tĩnh	42	18202	exact	18202:Xã Tứ Mỹ
18184	Xã Quang Diệm	Huyện Hương Sơn	42	Tỉnh Hà Tĩnh	42	18184	exact	18184:Xã Sơn Giang
18187	Xã Sơn Trung	Huyện Hương Sơn	42	Tỉnh Hà Tĩnh	42	18133	exact	18133:Xã Hương Sơn
18190	Xã Sơn Bằng	Huyện Hương Sơn	42	Tỉnh Hà Tĩnh	42	18133	exact	18133:Xã Hương Sơn
18193	Xã Sơn Bình	Huyện Hương Sơn	42	Tỉnh Hà Tĩnh	42		not_found	
18196	Xã Sơn Kim 1	Huyện Hương Sơn	42	Tỉnh Hà Tĩnh	42	18196	exact	18196:Xã Sơn Kim 1
18199	Xã Sơn Kim 2	Huyện Hương Sơn	42	Tỉnh Hà Tĩnh	42	18199	exact	18199:Xã Sơn Kim 2
18202	Xã Sơn Trà	Huyện Hương Sơn	42	Tỉnh Hà Tĩnh	42		not_found	
18205	Xã Sơn Long	Huyện Hương Sơn	42	Tỉnh Hà Tĩnh	42		not_found	
18211	Xã Kim Hoa	Huyện Hương Sơn	42	Tỉnh Hà Tĩnh	42	18223	exact	18223:Xã Kim Hoa
18214	Xã Sơn Hàm	Huyện Hương Sơn	42	Tỉnh Hà Tĩnh	42		not_found	
18217	Xã Sơn Phú	Huyện Hương Sơn	42	Tỉnh Hà Tĩnh	42	18133	exact	18133:Xã Hương Sơn
18223	Xã Sơn Trường	Huyện Hương Sơn	42	Tỉnh Hà Tĩnh	42		not_found	
18229	Thị trấn Đức Thọ	Huyện Đức Thọ	42	Tỉnh Hà Tĩnh	42	18229	exact	18229:Xã Đức Thọ
18235	Xã Quang Vĩnh	Huyện Đức Thọ	42	Tỉnh Hà Tĩnh	42	18262	exact	18262:Xã Đức Quang
18241	Xã Tùng Châu	Huyện Đức Thọ	42	Tỉnh Hà Tĩnh	42	18244	exact	18244:Xã Đức Minh
18244	Xã Trường Sơn	Huyện Đức Thọ	42	Tỉnh Hà Tĩnh	42	18244	exact	18244:Xã Đức Minh
18247	Xã Liên Minh	Huyện Đức Thọ	42	Tỉnh Hà Tĩnh	42	18244	exact	18244:Xã Đức Minh
18253	Xã Yên Hồ	Huyện Đức Thọ	42	Tỉnh Hà Tĩnh	42	18262	exact	18262:Xã Đức Quang
18259	Xã Tùng Ảnh	Huyện Đức Thọ	42	Tỉnh Hà Tĩnh	42	18229	exact	18229:Xã Đức Thọ
18262	Xã Bùi La Nhân	Huyện Đức Thọ	42	Tỉnh Hà Tĩnh	42	18262	exact	18262:Xã Đức Quang
18274	Xã Thanh Bình Thịnh	Huyện Đức Thọ	42	Tỉnh Hà Tĩnh	42	18277	exact	18277:Xã Đức Thịnh
18277	Xã Lâm Trung Thủy	Huyện Đức Thọ	42	Tỉnh Hà Tĩnh	42	18277	exact	18277:Xã Đức Thịnh
18280	Xã Hòa Lạc	Huyện Đức Thọ	42	Tỉnh Hà Tĩnh	42	18229	exact	18229:Xã Đức Thọ
18283	Xã Tân Dân	Huyện Đức Thọ	42	Tỉnh Hà Tĩnh	42	18229	exact	18229:Xã Đức Thọ
18298	Xã An Dũng	Huyện Đức Thọ	42	Tỉnh Hà Tĩnh	42	18277	exact	18277:Xã Đức Thịnh
18304	Xã Đức Đồng	Huyện Đức Thọ	42	Tỉnh Hà Tĩnh	42	18304	exact	18304:Xã Đức Đồng
18307	Xã Đức Lạng	Huyện Đức Thọ	42	Tỉnh Hà Tĩnh	42	18304	exact	18304:Xã Đức Đồng
18310	Xã Tân Hương	Huyện Đức Thọ	42	Tỉnh Hà Tĩnh	42	18304	exact	18304:Xã Đức Đồng
18313	Thị trấn Vũ Quang	Huyện Vũ Quang	42	Tỉnh Hà Tĩnh	42	18313	exact	18313:Xã Vũ Quang
18316	Xã Ân Phú	Huyện Vũ Quang	42	Tỉnh Hà Tĩnh	42	18322	exact	18322:Xã Mai Hoa
18319	Xã Đức Giang	Huyện Vũ Quang	42	Tỉnh Hà Tĩnh	42	18322	exact	18322:Xã Mai Hoa
18322	Xã Đức Lĩnh	Huyện Vũ Quang	42	Tỉnh Hà Tĩnh	42	18322	exact	18322:Xã Mai Hoa
18325	Xã Thọ Điền	Huyện Vũ Quang	42	Tỉnh Hà Tĩnh	42	18313	exact	18313:Xã Vũ Quang
18328	Xã Đức Hương	Huyện Vũ Quang	42	Tỉnh Hà Tĩnh	42	18328	exact	18328:Xã Thượng Đức
18331	Xã Đức Bồng	Huyện Vũ Quang	42	Tỉnh Hà Tĩnh	42	18328	exact	18328:Xã Thượng Đức
18334	Xã Đức Liên	Huyện Vũ Quang	42	Tỉnh Hà Tĩnh	42	18328	exact	18328:Xã Thượng Đức
18340	Xã Hương Minh	Huyện Vũ Quang	42	Tỉnh Hà Tĩnh	42	18313	exact	18313:Xã Vũ Quang
18343	Xã Quang Thọ	Huyện Vũ Quang	42	Tỉnh Hà Tĩnh	42	18313	exact	18313:Xã Vũ Quang
18352	Thị trấn Xuân An	Huyện Nghi Xuân	42	Tỉnh Hà Tĩnh	42	18352	exact	18352:Xã Nghi Xuân
18355	Xã Xuân Hội	Huyện Nghi Xuân	42	Tỉnh Hà Tĩnh	42	18364	exact	18364:Xã Đan Hải
18358	Xã Đan Trường	Huyện Nghi Xuân	42	Tỉnh Hà Tĩnh	42	18364	exact	18364:Xã Đan Hải
18364	Xã Xuân Phổ	Huyện Nghi Xuân	42	Tỉnh Hà Tĩnh	42	18364	exact	18364:Xã Đan Hải
18367	Xã Xuân Hải	Huyện Nghi Xuân	42	Tỉnh Hà Tĩnh	42	18364	exact	18364:Xã Đan Hải
18370	Xã Xuân Giang	Huyện Nghi Xuân	42	Tỉnh Hà Tĩnh	42	18352	exact	18352:Xã Nghi Xuân
18373	Thị trấn Tiên Điền	Huyện Nghi Xuân	42	Tỉnh Hà Tĩnh	42	18373	exact	18373:Xã Tiên Điền
18376	Xã Xuân Yên	Huyện Nghi Xuân	42	Tỉnh Hà Tĩnh	42	18373	exact	18373:Xã Tiên Điền
18379	Xã Xuân Mỹ	Huyện Nghi Xuân	42	Tỉnh Hà Tĩnh	42	18373	exact	18373:Xã Tiên Điền
18382	Xã Xuân Thành	Huyện Nghi Xuân	42	Tỉnh Hà Tĩnh	42	18373	exact	18373:Xã Tiên Điền
18385	Xã Xuân Viên	Huyện Nghi Xuân	42	Tỉnh Hà Tĩnh	42	18352	exact	18352:Xã Nghi Xuân
18388	Xã Xuân Hồng	Huyện Nghi Xuân	42	Tỉnh Hà Tĩnh	42	18352	exact	18352:Xã Nghi Xuân
18391	Xã Cỗ Đạm	Huyện Nghi Xuân	42	Tỉnh Hà Tĩnh	42	18394	exact	18394:Xã Cổ Đạm
18394	Xã Xuân Liên	Huyện Nghi Xuân	42	Tỉnh Hà Tĩnh	42	18394	exact	18394:Xã Cổ Đạm
18397	Xã Xuân Lĩnh	Huyện Nghi Xuân	42	Tỉnh Hà Tĩnh	42	18352	exact	18352:Xã Nghi Xuân
18400	Xã Xuân Lam	Huyện Nghi Xuân	42	Tỉnh Hà Tĩnh	42	18115	exact	18115:Phường Bắc Hồng Lĩnh
18403	Xã Cương Gián	Huyện Nghi Xuân	42	Tỉnh Hà Tĩnh	42	18394	exact	18394:Xã Cổ Đạm
18406	Thị trấn Nghèn	Huyện Can Lộc	42	Tỉnh Hà Tĩnh	42	18406	exact	18406:Xã Can Lộc
18409	Xã Tân Lộc	Huyện Lộc Hà	42	Tỉnh Hà Tĩnh	42	18409	exact	18409:Xã Hồng Lộc
18412	Xã Hồng Lộc	Huyện Lộc Hà	42	Tỉnh Hà Tĩnh	42	18409	exact	18409:Xã Hồng Lộc
18415	Xã Thiên Lộc	Huyện Can Lộc	42	Tỉnh Hà Tĩnh	42	18406	exact	18406:Xã Can Lộc
18418	Xã Thuần Thiện	Huyện Can Lộc	42	Tỉnh Hà Tĩnh	42	18418	exact	18418:Xã Tùng Lộc
18421	Xã Thịnh Lộc	Huyện Lộc Hà	42	Tỉnh Hà Tĩnh	42	18568	exact	18568:Xã Lộc Hà
18427	Xã Vượng Lộc	Huyện Can Lộc	42	Tỉnh Hà Tĩnh	42	18406	exact	18406:Xã Can Lộc
18430	Xã Bình An	Huyện Lộc Hà	42	Tỉnh Hà Tĩnh	42	18568	exact	18568:Xã Lộc Hà
18433	Xã Thanh Lộc	Huyện Can Lộc	42	Tỉnh Hà Tĩnh	42	18466	exact	18466:Xã Gia Hanh
18436	Xã Kim Song Trường	Huyện Can Lộc	42	Tỉnh Hà Tĩnh	42	18436	exact	18436:Xã Trường Lưu
18439	Xã Thường Nga	Huyện Can Lộc	42	Tỉnh Hà Tĩnh	42	18436	exact	18436:Xã Trường Lưu
18445	Xã Tùng Lộc	Huyện Can Lộc	42	Tỉnh Hà Tĩnh	42	18418	exact	18418:Xã Tùng Lộc
18454	Xã Phú Lộc	Huyện Can Lộc	42	Tỉnh Hà Tĩnh	42	18436	exact	18436:Xã Trường Lưu
18457	Xã Ích Hậu	Huyện Lộc Hà	42	Tỉnh Hà Tĩnh	42	18586	exact	18586:Xã Đông Kinh
18463	Xã Gia Hanh	Huyện Can Lộc	42	Tỉnh Hà Tĩnh	42	18466	exact	18466:Xã Gia Hanh
18466	Xã Khánh Vĩnh Yên	Huyện Can Lộc	42	Tỉnh Hà Tĩnh	42	18466	exact	18466:Xã Gia Hanh
18472	Xã Trung Lộc	Huyện Can Lộc	42	Tỉnh Hà Tĩnh	42		not_found	
18475	Xã Xuân Lộc	Huyện Can Lộc	42	Tỉnh Hà Tĩnh	42	18481	exact	18481:Xã Xuân Lộc
18478	Xã Thượng Lộc	Huyện Can Lộc	42	Tỉnh Hà Tĩnh	42	18484	exact	18484:Xã Đồng Lộc
18481	Xã Quang Lộc	Huyện Can Lộc	42	Tỉnh Hà Tĩnh	42	18481	exact	18481:Xã Xuân Lộc
18484	Thị trấn Đồng Lộc	Huyện Can Lộc	42	Tỉnh Hà Tĩnh	42	18484	exact	18484:Xã Đồng Lộc
18487	Xã Mỹ Lộc	Huyện Can Lộc	42	Tỉnh Hà Tĩnh	42	18484	exact	18484:Xã Đồng Lộc
18490	Xã Sơn Lộc	Huyện Can Lộc	42	Tỉnh Hà Tĩnh	42	18481	exact	18481:Xã Xuân Lộc
18493	Xã Phù Lưu	Huyện Lộc Hà	42	Tỉnh Hà Tĩnh	42	18583	exact	18583:Xã Mai Phụ
18496	Thị trấn Hương Khê	Huyện Hương Khê	42	Tỉnh Hà Tĩnh	42	18496	exact	18496:Xã Hương Khê
18499	Xã Điền Mỹ	Huyện Hương Khê	42	Tỉnh Hà Tĩnh	42	18502	exact	18502:Xã Hà Linh
18502	Xã Hà Linh	Huyện Hương Khê	42	Tỉnh Hà Tĩnh	42	18502	exact	18502:Xã Hà Linh
18505	Xã Hương Thủy	Huyện Hương Khê	42	Tỉnh Hà Tĩnh	42	18532	exact	18532:Xã Hương Phố
18508	Xã Hòa Hải	Huyện Hương Khê	42	Tỉnh Hà Tĩnh	42	18523	exact	18523:Xã Hương Bình
18514	Xã Phúc Đồng	Huyện Hương Khê	42	Tỉnh Hà Tĩnh	42	18523	exact	18523:Xã Hương Bình
18517	Xã Hương Giang	Huyện Hương Khê	42	Tỉnh Hà Tĩnh	42	18532	exact	18532:Xã Hương Phố
18520	Xã Lộc Yên	Huyện Hương Khê	42	Tỉnh Hà Tĩnh	42	18550	exact	18550:Xã Hương Đô
18523	Xã Hương Bình	Huyện Hương Khê	42	Tỉnh Hà Tĩnh	42	18523	exact	18523:Xã Hương Bình
18526	Xã Hương Long	Huyện Hương Khê	42	Tỉnh Hà Tĩnh	42	18496	exact	18496:Xã Hương Khê
18529	Xã Phú Gia	Huyện Hương Khê	42	Tỉnh Hà Tĩnh	42	18496	exact	18496:Xã Hương Khê
18532	Xã Gia Phố	Huyện Hương Khê	42	Tỉnh Hà Tĩnh	42	18532	exact	18532:Xã Hương Phố
18535	Xã Phú Phong	Huyện Hương Khê	42	Tỉnh Hà Tĩnh	42		not_found	
18538	Xã Hương Đô	Huyện Hương Khê	42	Tỉnh Hà Tĩnh	42	18550	exact	18550:Xã Hương Đô
18541	Xã Hương Vĩnh	Huyện Hương Khê	42	Tỉnh Hà Tĩnh	42	18544	exact	18544:Xã Hương Xuân
18544	Xã Hương Xuân	Huyện Hương Khê	42	Tỉnh Hà Tĩnh	42	18544	exact	18544:Xã Hương Xuân
18547	Xã Phúc Trạch	Huyện Hương Khê	42	Tỉnh Hà Tĩnh	42	18547	exact	18547:Xã Phúc Trạch
18550	Xã Hương Trà	Huyện Hương Khê	42	Tỉnh Hà Tĩnh	42	18550	exact	18550:Xã Hương Đô
18553	Xã Hương Trạch	Huyện Hương Khê	42	Tỉnh Hà Tĩnh	42	18547	exact	18547:Xã Phúc Trạch
18556	Xã Hương Lâm	Huyện Hương Khê	42	Tỉnh Hà Tĩnh	42	18544	exact	18544:Xã Hương Xuân
18559	Xã Hương Liên	Huyện Hương Khê	42	Tỉnh Hà Tĩnh	42	18547	exact	18547:Xã Phúc Trạch
18562	Thị trấn Thạch Hà	Huyện Thạch Hà	42	Tỉnh Hà Tĩnh	42	18562	exact	18562:Xã Thạch Hà
18565	Xã Ngọc Sơn	Huyện Thạch Hà	42	Tỉnh Hà Tĩnh	42	18634	exact	18634:Xã Toàn Lưu
18568	Thị trấn Lộc Hà	Huyện Lộc Hà	42	Tỉnh Hà Tĩnh	42	18568	exact	18568:Xã Lộc Hà
18571	Xã Thạch Hải	Huyện Thạch Hà	42	Tỉnh Hà Tĩnh	42	18604	exact	18604:Xã Thạch Khê
18577	Xã Thạch Mỹ	Huyện Lộc Hà	42	Tỉnh Hà Tĩnh	42	18583	exact	18583:Xã Mai Phụ
18580	Xã Thạch Kim	Huyện Lộc Hà	42	Tỉnh Hà Tĩnh	42	18568	exact	18568:Xã Lộc Hà
18583	Xã Thạch Châu	Huyện Lộc Hà	42	Tỉnh Hà Tĩnh	42	18583	exact	18583:Xã Mai Phụ
18586	Xã Thạch Kênh	Huyện Thạch Hà	42	Tỉnh Hà Tĩnh	42	18586	exact	18586:Xã Đông Kinh
18589	Xã Thạch Sơn	Huyện Thạch Hà	42	Tỉnh Hà Tĩnh	42	18562	exact	18562:Xã Thạch Hà
18592	Xã Thạch Liên	Huyện Thạch Hà	42	Tỉnh Hà Tĩnh	42	18586	exact	18586:Xã Đông Kinh
18595	Xã Đỉnh Bàn	Huyện Thạch Hà	42	Tỉnh Hà Tĩnh	42	18604	exact	18604:Xã Thạch Khê
18598	Xã Hộ Độ	Huyện Lộc Hà	42	Tỉnh Hà Tĩnh	42	18100	exact	18100:Phường Trần Phú
18601	Xã Việt Tiến	Huyện Thạch Hà	42	Tỉnh Hà Tĩnh	42	18601	exact	18601:Xã Việt Xuyên
18604	Xã Thạch Khê	Huyện Thạch Hà	42	Tỉnh Hà Tĩnh	42	18604	exact	18604:Xã Thạch Khê
18607	Xã Thạch Long	Huyện Thạch Hà	42	Tỉnh Hà Tĩnh	42	18562	exact	18562:Xã Thạch Hà
18619	Xã Thạch Trị	Huyện Thạch Hà	42	Tỉnh Hà Tĩnh	42	18619	exact	18619:Xã Đồng Tiến
18622	Xã Thạch Lạc	Huyện Thạch Hà	42	Tỉnh Hà Tĩnh	42	18628	exact	18628:Xã Thạch Lạc
18625	Xã Thạch Ngọc	Huyện Thạch Hà	42	Tỉnh Hà Tĩnh	42	18601	exact	18601:Xã Việt Xuyên
18628	Xã Tượng Sơn	Huyện Thạch Hà	42	Tỉnh Hà Tĩnh	42	18628	exact	18628:Xã Thạch Lạc
18631	Xã Thạch Văn	Huyện Thạch Hà	42	Tỉnh Hà Tĩnh	42	18619	exact	18619:Xã Đồng Tiến
18634	Xã Lưu Vĩnh Sơn	Huyện Thạch Hà	42	Tỉnh Hà Tĩnh	42	18634	exact	18634:Xã Toàn Lưu
18637	Xã Thạch Thắng	Huyện Thạch Hà	42	Tỉnh Hà Tĩnh	42	18628	exact	18628:Xã Thạch Lạc
18643	Xã Thạch Đài	Huyện Thạch Hà	42	Tỉnh Hà Tĩnh	42	18652	exact	18652:Phường Hà Huy Tập
18649	Xã Thạch Hội	Huyện Thạch Hà	42	Tỉnh Hà Tĩnh	42	18619	exact	18619:Xã Đồng Tiến
18652	Xã Tân Lâm Hương	Huyện Thạch Hà	42	Tỉnh Hà Tĩnh	42	18652	exact	18652:Phường Hà Huy Tập
18658	Xã Thạch Xuân	Huyện Thạch Hà	42	Tỉnh Hà Tĩnh	42	18667	exact	18667:Xã Thạch Xuân
18667	Xã Nam Điền	Huyện Thạch Hà	42	Tỉnh Hà Tĩnh	42	18667	exact	18667:Xã Thạch Xuân
18670	Xã Mai Phụ	Huyện Lộc Hà	42	Tỉnh Hà Tĩnh	42	18583	exact	18583:Xã Mai Phụ
18673	Thị trấn Cẩm Xuyên	Huyện Cẩm Xuyên	42	Tỉnh Hà Tĩnh	42	18673	exact	18673:Xã Cẩm Xuyên
18676	Thị trấn Thiên Cầm	Huyện Cẩm Xuyên	42	Tỉnh Hà Tĩnh	42	18676	exact	18676:Xã Thiên Cầm
18679	Xã Yên Hòa	Huyện Cẩm Xuyên	42	Tỉnh Hà Tĩnh	42	18682	exact	18682:Xã Yên Hòa
18682	Xã Cẩm Dương	Huyện Cẩm Xuyên	42	Tỉnh Hà Tĩnh	42	18682	exact	18682:Xã Yên Hòa
18685	Xã Cẩm Bình	Huyện Cẩm Xuyên	42	Tỉnh Hà Tĩnh	42	18685	exact	18685:Xã Cẩm Bình
18691	Xã Cẩm Vĩnh	Huyện Cẩm Xuyên	42	Tỉnh Hà Tĩnh	42	18685	exact	18685:Xã Cẩm Bình
18694	Xã Cẩm Thành	Huyện Cẩm Xuyên	42	Tỉnh Hà Tĩnh	42	18685	exact	18685:Xã Cẩm Bình
18697	Xã Cẩm Quang	Huyện Cẩm Xuyên	42	Tỉnh Hà Tĩnh	42	18673	exact	18673:Xã Cẩm Xuyên
18706	Xã Cẩm Thạch	Huyện Cẩm Xuyên	42	Tỉnh Hà Tĩnh	42	18739	exact	18739:Xã Cẩm Duệ
18709	Xã Cẩm Nhượng	Huyện Cẩm Xuyên	42	Tỉnh Hà Tĩnh	42	18676	exact	18676:Xã Thiên Cầm
18712	Xã Nam Phúc Thăng	Huyện Cẩm Xuyên	42	Tỉnh Hà Tĩnh	42	18676	exact	18676:Xã Thiên Cầm
18715	Xã Cẩm Duệ	Huyện Cẩm Xuyên	42	Tỉnh Hà Tĩnh	42	18739	exact	18739:Xã Cẩm Duệ
18721	Xã Cẩm Lĩnh	Huyện Cẩm Xuyên	42	Tỉnh Hà Tĩnh	42	18742	exact	18742:Xã Cẩm Trung
18724	Xã Cẩm Quan	Huyện Cẩm Xuyên	42	Tỉnh Hà Tĩnh	42	18673	exact	18673:Xã Cẩm Xuyên
18727	Xã Cẩm Hà	Huyện Cẩm Xuyên	42	Tỉnh Hà Tĩnh	42	18736	exact	18736:Xã Cẩm Hưng
18730	Xã Cẩm Lộc	Huyện Cẩm Xuyên	42	Tỉnh Hà Tĩnh	42	18742	exact	18742:Xã Cẩm Trung
18733	Xã Cẩm Hưng	Huyện Cẩm Xuyên	42	Tỉnh Hà Tĩnh	42	18736	exact	18736:Xã Cẩm Hưng
18736	Xã Cẩm Thịnh	Huyện Cẩm Xuyên	42	Tỉnh Hà Tĩnh	42	18736	exact	18736:Xã Cẩm Hưng
18739	Xã Cẩm Mỹ	Huyện Cẩm Xuyên	42	Tỉnh Hà Tĩnh	42	18739	exact	18739:Xã Cẩm Duệ
18742	Xã Cẩm Trung	Huyện Cẩm Xuyên	42	Tỉnh Hà Tĩnh	42	18742	exact	18742:Xã Cẩm Trung
18745	Xã Cẩm Sơn	Huyện Cẩm Xuyên	42	Tỉnh Hà Tĩnh	42	18748	exact	18748:Xã Cẩm Lạc
18748	Xã Cẩm Lạc	Huyện Cẩm Xuyên	42	Tỉnh Hà Tĩnh	42	18748	exact	18748:Xã Cẩm Lạc
18751	Xã Cẩm Minh	Huyện Cẩm Xuyên	42	Tỉnh Hà Tĩnh	42	18748	exact	18748:Xã Cẩm Lạc
18754	Phường Hưng Trí	Thị xã Kỳ Anh	42	Tỉnh Hà Tĩnh	42	18754	exact	18754:Phường Sông Trí
18757	Xã Kỳ Xuân	Huyện Kỳ Anh	42	Tỉnh Hà Tĩnh	42	18766	exact	18766:Xã Kỳ Xuân
18760	Xã Kỳ Bắc	Huyện Kỳ Anh	42	Tỉnh Hà Tĩnh	42	18766	exact	18766:Xã Kỳ Xuân
18763	Xã Kỳ Phú	Huyện Kỳ Anh	42	Tỉnh Hà Tĩnh	42	18775	exact	18775:Xã Kỳ Anh
18766	Xã Kỳ Phong	Huyện Kỳ Anh	42	Tỉnh Hà Tĩnh	42	18766	exact	18766:Xã Kỳ Xuân
18769	Xã Kỳ Tiến	Huyện Kỳ Anh	42	Tỉnh Hà Tĩnh	42	18775	exact	18775:Xã Kỳ Anh
18772	Xã Kỳ Giang	Huyện Kỳ Anh	42	Tỉnh Hà Tĩnh	42	18775	exact	18775:Xã Kỳ Anh
18775	Xã Kỳ Đồng	Huyện Kỳ Anh	42	Tỉnh Hà Tĩnh	42		not_found	
18778	Xã Kỳ Khang	Huyện Kỳ Anh	42	Tỉnh Hà Tĩnh	42	18790	exact	18790:Xã Kỳ Khang
18781	Xã Kỳ Ninh	Thị xã Kỳ Anh	42	Tỉnh Hà Tĩnh	42		not_found	
18784	Xã Kỳ Văn	Huyện Kỳ Anh	42	Tỉnh Hà Tĩnh	42	18787	exact	18787:Xã Kỳ Văn
18787	Xã Kỳ Trung	Huyện Kỳ Anh	42	Tỉnh Hà Tĩnh	42	18787	exact	18787:Xã Kỳ Văn
18790	Xã Kỳ Thọ	Huyện Kỳ Anh	42	Tỉnh Hà Tĩnh	42	18790	exact	18790:Xã Kỳ Khang
18793	Xã Kỳ Tây	Huyện Kỳ Anh	42	Tỉnh Hà Tĩnh	42	18787	exact	18787:Xã Kỳ Văn
18796	Xã Kỳ Lợi	Thị xã Kỳ Anh	42	Tỉnh Hà Tĩnh	42		split	18823:Phường Vũng Áng|18832:Phường Hoành Sơn|18754:Phường Sông Trí
18799	Xã Kỳ Thượng	Huyện Kỳ Anh	42	Tỉnh Hà Tĩnh	42	18844	exact	18844:Xã Kỳ Thượng
18802	Xã Kỳ Hải	Huyện Kỳ Anh	42	Tỉnh Hà Tĩnh	42	18781	exact	18781:Phường Hải Ninh
18805	Xã Kỳ Thư	Huyện Kỳ Anh	42	Tỉnh Hà Tĩnh	42	18790	exact	18790:Xã Kỳ Khang
18808	Xã Kỳ Hà	Thị xã Kỳ Anh	42	Tỉnh Hà Tĩnh	42	18781	exact	18781:Phường Hải Ninh
18811	Xã Kỳ Châu	Huyện Kỳ Anh	42	Tỉnh Hà Tĩnh	42	18754	exact	18754:Phường Sông Trí
18814	Xã Kỳ Tân	Huyện Kỳ Anh	42	Tỉnh Hà Tĩnh	42	18814	exact	18814:Xã Kỳ Hoa
18820	Phường Kỳ Trinh	Thị xã Kỳ Anh	42	Tỉnh Hà Tĩnh	42	18754	exact	18754:Phường Sông Trí
18823	Phường Kỳ Thịnh	Thị xã Kỳ Anh	42	Tỉnh Hà Tĩnh	42	18823	exact	18823:Phường Vũng Áng
18829	Xã Kỳ Hoa	Thị xã Kỳ Anh	42	Tỉnh Hà Tĩnh	42	18814	exact	18814:Xã Kỳ Hoa
18832	Phường Kỳ Phương	Thị xã Kỳ Anh	42	Tỉnh Hà Tĩnh	42	18832	exact	18832:Phường Hoành Sơn
18835	Phường Kỳ Long	Thị xã Kỳ Anh	42	Tỉnh Hà Tĩnh	42	18823	exact	18823:Phường Vũng Áng
18838	Xã Lâm Hợp	Huyện Kỳ Anh	42	Tỉnh Hà Tĩnh	42	18838	exact	18838:Xã Kỳ Lạc
18841	Phường Kỳ Liên	Thị xã Kỳ Anh	42	Tỉnh Hà Tĩnh	42	18832	exact	18832:Phường Hoành Sơn
18844	Xã Kỳ Sơn	Huyện Kỳ Anh	42	Tỉnh Hà Tĩnh	42	18844	exact	18844:Xã Kỳ Thượng
18847	Xã Kỳ Nam	Thị xã Kỳ Anh	42	Tỉnh Hà Tĩnh	42		not_found	
18850	Xã Kỳ Lạc	Huyện Kỳ Anh	42	Tỉnh Hà Tĩnh	42	18838	exact	18838:Xã Kỳ Lạc
18853	Phường Hải Thành	Thành phố Đồng Hới	44	Tỉnh Quảng Bình	44	18880	exact	18880:Phường Đồng Hới
18856	Phường Đồng Phú	Thành phố Đồng Hới	44	Tỉnh Quảng Bình	44	18880	exact	18880:Phường Đồng Hới
18859	Phường Bắc Lý	Thành phố Đồng Hới	44	Tỉnh Quảng Bình	44	18859	exact	18859:Phường Đồng Thuận
18865	Phường Nam Lý	Thành phố Đồng Hới	44	Tỉnh Quảng Bình	44	18880	exact	18880:Phường Đồng Hới
18868	Phường Đồng Hải	Thành phố Đồng Hới	44	Tỉnh Quảng Bình	44	18880	exact	18880:Phường Đồng Hới
18871	Phường Đồng Sơn	Thành phố Đồng Hới	44	Tỉnh Quảng Bình	44	18871	exact	18871:Phường Đồng Sơn
18874	Phường Phú Hải	Thành phố Đồng Hới	44	Tỉnh Quảng Bình	44	18880	exact	18880:Phường Đồng Hới
18877	Phường Bắc Nghĩa	Thành phố Đồng Hới	44	Tỉnh Quảng Bình	44	18871	exact	18871:Phường Đồng Sơn
18880	Phường Đức Ninh Đông	Thành phố Đồng Hới	44	Tỉnh Quảng Bình	44	18880	exact	18880:Phường Đồng Hới
18883	Xã Quang Phú	Thành phố Đồng Hới	44	Tỉnh Quảng Bình	44		split	18859:Phường Đồng Thuận|19021:Xã Phú Trạch
18886	Xã Lộc Ninh	Thành phố Đồng Hới	44	Tỉnh Quảng Bình	44	18859	exact	18859:Phường Đồng Thuận
18889	Xã Bảo Ninh	Thành phố Đồng Hới	44	Tỉnh Quảng Bình	44	18880	exact	18880:Phường Đồng Hới
18892	Xã Nghĩa Ninh	Thành phố Đồng Hới	44	Tỉnh Quảng Bình	44	18871	exact	18871:Phường Đồng Sơn
18895	Xã Thuận Đức	Thành phố Đồng Hới	44	Tỉnh Quảng Bình	44	18871	exact	18871:Phường Đồng Sơn
18898	Xã Đức Ninh	Thành phố Đồng Hới	44	Tỉnh Quảng Bình	44	18880	exact	18880:Phường Đồng Hới
18901	Thị trấn Quy Đạt	Huyện Minh Hóa	44	Tỉnh Quảng Bình	44	18901	exact	18901:Xã Minh Hóa
18904	Xã Dân Hóa	Huyện Minh Hóa	44	Tỉnh Quảng Bình	44	18904	exact	18904:Xã Dân Hóa
18907	Xã Trọng Hóa	Huyện Minh Hóa	44	Tỉnh Quảng Bình	44	18904	exact	18904:Xã Dân Hóa
18910	Xã Hóa Phúc	Huyện Minh Hóa	44	Tỉnh Quảng Bình	44		not_found	
18913	Xã Hồng Hóa	Huyện Minh Hóa	44	Tỉnh Quảng Bình	44	18901	exact	18901:Xã Minh Hóa
18916	Xã Hóa Thanh	Huyện Minh Hóa	44	Tỉnh Quảng Bình	44		not_found	
18919	Xã Hóa Tiến	Huyện Minh Hóa	44	Tỉnh Quảng Bình	44		not_found	
18922	Xã Hóa Hợp	Huyện Minh Hóa	44	Tỉnh Quảng Bình	44	18922	exact	18922:Xã Kim Điền
18925	Xã Xuân Hóa	Huyện Minh Hóa	44	Tỉnh Quảng Bình	44	18901	exact	18901:Xã Minh Hóa
18928	Xã Yên Hóa	Huyện Minh Hóa	44	Tỉnh Quảng Bình	44	18901	exact	18901:Xã Minh Hóa
18931	Xã Minh Hóa	Huyện Minh Hóa	44	Tỉnh Quảng Bình	44	18943	exact	18943:Xã Kim Phú
18934	Xã Tân Hóa	Huyện Minh Hóa	44	Tỉnh Quảng Bình	44	18943	exact	18943:Xã Kim Phú
18937	Xã Hóa Sơn	Huyện Minh Hóa	44	Tỉnh Quảng Bình	44	18922	exact	18922:Xã Kim Điền
18943	Xã Trung Hóa	Huyện Minh Hóa	44	Tỉnh Quảng Bình	44	18943	exact	18943:Xã Kim Phú
18946	Xã Thượng Hóa	Huyện Minh Hóa	44	Tỉnh Quảng Bình	44	18943	exact	18943:Xã Kim Phú
18949	Thị trấn Đồng Lê	Huyện Tuyên Hóa	44	Tỉnh Quảng Bình	44	18949	exact	18949:Xã Đồng Lê
18952	Xã Hương Hóa	Huyện Tuyên Hóa	44	Tỉnh Quảng Bình	44	18952	exact	18952:Xã Tuyên Sơn
18955	Xã Kim Hóa	Huyện Tuyên Hóa	44	Tỉnh Quảng Bình	44	18949	exact	18949:Xã Đồng Lê
18958	Xã Thanh Hóa	Huyện Tuyên Hóa	44	Tỉnh Quảng Bình	44	18958	exact	18958:Xã Tuyên Lâm
18961	Xã Thanh Thạch	Huyện Tuyên Hóa	44	Tỉnh Quảng Bình	44	18952	exact	18952:Xã Tuyên Sơn
18964	Xã Thuận Hóa	Huyện Tuyên Hóa	44	Tỉnh Quảng Bình	44	18949	exact	18949:Xã Đồng Lê
18967	Xã Lâm Hóa	Huyện Tuyên Hóa	44	Tỉnh Quảng Bình	44	18958	exact	18958:Xã Tuyên Lâm
18970	Xã Lê Hóa	Huyện Tuyên Hóa	44	Tỉnh Quảng Bình	44	18949	exact	18949:Xã Đồng Lê
18973	Xã Sơn Hóa	Huyện Tuyên Hóa	44	Tỉnh Quảng Bình	44	18949	exact	18949:Xã Đồng Lê
18976	Xã Đồng Hóa	Huyện Tuyên Hóa	44	Tỉnh Quảng Bình	44	18985	exact	18985:Xã Tuyên Phú
18979	Xã Ngư Hóa	Huyện Tuyên Hóa	44	Tỉnh Quảng Bình	44	18991	exact	18991:Xã Tuyên Bình
18985	Xã Thạch Hóa	Huyện Tuyên Hóa	44	Tỉnh Quảng Bình	44	18985	exact	18985:Xã Tuyên Phú
18988	Xã Đức Hóa	Huyện Tuyên Hóa	44	Tỉnh Quảng Bình	44	18985	exact	18985:Xã Tuyên Phú
18991	Xã Phong Hóa	Huyện Tuyên Hóa	44	Tỉnh Quảng Bình	44	18991	exact	18991:Xã Tuyên Bình
18994	Xã Mai Hóa	Huyện Tuyên Hóa	44	Tỉnh Quảng Bình	44	18991	exact	18991:Xã Tuyên Bình
18997	Xã Tiến Hóa	Huyện Tuyên Hóa	44	Tỉnh Quảng Bình	44	18997	exact	18997:Xã Tuyên Hóa
19000	Xã Châu Hóa	Huyện Tuyên Hóa	44	Tỉnh Quảng Bình	44	18997	exact	18997:Xã Tuyên Hóa
19003	Xã Cao Quảng	Huyện Tuyên Hóa	44	Tỉnh Quảng Bình	44	18997	exact	18997:Xã Tuyên Hóa
19006	Xã Văn Hóa	Huyện Tuyên Hóa	44	Tỉnh Quảng Bình	44	18997	exact	18997:Xã Tuyên Hóa
19009	Phường Ba Đồn	Thị xã Ba Đồn	44	Tỉnh Quảng Bình	44	19009	exact	19009:Phường Ba Đồn
19012	Xã Quảng Hợp	Huyện Quảng Trạch	44	Tỉnh Quảng Bình	44	19021	exact	19021:Xã Phú Trạch
19015	Xã Quảng Kim	Huyện Quảng Trạch	44	Tỉnh Quảng Bình	44	19021	exact	19021:Xã Phú Trạch
19018	Xã Quảng Đông	Huyện Quảng Trạch	44	Tỉnh Quảng Bình	44	19021	exact	19021:Xã Phú Trạch
19021	Xã Quảng Phú	Huyện Quảng Trạch	44	Tỉnh Quảng Bình	44		split	18859:Phường Đồng Thuận|19021:Xã Phú Trạch
19024	Xã Quảng Châu	Huyện Quảng Trạch	44	Tỉnh Quảng Bình	44	19033	exact	19033:Xã Hòa Trạch
19027	Xã Quảng Thạch	Huyện Quảng Trạch	44	Tỉnh Quảng Bình	44	19030	exact	19030:Xã Trung Thuần
19030	Xã Quảng Lưu	Huyện Quảng Trạch	44	Tỉnh Quảng Bình	44	19030	exact	19030:Xã Trung Thuần
19033	Xã Quảng Tùng	Huyện Quảng Trạch	44	Tỉnh Quảng Bình	44	19033	exact	19033:Xã Hòa Trạch
19036	Xã Cảnh Dương	Huyện Quảng Trạch	44	Tỉnh Quảng Bình	44	19033	exact	19033:Xã Hòa Trạch
19039	Xã Quảng Tiến	Huyện Quảng Trạch	44	Tỉnh Quảng Bình	44		split	19075:Xã Nam Ba Đồn|19030:Xã Trung Thuần
19042	Xã Quảng Hưng	Huyện Quảng Trạch	44	Tỉnh Quảng Bình	44	19057	exact	19057:Xã Quảng Trạch
19045	Xã Quảng Xuân	Huyện Quảng Trạch	44	Tỉnh Quảng Bình	44	19057	exact	19057:Xã Quảng Trạch
19048	Xã Cảnh Hóa	Huyện Quảng Trạch	44	Tỉnh Quảng Bình	44		not_found	
19051	Xã Liên Trường	Huyện Quảng Trạch	44	Tỉnh Quảng Bình	44	19051	exact	19051:Xã Tân Gianh
19057	Xã Quảng Phương	Huyện Quảng Trạch	44	Tỉnh Quảng Bình	44	19057	exact	19057:Xã Quảng Trạch
19060	Phường Quảng Long	Thị xã Ba Đồn	44	Tỉnh Quảng Bình	44	19009	exact	19009:Phường Ba Đồn
19063	Xã Phù Hóa	Huyện Quảng Trạch	44	Tỉnh Quảng Bình	44		not_found	
19066	Phường Quảng Thọ	Thị xã Ba Đồn	44	Tỉnh Quảng Bình	44	19066	exact	19066:Phường Bắc Gianh
19069	Xã Quảng Tiên	Thị xã Ba Đồn	44	Tỉnh Quảng Bình	44		split	19075:Xã Nam Ba Đồn|19030:Xã Trung Thuần
19072	Xã Quảng Thanh	Huyện Quảng Trạch	44	Tỉnh Quảng Bình	44	19051	exact	19051:Xã Tân Gianh
19075	Xã Quảng Trung	Thị xã Ba Đồn	44	Tỉnh Quảng Bình	44	19075	exact	19075:Xã Nam Ba Đồn
19078	Phường Quảng Phong	Thị xã Ba Đồn	44	Tỉnh Quảng Bình	44	19009	exact	19009:Phường Ba Đồn
19081	Phường Quảng Thuận	Thị xã Ba Đồn	44	Tỉnh Quảng Bình	44	19066	exact	19066:Phường Bắc Gianh
19084	Xã Quảng Tân	Thị xã Ba Đồn	44	Tỉnh Quảng Bình	44	19075	exact	19075:Xã Nam Ba Đồn
19087	Xã Quảng Hải	Thị xã Ba Đồn	44	Tỉnh Quảng Bình	44	19009	exact	19009:Phường Ba Đồn
19090	Xã Quảng Sơn	Thị xã Ba Đồn	44	Tỉnh Quảng Bình	44	19075	exact	19075:Xã Nam Ba Đồn
19093	Xã Quảng Lộc	Thị xã Ba Đồn	44	Tỉnh Quảng Bình	44	19093	exact	19093:Xã Nam Gianh
19096	Xã Quảng Thủy	Thị xã Ba Đồn	44	Tỉnh Quảng Bình	44	19075	exact	19075:Xã Nam Ba Đồn
19099	Xã Quảng Văn	Thị xã Ba Đồn	44	Tỉnh Quảng Bình	44	19093	exact	19093:Xã Nam Gianh
19102	Phường Quảng Phúc	Thị xã Ba Đồn	44	Tỉnh Quảng Bình	44	19066	exact	19066:Phường Bắc Gianh
19105	Xã Quảng Hòa	Thị xã Ba Đồn	44	Tỉnh Quảng Bình	44	19093	exact	19093:Xã Nam Gianh
19108	Xã Quảng Minh	Thị xã Ba Đồn	44	Tỉnh Quảng Bình	44	19093	exact	19093:Xã Nam Gianh
19111	Thị trấn Hoàn Lão	Huyện Bố Trạch	44	Tỉnh Quảng Bình	44	19111	exact	19111:Xã Hoàn Lão
19114	Thị trấn NT Việt Trung	Huyện Bố Trạch	44	Tỉnh Quảng Bình	44		not_found	
19117	Xã Xuân Trạch	Huyện Bố Trạch	44	Tỉnh Quảng Bình	44	19138	exact	19138:Xã Phong Nha
19120	Xã Mỹ Trạch	Huyện Bố Trạch	44	Tỉnh Quảng Bình	44		not_found	
19123	Xã Hạ Trạch	Huyện Bố Trạch	44	Tỉnh Quảng Bình	44		not_found	
19126	Xã Bắc Trạch	Huyện Bố Trạch	44	Tỉnh Quảng Bình	44	19126	exact	19126:Xã Bắc Trạch
19129	Xã Lâm Trạch	Huyện Bố Trạch	44	Tỉnh Quảng Bình	44	19138	exact	19138:Xã Phong Nha
19132	Xã Thanh Trạch	Huyện Bố Trạch	44	Tỉnh Quảng Bình	44	19126	exact	19126:Xã Bắc Trạch
19135	Xã Liên Trạch	Huyện Bố Trạch	44	Tỉnh Quảng Bình	44	19126	exact	19126:Xã Bắc Trạch
19138	Xã Phúc Trạch	Huyện Bố Trạch	44	Tỉnh Quảng Bình	44	19138	exact	19138:Xã Phong Nha
19141	Xã Cự Nẫm	Huyện Bố Trạch	44	Tỉnh Quảng Bình	44	19141	exact	19141:Xã Bố Trạch
19144	Xã Hải Phú	Huyện Bố Trạch	44	Tỉnh Quảng Bình	44	19159	exact	19159:Xã Đông Trạch
19147	Xã Thượng Trạch	Huyện Bố Trạch	44	Tỉnh Quảng Bình	44	19147	exact	19147:Xã Thượng Trạch
19150	Xã Sơn Lộc	Huyện Bố Trạch	44	Tỉnh Quảng Bình	44	19159	exact	19159:Xã Đông Trạch
19156	Xã Hưng Trạch	Huyện Bố Trạch	44	Tỉnh Quảng Bình	44	19141	exact	19141:Xã Bố Trạch
19159	Xã Đồng Trạch	Huyện Bố Trạch	44	Tỉnh Quảng Bình	44	19159	exact	19159:Xã Đông Trạch
19162	Xã Đức Trạch	Huyện Bố Trạch	44	Tỉnh Quảng Bình	44	19159	exact	19159:Xã Đông Trạch
19165	Thị trấn Phong Nha	Huyện Bố Trạch	44	Tỉnh Quảng Bình	44	19138	exact	19138:Xã Phong Nha
19168	Xã Vạn Trạch	Huyện Bố Trạch	44	Tỉnh Quảng Bình	44	19141	exact	19141:Xã Bố Trạch
19174	Xã Phú Định	Huyện Bố Trạch	44	Tỉnh Quảng Bình	44	19141	exact	19141:Xã Bố Trạch
19177	Xã Trung Trạch	Huyện Bố Trạch	44	Tỉnh Quảng Bình	44	19111	exact	19111:Xã Hoàn Lão
19180	Xã Tây Trạch	Huyện Bố Trạch	44	Tỉnh Quảng Bình	44	19111	exact	19111:Xã Hoàn Lão
19183	Xã Hòa Trạch	Huyện Bố Trạch	44	Tỉnh Quảng Bình	44	19111	exact	19111:Xã Hoàn Lão
19186	Xã Đại Trạch	Huyện Bố Trạch	44	Tỉnh Quảng Bình	44	19111	exact	19111:Xã Hoàn Lão
19189	Xã Nhân Trạch	Huyện Bố Trạch	44	Tỉnh Quảng Bình	44	19198	exact	19198:Xã Nam Trạch
19192	Xã Tân Trạch	Huyện Bố Trạch	44	Tỉnh Quảng Bình	44	19147	exact	19147:Xã Thượng Trạch
19195	Xã Nam Trạch	Huyện Bố Trạch	44	Tỉnh Quảng Bình	44	19198	exact	19198:Xã Nam Trạch
19198	Xã Lý Trạch	Huyện Bố Trạch	44	Tỉnh Quảng Bình	44		not_found	
19201	Thị trấn Quán Hàu	Huyện Quảng Ninh	44	Tỉnh Quảng Bình	44	19207	exact	19207:Xã Quảng Ninh
19204	Xã Trường Sơn	Huyện Quảng Ninh	44	Tỉnh Quảng Bình	44	19204	exact	19204:Xã Trường Sơn
19207	Xã Lương Ninh	Huyện Quảng Ninh	44	Tỉnh Quảng Bình	44		not_found	
19210	Xã Vĩnh Ninh	Huyện Quảng Ninh	44	Tỉnh Quảng Bình	44	19207	exact	19207:Xã Quảng Ninh
19213	Xã Võ Ninh	Huyện Quảng Ninh	44	Tỉnh Quảng Bình	44	19207	exact	19207:Xã Quảng Ninh
19216	Xã Hải Ninh	Huyện Quảng Ninh	44	Tỉnh Quảng Bình	44	19225	exact	19225:Xã Ninh Châu
19219	Xã Hàm Ninh	Huyện Quảng Ninh	44	Tỉnh Quảng Bình	44	19207	exact	19207:Xã Quảng Ninh
19222	Xã Duy Ninh	Huyện Quảng Ninh	44	Tỉnh Quảng Bình	44	19225	exact	19225:Xã Ninh Châu
19225	Xã Gia Ninh	Huyện Quảng Ninh	44	Tỉnh Quảng Bình	44	19225	exact	19225:Xã Ninh Châu
19228	Xã Trường Xuân	Huyện Quảng Ninh	44	Tỉnh Quảng Bình	44	19204	exact	19204:Xã Trường Sơn
19231	Xã Hiền Ninh	Huyện Quảng Ninh	44	Tỉnh Quảng Bình	44	19237	exact	19237:Xã Trường Ninh
19234	Xã Tân Ninh	Huyện Quảng Ninh	44	Tỉnh Quảng Bình	44	19225	exact	19225:Xã Ninh Châu
19237	Xã Xuân Ninh	Huyện Quảng Ninh	44	Tỉnh Quảng Bình	44	19237	exact	19237:Xã Trường Ninh
19240	Xã An Ninh	Huyện Quảng Ninh	44	Tỉnh Quảng Bình	44	19237	exact	19237:Xã Trường Ninh
19243	Xã Vạn Ninh	Huyện Quảng Ninh	44	Tỉnh Quảng Bình	44	19237	exact	19237:Xã Trường Ninh
19246	Thị trấn NT Lệ Ninh	Huyện Lệ Thủy	44	Tỉnh Quảng Bình	44		not_found	
19249	Thị trấn Kiến Giang	Huyện Lệ Thủy	44	Tỉnh Quảng Bình	44	19249	exact	19249:Xã Lệ Thủy
19252	Xã Hồng Thủy	Huyện Lệ Thủy	44	Tỉnh Quảng Bình	44	19255	exact	19255:Xã Cam Hồng
19255	Xã Ngư Thủy Bắc	Huyện Lệ Thủy	44	Tỉnh Quảng Bình	44	19255	exact	19255:Xã Cam Hồng
19258	Xã Hoa Thủy	Huyện Lệ Thủy	44	Tỉnh Quảng Bình	44	19246	exact	19246:Xã Lệ Ninh
19261	Xã Thanh Thủy	Huyện Lệ Thủy	44	Tỉnh Quảng Bình	44	19255	exact	19255:Xã Cam Hồng
19264	Xã An Thủy	Huyện Lệ Thủy	44	Tỉnh Quảng Bình	44	19249	exact	19249:Xã Lệ Thủy
19267	Xã Phong Thủy	Huyện Lệ Thủy	44	Tỉnh Quảng Bình	44	19249	exact	19249:Xã Lệ Thủy
19270	Xã Cam Thủy	Huyện Lệ Thủy	44	Tỉnh Quảng Bình	44	19255	exact	19255:Xã Cam Hồng
19273	Xã Ngân Thủy	Huyện Lệ Thủy	44	Tỉnh Quảng Bình	44	19318	exact	19318:Xã Kim Ngân
19276	Xã Sơn Thủy	Huyện Lệ Thủy	44	Tỉnh Quảng Bình	44	19246	exact	19246:Xã Lệ Ninh
19279	Xã Lộc Thủy	Huyện Lệ Thủy	44	Tỉnh Quảng Bình	44	19249	exact	19249:Xã Lệ Thủy
19285	Xã Liên Thủy	Huyện Lệ Thủy	44	Tỉnh Quảng Bình	44	19249	exact	19249:Xã Lệ Thủy
19288	Xã Hưng Thủy	Huyện Lệ Thủy	44	Tỉnh Quảng Bình	44	19288	exact	19288:Xã Sen Ngư
19291	Xã Dương Thủy	Huyện Lệ Thủy	44	Tỉnh Quảng Bình	44	19291	exact	19291:Xã Tân Mỹ
19294	Xã Tân Thủy	Huyện Lệ Thủy	44	Tỉnh Quảng Bình	44	19291	exact	19291:Xã Tân Mỹ
19297	Xã Phú Thủy	Huyện Lệ Thủy	44	Tỉnh Quảng Bình	44	19309	exact	19309:Xã Trường Phú
19300	Xã Xuân Thủy	Huyện Lệ Thủy	44	Tỉnh Quảng Bình	44	19249	exact	19249:Xã Lệ Thủy
19303	Xã Mỹ Thủy	Huyện Lệ Thủy	44	Tỉnh Quảng Bình	44	19291	exact	19291:Xã Tân Mỹ
19306	Xã Ngư Thủy	Huyện Lệ Thủy	44	Tỉnh Quảng Bình	44	19288	exact	19288:Xã Sen Ngư
19309	Xã Mai Thủy	Huyện Lệ Thủy	44	Tỉnh Quảng Bình	44	19309	exact	19309:Xã Trường Phú
19312	Xã Sen Thủy	Huyện Lệ Thủy	44	Tỉnh Quảng Bình	44	19288	exact	19288:Xã Sen Ngư
19315	Xã Thái Thủy	Huyện Lệ Thủy	44	Tỉnh Quảng Bình	44	19291	exact	19291:Xã Tân Mỹ
19318	Xã Kim Thủy	Huyện Lệ Thủy	44	Tỉnh Quảng Bình	44	19318	exact	19318:Xã Kim Ngân
19321	Xã Trường Thủy	Huyện Lệ Thủy	44	Tỉnh Quảng Bình	44	19309	exact	19309:Xã Trường Phú
19327	Xã Lâm Thủy	Huyện Lệ Thủy	44	Tỉnh Quảng Bình	44	19318	exact	19318:Xã Kim Ngân
19330	Phường Đông Giang	Thành phố Đông Hà	45	Tỉnh Quảng Trị	44	19333	exact	19333:Phường Đông Hà
19333	Phường 1	Thành phố Đông Hà	45	Tỉnh Quảng Trị	44	19333	exact	19333:Phường Đông Hà
19336	Phường Đông Lễ	Thành phố Đông Hà	45	Tỉnh Quảng Trị	44	19351	exact	19351:Phường Nam Đông Hà
19339	Phường Đông Thanh	Thành phố Đông Hà	45	Tỉnh Quảng Trị	44	19333	exact	19333:Phường Đông Hà
19342	Phường 2	Thành phố Đông Hà	45	Tỉnh Quảng Trị	44	19351	exact	19351:Phường Nam Đông Hà
19345	Phường 4	Thành phố Đông Hà	45	Tỉnh Quảng Trị	44	19333	exact	19333:Phường Đông Hà
19348	Phường 5	Thành phố Đông Hà	45	Tỉnh Quảng Trị	44	19351	exact	19351:Phường Nam Đông Hà
19351	Phường Đông Lương	Thành phố Đông Hà	45	Tỉnh Quảng Trị	44	19351	exact	19351:Phường Nam Đông Hà
19354	Phường 3	Thành phố Đông Hà	45	Tỉnh Quảng Trị	44	19333	exact	19333:Phường Đông Hà
19357	Phường 1	Thị xã Quảng Trị	45	Tỉnh Quảng Trị	44		split	19360:Phường Quảng Trị|19333:Phường Đông Hà
19358	Phường An Đôn	Thị xã Quảng Trị	45	Tỉnh Quảng Trị	44	19360	exact	19360:Phường Quảng Trị
19360	Phường 2	Thị xã Quảng Trị	45	Tỉnh Quảng Trị	44		split	19360:Phường Quảng Trị|19351:Phường Nam Đông Hà
19361	Phường 3	Thị xã Quảng Trị	45	Tỉnh Quảng Trị	44	19360	exact	19360:Phường Quảng Trị
19363	Thị trấn Hồ Xá	Huyện Vĩnh Linh	45	Tỉnh Quảng Trị	44	19363	exact	19363:Xã Vĩnh Linh
19366	Thị trấn Bến Quan	Huyện Vĩnh Linh	45	Tỉnh Quảng Trị	44	19366	exact	19366:Xã Bến Quan
19369	Xã Vĩnh Thái	Huyện Vĩnh Linh	45	Tỉnh Quảng Trị	44	19372	exact	19372:Xã Vĩnh Hoàng
19372	Xã Vĩnh Tú	Huyện Vĩnh Linh	45	Tỉnh Quảng Trị	44	19372	exact	19372:Xã Vĩnh Hoàng
19375	Xã Vĩnh Chấp	Huyện Vĩnh Linh	45	Tỉnh Quảng Trị	44	19363	exact	19363:Xã Vĩnh Linh
19378	Xã Trung Nam	Huyện Vĩnh Linh	45	Tỉnh Quảng Trị	44	19372	exact	19372:Xã Vĩnh Hoàng
19384	Xã Kim Thạch	Huyện Vĩnh Linh	45	Tỉnh Quảng Trị	44	19414	exact	19414:Xã Cửa Tùng
19387	Xã Vĩnh Long	Huyện Vĩnh Linh	45	Tỉnh Quảng Trị	44	19363	exact	19363:Xã Vĩnh Linh
19393	Xã Vĩnh Khê	Huyện Vĩnh Linh	45	Tỉnh Quảng Trị	44	19366	exact	19366:Xã Bến Quan
19396	Xã Vĩnh Hòa	Huyện Vĩnh Linh	45	Tỉnh Quảng Trị	44	19372	exact	19372:Xã Vĩnh Hoàng
19402	Xã Vĩnh Thủy	Huyện Vĩnh Linh	45	Tỉnh Quảng Trị	44	19405	exact	19405:Xã Vĩnh Thủy
19405	Xã Vĩnh Lâm	Huyện Vĩnh Linh	45	Tỉnh Quảng Trị	44	19405	exact	19405:Xã Vĩnh Thủy
19408	Xã Hiền Thành	Huyện Vĩnh Linh	45	Tỉnh Quảng Trị	44	19414	exact	19414:Xã Cửa Tùng
19414	Thị trấn Cửa Tùng	Huyện Vĩnh Linh	45	Tỉnh Quảng Trị	44	19414	exact	19414:Xã Cửa Tùng
19417	Xã Vĩnh Hà	Huyện Vĩnh Linh	45	Tỉnh Quảng Trị	44	19366	exact	19366:Xã Bến Quan
19420	Xã Vĩnh Sơn	Huyện Vĩnh Linh	45	Tỉnh Quảng Trị	44	19405	exact	19405:Xã Vĩnh Thủy
19423	Xã Vĩnh Giang	Huyện Vĩnh Linh	45	Tỉnh Quảng Trị	44	19414	exact	19414:Xã Cửa Tùng
19426	Xã Vĩnh Ô	Huyện Vĩnh Linh	45	Tỉnh Quảng Trị	44	19366	exact	19366:Xã Bến Quan
19429	Thị trấn Khe Sanh	Huyện Hướng Hóa	45	Tỉnh Quảng Trị	44	19429	exact	19429:Xã Khe Sanh
19432	Thị trấn Lao Bảo	Huyện Hướng Hóa	45	Tỉnh Quảng Trị	44	19432	exact	19432:Xã Lao Bảo
19435	Xã Hướng Lập	Huyện Hướng Hóa	45	Tỉnh Quảng Trị	44	19435	exact	19435:Xã Hướng Lập
19438	Xã Hướng Việt	Huyện Hướng Hóa	45	Tỉnh Quảng Trị	44	19435	exact	19435:Xã Hướng Lập
19441	Xã Hướng Phùng	Huyện Hướng Hóa	45	Tỉnh Quảng Trị	44	19441	exact	19441:Xã Hướng Phùng
19444	Xã Hướng Sơn	Huyện Hướng Hóa	45	Tỉnh Quảng Trị	44	19441	exact	19441:Xã Hướng Phùng
19447	Xã Hướng Linh	Huyện Hướng Hóa	45	Tỉnh Quảng Trị	44	19441	exact	19441:Xã Hướng Phùng
19450	Xã Tân Hợp	Huyện Hướng Hóa	45	Tỉnh Quảng Trị	44	19429	exact	19429:Xã Khe Sanh
19453	Xã Hướng Tân	Huyện Hướng Hóa	45	Tỉnh Quảng Trị	44	19429	exact	19429:Xã Khe Sanh
19456	Xã Tân Thành	Huyện Hướng Hóa	45	Tỉnh Quảng Trị	44	19432	exact	19432:Xã Lao Bảo
19459	Xã Tân Long	Huyện Hướng Hóa	45	Tỉnh Quảng Trị	44	19432	exact	19432:Xã Lao Bảo
19462	Xã Tân Lập	Huyện Hướng Hóa	45	Tỉnh Quảng Trị	44	19462	exact	19462:Xã Tân Lập
19465	Xã Tân Liên	Huyện Hướng Hóa	45	Tỉnh Quảng Trị	44	19462	exact	19462:Xã Tân Lập
19468	Xã Húc	Huyện Hướng Hóa	45	Tỉnh Quảng Trị	44	19429	exact	19429:Xã Khe Sanh
19471	Xã Thuận	Huyện Hướng Hóa	45	Tỉnh Quảng Trị	44	19489	exact	19489:Xã Lìa
19474	Xã Hướng Lộc	Huyện Hướng Hóa	45	Tỉnh Quảng Trị	44	19462	exact	19462:Xã Tân Lập
19477	Xã Ba Tầng	Huyện Hướng Hóa	45	Tỉnh Quảng Trị	44	19483	exact	19483:Xã A Dơi
19480	Xã Thanh	Huyện Hướng Hóa	45	Tỉnh Quảng Trị	44	19489	exact	19489:Xã Lìa
19483	Xã A Dơi	Huyện Hướng Hóa	45	Tỉnh Quảng Trị	44	19483	exact	19483:Xã A Dơi
19489	Xã Lìa	Huyện Hướng Hóa	45	Tỉnh Quảng Trị	44	19489	exact	19489:Xã Lìa
19492	Xã Xy	Huyện Hướng Hóa	45	Tỉnh Quảng Trị	44	19483	exact	19483:Xã A Dơi
19495	Thị trấn Gio Linh	Huyện Gio Linh	45	Tỉnh Quảng Trị	44	19495	exact	19495:Xã Gio Linh
19496	Thị trấn Cửa Việt	Huyện Gio Linh	45	Tỉnh Quảng Trị	44	19496	exact	19496:Xã Cửa Việt
19498	Xã Trung Giang	Huyện Gio Linh	45	Tỉnh Quảng Trị	44	19501	exact	19501:Xã Bến Hải
19501	Xã Trung Hải	Huyện Gio Linh	45	Tỉnh Quảng Trị	44	19501	exact	19501:Xã Bến Hải
19504	Xã Trung Sơn	Huyện Gio Linh	45	Tỉnh Quảng Trị	44	19501	exact	19501:Xã Bến Hải
19507	Xã Phong Bình	Huyện Gio Linh	45	Tỉnh Quảng Trị	44	19495	exact	19495:Xã Gio Linh
19510	Xã Gio Mỹ	Huyện Gio Linh	45	Tỉnh Quảng Trị	44	19495	exact	19495:Xã Gio Linh
19519	Xã Gio Hải	Huyện Gio Linh	45	Tỉnh Quảng Trị	44	19496	exact	19496:Xã Cửa Việt
19522	Xã Gio An	Huyện Gio Linh	45	Tỉnh Quảng Trị	44	19537	exact	19537:Xã Cồn Tiên
19525	Xã Gio Châu	Huyện Gio Linh	45	Tỉnh Quảng Trị	44		not_found	
19531	Xã Gio Việt	Huyện Gio Linh	45	Tỉnh Quảng Trị	44		not_found	
19534	Xã Linh Trường	Huyện Gio Linh	45	Tỉnh Quảng Trị	44	19537	exact	19537:Xã Cồn Tiên
19537	Xã Gio Sơn	Huyện Gio Linh	45	Tỉnh Quảng Trị	44	19537	exact	19537:Xã Cồn Tiên
19543	Xã Gio Mai	Huyện Gio Linh	45	Tỉnh Quảng Trị	44	19496	exact	19496:Xã Cửa Việt
19546	Xã Hải Thái	Huyện Gio Linh	45	Tỉnh Quảng Trị	44	19537	exact	19537:Xã Cồn Tiên
19549	Xã Linh Hải	Huyện Gio Linh	45	Tỉnh Quảng Trị	44		not_found	
19552	Xã Gio Quang	Huyện Gio Linh	45	Tỉnh Quảng Trị	44	19495	exact	19495:Xã Gio Linh
19555	Thị trấn Krông Klang	Huyện Đa Krông	45	Tỉnh Quảng Trị	44	19555	exact	19555:Xã Hướng Hiệp
19558	Xã Mò Ó	Huyện Đa Krông	45	Tỉnh Quảng Trị	44	19555	exact	19555:Xã Hướng Hiệp
19561	Xã Hướng Hiệp	Huyện Đa Krông	45	Tỉnh Quảng Trị	44	19555	exact	19555:Xã Hướng Hiệp
19564	Xã Đa Krông	Huyện Đa Krông	45	Tỉnh Quảng Trị	44	19564	exact	19564:Xã Đakrông
19567	Xã Triệu Nguyên	Huyện Đa Krông	45	Tỉnh Quảng Trị	44	19567	exact	19567:Xã Ba Lòng
19570	Xã Ba Lòng	Huyện Đa Krông	45	Tỉnh Quảng Trị	44	19567	exact	19567:Xã Ba Lòng
19576	Xã Ba Nang	Huyện Đa Krông	45	Tỉnh Quảng Trị	44	19564	exact	19564:Xã Đakrông
19579	Xã Tà Long	Huyện Đa Krông	45	Tỉnh Quảng Trị	44	19564	exact	19564:Xã Đakrông
19582	Xã Húc Nghì	Huyện Đa Krông	45	Tỉnh Quảng Trị	44	19588	exact	19588:Xã Tà Rụt
19585	Xã A Vao	Huyện Đa Krông	45	Tỉnh Quảng Trị	44	19588	exact	19588:Xã Tà Rụt
19588	Xã Tà Rụt	Huyện Đa Krông	45	Tỉnh Quảng Trị	44	19588	exact	19588:Xã Tà Rụt
19591	Xã A Bung	Huyện Đa Krông	45	Tỉnh Quảng Trị	44	19594	exact	19594:Xã La Lay
19594	Xã A Ngo	Huyện Đa Krông	45	Tỉnh Quảng Trị	44	19594	exact	19594:Xã La Lay
19597	Thị trấn Cam Lộ	Huyện Cam Lộ	45	Tỉnh Quảng Trị	44	19597	exact	19597:Xã Cam Lộ
19600	Xã Cam Tuyền	Huyện Cam Lộ	45	Tỉnh Quảng Trị	44	19603	exact	19603:Xã Hiếu Giang
19603	Xã Thanh An	Huyện Cam Lộ	45	Tỉnh Quảng Trị	44	19603	exact	19603:Xã Hiếu Giang
19606	Xã Cam Thủy	Huyện Cam Lộ	45	Tỉnh Quảng Trị	44	19603	exact	19603:Xã Hiếu Giang
19612	Xã Cam Thành	Huyện Cam Lộ	45	Tỉnh Quảng Trị	44	19597	exact	19597:Xã Cam Lộ
19615	Xã Cam Hiếu	Huyện Cam Lộ	45	Tỉnh Quảng Trị	44	19603	exact	19603:Xã Hiếu Giang
19618	Xã Cam Chính	Huyện Cam Lộ	45	Tỉnh Quảng Trị	44	19597	exact	19597:Xã Cam Lộ
19621	Xã Cam Nghĩa	Huyện Cam Lộ	45	Tỉnh Quảng Trị	44	19597	exact	19597:Xã Cam Lộ
19624	Thị trấn Ái Tử	Huyện Triệu Phong	45	Tỉnh Quảng Trị	44	19624	exact	19624:Xã Triệu Phong
19627	Xã Triệu An	Huyện Triệu Phong	45	Tỉnh Quảng Trị	44		not_found	
19630	Xã Triệu Vân	Huyện Triệu Phong	45	Tỉnh Quảng Trị	44		not_found	
19633	Xã Triệu Phước	Huyện Triệu Phong	45	Tỉnh Quảng Trị	44	19639	exact	19639:Xã Nam Cửa Việt
19636	Xã Triệu Độ	Huyện Triệu Phong	45	Tỉnh Quảng Trị	44	19645	exact	19645:Xã Triệu Bình
19639	Xã Triệu Trạch	Huyện Triệu Phong	45	Tỉnh Quảng Trị	44	19639	exact	19639:Xã Nam Cửa Việt
19642	Xã Triệu Thuận	Huyện Triệu Phong	45	Tỉnh Quảng Trị	44	19645	exact	19645:Xã Triệu Bình
19645	Xã Triệu Đại	Huyện Triệu Phong	45	Tỉnh Quảng Trị	44	19645	exact	19645:Xã Triệu Bình
19648	Xã Triệu Hòa	Huyện Triệu Phong	45	Tỉnh Quảng Trị	44	19645	exact	19645:Xã Triệu Bình
19651	Xã Triệu Lăng	Huyện Triệu Phong	45	Tỉnh Quảng Trị	44		not_found	
19654	Xã Triệu Sơn	Huyện Triệu Phong	45	Tỉnh Quảng Trị	44		not_found	
19657	Xã Triệu Long	Huyện Triệu Phong	45	Tỉnh Quảng Trị	44	19669	exact	19669:Xã Ái Tử
19660	Xã Triệu Tài	Huyện Triệu Phong	45	Tỉnh Quảng Trị	44	19654	exact	19654:Xã Triệu Cơ
19666	Xã Triệu Trung	Huyện Triệu Phong	45	Tỉnh Quảng Trị	44	19654	exact	19654:Xã Triệu Cơ
19669	Xã Triệu Ái	Huyện Triệu Phong	45	Tỉnh Quảng Trị	44	19669	exact	19669:Xã Ái Tử
19672	Xã Triệu Thượng	Huyện Triệu Phong	45	Tỉnh Quảng Trị	44	19624	exact	19624:Xã Triệu Phong
19675	Xã Triệu Giang	Huyện Triệu Phong	45	Tỉnh Quảng Trị	44	19669	exact	19669:Xã Ái Tử
19678	Xã Triệu Thành	Huyện Triệu Phong	45	Tỉnh Quảng Trị	44	19624	exact	19624:Xã Triệu Phong
19681	Thị trấn Diên Sanh	Huyện Hải Lăng	45	Tỉnh Quảng Trị	44	19681	exact	19681:Xã Diên Sanh
19684	Xã Hải An	Huyện Hải Lăng	45	Tỉnh Quảng Trị	44	19741	exact	19741:Xã Mỹ Thủy
19687	Xã Hải Ba	Huyện Hải Lăng	45	Tỉnh Quảng Trị	44		not_found	
19693	Xã Hải Quy	Huyện Hải Lăng	45	Tỉnh Quảng Trị	44	19699	exact	19699:Xã Vĩnh Định
19696	Xã Hải Quế	Huyện Hải Lăng	45	Tỉnh Quảng Trị	44		not_found	
19699	Xã Hải Hưng	Huyện Hải Lăng	45	Tỉnh Quảng Trị	44	19699	exact	19699:Xã Vĩnh Định
19702	Xã Hải Phú	Huyện Hải Lăng	45	Tỉnh Quảng Trị	44	19702	exact	19702:Xã Hải Lăng
19705	Xã Hải Lệ	Thị xã Quảng Trị	45	Tỉnh Quảng Trị	44	19360	exact	19360:Phường Quảng Trị
19708	Xã Hải Thượng	Huyện Hải Lăng	45	Tỉnh Quảng Trị	44	19702	exact	19702:Xã Hải Lăng
19711	Xã Hải Dương	Huyện Hải Lăng	45	Tỉnh Quảng Trị	44	19741	exact	19741:Xã Mỹ Thủy
19714	Xã Hải Định	Huyện Hải Lăng	45	Tỉnh Quảng Trị	44	19681	exact	19681:Xã Diên Sanh
19717	Xã Hải Lâm	Huyện Hải Lăng	45	Tỉnh Quảng Trị	44	19702	exact	19702:Xã Hải Lăng
19726	Xã Hải Phong	Huyện Hải Lăng	45	Tỉnh Quảng Trị	44	19735	exact	19735:Xã Nam Hải Lăng
19729	Xã Hải Trường	Huyện Hải Lăng	45	Tỉnh Quảng Trị	44	19681	exact	19681:Xã Diên Sanh
19735	Xã Hải Sơn	Huyện Hải Lăng	45	Tỉnh Quảng Trị	44	19735	exact	19735:Xã Nam Hải Lăng
19738	Xã Hải Chánh	Huyện Hải Lăng	45	Tỉnh Quảng Trị	44	19735	exact	19735:Xã Nam Hải Lăng
19741	Xã Hải Khê	Huyện Hải Lăng	45	Tỉnh Quảng Trị	44	19741	exact	19741:Xã Mỹ Thủy
19750	Phường Tây Lộc	Thành phố Huế	46	Tỉnh Thừa Thiên Huế	46	19753	exact	19753:Phường Phú Xuân
19753	Phường Thuận Lộc	Thành phố Huế	46	Tỉnh Thừa Thiên Huế	46	19753	exact	19753:Phường Phú Xuân
19756	Phường Gia Hội	Thành phố Huế	46	Tỉnh Thừa Thiên Huế	46	19753	exact	19753:Phường Phú Xuân
19759	Phường Phú Hậu	Thành phố Huế	46	Tỉnh Thừa Thiên Huế	46	19753	exact	19753:Phường Phú Xuân
19762	Phường Thuận Hòa	Thành phố Huế	46	Tỉnh Thừa Thiên Huế	46	19753	exact	19753:Phường Phú Xuân
19768	Phường Đông Ba	Thành phố Huế	46	Tỉnh Thừa Thiên Huế	46	19753	exact	19753:Phường Phú Xuân
19774	Phường Kim Long	Thành phố Huế	46	Tỉnh Thừa Thiên Huế	46	19774	exact	19774:Phường Kim Long
19777	Phường Vỹ Dạ	Thành phố Huế	46	Tỉnh Thừa Thiên Huế	46	19777	exact	19777:Phường Vỹ Dạ
19780	Phường Phường Đúc	Thành phố Huế	46	Tỉnh Thừa Thiên Huế	46		not_found	
19783	Phường Vĩnh Ninh	Thành phố Huế	46	Tỉnh Thừa Thiên Huế	46	19789	exact	19789:Phường Thuận Hóa
19786	Phường Phú Hội	Thành phố Huế	46	Tỉnh Thừa Thiên Huế	46	19789	exact	19789:Phường Thuận Hóa
19789	Phường Phú Nhuận	Thành phố Huế	46	Tỉnh Thừa Thiên Huế	46	19789	exact	19789:Phường Thuận Hóa
19792	Phường Xuân Phú	Thành phố Huế	46	Tỉnh Thừa Thiên Huế	46	19777	exact	19777:Phường Vỹ Dạ
19795	Phường Trường An	Thành phố Huế	46	Tỉnh Thừa Thiên Huế	46	19789	exact	19789:Phường Thuận Hóa
19798	Phường Phước Vĩnh	Thành phố Huế	46	Tỉnh Thừa Thiên Huế	46	19789	exact	19789:Phường Thuận Hóa
19801	Phường An Cựu	Thành phố Huế	46	Tỉnh Thừa Thiên Huế	46	19815	exact	19815:Phường An Cựu
19803	Phường An Hòa	Thành phố Huế	46	Tỉnh Thừa Thiên Huế	46	19804	exact	19804:Phường Hương An
19804	Phường Hương Sơ	Thành phố Huế	46	Tỉnh Thừa Thiên Huế	46	19804	exact	19804:Phường Hương An
19807	Phường Thuỷ Biều	Thành phố Huế	46	Tỉnh Thừa Thiên Huế	46	19813	exact	19813:Phường Thủy Xuân
19810	Phường Hương Long	Thành phố Huế	46	Tỉnh Thừa Thiên Huế	46	19774	exact	19774:Phường Kim Long
19813	Phường Thuỷ Xuân	Thành phố Huế	46	Tỉnh Thừa Thiên Huế	46	19813	exact	19813:Phường Thủy Xuân
19815	Phường An Đông	Thành phố Huế	46	Tỉnh Thừa Thiên Huế	46	19815	exact	19815:Phường An Cựu
19816	Phường An Tây	Thành phố Huế	46	Tỉnh Thừa Thiên Huế	46	19815	exact	19815:Phường An Cựu
19819	Thị trấn Phong Điền	Huyện Phong Điền	46	Tỉnh Thừa Thiên Huế	46		not_found	
19822	Xã Điền Hương	Huyện Phong Điền	46	Tỉnh Thừa Thiên Huế	46		not_found	
19825	Xã Điền Môn	Huyện Phong Điền	46	Tỉnh Thừa Thiên Huế	46		not_found	
19828	Xã Điền Lộc	Huyện Phong Điền	46	Tỉnh Thừa Thiên Huế	46		not_found	
19831	Xã Phong Bình	Huyện Phong Điền	46	Tỉnh Thừa Thiên Huế	46	19831	exact	19831:Phường Phong Dinh
19834	Xã Điền Hòa	Huyện Phong Điền	46	Tỉnh Thừa Thiên Huế	46		not_found	
19837	Xã Phong Chương	Huyện Phong Điền	46	Tỉnh Thừa Thiên Huế	46	19831	exact	19831:Phường Phong Dinh
19840	Xã Phong Hải	Huyện Phong Điền	46	Tỉnh Thừa Thiên Huế	46		not_found	
19843	Xã Điền Hải	Huyện Phong Điền	46	Tỉnh Thừa Thiên Huế	46		not_found	
19846	Xã Phong Hòa	Huyện Phong Điền	46	Tỉnh Thừa Thiên Huế	46		not_found	
19849	Xã Phong Thu	Huyện Phong Điền	46	Tỉnh Thừa Thiên Huế	46		not_found	
19852	Xã Phong Hiền	Huyện Phong Điền	46	Tỉnh Thừa Thiên Huế	46		not_found	
19855	Xã Phong Mỹ	Huyện Phong Điền	46	Tỉnh Thừa Thiên Huế	46	19819	exact	19819:Phường Phong Điền
19858	Xã Phong An	Huyện Phong Điền	46	Tỉnh Thừa Thiên Huế	46		not_found	
19861	Xã Phong Xuân	Huyện Phong Điền	46	Tỉnh Thừa Thiên Huế	46	19819	exact	19819:Phường Phong Điền
19864	Xã Phong Sơn	Huyện Phong Điền	46	Tỉnh Thừa Thiên Huế	46	19858	exact	19858:Phường Phong Thái
19867	Thị trấn Sịa	Huyện Quảng Điền	46	Tỉnh Thừa Thiên Huế	46	19867	exact	19867:Xã Quảng Điền
19870	Xã Quảng Thái	Huyện Quảng Điền	46	Tỉnh Thừa Thiên Huế	46	19885	exact	19885:Xã Đan Điền
19873	Xã Quảng Ngạn	Huyện Quảng Điền	46	Tỉnh Thừa Thiên Huế	46	19873	exact	19873:Phường Phong Quảng
19876	Xã Quảng Lợi	Huyện Quảng Điền	46	Tỉnh Thừa Thiên Huế	46	19885	exact	19885:Xã Đan Điền
19879	Xã Quảng Công	Huyện Quảng Điền	46	Tỉnh Thừa Thiên Huế	46	19873	exact	19873:Phường Phong Quảng
19882	Xã Quảng Phước	Huyện Quảng Điền	46	Tỉnh Thừa Thiên Huế	46	19867	exact	19867:Xã Quảng Điền
19885	Xã Quảng Vinh	Huyện Quảng Điền	46	Tỉnh Thừa Thiên Huế	46	19885	exact	19885:Xã Đan Điền
19888	Xã Quảng An	Huyện Quảng Điền	46	Tỉnh Thừa Thiên Huế	46	19867	exact	19867:Xã Quảng Điền
19891	Xã Quảng Thành	Huyện Quảng Điền	46	Tỉnh Thừa Thiên Huế	46	20014	exact	20014:Phường Hóa Châu
19894	Xã Quảng Thọ	Huyện Quảng Điền	46	Tỉnh Thừa Thiên Huế	46	19867	exact	19867:Xã Quảng Điền
19897	Xã Quảng Phú	Huyện Quảng Điền	46	Tỉnh Thừa Thiên Huế	46	19885	exact	19885:Xã Đan Điền
19900	Phường Thuận An	Thành phố Huế	46	Tỉnh Thừa Thiên Huế	46	19900	exact	19900:Phường Thuận An
19903	Xã Phú Thuận	Huyện Phú Vang	46	Tỉnh Thừa Thiên Huế	46	19900	exact	19900:Phường Thuận An
19906	Xã Phú Dương	Thành phố Huế	46	Tỉnh Thừa Thiên Huế	46		not_found	
19909	Xã Phú Mậu	Thành phố Huế	46	Tỉnh Thừa Thiên Huế	46		not_found	
19912	Xã Phú An	Huyện Phú Vang	46	Tỉnh Thừa Thiên Huế	46	19930	exact	19930:Phường Mỹ Thượng
19915	Xã Phú Hải	Huyện Phú Vang	46	Tỉnh Thừa Thiên Huế	46	19900	exact	19900:Phường Thuận An
19918	Xã Phú Xuân	Huyện Phú Vang	46	Tỉnh Thừa Thiên Huế	46	19918	exact	19918:Xã Phú Hồ
19921	Xã Phú Diên	Huyện Phú Vang	46	Tỉnh Thừa Thiên Huế	46	19945	exact	19945:Xã Phú Vinh
19924	Xã Phú Thanh	Thành phố Huế	46	Tỉnh Thừa Thiên Huế	46		not_found	
19927	Xã Phú Mỹ	Huyện Phú Vang	46	Tỉnh Thừa Thiên Huế	46	19930	exact	19930:Phường Mỹ Thượng
19930	Phường Phú Thượng	Thành phố Huế	46	Tỉnh Thừa Thiên Huế	46	19930	exact	19930:Phường Mỹ Thượng
19933	Xã Phú Hồ	Huyện Phú Vang	46	Tỉnh Thừa Thiên Huế	46	19918	exact	19918:Xã Phú Hồ
19936	Xã Vinh Xuân	Huyện Phú Vang	46	Tỉnh Thừa Thiên Huế	46	19945	exact	19945:Xã Phú Vinh
19939	Xã Phú Lương	Huyện Phú Vang	46	Tỉnh Thừa Thiên Huế	46	19918	exact	19918:Xã Phú Hồ
19942	Thị trấn Phú Đa	Huyện Phú Vang	46	Tỉnh Thừa Thiên Huế	46	19942	exact	19942:Xã Phú Vang
19945	Xã Vinh Thanh	Huyện Phú Vang	46	Tỉnh Thừa Thiên Huế	46	19945	exact	19945:Xã Phú Vinh
19948	Xã Vinh An	Huyện Phú Vang	46	Tỉnh Thừa Thiên Huế	46	19945	exact	19945:Xã Phú Vinh
19954	Xã Phú Gia	Huyện Phú Vang	46	Tỉnh Thừa Thiên Huế	46	19942	exact	19942:Xã Phú Vang
19957	Xã Vinh Hà	Huyện Phú Vang	46	Tỉnh Thừa Thiên Huế	46	19942	exact	19942:Xã Phú Vang
19960	Phường Phú Bài	Thị xã Hương Thủy	46	Tỉnh Thừa Thiên Huế	46	19960	exact	19960:Phường Phú Bài
19963	Phường Thủy Vân	Thành phố Huế	46	Tỉnh Thừa Thiên Huế	46	19777	exact	19777:Phường Vỹ Dạ
19966	Xã Thủy Thanh	Thị xã Hương Thủy	46	Tỉnh Thừa Thiên Huế	46	19969	exact	19969:Phường Thanh Thủy
19969	Phường Thủy Dương	Thị xã Hương Thủy	46	Tỉnh Thừa Thiên Huế	46	19969	exact	19969:Phường Thanh Thủy
19972	Phường Thủy Phương	Thị xã Hương Thủy	46	Tỉnh Thừa Thiên Huế	46	19969	exact	19969:Phường Thanh Thủy
19975	Phường Thủy Châu	Thị xã Hương Thủy	46	Tỉnh Thừa Thiên Huế	46	19975	exact	19975:Phường Hương Thủy
19978	Phường Thủy Lương	Thị xã Hương Thủy	46	Tỉnh Thừa Thiên Huế	46	19975	exact	19975:Phường Hương Thủy
19981	Xã Thủy Bằng	Thành phố Huế	46	Tỉnh Thừa Thiên Huế	46		not_found	
19984	Xã Thủy Tân	Thị xã Hương Thủy	46	Tỉnh Thừa Thiên Huế	46	19975	exact	19975:Phường Hương Thủy
19987	Xã Thủy Phù	Thị xã Hương Thủy	46	Tỉnh Thừa Thiên Huế	46	19960	exact	19960:Phường Phú Bài
19990	Xã Phú Sơn	Thị xã Hương Thủy	46	Tỉnh Thừa Thiên Huế	46	19960	exact	19960:Phường Phú Bài
19993	Xã Dương Hòa	Thị xã Hương Thủy	46	Tỉnh Thừa Thiên Huế	46	19960	exact	19960:Phường Phú Bài
19996	Phường Tứ Hạ	Thị xã Hương Trà	46	Tỉnh Thừa Thiên Huế	46	19996	exact	19996:Phường Hương Trà
19999	Xã Hải Dương	Thành phố Huế	46	Tỉnh Thừa Thiên Huế	46		not_found	
20002	Xã Hương Phong	Thành phố Huế	46	Tỉnh Thừa Thiên Huế	46	20101	exact	20101:Xã A Lưới 4
20005	Xã Hương Toàn	Thị xã Hương Trà	46	Tỉnh Thừa Thiên Huế	46	20017	exact	20017:Phường Kim Trà
20008	Phường Hương Vân	Thị xã Hương Trà	46	Tỉnh Thừa Thiên Huế	46	19996	exact	19996:Phường Hương Trà
20011	Phường Hương Văn	Thị xã Hương Trà	46	Tỉnh Thừa Thiên Huế	46	19996	exact	19996:Phường Hương Trà
20014	Phường Hương Vinh	Thành phố Huế	46	Tỉnh Thừa Thiên Huế	46	20014	exact	20014:Phường Hóa Châu
20017	Phường Hương Xuân	Thị xã Hương Trà	46	Tỉnh Thừa Thiên Huế	46	20017	exact	20017:Phường Kim Trà
20020	Phường Hương Chữ	Thị xã Hương Trà	46	Tỉnh Thừa Thiên Huế	46	20017	exact	20017:Phường Kim Trà
20023	Phường Hương An	Thành phố Huế	46	Tỉnh Thừa Thiên Huế	46	19804	exact	19804:Phường Hương An
20026	Xã Hương Bình	Thị xã Hương Trà	46	Tỉnh Thừa Thiên Huế	46	20035	exact	20035:Xã Bình Điền
20029	Phường Hương Hồ	Thành phố Huế	46	Tỉnh Thừa Thiên Huế	46		not_found	
20032	Xã Hương Thọ	Thành phố Huế	46	Tỉnh Thừa Thiên Huế	46		not_found	
20035	Xã Bình Tiến	Thị xã Hương Trà	46	Tỉnh Thừa Thiên Huế	46	20035	exact	20035:Xã Bình Điền
20041	Xã Bình Thành	Thị xã Hương Trà	46	Tỉnh Thừa Thiên Huế	46	20035	exact	20035:Xã Bình Điền
20044	Thị trấn A Lưới	Huyện A Lưới	46	Tỉnh Thừa Thiên Huế	46	20044	exact	20044:Xã A Lưới 2
20047	Xã Hồng Vân	Huyện A Lưới	46	Tỉnh Thừa Thiên Huế	46	20056	exact	20056:Xã A Lưới 1
20050	Xã Hồng Hạ	Huyện A Lưới	46	Tỉnh Thừa Thiên Huế	46	20050	exact	20050:Xã A Lưới 5
20053	Xã Hồng Kim	Huyện A Lưới	46	Tỉnh Thừa Thiên Huế	46	20056	exact	20056:Xã A Lưới 1
20056	Xã Trung Sơn	Huyện A Lưới	46	Tỉnh Thừa Thiên Huế	46	20056	exact	20056:Xã A Lưới 1
20059	Xã Hương Nguyên	Huyện A Lưới	46	Tỉnh Thừa Thiên Huế	46	20050	exact	20050:Xã A Lưới 5
20065	Xã Hồng Bắc	Huyện A Lưới	46	Tỉnh Thừa Thiên Huế	46	20044	exact	20044:Xã A Lưới 2
20068	Xã A Ngo	Huyện A Lưới	46	Tỉnh Thừa Thiên Huế	46	20044	exact	20044:Xã A Lưới 2
20071	Xã Sơn Thủy	Huyện A Lưới	46	Tỉnh Thừa Thiên Huế	46	20071	exact	20071:Xã A Lưới 3
20074	Xã Phú Vinh	Huyện A Lưới	46	Tỉnh Thừa Thiên Huế	46	20071	exact	20071:Xã A Lưới 3
20080	Xã Hương Phong	Huyện A Lưới	46	Tỉnh Thừa Thiên Huế	46	20101	exact	20101:Xã A Lưới 4
20083	Xã Quảng Nhâm	Huyện A Lưới	46	Tỉnh Thừa Thiên Huế	46	20044	exact	20044:Xã A Lưới 2
20086	Xã Hồng Thượng	Huyện A Lưới	46	Tỉnh Thừa Thiên Huế	46	20071	exact	20071:Xã A Lưới 3
20089	Xã Hồng Thái	Huyện A Lưới	46	Tỉnh Thừa Thiên Huế	46	20071	exact	20071:Xã A Lưới 3
20095	Xã A Roàng	Huyện A Lưới	46	Tỉnh Thừa Thiên Huế	46	20101	exact	20101:Xã A Lưới 4
20098	Xã Đông Sơn	Huyện A Lưới	46	Tỉnh Thừa Thiên Huế	46	20101	exact	20101:Xã A Lưới 4
20101	Xã Lâm Đớt	Huyện A Lưới	46	Tỉnh Thừa Thiên Huế	46	20101	exact	20101:Xã A Lưới 4
20104	Xã Hồng Thủy	Huyện A Lưới	46	Tỉnh Thừa Thiên Huế	46	20056	exact	20056:Xã A Lưới 1
20107	Thị trấn Phú Lộc	Huyện Phú Lộc	46	Tỉnh Thừa Thiên Huế	46	20107	exact	20107:Xã Phú Lộc
20110	Thị trấn Lăng Cô	Huyện Phú Lộc	46	Tỉnh Thừa Thiên Huế	46	20137	exact	20137:Xã Chân Mây - Lăng Cô
20113	Xã Vinh Mỹ	Huyện Phú Lộc	46	Tỉnh Thừa Thiên Huế	46	20122	exact	20122:Xã Vinh Lộc
20116	Xã Vinh Hưng	Huyện Phú Lộc	46	Tỉnh Thừa Thiên Huế	46	20122	exact	20122:Xã Vinh Lộc
20122	Xã Giang Hải	Huyện Phú Lộc	46	Tỉnh Thừa Thiên Huế	46	20122	exact	20122:Xã Vinh Lộc
20125	Xã Vinh Hiền	Huyện Phú Lộc	46	Tỉnh Thừa Thiên Huế	46	20122	exact	20122:Xã Vinh Lộc
20128	Xã Lộc Bổn	Huyện Phú Lộc	46	Tỉnh Thừa Thiên Huế	46	20131	exact	20131:Xã Hưng Lộc
20131	Xã Lộc Sơn	Huyện Phú Lộc	46	Tỉnh Thừa Thiên Huế	46		not_found	
20134	Xã Lộc Bình	Huyện Phú Lộc	46	Tỉnh Thừa Thiên Huế	46	20107	exact	20107:Xã Phú Lộc
20137	Xã Lộc Vĩnh	Huyện Phú Lộc	46	Tỉnh Thừa Thiên Huế	46	20137	exact	20137:Xã Chân Mây - Lăng Cô
20140	Xã Lộc An	Huyện Phú Lộc	46	Tỉnh Thừa Thiên Huế	46	20140	exact	20140:Xã Lộc An
20143	Xã Lộc Điền	Huyện Phú Lộc	46	Tỉnh Thừa Thiên Huế	46	20140	exact	20140:Xã Lộc An
20146	Xã Lộc Thủy	Huyện Phú Lộc	46	Tỉnh Thừa Thiên Huế	46	20137	exact	20137:Xã Chân Mây - Lăng Cô
20149	Xã Lộc Trì	Huyện Phú Lộc	46	Tỉnh Thừa Thiên Huế	46	20107	exact	20107:Xã Phú Lộc
20152	Xã Lộc Tiến	Huyện Phú Lộc	46	Tỉnh Thừa Thiên Huế	46	20137	exact	20137:Xã Chân Mây - Lăng Cô
20155	Xã Lộc Hòa	Huyện Phú Lộc	46	Tỉnh Thừa Thiên Huế	46	20140	exact	20140:Xã Lộc An
20158	Xã Xuân Lộc	Huyện Phú Lộc	46	Tỉnh Thừa Thiên Huế	46	20131	exact	20131:Xã Hưng Lộc
20161	Thị trấn Khe Tre	Huyện Nam Đông	46	Tỉnh Thừa Thiên Huế	46	20161	exact	20161:Xã Khe Tre
20164	Xã Hương Phú	Huyện Nam Đông	46	Tỉnh Thừa Thiên Huế	46	20161	exact	20161:Xã Khe Tre
20167	Xã Hương Sơn	Huyện Nam Đông	46	Tỉnh Thừa Thiên Huế	46	20179	exact	20179:Xã Nam Đông
20170	Xã Hương Lộc	Huyện Nam Đông	46	Tỉnh Thừa Thiên Huế	46	20161	exact	20161:Xã Khe Tre
20173	Xã Thượng Quảng	Huyện Nam Đông	46	Tỉnh Thừa Thiên Huế	46	20182	exact	20182:Xã Long Quảng
20179	Xã Hương Xuân	Huyện Nam Đông	46	Tỉnh Thừa Thiên Huế	46	20179	exact	20179:Xã Nam Đông
20182	Xã Hương Hữu	Huyện Nam Đông	46	Tỉnh Thừa Thiên Huế	46	20182	exact	20182:Xã Long Quảng
20185	Xã Thượng Lộ	Huyện Nam Đông	46	Tỉnh Thừa Thiên Huế	46	20161	exact	20161:Xã Khe Tre
20188	Xã Thượng Long	Huyện Nam Đông	46	Tỉnh Thừa Thiên Huế	46	20182	exact	20182:Xã Long Quảng
20191	Xã Thượng Nhật	Huyện Nam Đông	46	Tỉnh Thừa Thiên Huế	46	20179	exact	20179:Xã Nam Đông
20194	Phường Hòa Hiệp Bắc	Quận Liên Chiểu	48	Thành phố Đà Nẵng	48	20194	exact	20194:Phường Hải Vân
20195	Phường Hòa Hiệp Nam	Quận Liên Chiểu	48	Thành phố Đà Nẵng	48	20194	exact	20194:Phường Hải Vân
20197	Phường Hòa Khánh Bắc	Quận Liên Chiểu	48	Thành phố Đà Nẵng	48	20197	exact	20197:Phường Liên Chiểu
20198	Phường Hòa Khánh Nam	Quận Liên Chiểu	48	Thành phố Đà Nẵng	48	20200	exact	20200:Phường Hòa Khánh
20200	Phường Hòa Minh	Quận Liên Chiểu	48	Thành phố Đà Nẵng	48	20200	exact	20200:Phường Hòa Khánh
20203	Phường Tam Thuận	Quận Thanh Khê	48	Thành phố Đà Nẵng	48		not_found	
20206	Phường Thanh Khê Tây	Quận Thanh Khê	48	Thành phố Đà Nẵng	48	20209	exact	20209:Phường Thanh Khê
20207	Phường Thanh Khê Đông	Quận Thanh Khê	48	Thành phố Đà Nẵng	48	20209	exact	20209:Phường Thanh Khê
20209	Phường Xuân Hà	Quận Thanh Khê	48	Thành phố Đà Nẵng	48	20209	exact	20209:Phường Thanh Khê
20212	Phường Tân Chính	Quận Thanh Khê	48	Thành phố Đà Nẵng	48		not_found	
20215	Phường Chính Gián	Quận Thanh Khê	48	Thành phố Đà Nẵng	48	20209	exact	20209:Phường Thanh Khê
20218	Phường Vĩnh Trung	Quận Thanh Khê	48	Thành phố Đà Nẵng	48		not_found	
20221	Phường Thạc Gián	Quận Thanh Khê	48	Thành phố Đà Nẵng	48	20209	exact	20209:Phường Thanh Khê
20224	Phường An Khê	Quận Thanh Khê	48	Thành phố Đà Nẵng	48	20305	exact	20305:Phường An Khê
20225	Phường Hòa Khê	Quận Thanh Khê	48	Thành phố Đà Nẵng	48		not_found	
20227	Phường Thanh Bình	Quận Hải Châu	48	Thành phố Đà Nẵng	48	20242	exact	20242:Phường Hải Châu
20230	Phường Thuận Phước	Quận Hải Châu	48	Thành phố Đà Nẵng	48	20242	exact	20242:Phường Hải Châu
20233	Phường Thạch Thang	Quận Hải Châu	48	Thành phố Đà Nẵng	48	20242	exact	20242:Phường Hải Châu
20236	Phường Hải Châu I	Quận Hải Châu	48	Thành phố Đà Nẵng	48		not_found	
20239	Phường Hải Châu II	Quận Hải Châu	48	Thành phố Đà Nẵng	48		not_found	
20242	Phường Phước Ninh	Quận Hải Châu	48	Thành phố Đà Nẵng	48	20242	exact	20242:Phường Hải Châu
20245	Phường Hòa Thuận Tây	Quận Hải Châu	48	Thành phố Đà Nẵng	48	20257	exact	20257:Phường Hòa Cường
20246	Phường Hòa Thuận Đông	Quận Hải Châu	48	Thành phố Đà Nẵng	48		not_found	
20248	Phường Nam Dương	Quận Hải Châu	48	Thành phố Đà Nẵng	48		not_found	
20251	Phường Bình Hiên	Quận Hải Châu	48	Thành phố Đà Nẵng	48		not_found	
20254	Phường Bình Thuận	Quận Hải Châu	48	Thành phố Đà Nẵng	48	20257	exact	20257:Phường Hòa Cường
20257	Phường Hòa Cường Bắc	Quận Hải Châu	48	Thành phố Đà Nẵng	48	20257	exact	20257:Phường Hòa Cường
20258	Phường Hòa Cường Nam	Quận Hải Châu	48	Thành phố Đà Nẵng	48	20257	exact	20257:Phường Hòa Cường
20260	Phường Khuê Trung	Quận Cẩm Lệ	48	Thành phố Đà Nẵng	48	20260	exact	20260:Phường Cẩm Lệ
20263	Phường Thọ Quang	Quận Sơn Trà	48	Thành phố Đà Nẵng	48	20263	exact	20263:Phường Sơn Trà
20266	Phường Nại Hiên Đông	Quận Sơn Trà	48	Thành phố Đà Nẵng	48	20263	exact	20263:Phường Sơn Trà
20269	Phường Mân Thái	Quận Sơn Trà	48	Thành phố Đà Nẵng	48	20263	exact	20263:Phường Sơn Trà
20272	Phường An Hải Bắc	Quận Sơn Trà	48	Thành phố Đà Nẵng	48	20275	exact	20275:Phường An Hải
20275	Phường Phước Mỹ	Quận Sơn Trà	48	Thành phố Đà Nẵng	48	20275	exact	20275:Phường An Hải
20278	Phường An Hải Tây	Quận Sơn Trà	48	Thành phố Đà Nẵng	48		not_found	
20281	Phường An Hải Đông	Quận Sơn Trà	48	Thành phố Đà Nẵng	48		not_found	
20284	Phường Mỹ An	Quận Ngũ Hành Sơn	48	Thành phố Đà Nẵng	48	20285	exact	20285:Phường Ngũ Hành Sơn
20285	Phường Khuê Mỹ	Quận Ngũ Hành Sơn	48	Thành phố Đà Nẵng	48	20285	exact	20285:Phường Ngũ Hành Sơn
20287	Phường Hoà Quý	Quận Ngũ Hành Sơn	48	Thành phố Đà Nẵng	48	20285	exact	20285:Phường Ngũ Hành Sơn
20290	Phường Hoà Hải	Quận Ngũ Hành Sơn	48	Thành phố Đà Nẵng	48	20285	exact	20285:Phường Ngũ Hành Sơn
20293	Xã Hòa Bắc	Huyện Hòa Vang	48	Thành phố Đà Nẵng	48	20194	exact	20194:Phường Hải Vân
20296	Xã Hòa Liên	Huyện Hòa Vang	48	Thành phố Đà Nẵng	48		split	20197:Phường Liên Chiểu|20194:Phường Hải Vân
20299	Xã Hòa Ninh	Huyện Hòa Vang	48	Thành phố Đà Nẵng	48	20308	exact	20308:Xã Bà Nà
20302	Xã Hòa Sơn	Huyện Hòa Vang	48	Thành phố Đà Nẵng	48	20200	exact	20200:Phường Hòa Khánh
20305	Phường Hòa Phát	Quận Cẩm Lệ	48	Thành phố Đà Nẵng	48	20305	exact	20305:Phường An Khê
20306	Phường Hòa An	Quận Cẩm Lệ	48	Thành phố Đà Nẵng	48	20305	exact	20305:Phường An Khê
20308	Xã Hòa Nhơn	Huyện Hòa Vang	48	Thành phố Đà Nẵng	48	20308	exact	20308:Xã Bà Nà
20311	Phường Hòa Thọ Tây	Quận Cẩm Lệ	48	Thành phố Đà Nẵng	48	20260	exact	20260:Phường Cẩm Lệ
20312	Phường Hòa Thọ Đông	Quận Cẩm Lệ	48	Thành phố Đà Nẵng	48	20260	exact	20260:Phường Cẩm Lệ
20314	Phường Hòa Xuân	Quận Cẩm Lệ	48	Thành phố Đà Nẵng	48	20314	exact	20314:Phường Hòa Xuân
20317	Xã Hòa Phú	Huyện Hòa Vang	48	Thành phố Đà Nẵng	48	20320	exact	20320:Xã Hòa Vang
20320	Xã Hòa Phong	Huyện Hòa Vang	48	Thành phố Đà Nẵng	48	20320	exact	20320:Xã Hòa Vang
20323	Xã Hòa Châu	Huyện Hòa Vang	48	Thành phố Đà Nẵng	48	20314	exact	20314:Phường Hòa Xuân
20326	Xã Hòa Tiến	Huyện Hòa Vang	48	Thành phố Đà Nẵng	48	20332	exact	20332:Xã Hòa Tiến
20329	Xã Hòa Phước	Huyện Hòa Vang	48	Thành phố Đà Nẵng	48	20314	exact	20314:Phường Hòa Xuân
20332	Xã Hòa Khương	Huyện Hòa Vang	48	Thành phố Đà Nẵng	48	20332	exact	20332:Xã Hòa Tiến
20335	Phường Tân Thạnh	Thành phố Tam Kỳ	49	Tỉnh Quảng Nam	48	20335	exact	20335:Phường Bàn Thạch
20338	Phường Phước Hòa	Thành phố Tam Kỳ	49	Tỉnh Quảng Nam	48		not_found	
20341	Phường An Mỹ	Thành phố Tam Kỳ	49	Tỉnh Quảng Nam	48	20341	exact	20341:Phường Tam Kỳ
20344	Phường Hòa Hương	Thành phố Tam Kỳ	49	Tỉnh Quảng Nam	48	20350	exact	20350:Phường Hương Trà
20347	Phường An Xuân	Thành phố Tam Kỳ	49	Tỉnh Quảng Nam	48	20341	exact	20341:Phường Tam Kỳ
20350	Phường An Sơn	Thành phố Tam Kỳ	49	Tỉnh Quảng Nam	48	20350	exact	20350:Phường Hương Trà
20353	Phường Trường Xuân	Thành phố Tam Kỳ	49	Tỉnh Quảng Nam	48	20341	exact	20341:Phường Tam Kỳ
20356	Phường An Phú	Thành phố Tam Kỳ	49	Tỉnh Quảng Nam	48	20356	exact	20356:Phường Quảng Phú
20359	Xã Tam Thanh	Thành phố Tam Kỳ	49	Tỉnh Quảng Nam	48		split	20356:Phường Quảng Phú|20380:Xã Tây Hồ|20977:Xã Đức Phú
20362	Xã Tam Thăng	Thành phố Tam Kỳ	49	Tỉnh Quảng Nam	48	20335	exact	20335:Phường Bàn Thạch
20364	Thị trấn Phú Thịnh	Huyện Phú Ninh	49	Tỉnh Quảng Nam	48	20364	exact	20364:Xã Chiên Đàn
20365	Xã Tam Thành	Huyện Phú Ninh	49	Tỉnh Quảng Nam	48		split	20356:Phường Quảng Phú|20380:Xã Tây Hồ|20977:Xã Đức Phú
20368	Xã Tam An	Huyện Phú Ninh	49	Tỉnh Quảng Nam	48	20380	exact	20380:Xã Tây Hồ
20371	Xã Tam Phú	Thành phố Tam Kỳ	49	Tỉnh Quảng Nam	48	20356	exact	20356:Phường Quảng Phú
20374	Xã Tam Đàn	Huyện Phú Ninh	49	Tỉnh Quảng Nam	48		split	20364:Xã Chiên Đàn|20392:Xã Phú Ninh
20375	Phường Hoà Thuận	Thành phố Tam Kỳ	49	Tỉnh Quảng Nam	48	20335	exact	20335:Phường Bàn Thạch
20377	Xã Tam Lộc	Huyện Phú Ninh	49	Tỉnh Quảng Nam	48	20380	exact	20380:Xã Tây Hồ
20380	Xã Tam Phước	Huyện Phú Ninh	49	Tỉnh Quảng Nam	48	20380	exact	20380:Xã Tây Hồ
20383	Xã Tam Vinh	Huyện Phú Ninh	49	Tỉnh Quảng Nam	48		not_found	
20386	Xã Tam Thái	Huyện Phú Ninh	49	Tỉnh Quảng Nam	48	20364	exact	20364:Xã Chiên Đàn
20387	Xã Tam Đại	Huyện Phú Ninh	49	Tỉnh Quảng Nam	48	20392	exact	20392:Xã Phú Ninh
20389	Xã Tam Ngọc	Thành phố Tam Kỳ	49	Tỉnh Quảng Nam	48	20350	exact	20350:Phường Hương Trà
20392	Xã Tam Dân	Huyện Phú Ninh	49	Tỉnh Quảng Nam	48		split	20364:Xã Chiên Đàn|20392:Xã Phú Ninh
20395	Xã Tam Lãnh	Huyện Phú Ninh	49	Tỉnh Quảng Nam	48	20392	exact	20392:Xã Phú Ninh
20398	Phường Minh An	Thành phố Hội An	49	Tỉnh Quảng Nam	48	20410	exact	20410:Phường Hội An
20401	Phường Tân An	Thành phố Hội An	49	Tỉnh Quảng Nam	48	20401	exact	20401:Phường Hội An Tây
20404	Phường Cẩm Phô	Thành phố Hội An	49	Tỉnh Quảng Nam	48	20410	exact	20410:Phường Hội An
20407	Phường Thanh Hà	Thành phố Hội An	49	Tỉnh Quảng Nam	48	20401	exact	20401:Phường Hội An Tây
20410	Phường Sơn Phong	Thành phố Hội An	49	Tỉnh Quảng Nam	48	20410	exact	20410:Phường Hội An
20413	Phường Cẩm Châu	Thành phố Hội An	49	Tỉnh Quảng Nam	48	20413	exact	20413:Phường Hội An Đông
20416	Phường Cửa Đại	Thành phố Hội An	49	Tỉnh Quảng Nam	48	20413	exact	20413:Phường Hội An Đông
20419	Phường Cẩm An	Thành phố Hội An	49	Tỉnh Quảng Nam	48	20401	exact	20401:Phường Hội An Tây
20422	Xã Cẩm Hà	Thành phố Hội An	49	Tỉnh Quảng Nam	48	20401	exact	20401:Phường Hội An Tây
20425	Xã Cẩm Kim	Thành phố Hội An	49	Tỉnh Quảng Nam	48	20410	exact	20410:Phường Hội An
20428	Phường Cẩm Nam	Thành phố Hội An	49	Tỉnh Quảng Nam	48	20410	exact	20410:Phường Hội An
20431	Xã Cẩm Thanh	Thành phố Hội An	49	Tỉnh Quảng Nam	48	20413	exact	20413:Phường Hội An Đông
20434	Xã Tân Hiệp	Thành phố Hội An	49	Tỉnh Quảng Nam	48	20434	exact	20434:Xã Tân Hiệp
20437	Xã Ch'ơm	Huyện Tây Giang	49	Tỉnh Quảng Nam	48	20443	exact	20443:Xã Hùng Sơn
20440	Xã Ga Ri	Huyện Tây Giang	49	Tỉnh Quảng Nam	48	20443	exact	20443:Xã Hùng Sơn
20443	Xã A Xan	Huyện Tây Giang	49	Tỉnh Quảng Nam	48	20443	exact	20443:Xã Hùng Sơn
20446	Xã Tr'Hy	Huyện Tây Giang	49	Tỉnh Quảng Nam	48	20443	exact	20443:Xã Hùng Sơn
20449	Xã Lăng	Huyện Tây Giang	49	Tỉnh Quảng Nam	48	20455	exact	20455:Xã Tây Giang
20452	Xã A Nông	Huyện Tây Giang	49	Tỉnh Quảng Nam	48	20455	exact	20455:Xã Tây Giang
20455	Xã A Tiêng	Huyện Tây Giang	49	Tỉnh Quảng Nam	48	20455	exact	20455:Xã Tây Giang
20458	Xã Bha Lê	Huyện Tây Giang	49	Tỉnh Quảng Nam	48		not_found	
20461	Xã A Vương	Huyện Tây Giang	49	Tỉnh Quảng Nam	48	20458	exact	20458:Xã Avương
20464	Xã Dang	Huyện Tây Giang	49	Tỉnh Quảng Nam	48	20455	exact	20455:Xã Tây Giang
20467	Thị trấn P Rao	Huyện Đông Giang	49	Tỉnh Quảng Nam	48	20467	exact	20467:Xã Đông Giang
20470	Xã Tà Lu	Huyện Đông Giang	49	Tỉnh Quảng Nam	48	20467	exact	20467:Xã Đông Giang
20473	Xã Sông Kôn	Huyện Đông Giang	49	Tỉnh Quảng Nam	48	20476	exact	20476:Xã Sông Kôn
20476	Xã Jơ Ngây	Huyện Đông Giang	49	Tỉnh Quảng Nam	48	20476	exact	20476:Xã Sông Kôn
20479	Xã A Ting	Huyện Đông Giang	49	Tỉnh Quảng Nam	48	20476	exact	20476:Xã Sông Kôn
20482	Xã Tư	Huyện Đông Giang	49	Tỉnh Quảng Nam	48	20485	exact	20485:Xã Sông Vàng
20485	Xã Ba	Huyện Đông Giang	49	Tỉnh Quảng Nam	48	20485	exact	20485:Xã Sông Vàng
20488	Xã A Rooi	Huyện Đông Giang	49	Tỉnh Quảng Nam	48	20467	exact	20467:Xã Đông Giang
20491	Xã Za Hung	Huyện Đông Giang	49	Tỉnh Quảng Nam	48	20467	exact	20467:Xã Đông Giang
20494	Xã Mà Cooi	Huyện Đông Giang	49	Tỉnh Quảng Nam	48		not_found	
20497	Xã Ka Dăng	Huyện Đông Giang	49	Tỉnh Quảng Nam	48	20494	exact	20494:Xã Bến Hiên
20500	Thị trấn Ái Nghĩa	Huyện Đại Lộc	49	Tỉnh Quảng Nam	48	20500	exact	20500:Xã Đại Lộc
20503	Xã Đại Sơn	Huyện Đại Lộc	49	Tỉnh Quảng Nam	48	20506	exact	20506:Xã Thượng Đức
20506	Xã Đại Lãnh	Huyện Đại Lộc	49	Tỉnh Quảng Nam	48	20506	exact	20506:Xã Thượng Đức
20509	Xã Đại Hưng	Huyện Đại Lộc	49	Tỉnh Quảng Nam	48	20506	exact	20506:Xã Thượng Đức
20512	Xã Đại Hồng	Huyện Đại Lộc	49	Tỉnh Quảng Nam	48	20515	exact	20515:Xã Hà Nha
20515	Xã Đại Đồng	Huyện Đại Lộc	49	Tỉnh Quảng Nam	48	20515	exact	20515:Xã Hà Nha
20518	Xã Đại Quang	Huyện Đại Lộc	49	Tỉnh Quảng Nam	48	20515	exact	20515:Xã Hà Nha
20521	Xã Đại Nghĩa	Huyện Đại Lộc	49	Tỉnh Quảng Nam	48	20500	exact	20500:Xã Đại Lộc
20524	Xã Đại Hiệp	Huyện Đại Lộc	49	Tỉnh Quảng Nam	48	20500	exact	20500:Xã Đại Lộc
20527	Xã Đại Thạnh	Huyện Đại Lộc	49	Tỉnh Quảng Nam	48	20542	exact	20542:Xã Phú Thuận
20530	Xã Đại Chánh	Huyện Đại Lộc	49	Tỉnh Quảng Nam	48	20542	exact	20542:Xã Phú Thuận
20533	Xã Đại Tân	Huyện Đại Lộc	49	Tỉnh Quảng Nam	48	20542	exact	20542:Xã Phú Thuận
20536	Xã Đại Phong	Huyện Đại Lộc	49	Tỉnh Quảng Nam	48	20539	exact	20539:Xã Vu Gia
20539	Xã Đại Minh	Huyện Đại Lộc	49	Tỉnh Quảng Nam	48	20539	exact	20539:Xã Vu Gia
20542	Xã Đại Thắng	Huyện Đại Lộc	49	Tỉnh Quảng Nam	48	20542	exact	20542:Xã Phú Thuận
20545	Xã Đại Cường	Huyện Đại Lộc	49	Tỉnh Quảng Nam	48	20539	exact	20539:Xã Vu Gia
20547	Xã Đại An	Huyện Đại Lộc	49	Tỉnh Quảng Nam	48	20500	exact	20500:Xã Đại Lộc
20548	Xã Đại Hòa	Huyện Đại Lộc	49	Tỉnh Quảng Nam	48	20500	exact	20500:Xã Đại Lộc
20551	Phường Vĩnh Điện	Thị xã Điện Bàn	49	Tỉnh Quảng Nam	48	20551	exact	20551:Phường Điện Bàn
20554	Xã Điện Tiến	Thị xã Điện Bàn	49	Tỉnh Quảng Nam	48	20557	exact	20557:Phường Điện Bàn Bắc
20557	Xã Điện Hòa	Thị xã Điện Bàn	49	Tỉnh Quảng Nam	48	20557	exact	20557:Phường Điện Bàn Bắc
20560	Phường Điện Thắng Bắc	Thị xã Điện Bàn	49	Tỉnh Quảng Nam	48	20557	exact	20557:Phường Điện Bàn Bắc
20561	Phường Điện Thắng Trung	Thị xã Điện Bàn	49	Tỉnh Quảng Nam	48	20575	exact	20575:Phường An Thắng
20562	Phường Điện Thắng Nam	Thị xã Điện Bàn	49	Tỉnh Quảng Nam	48	20575	exact	20575:Phường An Thắng
20563	Phường Điện Ngọc	Thị xã Điện Bàn	49	Tỉnh Quảng Nam	48	20579	exact	20579:Phường Điện Bàn Đông
20566	Xã Điện Hồng	Thị xã Điện Bàn	49	Tỉnh Quảng Nam	48	20569	exact	20569:Xã Điện Bàn Tây
20569	Xã Điện Thọ	Thị xã Điện Bàn	49	Tỉnh Quảng Nam	48	20569	exact	20569:Xã Điện Bàn Tây
20572	Xã Điện Phước	Thị xã Điện Bàn	49	Tỉnh Quảng Nam	48	20569	exact	20569:Xã Điện Bàn Tây
20575	Phường Điện An	Thị xã Điện Bàn	49	Tỉnh Quảng Nam	48	20575	exact	20575:Phường An Thắng
20578	Phường Điện Nam Bắc	Thị xã Điện Bàn	49	Tỉnh Quảng Nam	48	20579	exact	20579:Phường Điện Bàn Đông
20579	Phường Điện Nam Trung	Thị xã Điện Bàn	49	Tỉnh Quảng Nam	48	20579	exact	20579:Phường Điện Bàn Đông
20580	Phường Điện Nam Đông	Thị xã Điện Bàn	49	Tỉnh Quảng Nam	48	20579	exact	20579:Phường Điện Bàn Đông
20581	Phường Điện Dương	Thị xã Điện Bàn	49	Tỉnh Quảng Nam	48	20579	exact	20579:Phường Điện Bàn Đông
20584	Xã Điện Quang	Thị xã Điện Bàn	49	Tỉnh Quảng Nam	48	20587	exact	20587:Xã Gò Nổi
20587	Xã Điện Trung	Thị xã Điện Bàn	49	Tỉnh Quảng Nam	48	20587	exact	20587:Xã Gò Nổi
20590	Xã Điện Phong	Thị xã Điện Bàn	49	Tỉnh Quảng Nam	48	20587	exact	20587:Xã Gò Nổi
20593	Phường Điện Minh	Thị xã Điện Bàn	49	Tỉnh Quảng Nam	48	20551	exact	20551:Phường Điện Bàn
20596	Phường Điện Phương	Thị xã Điện Bàn	49	Tỉnh Quảng Nam	48	20551	exact	20551:Phường Điện Bàn
20599	Thị trấn Nam Phước	Huyện Duy Xuyên	49	Tỉnh Quảng Nam	48	20599	exact	20599:Xã Nam Phước
20602	Xã Duy Thu	Huyện Duy Xuyên	49	Tỉnh Quảng Nam	48		not_found	
20605	Xã Duy Phú	Huyện Duy Xuyên	49	Tỉnh Quảng Nam	48	20611	exact	20611:Xã Thu Bồn
20608	Xã Duy Tân	Huyện Duy Xuyên	49	Tỉnh Quảng Nam	48	20611	exact	20611:Xã Thu Bồn
20611	Xã Duy Hòa	Huyện Duy Xuyên	49	Tỉnh Quảng Nam	48	20611	exact	20611:Xã Thu Bồn
20614	Xã Duy Châu	Huyện Duy Xuyên	49	Tỉnh Quảng Nam	48	20611	exact	20611:Xã Thu Bồn
20617	Xã Duy Trinh	Huyện Duy Xuyên	49	Tỉnh Quảng Nam	48	20623	exact	20623:Xã Duy Xuyên
20620	Xã Duy Sơn	Huyện Duy Xuyên	49	Tỉnh Quảng Nam	48	20623	exact	20623:Xã Duy Xuyên
20623	Xã Duy Trung	Huyện Duy Xuyên	49	Tỉnh Quảng Nam	48	20623	exact	20623:Xã Duy Xuyên
20626	Xã Duy Phước	Huyện Duy Xuyên	49	Tỉnh Quảng Nam	48	20599	exact	20599:Xã Nam Phước
20629	Xã Duy Thành	Huyện Duy Xuyên	49	Tỉnh Quảng Nam	48	20635	exact	20635:Xã Duy Nghĩa
20632	Xã Duy Vinh	Huyện Duy Xuyên	49	Tỉnh Quảng Nam	48	20599	exact	20599:Xã Nam Phước
20635	Xã Duy Nghĩa	Huyện Duy Xuyên	49	Tỉnh Quảng Nam	48	20635	exact	20635:Xã Duy Nghĩa
20638	Xã Duy Hải	Huyện Duy Xuyên	49	Tỉnh Quảng Nam	48	20635	exact	20635:Xã Duy Nghĩa
20641	Thị trấn Đông Phú	Huyện Quế Sơn	49	Tỉnh Quảng Nam	48	20641	exact	20641:Xã Quế Sơn
20644	Xã Quế Xuân 1	Huyện Quế Sơn	49	Tỉnh Quảng Nam	48	20650	exact	20650:Xã Xuân Phú
20647	Xã Quế Xuân 2	Huyện Quế Sơn	49	Tỉnh Quảng Nam	48	20650	exact	20650:Xã Xuân Phú
20650	Xã Quế Phú	Huyện Quế Sơn	49	Tỉnh Quảng Nam	48	20650	exact	20650:Xã Xuân Phú
20651	Thị trấn Hương An	Huyện Quế Sơn	49	Tỉnh Quảng Nam	48	20650	exact	20650:Xã Xuân Phú
20656	Thị trấn Trung Phước	Huyện Nông Sơn	49	Tỉnh Quảng Nam	48	20656	exact	20656:Xã Nông Sơn
20659	Xã Quế Hiệp	Huyện Quế Sơn	49	Tỉnh Quảng Nam	48	20662	exact	20662:Xã Quế Sơn Trung
20662	Xã Quế Thuận	Huyện Quế Sơn	49	Tỉnh Quảng Nam	48	20662	exact	20662:Xã Quế Sơn Trung
20665	Xã Quế Mỹ	Huyện Quế Sơn	49	Tỉnh Quảng Nam	48	20662	exact	20662:Xã Quế Sơn Trung
20668	Xã Ninh Phước	Huyện Nông Sơn	49	Tỉnh Quảng Nam	48	20669	exact	20669:Xã Quế Phước
20669	Xã Phước Ninh	Huyện Nông Sơn	49	Tỉnh Quảng Nam	48	20669	exact	20669:Xã Quế Phước
20671	Xã Quế Lộc	Huyện Nông Sơn	49	Tỉnh Quảng Nam	48	20656	exact	20656:Xã Nông Sơn
20672	Xã Sơn Viên	Huyện Nông Sơn	49	Tỉnh Quảng Nam	48		not_found	
20677	Xã Quế Long	Huyện Quế Sơn	49	Tỉnh Quảng Nam	48	20641	exact	20641:Xã Quế Sơn
20680	Xã Quế Châu	Huyện Quế Sơn	49	Tỉnh Quảng Nam	48	20662	exact	20662:Xã Quế Sơn Trung
20683	Xã Quế Phong	Huyện Quế Sơn	49	Tỉnh Quảng Nam	48	20641	exact	20641:Xã Quế Sơn
20686	Xã Quế An	Huyện Quế Sơn	49	Tỉnh Quảng Nam	48	20641	exact	20641:Xã Quế Sơn
20689	Xã Quế Minh	Huyện Quế Sơn	49	Tỉnh Quảng Nam	48	20641	exact	20641:Xã Quế Sơn
20692	Xã Quế Lâm	Huyện Nông Sơn	49	Tỉnh Quảng Nam	48	20669	exact	20669:Xã Quế Phước
20695	Thị trấn Thạnh Mỹ	Huyện Nam Giang	49	Tỉnh Quảng Nam	48	20695	exact	20695:Xã Thạnh Mỹ
20698	Xã Laêê	Huyện Nam Giang	49	Tỉnh Quảng Nam	48	20698	exact	20698:Xã La Êê
20699	Xã Chơ Chun	Huyện Nam Giang	49	Tỉnh Quảng Nam	48	20698	exact	20698:Xã La Êê
20701	Xã Zuôich	Huyện Nam Giang	49	Tỉnh Quảng Nam	48		not_found	
20702	Xã Tà Pơơ	Huyện Nam Giang	49	Tỉnh Quảng Nam	48	20710	exact	20710:Xã Bến Giằng
20704	Xã La Dêê	Huyện Nam Giang	49	Tỉnh Quảng Nam	48	20704	exact	20704:Xã La Dêê
20705	Xã Đắc Tôi	Huyện Nam Giang	49	Tỉnh Quảng Nam	48	20704	exact	20704:Xã La Dêê
20707	Xã Chà Vàl	Huyện Nam Giang	49	Tỉnh Quảng Nam	48	20707	exact	20707:Xã Nam Giang
20710	Xã Tà Bhinh	Huyện Nam Giang	49	Tỉnh Quảng Nam	48		not_found	
20713	Xã Cà Dy	Huyện Nam Giang	49	Tỉnh Quảng Nam	48	20710	exact	20710:Xã Bến Giằng
20716	Xã Đắc Pre	Huyện Nam Giang	49	Tỉnh Quảng Nam	48	20716	exact	20716:Xã Đắc Pring
20719	Xã Đắc Pring	Huyện Nam Giang	49	Tỉnh Quảng Nam	48	20716	exact	20716:Xã Đắc Pring
20722	Thị trấn Khâm Đức	Huyện Phước Sơn	49	Tỉnh Quảng Nam	48	20722	exact	20722:Xã Khâm Đức
20725	Xã Phước Xuân	Huyện Phước Sơn	49	Tỉnh Quảng Nam	48	20722	exact	20722:Xã Khâm Đức
20728	Xã Phước Hiệp	Huyện Phước Sơn	49	Tỉnh Quảng Nam	48	20728	exact	20728:Xã Phước Hiệp
20729	Xã Phước Hoà	Huyện Phước Sơn	49	Tỉnh Quảng Nam	48	20728	exact	20728:Xã Phước Hiệp
20731	Xã Phước Đức	Huyện Phước Sơn	49	Tỉnh Quảng Nam	48	20734	exact	20734:Xã Phước Năng
20734	Xã Phước Năng	Huyện Phước Sơn	49	Tỉnh Quảng Nam	48	20734	exact	20734:Xã Phước Năng
20737	Xã Phước Mỹ	Huyện Phước Sơn	49	Tỉnh Quảng Nam	48	20734	exact	20734:Xã Phước Năng
20740	Xã Phước Chánh	Huyện Phước Sơn	49	Tỉnh Quảng Nam	48	20740	exact	20740:Xã Phước Chánh
20743	Xã Phước Công	Huyện Phước Sơn	49	Tỉnh Quảng Nam	48	20740	exact	20740:Xã Phước Chánh
20746	Xã Phước Kim	Huyện Phước Sơn	49	Tỉnh Quảng Nam	48	20752	exact	20752:Xã Phước Thành
20749	Xã Phước Lộc	Huyện Phước Sơn	49	Tỉnh Quảng Nam	48	20752	exact	20752:Xã Phước Thành
20752	Xã Phước Thành	Huyện Phước Sơn	49	Tỉnh Quảng Nam	48	20752	exact	20752:Xã Phước Thành
20758	Xã Hiệp Hòa	Huyện Hiệp Đức	49	Tỉnh Quảng Nam	48		not_found	
20761	Xã Hiệp Thuận	Huyện Hiệp Đức	49	Tỉnh Quảng Nam	48		not_found	
20764	Xã Quế Thọ	Huyện Hiệp Đức	49	Tỉnh Quảng Nam	48	20767	exact	20767:Xã Việt An
20767	Xã Bình Lâm	Huyện Hiệp Đức	49	Tỉnh Quảng Nam	48	20767	exact	20767:Xã Việt An
20770	Xã Sông Trà	Huyện Hiệp Đức	49	Tỉnh Quảng Nam	48	20770	exact	20770:Xã Phước Trà
20773	Xã Phước Trà	Huyện Hiệp Đức	49	Tỉnh Quảng Nam	48	20770	exact	20770:Xã Phước Trà
20776	Xã Phước Gia	Huyện Hiệp Đức	49	Tỉnh Quảng Nam	48	20770	exact	20770:Xã Phước Trà
20779	Thị trấn Tân Bình	Huyện Hiệp Đức	49	Tỉnh Quảng Nam	48	20779	exact	20779:Xã Hiệp Đức
20782	Xã Quế Lưu	Huyện Hiệp Đức	49	Tỉnh Quảng Nam	48	20779	exact	20779:Xã Hiệp Đức
20785	Xã Thăng Phước	Huyện Hiệp Đức	49	Tỉnh Quảng Nam	48	20767	exact	20767:Xã Việt An
20788	Xã Bình Sơn	Huyện Hiệp Đức	49	Tỉnh Quảng Nam	48	20767	exact	20767:Xã Việt An
20791	Thị trấn Hà Lam	Huyện Thăng Bình	49	Tỉnh Quảng Nam	48	20791	exact	20791:Xã Thăng Bình
20794	Xã Bình Dương	Huyện Thăng Bình	49	Tỉnh Quảng Nam	48	20794	exact	20794:Xã Thăng An
20797	Xã Bình Giang	Huyện Thăng Bình	49	Tỉnh Quảng Nam	48	20794	exact	20794:Xã Thăng An
20800	Xã Bình Nguyên	Huyện Thăng Bình	49	Tỉnh Quảng Nam	48	20791	exact	20791:Xã Thăng Bình
20803	Xã Bình Phục	Huyện Thăng Bình	49	Tỉnh Quảng Nam	48	20791	exact	20791:Xã Thăng Bình
20806	Xã Bình Triều	Huyện Thăng Bình	49	Tỉnh Quảng Nam	48	20794	exact	20794:Xã Thăng An
20809	Xã Bình Đào	Huyện Thăng Bình	49	Tỉnh Quảng Nam	48	20794	exact	20794:Xã Thăng An
20812	Xã Bình Minh	Huyện Thăng Bình	49	Tỉnh Quảng Nam	48	20794	exact	20794:Xã Thăng An
20815	Xã Bình Lãnh	Huyện Thăng Bình	49	Tỉnh Quảng Nam	48	20818	exact	20818:Xã Đồng Dương
20818	Xã Bình Trị	Huyện Thăng Bình	49	Tỉnh Quảng Nam	48	20818	exact	20818:Xã Đồng Dương
20821	Xã Bình Định Bắc	Huyện Thăng Bình	49	Tỉnh Quảng Nam	48		not_found	
20822	Xã Bình Định Nam	Huyện Thăng Bình	49	Tỉnh Quảng Nam	48		not_found	
20824	Xã Bình Quý	Huyện Thăng Bình	49	Tỉnh Quảng Nam	48	20791	exact	20791:Xã Thăng Bình
20827	Xã Bình Phú	Huyện Thăng Bình	49	Tỉnh Quảng Nam	48	20827	exact	20827:Xã Thăng Phú
20830	Xã Bình Chánh	Huyện Thăng Bình	49	Tỉnh Quảng Nam	48		not_found	
20833	Xã Bình Tú	Huyện Thăng Bình	49	Tỉnh Quảng Nam	48	20848	exact	20848:Xã Thăng Điền
20836	Xã Bình Sa	Huyện Thăng Bình	49	Tỉnh Quảng Nam	48	20836	exact	20836:Xã Thăng Trường
20839	Xã Bình Hải	Huyện Thăng Bình	49	Tỉnh Quảng Nam	48	20836	exact	20836:Xã Thăng Trường
20842	Xã Bình Quế	Huyện Thăng Bình	49	Tỉnh Quảng Nam	48	20827	exact	20827:Xã Thăng Phú
20845	Xã Bình An	Huyện Thăng Bình	49	Tỉnh Quảng Nam	48	20848	exact	20848:Xã Thăng Điền
20848	Xã Bình Trung	Huyện Thăng Bình	49	Tỉnh Quảng Nam	48	20848	exact	20848:Xã Thăng Điền
20851	Xã Bình Nam	Huyện Thăng Bình	49	Tỉnh Quảng Nam	48	20836	exact	20836:Xã Thăng Trường
20854	Thị trấn Tiên Kỳ	Huyện Tiên Phước	49	Tỉnh Quảng Nam	48	20854	exact	20854:Xã Tiên Phước
20857	Xã Tiên Sơn	Huyện Tiên Phước	49	Tỉnh Quảng Nam	48	20857	exact	20857:Xã Sơn Cẩm Hà
20860	Xã Tiên Hà	Huyện Tiên Phước	49	Tỉnh Quảng Nam	48	20857	exact	20857:Xã Sơn Cẩm Hà
20863	Xã Tiên Cẩm	Huyện Tiên Phước	49	Tỉnh Quảng Nam	48		not_found	
20866	Xã Tiên Châu	Huyện Tiên Phước	49	Tỉnh Quảng Nam	48	20857	exact	20857:Xã Sơn Cẩm Hà
20869	Xã Tiên Lãnh	Huyện Tiên Phước	49	Tỉnh Quảng Nam	48	20875	exact	20875:Xã Lãnh Ngọc
20872	Xã Tiên Ngọc	Huyện Tiên Phước	49	Tỉnh Quảng Nam	48	20875	exact	20875:Xã Lãnh Ngọc
20875	Xã Tiên Hiệp	Huyện Tiên Phước	49	Tỉnh Quảng Nam	48	20875	exact	20875:Xã Lãnh Ngọc
20878	Xã Tiên Cảnh	Huyện Tiên Phước	49	Tỉnh Quảng Nam	48	20878	exact	20878:Xã Thạnh Bình
20881	Xã Tiên Mỹ	Huyện Tiên Phước	49	Tỉnh Quảng Nam	48	20854	exact	20854:Xã Tiên Phước
20884	Xã Tiên Phong	Huyện Tiên Phước	49	Tỉnh Quảng Nam	48	20854	exact	20854:Xã Tiên Phước
20887	Xã Tiên Thọ	Huyện Tiên Phước	49	Tỉnh Quảng Nam	48	20854	exact	20854:Xã Tiên Phước
20890	Xã Tiên An	Huyện Tiên Phước	49	Tỉnh Quảng Nam	48	20878	exact	20878:Xã Thạnh Bình
20893	Xã Tiên Lộc	Huyện Tiên Phước	49	Tỉnh Quảng Nam	48	20878	exact	20878:Xã Thạnh Bình
20896	Xã Tiên Lập	Huyện Tiên Phước	49	Tỉnh Quảng Nam	48	20878	exact	20878:Xã Thạnh Bình
20899	Thị trấn Trà My	Huyện Bắc Trà My	49	Tỉnh Quảng Nam	48	20900	exact	20900:Xã Trà My
20900	Xã Trà Sơn	Huyện Bắc Trà My	49	Tỉnh Quảng Nam	48	20900	exact	20900:Xã Trà My
20902	Xã Trà Kót	Huyện Bắc Trà My	49	Tỉnh Quảng Nam	48	20908	exact	20908:Xã Trà Liên
20905	Xã Trà Nú	Huyện Bắc Trà My	49	Tỉnh Quảng Nam	48	20908	exact	20908:Xã Trà Liên
20908	Xã Trà Đông	Huyện Bắc Trà My	49	Tỉnh Quảng Nam	48	20908	exact	20908:Xã Trà Liên
20911	Xã Trà Dương	Huyện Bắc Trà My	49	Tỉnh Quảng Nam	48	20900	exact	20900:Xã Trà My
20914	Xã Trà Giang	Huyện Bắc Trà My	49	Tỉnh Quảng Nam	48	20900	exact	20900:Xã Trà My
20917	Xã Trà Bui	Huyện Bắc Trà My	49	Tỉnh Quảng Nam	48	20920	exact	20920:Xã Trà Đốc
20920	Xã Trà Đốc	Huyện Bắc Trà My	49	Tỉnh Quảng Nam	48	20920	exact	20920:Xã Trà Đốc
20923	Xã Trà Tân	Huyện Bắc Trà My	49	Tỉnh Quảng Nam	48	20923	exact	20923:Xã Trà Tân
20926	Xã Trà Giác	Huyện Bắc Trà My	49	Tỉnh Quảng Nam	48	20923	exact	20923:Xã Trà Tân
20929	Xã Trà Giáp	Huyện Bắc Trà My	49	Tỉnh Quảng Nam	48	20929	exact	20929:Xã Trà Giáp
20932	Xã Trà Ka	Huyện Bắc Trà My	49	Tỉnh Quảng Nam	48	20929	exact	20929:Xã Trà Giáp
20935	Xã Trà Leng	Huyện Nam Trà My	49	Tỉnh Quảng Nam	48	20938	exact	20938:Xã Trà Leng
20938	Xã Trà Dơn	Huyện Nam Trà My	49	Tỉnh Quảng Nam	48		split	20938:Xã Trà Leng|20944:Xã Nam Trà My
20941	Xã Trà Tập	Huyện Nam Trà My	49	Tỉnh Quảng Nam	48	20941	exact	20941:Xã Trà Tập
20944	Xã Trà Mai	Huyện Nam Trà My	49	Tỉnh Quảng Nam	48	20944	exact	20944:Xã Nam Trà My
20947	Xã Trà Cang	Huyện Nam Trà My	49	Tỉnh Quảng Nam	48	20941	exact	20941:Xã Trà Tập
20950	Xã Trà Linh	Huyện Nam Trà My	49	Tỉnh Quảng Nam	48	20950	exact	20950:Xã Trà Linh
20953	Xã Trà Nam	Huyện Nam Trà My	49	Tỉnh Quảng Nam	48	20950	exact	20950:Xã Trà Linh
20956	Xã Trà Don	Huyện Nam Trà My	49	Tỉnh Quảng Nam	48		split	20938:Xã Trà Leng|20944:Xã Nam Trà My
20959	Xã Trà Vân	Huyện Nam Trà My	49	Tỉnh Quảng Nam	48	20959	exact	20959:Xã Trà Vân
20962	Xã Trà Vinh	Huyện Nam Trà My	49	Tỉnh Quảng Nam	48	20959	exact	20959:Xã Trà Vân
20965	Thị trấn Núi Thành	Huyện Núi Thành	49	Tỉnh Quảng Nam	48	20965	exact	20965:Xã Núi Thành
20968	Xã Tam Xuân I	Huyện Núi Thành	49	Tỉnh Quảng Nam	48	20971	exact	20971:Xã Tam Xuân
20971	Xã Tam Xuân II	Huyện Núi Thành	49	Tỉnh Quảng Nam	48	20971	exact	20971:Xã Tam Xuân
20974	Xã Tam Tiến	Huyện Núi Thành	49	Tỉnh Quảng Nam	48	20971	exact	20971:Xã Tam Xuân
20977	Xã Tam Sơn	Huyện Núi Thành	49	Tỉnh Quảng Nam	48	20977	exact	20977:Xã Đức Phú
20980	Xã Tam Thạnh	Huyện Núi Thành	49	Tỉnh Quảng Nam	48		split	20356:Phường Quảng Phú|20380:Xã Tây Hồ|20977:Xã Đức Phú
20983	Xã Tam Anh Bắc	Huyện Núi Thành	49	Tỉnh Quảng Nam	48	20984	exact	20984:Xã Tam Anh
20984	Xã Tam Anh Nam	Huyện Núi Thành	49	Tỉnh Quảng Nam	48	20984	exact	20984:Xã Tam Anh
20986	Xã Tam Hòa	Huyện Núi Thành	49	Tỉnh Quảng Nam	48	20984	exact	20984:Xã Tam Anh
20989	Xã Tam Hiệp	Huyện Núi Thành	49	Tỉnh Quảng Nam	48	20965	exact	20965:Xã Núi Thành
20992	Xã Tam Hải	Huyện Núi Thành	49	Tỉnh Quảng Nam	48	20992	exact	20992:Xã Tam Hải
20995	Xã Tam Giang	Huyện Núi Thành	49	Tỉnh Quảng Nam	48	20965	exact	20965:Xã Núi Thành
20998	Xã Tam Quang	Huyện Núi Thành	49	Tỉnh Quảng Nam	48	20965	exact	20965:Xã Núi Thành
21001	Xã Tam Nghĩa	Huyện Núi Thành	49	Tỉnh Quảng Nam	48	20965	exact	20965:Xã Núi Thành
21004	Xã Tam Mỹ Tây	Huyện Núi Thành	49	Tỉnh Quảng Nam	48	21004	exact	21004:Xã Tam Mỹ
21005	Xã Tam Mỹ Đông	Huyện Núi Thành	49	Tỉnh Quảng Nam	48	21004	exact	21004:Xã Tam Mỹ
21007	Xã Tam Trà	Huyện Núi Thành	49	Tỉnh Quảng Nam	48	21004	exact	21004:Xã Tam Mỹ
21010	Phường Lê Hồng Phong	Thành phố Quảng Ngãi	51	Tỉnh Quảng Ngãi	51	21028	exact	21028:Phường Nghĩa Lộ
21013	Phường Trần Phú	Thành phố Quảng Ngãi	51	Tỉnh Quảng Ngãi	51	21028	exact	21028:Phường Nghĩa Lộ
21016	Phường Quảng Phú	Thành phố Quảng Ngãi	51	Tỉnh Quảng Ngãi	51	21028	exact	21028:Phường Nghĩa Lộ
21019	Phường Nghĩa Chánh	Thành phố Quảng Ngãi	51	Tỉnh Quảng Ngãi	51	21025	exact	21025:Phường Cẩm Thành
21022	Phường Trần Hưng Đạo	Thành phố Quảng Ngãi	51	Tỉnh Quảng Ngãi	51	21025	exact	21025:Phường Cẩm Thành
21025	Phường Nguyễn Nghiêm	Thành phố Quảng Ngãi	51	Tỉnh Quảng Ngãi	51		split	21025:Phường Cẩm Thành|21439:Phường Đức Phổ
21028	Phường Nghĩa Lộ	Thành phố Quảng Ngãi	51	Tỉnh Quảng Ngãi	51	21028	exact	21028:Phường Nghĩa Lộ
21031	Phường Chánh Lộ	Thành phố Quảng Ngãi	51	Tỉnh Quảng Ngãi	51	21025	exact	21025:Phường Cẩm Thành
21034	Xã Nghĩa Dũng	Thành phố Quảng Ngãi	51	Tỉnh Quảng Ngãi	51	21034	exact	21034:Xã An Phú
21037	Xã Nghĩa Dõng	Thành phố Quảng Ngãi	51	Tỉnh Quảng Ngãi	51	21034	exact	21034:Xã An Phú
21040	Thị trấn Châu Ổ	Huyện Bình Sơn	51	Tỉnh Quảng Ngãi	51	21040	exact	21040:Xã Bình Sơn
21043	Xã Bình Thuận	Huyện Bình Sơn	51	Tỉnh Quảng Ngãi	51	21061	exact	21061:Xã Vạn Tường
21046	Xã Bình Thạnh	Huyện Bình Sơn	51	Tỉnh Quảng Ngãi	51		split	21040:Xã Bình Sơn|21109:Xã Đông Sơn
21049	Xã Bình Đông	Huyện Bình Sơn	51	Tỉnh Quảng Ngãi	51	21061	exact	21061:Xã Vạn Tường
21052	Xã Bình Chánh	Huyện Bình Sơn	51	Tỉnh Quảng Ngãi	51	21040	exact	21040:Xã Bình Sơn
21055	Xã Bình Nguyên	Huyện Bình Sơn	51	Tỉnh Quảng Ngãi	51	21040	exact	21040:Xã Bình Sơn
21058	Xã Bình Khương	Huyện Bình Sơn	51	Tỉnh Quảng Ngãi	51	21085	exact	21085:Xã Bình Minh
21061	Xã Bình Trị	Huyện Bình Sơn	51	Tỉnh Quảng Ngãi	51	21061	exact	21061:Xã Vạn Tường
21064	Xã Bình An	Huyện Bình Sơn	51	Tỉnh Quảng Ngãi	51	21085	exact	21085:Xã Bình Minh
21067	Xã Bình Hải	Huyện Bình Sơn	51	Tỉnh Quảng Ngãi	51	21061	exact	21061:Xã Vạn Tường
21070	Xã Bình Dương	Huyện Bình Sơn	51	Tỉnh Quảng Ngãi	51	21040	exact	21040:Xã Bình Sơn
21073	Xã Bình Phước	Huyện Bình Sơn	51	Tỉnh Quảng Ngãi	51	21061	exact	21061:Xã Vạn Tường
21079	Xã Bình Hòa	Huyện Bình Sơn	51	Tỉnh Quảng Ngãi	51	21061	exact	21061:Xã Vạn Tường
21082	Xã Bình Trung	Huyện Bình Sơn	51	Tỉnh Quảng Ngãi	51	21040	exact	21040:Xã Bình Sơn
21085	Xã Bình Minh	Huyện Bình Sơn	51	Tỉnh Quảng Ngãi	51	21085	exact	21085:Xã Bình Minh
21088	Xã Bình Long	Huyện Bình Sơn	51	Tỉnh Quảng Ngãi	51	21040	exact	21040:Xã Bình Sơn
21091	Xã Bình Thanh	Huyện Bình Sơn	51	Tỉnh Quảng Ngãi	51		split	21040:Xã Bình Sơn|21109:Xã Đông Sơn
21100	Xã Bình Chương	Huyện Bình Sơn	51	Tỉnh Quảng Ngãi	51	21100	exact	21100:Xã Bình Chương
21103	Xã Bình Hiệp	Huyện Bình Sơn	51	Tỉnh Quảng Ngãi	51	21109	exact	21109:Xã Đông Sơn
21106	Xã Bình Mỹ	Huyện Bình Sơn	51	Tỉnh Quảng Ngãi	51	21100	exact	21100:Xã Bình Chương
21109	Xã Bình Tân Phú	Huyện Bình Sơn	51	Tỉnh Quảng Ngãi	51	21109	exact	21109:Xã Đông Sơn
21112	Xã Bình Châu	Huyện Bình Sơn	51	Tỉnh Quảng Ngãi	51	21109	exact	21109:Xã Đông Sơn
21115	Thị trấn Trà Xuân	Huyện Trà Bồng	51	Tỉnh Quảng Ngãi	51	21115	exact	21115:Xã Trà Bồng
21118	Xã Trà Giang	Huyện Trà Bồng	51	Tỉnh Quảng Ngãi	51	21127	exact	21127:Xã Đông Trà Bồng
21121	Xã Trà Thủy	Huyện Trà Bồng	51	Tỉnh Quảng Ngãi	51	21115	exact	21115:Xã Trà Bồng
21124	Xã Trà Hiệp	Huyện Trà Bồng	51	Tỉnh Quảng Ngãi	51	21124	exact	21124:Xã Thanh Bồng
21127	Xã Trà Bình	Huyện Trà Bồng	51	Tỉnh Quảng Ngãi	51	21127	exact	21127:Xã Đông Trà Bồng
21130	Xã Trà Phú	Huyện Trà Bồng	51	Tỉnh Quảng Ngãi	51	21127	exact	21127:Xã Đông Trà Bồng
21133	Xã Trà Lâm	Huyện Trà Bồng	51	Tỉnh Quảng Ngãi	51	21124	exact	21124:Xã Thanh Bồng
21136	Xã Trà Tân	Huyện Trà Bồng	51	Tỉnh Quảng Ngãi	51	21136	exact	21136:Xã Cà Đam
21139	Xã Trà Sơn	Huyện Trà Bồng	51	Tỉnh Quảng Ngãi	51	21115	exact	21115:Xã Trà Bồng
21142	Xã Trà Bùi	Huyện Trà Bồng	51	Tỉnh Quảng Ngãi	51		split	21157:Xã Tây Trà Bồng|21136:Xã Cà Đam
21145	Xã Trà Thanh	Huyện Trà Bồng	51	Tỉnh Quảng Ngãi	51	21124	exact	21124:Xã Thanh Bồng
21148	Xã Sơn Trà	Huyện Trà Bồng	51	Tỉnh Quảng Ngãi	51	21154	exact	21154:Xã Tây Trà
21154	Xã Trà Phong	Huyện Trà Bồng	51	Tỉnh Quảng Ngãi	51	21154	exact	21154:Xã Tây Trà
21157	Xã Hương Trà	Huyện Trà Bồng	51	Tỉnh Quảng Ngãi	51	21157	exact	21157:Xã Tây Trà Bồng
21163	Xã Trà Xinh	Huyện Trà Bồng	51	Tỉnh Quảng Ngãi	51	21154	exact	21154:Xã Tây Trà
21166	Xã Trà Tây	Huyện Trà Bồng	51	Tỉnh Quảng Ngãi	51	21157	exact	21157:Xã Tây Trà Bồng
21172	Phường Trương Quang Trọng	Thành phố Quảng Ngãi	51	Tỉnh Quảng Ngãi	51	21172	exact	21172:Phường Trương Quang Trọng
21175	Xã Tịnh Thọ	Huyện Sơn Tịnh	51	Tỉnh Quảng Ngãi	51	21181	exact	21181:Xã Thọ Phong
21178	Xã Tịnh Trà	Huyện Sơn Tịnh	51	Tỉnh Quảng Ngãi	51	21205	exact	21205:Xã Ba Gia
21181	Xã Tịnh Phong	Huyện Sơn Tịnh	51	Tỉnh Quảng Ngãi	51	21181	exact	21181:Xã Thọ Phong
21184	Xã Tịnh Hiệp	Huyện Sơn Tịnh	51	Tỉnh Quảng Ngãi	51	21205	exact	21205:Xã Ba Gia
21187	Xã Tịnh Hòa	Thành phố Quảng Ngãi	51	Tỉnh Quảng Ngãi	51	21109	exact	21109:Xã Đông Sơn
21190	Xã Tịnh Kỳ	Thành phố Quảng Ngãi	51	Tỉnh Quảng Ngãi	51	21211	exact	21211:Xã Tịnh Khê
21193	Xã Tịnh Bình	Huyện Sơn Tịnh	51	Tỉnh Quảng Ngãi	51	21220	exact	21220:Xã Sơn Tịnh
21196	Xã Tịnh Đông	Huyện Sơn Tịnh	51	Tỉnh Quảng Ngãi	51	21196	exact	21196:Xã Trường Giang
21199	Xã Tịnh Thiện	Thành phố Quảng Ngãi	51	Tỉnh Quảng Ngãi	51	21211	exact	21211:Xã Tịnh Khê
21202	Xã Tịnh Ấn Đông	Thành phố Quảng Ngãi	51	Tỉnh Quảng Ngãi	51	21172	exact	21172:Phường Trương Quang Trọng
21205	Xã Tịnh Bắc	Huyện Sơn Tịnh	51	Tỉnh Quảng Ngãi	51	21205	exact	21205:Xã Ba Gia
21208	Xã Tịnh Châu	Thành phố Quảng Ngãi	51	Tỉnh Quảng Ngãi	51	21211	exact	21211:Xã Tịnh Khê
21211	Xã Tịnh Khê	Thành phố Quảng Ngãi	51	Tỉnh Quảng Ngãi	51	21211	exact	21211:Xã Tịnh Khê
21214	Xã Tịnh Long	Thành phố Quảng Ngãi	51	Tỉnh Quảng Ngãi	51	21211	exact	21211:Xã Tịnh Khê
21217	Xã Tịnh Sơn	Huyện Sơn Tịnh	51	Tỉnh Quảng Ngãi	51	21220	exact	21220:Xã Sơn Tịnh
21220	Xã Tịnh Hà	Huyện Sơn Tịnh	51	Tỉnh Quảng Ngãi	51		not_found	
21223	Xã Tịnh Ấn Tây	Thành phố Quảng Ngãi	51	Tỉnh Quảng Ngãi	51	21172	exact	21172:Phường Trương Quang Trọng
21226	Xã Tịnh Giang	Huyện Sơn Tịnh	51	Tỉnh Quảng Ngãi	51	21196	exact	21196:Xã Trường Giang
21229	Xã Tịnh Minh	Huyện Sơn Tịnh	51	Tỉnh Quảng Ngãi	51	21196	exact	21196:Xã Trường Giang
21232	Xã Tịnh An	Thành phố Quảng Ngãi	51	Tỉnh Quảng Ngãi	51	21172	exact	21172:Phường Trương Quang Trọng
21235	Thị trấn La Hà	Huyện Tư Nghĩa	51	Tỉnh Quảng Ngãi	51	21235	exact	21235:Xã Tư Nghĩa
21238	Thị trấn Sông Vệ	Huyện Tư Nghĩa	51	Tỉnh Quảng Ngãi	51	21238	exact	21238:Xã Vệ Giang
21241	Xã Nghĩa Lâm	Huyện Tư Nghĩa	51	Tỉnh Quảng Ngãi	51	21244	exact	21244:Xã Trà Giang
21244	Xã Nghĩa Thắng	Huyện Tư Nghĩa	51	Tỉnh Quảng Ngãi	51	21244	exact	21244:Xã Trà Giang
21247	Xã Nghĩa Thuận	Huyện Tư Nghĩa	51	Tỉnh Quảng Ngãi	51	21250	exact	21250:Xã Nghĩa Giang
21250	Xã Nghĩa Kỳ	Huyện Tư Nghĩa	51	Tỉnh Quảng Ngãi	51	21250	exact	21250:Xã Nghĩa Giang
21253	Xã Nghĩa Phú	Thành phố Quảng Ngãi	51	Tỉnh Quảng Ngãi	51		not_found	
21256	Xã Nghĩa Hà	Thành phố Quảng Ngãi	51	Tỉnh Quảng Ngãi	51	21034	exact	21034:Xã An Phú
21259	Xã Nghĩa Sơn	Huyện Tư Nghĩa	51	Tỉnh Quảng Ngãi	51	21244	exact	21244:Xã Trà Giang
21262	Xã Nghĩa An	Thành phố Quảng Ngãi	51	Tỉnh Quảng Ngãi	51		not_found	
21268	Xã Nghĩa Hòa	Huyện Tư Nghĩa	51	Tỉnh Quảng Ngãi	51	21235	exact	21235:Xã Tư Nghĩa
21271	Xã Nghĩa Điền	Huyện Tư Nghĩa	51	Tỉnh Quảng Ngãi	51	21250	exact	21250:Xã Nghĩa Giang
21274	Xã Nghĩa Thương	Huyện Tư Nghĩa	51	Tỉnh Quảng Ngãi	51	21235	exact	21235:Xã Tư Nghĩa
21277	Xã Nghĩa Trung	Huyện Tư Nghĩa	51	Tỉnh Quảng Ngãi	51	21235	exact	21235:Xã Tư Nghĩa
21280	Xã Nghĩa Hiệp	Huyện Tư Nghĩa	51	Tỉnh Quảng Ngãi	51	21238	exact	21238:Xã Vệ Giang
21283	Xã Nghĩa Phương	Huyện Tư Nghĩa	51	Tỉnh Quảng Ngãi	51	21238	exact	21238:Xã Vệ Giang
21286	Xã Nghĩa Mỹ	Huyện Tư Nghĩa	51	Tỉnh Quảng Ngãi	51		not_found	
21289	Thị trấn Di Lăng	Huyện Sơn Hà	51	Tỉnh Quảng Ngãi	51	21289	exact	21289:Xã Sơn Hà
21292	Xã Sơn Hạ	Huyện Sơn Hà	51	Tỉnh Quảng Ngãi	51	21292	exact	21292:Xã Sơn Hạ
21295	Xã Sơn Thành	Huyện Sơn Hà	51	Tỉnh Quảng Ngãi	51	21292	exact	21292:Xã Sơn Hạ
21298	Xã Sơn Nham	Huyện Sơn Hà	51	Tỉnh Quảng Ngãi	51	21292	exact	21292:Xã Sơn Hạ
21301	Xã Sơn Bao	Huyện Sơn Hà	51	Tỉnh Quảng Ngãi	51	21289	exact	21289:Xã Sơn Hà
21304	Xã Sơn Linh	Huyện Sơn Hà	51	Tỉnh Quảng Ngãi	51	21307	exact	21307:Xã Sơn Linh
21307	Xã Sơn Giang	Huyện Sơn Hà	51	Tỉnh Quảng Ngãi	51	21307	exact	21307:Xã Sơn Linh
21310	Xã Sơn Trung	Huyện Sơn Hà	51	Tỉnh Quảng Ngãi	51	21319	exact	21319:Xã Sơn Thủy
21313	Xã Sơn Thượng	Huyện Sơn Hà	51	Tỉnh Quảng Ngãi	51	21289	exact	21289:Xã Sơn Hà
21316	Xã Sơn Cao	Huyện Sơn Hà	51	Tỉnh Quảng Ngãi	51	21307	exact	21307:Xã Sơn Linh
21319	Xã Sơn Hải	Huyện Sơn Hà	51	Tỉnh Quảng Ngãi	51	21319	exact	21319:Xã Sơn Thủy
21322	Xã Sơn Thủy	Huyện Sơn Hà	51	Tỉnh Quảng Ngãi	51	21319	exact	21319:Xã Sơn Thủy
21325	Xã Sơn Kỳ	Huyện Sơn Hà	51	Tỉnh Quảng Ngãi	51	21325	exact	21325:Xã Sơn Kỳ
21328	Xã Sơn Ba	Huyện Sơn Hà	51	Tỉnh Quảng Ngãi	51	21325	exact	21325:Xã Sơn Kỳ
21331	Xã Sơn Bua	Huyện Sơn Tây	51	Tỉnh Quảng Ngãi	51	21334	exact	21334:Xã Sơn Tây Thượng
21334	Xã Sơn Mùa	Huyện Sơn Tây	51	Tỉnh Quảng Ngãi	51	21334	exact	21334:Xã Sơn Tây Thượng
21335	Xã Sơn Liên	Huyện Sơn Tây	51	Tỉnh Quảng Ngãi	51	21334	exact	21334:Xã Sơn Tây Thượng
21337	Xã Sơn Tân	Huyện Sơn Tây	51	Tỉnh Quảng Ngãi	51	21340	exact	21340:Xã Sơn Tây
21338	Xã Sơn Màu	Huyện Sơn Tây	51	Tỉnh Quảng Ngãi	51	21343	exact	21343:Xã Sơn Tây Hạ
21340	Xã Sơn Dung	Huyện Sơn Tây	51	Tỉnh Quảng Ngãi	51	21340	exact	21340:Xã Sơn Tây
21341	Xã Sơn Long	Huyện Sơn Tây	51	Tỉnh Quảng Ngãi	51	21340	exact	21340:Xã Sơn Tây
21343	Xã Sơn Tinh	Huyện Sơn Tây	51	Tỉnh Quảng Ngãi	51	21343	exact	21343:Xã Sơn Tây Hạ
21346	Xã Sơn Lập	Huyện Sơn Tây	51	Tỉnh Quảng Ngãi	51	21343	exact	21343:Xã Sơn Tây Hạ
21349	Xã Long Sơn	Huyện Minh Long	51	Tỉnh Quảng Ngãi	51	21349	exact	21349:Xã Sơn Mai
21352	Xã Long Mai	Huyện Minh Long	51	Tỉnh Quảng Ngãi	51	21349	exact	21349:Xã Sơn Mai
21355	Xã Thanh An	Huyện Minh Long	51	Tỉnh Quảng Ngãi	51	21361	exact	21361:Xã Minh Long
21358	Xã Long Môn	Huyện Minh Long	51	Tỉnh Quảng Ngãi	51	21361	exact	21361:Xã Minh Long
21361	Xã Long Hiệp	Huyện Minh Long	51	Tỉnh Quảng Ngãi	51	21361	exact	21361:Xã Minh Long
21364	Thị trấn Chợ Chùa	Huyện Nghĩa Hành	51	Tỉnh Quảng Ngãi	51	21364	exact	21364:Xã Nghĩa Hành
21367	Xã Hành Thuận	Huyện Nghĩa Hành	51	Tỉnh Quảng Ngãi	51	21364	exact	21364:Xã Nghĩa Hành
21370	Xã Hành Dũng	Huyện Nghĩa Hành	51	Tỉnh Quảng Ngãi	51	21370	exact	21370:Xã Phước Giang
21373	Xã Hành Trung	Huyện Nghĩa Hành	51	Tỉnh Quảng Ngãi	51	21364	exact	21364:Xã Nghĩa Hành
21376	Xã Hành Nhân	Huyện Nghĩa Hành	51	Tỉnh Quảng Ngãi	51	21370	exact	21370:Xã Phước Giang
21379	Xã Hành Đức	Huyện Nghĩa Hành	51	Tỉnh Quảng Ngãi	51	21385	exact	21385:Xã Đình Cương
21382	Xã Hành Minh	Huyện Nghĩa Hành	51	Tỉnh Quảng Ngãi	51	21370	exact	21370:Xã Phước Giang
21385	Xã Hành Phước	Huyện Nghĩa Hành	51	Tỉnh Quảng Ngãi	51	21385	exact	21385:Xã Đình Cương
21388	Xã Hành Thiện	Huyện Nghĩa Hành	51	Tỉnh Quảng Ngãi	51	21388	exact	21388:Xã Thiện Tín
21391	Xã Hành Thịnh	Huyện Nghĩa Hành	51	Tỉnh Quảng Ngãi	51	21385	exact	21385:Xã Đình Cương
21394	Xã Hành Tín Tây	Huyện Nghĩa Hành	51	Tỉnh Quảng Ngãi	51	21388	exact	21388:Xã Thiện Tín
21397	Xã Hành Tín Đông	Huyện Nghĩa Hành	51	Tỉnh Quảng Ngãi	51	21388	exact	21388:Xã Thiện Tín
21400	Thị trấn Mộ Đức	Huyện Mộ Đức	51	Tỉnh Quảng Ngãi	51	21400	exact	21400:Xã Mộ Đức
21403	Xã Đức Lợi	Huyện Mộ Đức	51	Tỉnh Quảng Ngãi	51		not_found	
21406	Xã Đức Thắng	Huyện Mộ Đức	51	Tỉnh Quảng Ngãi	51		not_found	
21409	Xã Đức Nhuận	Huyện Mộ Đức	51	Tỉnh Quảng Ngãi	51	21409	exact	21409:Xã Long Phụng
21412	Xã Đức Chánh	Huyện Mộ Đức	51	Tỉnh Quảng Ngãi	51	21421	exact	21421:Xã Mỏ Cày
21415	Xã Đức Hiệp	Huyện Mộ Đức	51	Tỉnh Quảng Ngãi	51	21409	exact	21409:Xã Long Phụng
21418	Xã Đức Minh	Huyện Mộ Đức	51	Tỉnh Quảng Ngãi	51	21421	exact	21421:Xã Mỏ Cày
21421	Xã Đức Thạnh	Huyện Mộ Đức	51	Tỉnh Quảng Ngãi	51	21421	exact	21421:Xã Mỏ Cày
21424	Xã Đức Hòa	Huyện Mộ Đức	51	Tỉnh Quảng Ngãi	51	21400	exact	21400:Xã Mộ Đức
21427	Xã Đức Tân	Huyện Mộ Đức	51	Tỉnh Quảng Ngãi	51	21400	exact	21400:Xã Mộ Đức
21430	Xã Đức Phú	Huyện Mộ Đức	51	Tỉnh Quảng Ngãi	51	21400	exact	21400:Xã Mộ Đức
21433	Xã Đức Phong	Huyện Mộ Đức	51	Tỉnh Quảng Ngãi	51	21433	exact	21433:Xã Lân Phong
21436	Xã Đức Lân	Huyện Mộ Đức	51	Tỉnh Quảng Ngãi	51	21433	exact	21433:Xã Lân Phong
21439	Phường Nguyễn Nghiêm	Thị xã Đức Phổ	51	Tỉnh Quảng Ngãi	51	21439	exact	21439:Phường Đức Phổ
21442	Xã Phổ An	Thị xã Đức Phổ	51	Tỉnh Quảng Ngãi	51	21451	exact	21451:Phường Trà Câu
21445	Xã Phổ Phong	Thị xã Đức Phổ	51	Tỉnh Quảng Ngãi	51	21457	exact	21457:Xã Nguyễn Nghiêm
21448	Xã Phổ Thuận	Thị xã Đức Phổ	51	Tỉnh Quảng Ngãi	51	21451	exact	21451:Phường Trà Câu
21451	Phường Phổ Văn	Thị xã Đức Phổ	51	Tỉnh Quảng Ngãi	51	21451	exact	21451:Phường Trà Câu
21454	Phường Phổ Quang	Thị xã Đức Phổ	51	Tỉnh Quảng Ngãi	51	21451	exact	21451:Phường Trà Câu
21457	Xã Phổ Nhơn	Thị xã Đức Phổ	51	Tỉnh Quảng Ngãi	51	21457	exact	21457:Xã Nguyễn Nghiêm
21460	Phường Phổ Ninh	Thị xã Đức Phổ	51	Tỉnh Quảng Ngãi	51		not_found	
21463	Phường Phổ Minh	Thị xã Đức Phổ	51	Tỉnh Quảng Ngãi	51		not_found	
21466	Phường Phổ Vinh	Thị xã Đức Phổ	51	Tỉnh Quảng Ngãi	51		not_found	
21469	Phường Phổ Hòa	Thị xã Đức Phổ	51	Tỉnh Quảng Ngãi	51		not_found	
21472	Xã Phổ Cường	Thị xã Đức Phổ	51	Tỉnh Quảng Ngãi	51	21472	exact	21472:Xã Khánh Cường
21475	Xã Phổ Khánh	Thị xã Đức Phổ	51	Tỉnh Quảng Ngãi	51	21472	exact	21472:Xã Khánh Cường
21478	Phường Phổ Thạnh	Thị xã Đức Phổ	51	Tỉnh Quảng Ngãi	51	21478	exact	21478:Phường Sa Huỳnh
21481	Xã Phổ Châu	Thị xã Đức Phổ	51	Tỉnh Quảng Ngãi	51	21478	exact	21478:Phường Sa Huỳnh
21484	Thị trấn Ba Tơ	Huyện Ba Tơ	51	Tỉnh Quảng Ngãi	51	21484	exact	21484:Xã Ba Tơ
21487	Xã Ba Điền	Huyện Ba Tơ	51	Tỉnh Quảng Ngãi	51	21490	exact	21490:Xã Ba Vinh
21490	Xã Ba Vinh	Huyện Ba Tơ	51	Tỉnh Quảng Ngãi	51	21490	exact	21490:Xã Ba Vinh
21493	Xã Ba Thành	Huyện Ba Tơ	51	Tỉnh Quảng Ngãi	51	21496	exact	21496:Xã Ba Động
21496	Xã Ba Động	Huyện Ba Tơ	51	Tỉnh Quảng Ngãi	51	21496	exact	21496:Xã Ba Động
21499	Xã Ba Dinh	Huyện Ba Tơ	51	Tỉnh Quảng Ngãi	51	21499	exact	21499:Xã Ba Dinh
21500	Xã Ba Giang	Huyện Ba Tơ	51	Tỉnh Quảng Ngãi	51	21499	exact	21499:Xã Ba Dinh
21502	Xã Ba Liên	Huyện Ba Tơ	51	Tỉnh Quảng Ngãi	51	21496	exact	21496:Xã Ba Động
21505	Xã Ba Ngạc	Huyện Ba Tơ	51	Tỉnh Quảng Ngãi	51	21529	exact	21529:Xã Ba Vì
21508	Xã Ba Khâm	Huyện Ba Tơ	51	Tỉnh Quảng Ngãi	51	21520	exact	21520:Xã Đặng Thùy Trâm
21511	Xã Ba Cung	Huyện Ba Tơ	51	Tỉnh Quảng Ngãi	51	21484	exact	21484:Xã Ba Tơ
21517	Xã Ba Tiêu	Huyện Ba Tơ	51	Tỉnh Quảng Ngãi	51	21529	exact	21529:Xã Ba Vì
21520	Xã Ba Trang	Huyện Ba Tơ	51	Tỉnh Quảng Ngãi	51	21520	exact	21520:Xã Đặng Thùy Trâm
21523	Xã Ba Tô	Huyện Ba Tơ	51	Tỉnh Quảng Ngãi	51	21523	exact	21523:Xã Ba Tô
21526	Xã Ba Bích	Huyện Ba Tơ	51	Tỉnh Quảng Ngãi	51	21484	exact	21484:Xã Ba Tơ
21529	Xã Ba Vì	Huyện Ba Tơ	51	Tỉnh Quảng Ngãi	51	21529	exact	21529:Xã Ba Vì
21532	Xã Ba Lế	Huyện Ba Tơ	51	Tỉnh Quảng Ngãi	51	21523	exact	21523:Xã Ba Tô
21535	Xã Ba Nam	Huyện Ba Tơ	51	Tỉnh Quảng Ngãi	51	21523	exact	21523:Xã Ba Tô
21538	Xã Ba Xa	Huyện Ba Tơ	51	Tỉnh Quảng Ngãi	51	21538	exact	21538:Xã Ba Xa
21550	Phường Nhơn Bình	Thành phố Quy Nhơn	52	Tỉnh Bình Định	52	21583	exact	21583:Phường Quy Nhơn
21553	Phường Nhơn Phú	Thành phố Quy Nhơn	52	Tỉnh Bình Định	52	21730	exact	21730:Xã Phù Mỹ
21556	Phường Đống Đa	Thành phố Quy Nhơn	52	Tỉnh Bình Định	52	21553	exact	21553:Phường Quy Nhơn Bắc
21559	Phường Trần Quang Diệu	Thành phố Quy Nhơn	52	Tỉnh Bình Định	52	21730	exact	21730:Xã Phù Mỹ
21562	Phường Hải Cảng	Thành phố Quy Nhơn	52	Tỉnh Bình Định	52	21553	exact	21553:Phường Quy Nhơn Bắc
21565	Phường Quang Trung	Thành phố Quy Nhơn	52	Tỉnh Bình Định	52	22006	exact	22006:Xã Canh Vinh
21568	Phường Thị Nại	Thành phố Quy Nhơn	52	Tỉnh Bình Định	52	21553	exact	21553:Phường Quy Nhơn Bắc
21571	Phường Lê Hồng Phong	Thành phố Quy Nhơn	52	Tỉnh Bình Định	52		not_found	
21574	Phường Trần Hưng Đạo	Thành phố Quy Nhơn	52	Tỉnh Bình Định	52		not_found	
21577	Phường Ngô Mây	Thành phố Quy Nhơn	52	Tỉnh Bình Định	52	22006	exact	22006:Xã Canh Vinh
21580	Phường Lý Thường Kiệt	Thành phố Quy Nhơn	52	Tỉnh Bình Định	52		not_found	
21583	Phường Lê Lợi	Thành phố Quy Nhơn	52	Tỉnh Bình Định	52		not_found	
21586	Phường Trần Phú	Thành phố Quy Nhơn	52	Tỉnh Bình Định	52	21553	exact	21553:Phường Quy Nhơn Bắc
21589	Phường Bùi Thị Xuân	Thành phố Quy Nhơn	52	Tỉnh Bình Định	52	21985	exact	21985:Xã Tuy Phước Tây
21592	Phường Nguyễn Văn Cừ	Thành phố Quy Nhơn	52	Tỉnh Bình Định	52	22006	exact	22006:Xã Canh Vinh
21595	Phường Ghềnh Ráng	Thành phố Quy Nhơn	52	Tỉnh Bình Định	52	22006	exact	22006:Xã Canh Vinh
21598	Xã Nhơn Lý	Thành phố Quy Nhơn	52	Tỉnh Bình Định	52	21583	exact	21583:Phường Quy Nhơn
21601	Xã Nhơn Hội	Thành phố Quy Nhơn	52	Tỉnh Bình Định	52	21583	exact	21583:Phường Quy Nhơn
21604	Xã Nhơn Hải	Thành phố Quy Nhơn	52	Tỉnh Bình Định	52	21583	exact	21583:Phường Quy Nhơn
21607	Xã Nhơn Châu	Thành phố Quy Nhơn	52	Tỉnh Bình Định	52	21607	exact	21607:Xã Nhơn Châu
21609	Thị trấn An Lão	Huyện An Lão	52	Tỉnh Bình Định	52	24109	exact	24109:Xã Uar
21610	Xã An Hưng	Huyện An Lão	52	Tỉnh Bình Định	52	24109	exact	24109:Xã Uar
21613	Xã An Trung	Huyện An Lão	52	Tỉnh Bình Định	52	21609	exact	21609:Xã An Lão
21616	Xã An Dũng	Huyện An Lão	52	Tỉnh Bình Định	52	21609	exact	21609:Xã An Lão
21619	Xã An Vinh	Huyện An Lão	52	Tỉnh Bình Định	52	21609	exact	21609:Xã An Lão
21622	Xã An Toàn	Huyện An Lão	52	Tỉnh Bình Định	52	21616	exact	21616:Xã An Vinh
21625	Xã An Tân	Huyện An Lão	52	Tỉnh Bình Định	52	24109	exact	24109:Xã Uar
21628	Xã An Hòa	Huyện An Lão	52	Tỉnh Bình Định	52	21622	exact	21622:Xã An Toàn
21631	Xã An Quang	Huyện An Lão	52	Tỉnh Bình Định	52	21622	exact	21622:Xã An Toàn
21634	Xã An Nghĩa	Huyện An Lão	52	Tỉnh Bình Định	52		split	21616:Xã An Vinh|21622:Xã An Toàn|21688:Xã Hoài Ân
21637	Phường Tam Quan	Thị xã Hoài Nhơn	52	Tỉnh Bình Định	52	21628	exact	21628:Xã An Hòa
21640	Phường Bồng Sơn	Thị xã Hoài Nhơn	52	Tỉnh Bình Định	52	21637	exact	21637:Phường Tam Quan
21643	Xã Hoài Sơn	Thị xã Hoài Nhơn	52	Tỉnh Bình Định	52	21640	exact	21640:Phường Bồng Sơn
21646	Xã Hoài Châu Bắc	Thị xã Hoài Nhơn	52	Tỉnh Bình Định	52	21640	exact	21640:Phường Bồng Sơn
21649	Xã Hoài Châu	Thị xã Hoài Nhơn	52	Tỉnh Bình Định	52	21628	exact	21628:Xã An Hòa
21652	Xã Hoài Phú	Thị xã Hoài Nhơn	52	Tỉnh Bình Định	52	21655	exact	21655:Phường Hoài Nhơn Bắc
21655	Phường Tam Quan Bắc	Thị xã Hoài Nhơn	52	Tỉnh Bình Định	52	21640	exact	21640:Phường Bồng Sơn
21658	Phường Tam Quan Nam	Thị xã Hoài Nhơn	52	Tỉnh Bình Định	52	21661	exact	21661:Phường Hoài Nhơn Tây
21661	Phường Hoài Hảo	Thị xã Hoài Nhơn	52	Tỉnh Bình Định	52	21655	exact	21655:Phường Hoài Nhơn Bắc
21664	Phường Hoài Thanh Tây	Thị xã Hoài Nhơn	52	Tỉnh Bình Định	52	21661	exact	21661:Phường Hoài Nhơn Tây
21667	Phường Hoài Thanh	Thị xã Hoài Nhơn	52	Tỉnh Bình Định	52	21661	exact	21661:Phường Hoài Nhơn Tây
21670	Phường Hoài Hương	Thị xã Hoài Nhơn	52	Tỉnh Bình Định	52	21664	exact	21664:Phường Hoài Nhơn
21673	Phường Hoài Tân	Thị xã Hoài Nhơn	52	Tỉnh Bình Định	52	21670	exact	21670:Phường Hoài Nhơn Đông
21676	Xã Hoài Hải	Thị xã Hoài Nhơn	52	Tỉnh Bình Định	52	21664	exact	21664:Phường Hoài Nhơn
21679	Phường Hoài Xuân	Thị xã Hoài Nhơn	52	Tỉnh Bình Định	52	21670	exact	21670:Phường Hoài Nhơn Đông
21682	Xã Hoài Mỹ	Thị xã Hoài Nhơn	52	Tỉnh Bình Định	52	21664	exact	21664:Phường Hoài Nhơn
21685	Phường Hoài Đức	Thị xã Hoài Nhơn	52	Tỉnh Bình Định	52	21637	exact	21637:Phường Tam Quan
21688	Thị trấn Tăng Bạt Hổ	Huyện Hoài Ân	52	Tỉnh Bình Định	52	21703	exact	21703:Xã Vạn Đức
21690	Xã Ân Hảo Tây	Huyện Hoài Ân	52	Tỉnh Bình Định	52	21673	exact	21673:Phường Hoài Nhơn Nam
21691	Xã Ân Hảo Đông	Huyện Hoài Ân	52	Tỉnh Bình Định	52	21673	exact	21673:Phường Hoài Nhơn Nam
21694	Xã Ân Sơn	Huyện Hoài Ân	52	Tỉnh Bình Định	52	21697	exact	21697:Xã Ân Hảo
21697	Xã Ân Mỹ	Huyện Hoài Ân	52	Tỉnh Bình Định	52	21673	exact	21673:Phường Hoài Nhơn Nam
21700	Xã Đak Mang	Huyện Hoài Ân	52	Tỉnh Bình Định	52	21727	exact	21727:Xã Kim Sơn
21703	Xã Ân Tín	Huyện Hoài Ân	52	Tỉnh Bình Định	52	21697	exact	21697:Xã Ân Hảo
21706	Xã Ân Thạnh	Huyện Hoài Ân	52	Tỉnh Bình Định	52		split	23833:Xã Ya Ma|21697:Xã Ân Hảo
21709	Xã Ân Phong	Huyện Hoài Ân	52	Tỉnh Bình Định	52	21703	exact	21703:Xã Vạn Đức
21712	Xã Ân Đức	Huyện Hoài Ân	52	Tỉnh Bình Định	52	21703	exact	21703:Xã Vạn Đức
21715	Xã Ân Hữu	Huyện Hoài Ân	52	Tỉnh Bình Định	52	21727	exact	21727:Xã Kim Sơn
21718	Xã Bok Tới	Huyện Hoài Ân	52	Tỉnh Bình Định	52	21688	exact	21688:Xã Hoài Ân
21721	Xã Ân Tường Tây	Huyện Hoài Ân	52	Tỉnh Bình Định	52	21727	exact	21727:Xã Kim Sơn
21724	Xã Ân Tường Đông	Huyện Hoài Ân	52	Tỉnh Bình Định	52	21703	exact	21703:Xã Vạn Đức
21727	Xã Ân Nghĩa	Huyện Hoài Ân	52	Tỉnh Bình Định	52		split	21616:Xã An Vinh|21622:Xã An Toàn|21688:Xã Hoài Ân
21730	Thị trấn Phù Mỹ	Huyện Phù Mỹ	52	Tỉnh Bình Định	52	21805	exact	21805:Xã Vĩnh Quang
21733	Thị trấn Bình Dương	Huyện Phù Mỹ	52	Tỉnh Bình Định	52	21775	exact	21775:Xã Phù Mỹ Nam
21736	Xã Mỹ Đức	Huyện Phù Mỹ	52	Tỉnh Bình Định	52	21733	exact	21733:Xã Bình Dương
21739	Xã Mỹ Châu	Huyện Phù Mỹ	52	Tỉnh Bình Định	52	21733	exact	21733:Xã Bình Dương
21742	Xã Mỹ Thắng	Huyện Phù Mỹ	52	Tỉnh Bình Định	52	21757	exact	21757:Xã Phù Mỹ Tây
21745	Xã Mỹ Lộc	Huyện Phù Mỹ	52	Tỉnh Bình Định	52	21733	exact	21733:Xã Bình Dương
21748	Xã Mỹ Lợi	Huyện Phù Mỹ	52	Tỉnh Bình Định	52	21775	exact	21775:Xã Phù Mỹ Nam
21751	Xã Mỹ An	Huyện Phù Mỹ	52	Tỉnh Bình Định	52	21757	exact	21757:Xã Phù Mỹ Tây
21754	Xã Mỹ Phong	Huyện Phù Mỹ	52	Tỉnh Bình Định	52	21775	exact	21775:Xã Phù Mỹ Nam
21757	Xã Mỹ Trinh	Huyện Phù Mỹ	52	Tỉnh Bình Định	52	21739	exact	21739:Xã Phù Mỹ Bắc
21760	Xã Mỹ Thọ	Huyện Phù Mỹ	52	Tỉnh Bình Định	52	21757	exact	21757:Xã Phù Mỹ Tây
21763	Xã Mỹ Hòa	Huyện Phù Mỹ	52	Tỉnh Bình Định	52	21739	exact	21739:Xã Phù Mỹ Bắc
21766	Xã Mỹ Thành	Huyện Phù Mỹ	52	Tỉnh Bình Định	52	21751	exact	21751:Xã Phù Mỹ Đông
21769	Xã Mỹ Chánh	Huyện Phù Mỹ	52	Tỉnh Bình Định	52	21751	exact	21751:Xã Phù Mỹ Đông
21772	Xã Mỹ Quang	Huyện Phù Mỹ	52	Tỉnh Bình Định	52	21805	exact	21805:Xã Vĩnh Quang
21775	Xã Mỹ Hiệp	Huyện Phù Mỹ	52	Tỉnh Bình Định	52	21715	exact	21715:Xã Ân Tường
21778	Xã Mỹ Tài	Huyện Phù Mỹ	52	Tỉnh Bình Định	52	21715	exact	21715:Xã Ân Tường
21781	Xã Mỹ Cát	Huyện Phù Mỹ	52	Tỉnh Bình Định	52	21751	exact	21751:Xã Phù Mỹ Đông
21784	Xã Mỹ Chánh Tây	Huyện Phù Mỹ	52	Tỉnh Bình Định	52	21805	exact	21805:Xã Vĩnh Quang
21786	Thị trấn Vĩnh Thạnh	Huyện Vĩnh Thạnh	52	Tỉnh Bình Định	52	21769	exact	21769:Xã An Lương
21787	Xã Vĩnh Sơn	Huyện Vĩnh Thạnh	52	Tỉnh Bình Định	52	21786	exact	21786:Xã Vĩnh Thạnh
21790	Xã Vĩnh Kim	Huyện Vĩnh Thạnh	52	Tỉnh Bình Định	52	21786	exact	21786:Xã Vĩnh Thạnh
21796	Xã Vĩnh Hiệp	Huyện Vĩnh Thạnh	52	Tỉnh Bình Định	52	21787	exact	21787:Xã Vĩnh Sơn
21799	Xã Vĩnh Hảo	Huyện Vĩnh Thạnh	52	Tỉnh Bình Định	52	21769	exact	21769:Xã An Lương
21801	Xã Vĩnh Hòa	Huyện Vĩnh Thạnh	52	Tỉnh Bình Định	52	21880	exact	21880:Xã Cát Tiến
21802	Xã Vĩnh Thịnh	Huyện Vĩnh Thạnh	52	Tỉnh Bình Định	52	21787	exact	21787:Xã Vĩnh Sơn
21804	Xã Vĩnh Thuận	Huyện Vĩnh Thạnh	52	Tỉnh Bình Định	52	21880	exact	21880:Xã Cát Tiến
21805	Xã Vĩnh Quang	Huyện Vĩnh Thạnh	52	Tỉnh Bình Định	52	21880	exact	21880:Xã Cát Tiến
21808	Thị trấn Phú Phong	Huyện Tây Sơn	52	Tỉnh Bình Định	52	21796	exact	21796:Xã Vĩnh Thịnh
21811	Xã Bình Tân	Huyện Tây Sơn	52	Tỉnh Bình Định	52	21808	exact	21808:Xã Tây Sơn
21814	Xã Tây Thuận	Huyện Tây Sơn	52	Tỉnh Bình Định	52	21817	exact	21817:Xã Bình Hiệp
21817	Xã Bình Thuận	Huyện Tây Sơn	52	Tỉnh Bình Định	52	21808	exact	21808:Xã Tây Sơn
21820	Xã Tây Giang	Huyện Tây Sơn	52	Tỉnh Bình Định	52	21817	exact	21817:Xã Bình Hiệp
21823	Xã Bình Thành	Huyện Tây Sơn	52	Tỉnh Bình Định	52	21820	exact	21820:Xã Bình Khê
21826	Xã Tây An	Huyện Tây Sơn	52	Tỉnh Bình Định	52	21808	exact	21808:Xã Tây Sơn
21829	Xã Bình Hòa	Huyện Tây Sơn	52	Tỉnh Bình Định	52	21820	exact	21820:Xã Bình Khê
21832	Xã Tây Bình	Huyện Tây Sơn	52	Tỉnh Bình Định	52	21820	exact	21820:Xã Bình Khê
21835	Xã Bình Tường	Huyện Tây Sơn	52	Tỉnh Bình Định	52	21829	exact	21829:Xã Bình An
21838	Xã Tây Vinh	Huyện Tây Sơn	52	Tỉnh Bình Định	52	21820	exact	21820:Xã Bình Khê
21841	Xã Vĩnh An	Huyện Tây Sơn	52	Tỉnh Bình Định	52	21829	exact	21829:Xã Bình An
21844	Xã Tây Xuân	Huyện Tây Sơn	52	Tỉnh Bình Định	52	21796	exact	21796:Xã Vĩnh Thịnh
21847	Xã Bình Nghi	Huyện Tây Sơn	52	Tỉnh Bình Định	52	21796	exact	21796:Xã Vĩnh Thịnh
21850	Xã Tây Phú	Huyện Tây Sơn	52	Tỉnh Bình Định	52	21829	exact	21829:Xã Bình An
21853	Thị trấn Ngô Mây	Huyện Phù Cát	52	Tỉnh Bình Định	52	21835	exact	21835:Xã Bình Phú
21856	Xã Cát Sơn	Huyện Phù Cát	52	Tỉnh Bình Định	52	21853	exact	21853:Xã Phù Cát
21859	Xã Cát Minh	Huyện Phù Cát	52	Tỉnh Bình Định	52	21868	exact	21868:Xã Hội Sơn
21862	Xã Cát Khánh	Huyện Phù Cát	52	Tỉnh Bình Định	52		not_found	
21865	Xã Cát Tài	Huyện Phù Cát	52	Tỉnh Bình Định	52	21868	exact	21868:Xã Hội Sơn
21868	Xã Cát Lâm	Huyện Phù Cát	52	Tỉnh Bình Định	52	21853	exact	21853:Xã Phù Cát
21871	Xã Cát Hanh	Huyện Phù Cát	52	Tỉnh Bình Định	52	21859	exact	21859:Xã Đề Gi
21874	Xã Cát Thành	Huyện Phù Cát	52	Tỉnh Bình Định	52	21892	exact	21892:Xã Xuân An
21877	Xã Cát Trinh	Huyện Phù Cát	52	Tỉnh Bình Định	52	21835	exact	21835:Xã Bình Phú
21880	Xã Cát Hải	Huyện Phù Cát	52	Tỉnh Bình Định	52	21892	exact	21892:Xã Xuân An
21883	Xã Cát Hiệp	Huyện Phù Cát	52	Tỉnh Bình Định	52	21859	exact	21859:Xã Đề Gi
21886	Xã Cát Nhơn	Huyện Phù Cát	52	Tỉnh Bình Định	52	21901	exact	21901:Xã Ngô Mây
21889	Xã Cát Hưng	Huyện Phù Cát	52	Tỉnh Bình Định	52	21871	exact	21871:Xã Hòa Hội
21892	Xã Cát Tường	Huyện Phù Cát	52	Tỉnh Bình Định	52	21901	exact	21901:Xã Ngô Mây
21895	Xã Cát Tân	Huyện Phù Cát	52	Tỉnh Bình Định	52	21835	exact	21835:Xã Bình Phú
21898	Thị trấn Cát Tiến	Huyện Phù Cát	52	Tỉnh Bình Định	52	21892	exact	21892:Xã Xuân An
21901	Xã Cát Thắng	Huyện Phù Cát	52	Tỉnh Bình Định	52	21871	exact	21871:Xã Hòa Hội
21904	Xã Cát Chánh	Huyện Phù Cát	52	Tỉnh Bình Định	52	21871	exact	21871:Xã Hòa Hội
21907	Phường Bình Định	Thị xã An Nhơn	52	Tỉnh Bình Định	52	21601	exact	21601:Phường Quy Nhơn Đông
21910	Phường Đập Đá	Thị xã An Nhơn	52	Tỉnh Bình Định	52	21907	exact	21907:Phường Bình Định
21913	Xã Nhơn Mỹ	Thị xã An Nhơn	52	Tỉnh Bình Định	52	21907	exact	21907:Phường Bình Định
21916	Phường Nhơn Thành	Thị xã An Nhơn	52	Tỉnh Bình Định	52	21910	exact	21910:Phường An Nhơn
21919	Xã Nhơn Hạnh	Thị xã An Nhơn	52	Tỉnh Bình Định	52	21910	exact	21910:Phường An Nhơn
21922	Xã Nhơn Hậu	Thị xã An Nhơn	52	Tỉnh Bình Định	52	21907	exact	21907:Phường Bình Định
21925	Xã Nhơn Phong	Thị xã An Nhơn	52	Tỉnh Bình Định	52	21910	exact	21910:Phường An Nhơn
21928	Xã Nhơn An	Thị xã An Nhơn	52	Tỉnh Bình Định	52	21925	exact	21925:Phường An Nhơn Bắc
21931	Xã Nhơn Phúc	Thị xã An Nhơn	52	Tỉnh Bình Định	52	21601	exact	21601:Phường Quy Nhơn Đông
21934	Phường Nhơn Hưng	Thị xã An Nhơn	52	Tỉnh Bình Định	52	21925	exact	21925:Phường An Nhơn Bắc
21937	Xã Nhơn Khánh	Thị xã An Nhơn	52	Tỉnh Bình Định	52	21601	exact	21601:Phường Quy Nhơn Đông
21940	Xã Nhơn Lộc	Thị xã An Nhơn	52	Tỉnh Bình Định	52	21943	exact	21943:Phường An Nhơn Nam
21943	Phường Nhơn Hoà	Thị xã An Nhơn	52	Tỉnh Bình Định	52	21592	exact	21592:Phường Quy Nhơn Nam
21946	Xã Nhơn Tân	Thị xã An Nhơn	52	Tỉnh Bình Định	52	21943	exact	21943:Phường An Nhơn Nam
21949	Xã Nhơn Thọ	Thị xã An Nhơn	52	Tỉnh Bình Định	52	21592	exact	21592:Phường Quy Nhơn Nam
21952	Thị trấn Tuy Phước	Huyện Tuy Phước	52	Tỉnh Bình Định	52	21934	exact	21934:Phường An Nhơn Đông
21955	Thị trấn Diêu Trì	Huyện Tuy Phước	52	Tỉnh Bình Định	52	21934	exact	21934:Phường An Nhơn Đông
21958	Xã Phước Thắng	Huyện Tuy Phước	52	Tỉnh Bình Định	52	21952	exact	21952:Xã Tuy Phước
21961	Xã Phước Hưng	Huyện Tuy Phước	52	Tỉnh Bình Định	52	21970	exact	21970:Xã Tuy Phước Đông
21964	Xã Phước Quang	Huyện Tuy Phước	52	Tỉnh Bình Định	52	21970	exact	21970:Xã Tuy Phước Đông
21967	Xã Phước Hòa	Huyện Tuy Phước	52	Tỉnh Bình Định	52	21952	exact	21952:Xã Tuy Phước
21970	Xã Phước Sơn	Huyện Tuy Phước	52	Tỉnh Bình Định	52	21952	exact	21952:Xã Tuy Phước
21973	Xã Phước Hiệp	Huyện Tuy Phước	52	Tỉnh Bình Định	52	21970	exact	21970:Xã Tuy Phước Đông
21976	Xã Phước Lộc	Huyện Tuy Phước	52	Tỉnh Bình Định	52	21934	exact	21934:Phường An Nhơn Đông
21979	Xã Phước Nghĩa	Huyện Tuy Phước	52	Tỉnh Bình Định	52	21934	exact	21934:Phường An Nhơn Đông
21982	Xã Phước Thuận	Huyện Tuy Phước	52	Tỉnh Bình Định	52	21934	exact	21934:Phường An Nhơn Đông
21985	Xã Phước An	Huyện Tuy Phước	52	Tỉnh Bình Định	52	21964	exact	21964:Xã Tuy Phước Bắc
21988	Xã Phước Thành	Huyện Tuy Phước	52	Tỉnh Bình Định	52	21964	exact	21964:Xã Tuy Phước Bắc
21991	Xã Phước Mỹ	Thành phố Quy Nhơn	52	Tỉnh Bình Định	52	21985	exact	21985:Xã Tuy Phước Tây
21994	Thị trấn Vân Canh	Huyện Vân Canh	52	Tỉnh Bình Định	52	21589	exact	21589:Phường Quy Nhơn Tây
21997	Xã Canh Liên	Huyện Vân Canh	52	Tỉnh Bình Định	52		split	21994:Xã Vân Canh|21997:Xã Canh Liên
22000	Xã Canh Hiệp	Huyện Vân Canh	52	Tỉnh Bình Định	52	21997	partial	21997:Xã Canh Liên
22003	Xã Canh Vinh	Huyện Vân Canh	52	Tỉnh Bình Định	52	21997	exact	21997:Xã Canh Liên
22006	Xã Canh Hiển	Huyện Vân Canh	52	Tỉnh Bình Định	52	21997	exact	21997:Xã Canh Liên
22009	Xã Canh Thuận	Huyện Vân Canh	52	Tỉnh Bình Định	52	21589	exact	21589:Phường Quy Nhơn Tây
22012	Xã Canh Hòa	Huyện Vân Canh	52	Tỉnh Bình Định	52	21589	exact	21589:Phường Quy Nhơn Tây
22015	Phường 1	Thành phố Tuy Hoà	54	Tỉnh Phú Yên	66	24415	exact	24415:Xã Cư Prao
22018	Phường 8	Thành phố Tuy Hoà	54	Tỉnh Phú Yên	66		not_found	
22021	Phường 2	Thành phố Tuy Hoà	54	Tỉnh Phú Yên	66	24415	exact	24415:Xã Cư Prao
22024	Phường 9	Thành phố Tuy Hoà	54	Tỉnh Phú Yên	66	22240	partial	22240:Phường Phú Yên
22027	Phường 3	Thành phố Tuy Hoà	54	Tỉnh Phú Yên	66		not_found	
22030	Phường 4	Thành phố Tuy Hoà	54	Tỉnh Phú Yên	66	24415	exact	24415:Xã Cư Prao
22033	Phường 5	Thành phố Tuy Hoà	54	Tỉnh Phú Yên	66	24415	exact	24415:Xã Cư Prao
22036	Phường 7	Thành phố Tuy Hoà	54	Tỉnh Phú Yên	66	24415	exact	24415:Xã Cư Prao
22039	Phường 6	Thành phố Tuy Hoà	54	Tỉnh Phú Yên	66		not_found	
22040	Phường Phú Thạnh	Thành phố Tuy Hoà	54	Tỉnh Phú Yên	66	22015	exact	22015:Phường Tuy Hòa
22041	Phường Phú Đông	Thành phố Tuy Hoà	54	Tỉnh Phú Yên	66	22015	exact	22015:Phường Tuy Hòa
22042	Xã Hòa Kiến	Thành phố Tuy Hoà	54	Tỉnh Phú Yên	66	22240	exact	22240:Phường Phú Yên
22045	Xã Bình Kiến	Thành phố Tuy Hoà	54	Tỉnh Phú Yên	66	22240	exact	22240:Phường Phú Yên
22048	Xã Bình Ngọc	Thành phố Tuy Hoà	54	Tỉnh Phú Yên	66		not_found	
22051	Phường Xuân Phú	Thị xã Sông Cầu	54	Tỉnh Phú Yên	66	22045	exact	22045:Phường Bình Kiến
22052	Xã Xuân Lâm	Thị xã Sông Cầu	54	Tỉnh Phú Yên	66	22051	exact	22051:Phường Sông Cầu
22053	Phường Xuân Thành	Thị xã Sông Cầu	54	Tỉnh Phú Yên	66	22060	exact	22060:Xã Xuân Cảnh
22054	Xã Xuân Hải	Thị xã Sông Cầu	54	Tỉnh Phú Yên	66	22075	exact	22075:Xã Xuân Thọ
22057	Xã Xuân Lộc	Thị xã Sông Cầu	54	Tỉnh Phú Yên	66	22075	exact	22075:Xã Xuân Thọ
22060	Xã Xuân Bình	Thị xã Sông Cầu	54	Tỉnh Phú Yên	66	22057	exact	22057:Xã Xuân Lộc
22066	Xã Xuân Cảnh	Thị xã Sông Cầu	54	Tỉnh Phú Yên	66	22057	exact	22057:Xã Xuân Lộc
22069	Xã Xuân Thịnh	Thị xã Sông Cầu	54	Tỉnh Phú Yên	66	22045	exact	22045:Phường Bình Kiến
22072	Xã Xuân Phương	Thị xã Sông Cầu	54	Tỉnh Phú Yên	66	22045	exact	22045:Phường Bình Kiến
22073	Phường Xuân Yên	Thị xã Sông Cầu	54	Tỉnh Phú Yên	66	22045	exact	22045:Phường Bình Kiến
22075	Xã Xuân Thọ 1	Thị xã Sông Cầu	54	Tỉnh Phú Yên	66	22051	exact	22051:Phường Sông Cầu
22076	Phường Xuân Đài	Thị xã Sông Cầu	54	Tỉnh Phú Yên	66	22060	exact	22060:Xã Xuân Cảnh
22078	Xã Xuân Thọ 2	Thị xã Sông Cầu	54	Tỉnh Phú Yên	66	22051	exact	22051:Phường Sông Cầu
22081	Thị trấn La Hai	Huyện Đồng Xuân	54	Tỉnh Phú Yên	66	22076	exact	22076:Phường Xuân Đài
22084	Xã Đa Lộc	Huyện Đồng Xuân	54	Tỉnh Phú Yên	66		split	22090:Xã Xuân Lãnh|22096:Xã Phú Mỡ
22087	Xã Phú Mỡ	Huyện Đồng Xuân	54	Tỉnh Phú Yên	66	22081	exact	22081:Xã Đồng Xuân
22090	Xã Xuân Lãnh	Huyện Đồng Xuân	54	Tỉnh Phú Yên	66		split	22090:Xã Xuân Lãnh|22096:Xã Phú Mỡ
22093	Xã Xuân Long	Huyện Đồng Xuân	54	Tỉnh Phú Yên	66	22076	exact	22076:Phường Xuân Đài
22096	Xã Xuân Quang 1	Huyện Đồng Xuân	54	Tỉnh Phú Yên	66	22081	exact	22081:Xã Đồng Xuân
22099	Xã Xuân Sơn Bắc	Huyện Đồng Xuân	54	Tỉnh Phú Yên	66	22076	exact	22076:Phường Xuân Đài
22102	Xã Xuân Quang 2	Huyện Đồng Xuân	54	Tỉnh Phú Yên	66	22076	exact	22076:Phường Xuân Đài
22105	Xã Xuân Sơn Nam	Huyện Đồng Xuân	54	Tỉnh Phú Yên	66	22076	exact	22076:Phường Xuân Đài
22108	Xã Xuân Quang 3	Huyện Đồng Xuân	54	Tỉnh Phú Yên	66	22165	exact	22165:Xã Sơn Hòa
22111	Xã Xuân Phước	Huyện Đồng Xuân	54	Tỉnh Phú Yên	66	22165	exact	22165:Xã Sơn Hòa
22114	Thị trấn Chí Thạnh	Huyện Tuy An	54	Tỉnh Phú Yên	66	22111	exact	22111:Xã Xuân Phước
22117	Xã An Dân	Huyện Tuy An	54	Tỉnh Phú Yên	66	22111	exact	22111:Xã Xuân Phước
22120	Xã An Ninh Tây	Huyện Tuy An	54	Tỉnh Phú Yên	66	22114	exact	22114:Xã Tuy An Bắc
22123	Xã An Ninh Đông	Huyện Tuy An	54	Tỉnh Phú Yên	66	22114	exact	22114:Xã Tuy An Bắc
22126	Xã An Thạch	Huyện Tuy An	54	Tỉnh Phú Yên	66	22114	exact	22114:Xã Tuy An Bắc
22129	Xã An Định	Huyện Tuy An	54	Tỉnh Phú Yên	66	22111	exact	22111:Xã Xuân Phước
22132	Xã An Nghiệp	Huyện Tuy An	54	Tỉnh Phú Yên	66	22120	exact	22120:Xã Tuy An Đông
22138	Xã An Cư	Huyện Tuy An	54	Tỉnh Phú Yên	66	22132	exact	22132:Xã Tuy An Tây
22141	Xã An Xuân	Huyện Tuy An	54	Tỉnh Phú Yên	66	22120	exact	22120:Xã Tuy An Đông
22144	Xã An Lĩnh	Huyện Tuy An	54	Tỉnh Phú Yên	66	22120	exact	22120:Xã Tuy An Đông
22147	Xã An Hòa Hải	Huyện Tuy An	54	Tỉnh Phú Yên	66	22132	exact	22132:Xã Tuy An Tây
22150	Xã An Hiệp	Huyện Tuy An	54	Tỉnh Phú Yên	66	22132	exact	22132:Xã Tuy An Tây
22153	Xã An Mỹ	Huyện Tuy An	54	Tỉnh Phú Yên	66	22147	exact	22147:Xã Ô Loan
22156	Xã An Chấn	Huyện Tuy An	54	Tỉnh Phú Yên	66	22147	exact	22147:Xã Ô Loan
22159	Xã An Thọ	Huyện Tuy An	54	Tỉnh Phú Yên	66	22147	exact	22147:Xã Ô Loan
22162	Xã An Phú	Thành phố Tuy Hoà	54	Tỉnh Phú Yên	66	22240	exact	22240:Phường Phú Yên
22165	Thị trấn Củng Sơn	Huyện Sơn Hòa	54	Tỉnh Phú Yên	66		not_found	
22168	Xã Phước Tân	Huyện Sơn Hòa	54	Tỉnh Phú Yên	66	22153	exact	22153:Xã Tuy An Nam
22171	Xã Sơn Hội	Huyện Sơn Hòa	54	Tỉnh Phú Yên	66	22153	exact	22153:Xã Tuy An Nam
22174	Xã Sơn Định	Huyện Sơn Hòa	54	Tỉnh Phú Yên	66	22171	exact	22171:Xã Tây Sơn
22177	Xã Sơn Long	Huyện Sơn Hòa	54	Tỉnh Phú Yên	66	22171	exact	22171:Xã Tây Sơn
22180	Xã Cà Lúi	Huyện Sơn Hòa	54	Tỉnh Phú Yên	66	22153	exact	22153:Xã Tuy An Nam
22183	Xã Sơn Phước	Huyện Sơn Hòa	54	Tỉnh Phú Yên	66		not_found	
22186	Xã Sơn Xuân	Huyện Sơn Hòa	54	Tỉnh Phú Yên	66	22171	exact	22171:Xã Tây Sơn
22189	Xã Sơn Nguyên	Huyện Sơn Hòa	54	Tỉnh Phú Yên	66		not_found	
22192	Xã Eachà Rang	Huyện Sơn Hòa	54	Tỉnh Phú Yên	66	22177	exact	22177:Xã Vân Hòa
22195	Xã Krông Pa	Huyện Sơn Hòa	54	Tỉnh Phú Yên	66	22177	exact	22177:Xã Vân Hòa
22198	Xã Suối Bạc	Huyện Sơn Hòa	54	Tỉnh Phú Yên	66		not_found	
22201	Xã Sơn Hà	Huyện Sơn Hòa	54	Tỉnh Phú Yên	66		not_found	
22204	Xã Suối Trai	Huyện Sơn Hòa	54	Tỉnh Phú Yên	66	22177	exact	22177:Xã Vân Hòa
22207	Thị trấn Hai Riêng	Huyện Sông Hinh	54	Tỉnh Phú Yên	66	22225	exact	22225:Xã Ea Bá
22210	Xã Ea Lâm	Huyện Sông Hinh	54	Tỉnh Phú Yên	66	22192	exact	22192:Xã Suối Trai
22213	Xã Đức Bình Tây	Huyện Sông Hinh	54	Tỉnh Phú Yên	66	22237	exact	22237:Xã Ea Ly
22216	Xã Ea Bá	Huyện Sông Hinh	54	Tỉnh Phú Yên	66	22222	exact	22222:Xã Đức Bình
22219	Xã Sơn Giang	Huyện Sông Hinh	54	Tỉnh Phú Yên	66	22237	exact	22237:Xã Ea Ly
22222	Xã Đức Bình Đông	Huyện Sông Hinh	54	Tỉnh Phú Yên	66	22237	exact	22237:Xã Ea Ly
22225	Xã EaBar	Huyện Sông Hinh	54	Tỉnh Phú Yên	66		split	22192:Xã Suối Trai|22222:Xã Đức Bình
22228	Xã EaBia	Huyện Sông Hinh	54	Tỉnh Phú Yên	66		split	22225:Xã Ea Bá|22237:Xã Ea Ly
22231	Xã EaTrol	Huyện Sông Hinh	54	Tỉnh Phú Yên	66	22225	exact	22225:Xã Ea Bá
22234	Xã Sông Hinh	Huyện Sông Hinh	54	Tỉnh Phú Yên	66	22225	exact	22225:Xã Ea Bá
22237	Xã Ealy	Huyện Sông Hinh	54	Tỉnh Phú Yên	66	22192	exact	22192:Xã Suối Trai
22240	Phường Phú Lâm	Thành phố Tuy Hoà	54	Tỉnh Phú Yên	66	22015	exact	22015:Phường Tuy Hòa
22243	Xã Hòa Thành	Thị xã Đông Hòa	54	Tỉnh Phú Yên	66	22015	exact	22015:Phường Tuy Hòa
22246	Phường Hòa Hiệp Bắc	Thị xã Đông Hòa	54	Tỉnh Phú Yên	66		split	22015:Phường Tuy Hòa|22258:Phường Đông Hòa
22249	Xã Sơn Thành Tây	Huyện Tây Hoà	54	Tỉnh Phú Yên	66	22207	exact	22207:Xã Sông Hinh
22250	Xã Sơn Thành Đông	Huyện Tây Hoà	54	Tỉnh Phú Yên	66	22207	exact	22207:Xã Sông Hinh
22252	Xã Hòa Bình 1	Huyện Tây Hoà	54	Tỉnh Phú Yên	66	22015	partial	22015:Phường Tuy Hòa
22255	Thị trấn Phú Thứ	Huyện Tây Hoà	54	Tỉnh Phú Yên	66	22250	exact	22250:Xã Sơn Thành
22258	Phường Hoà Vinh	Thị xã Đông Hòa	54	Tỉnh Phú Yên	66	22255	exact	22255:Xã Tây Hòa
22261	Phường Hoà Hiệp Trung	Thị xã Đông Hòa	54	Tỉnh Phú Yên	66	22258	exact	22258:Phường Đông Hòa
22264	Xã Hòa Phong	Huyện Tây Hoà	54	Tỉnh Phú Yên	66	22250	exact	22250:Xã Sơn Thành
22267	Xã Hòa Tân Đông	Thị xã Đông Hòa	54	Tỉnh Phú Yên	66	22255	exact	22255:Xã Tây Hòa
22270	Xã Hòa Phú	Huyện Tây Hoà	54	Tỉnh Phú Yên	66	22207	exact	22207:Xã Sông Hinh
22273	Xã Hòa Tân Tây	Huyện Tây Hoà	54	Tỉnh Phú Yên	66	22250	exact	22250:Xã Sơn Thành
22276	Xã Hòa Đồng	Huyện Tây Hoà	54	Tỉnh Phú Yên	66	24280	exact	24280:Xã Cư M’gar
22279	Phường Hòa Xuân Tây	Thị xã Đông Hòa	54	Tỉnh Phú Yên	66	22255	exact	22255:Xã Tây Hòa
22282	Phường Hòa Hiệp Nam	Thị xã Đông Hòa	54	Tỉnh Phú Yên	66	22258	exact	22258:Phường Đông Hòa
22285	Xã Hòa Mỹ Đông	Huyện Tây Hoà	54	Tỉnh Phú Yên	66	22261	exact	22261:Phường Hòa Hiệp
22288	Xã Hòa Mỹ Tây	Huyện Tây Hoà	54	Tỉnh Phú Yên	66	22261	exact	22261:Phường Hòa Hiệp
22291	Xã Hòa Xuân Đông	Thị xã Đông Hòa	54	Tỉnh Phú Yên	66	22285	exact	22285:Xã Hòa Mỹ
22294	Xã Hòa Thịnh	Huyện Tây Hoà	54	Tỉnh Phú Yên	66	22276	exact	22276:Xã Hòa Thịnh
22297	Xã Hòa Tâm	Thị xã Đông Hòa	54	Tỉnh Phú Yên	66	22285	exact	22285:Xã Hòa Mỹ
22300	Xã Hòa Xuân Nam	Thị xã Đông Hòa	54	Tỉnh Phú Yên	66	22285	exact	22285:Xã Hòa Mỹ
22303	Xã Hòa Quang Bắc	Huyện Phú Hoà	54	Tỉnh Phú Yên	66	22276	exact	22276:Xã Hòa Thịnh
22306	Xã Hòa Quang Nam	Huyện Phú Hoà	54	Tỉnh Phú Yên	66	22276	exact	22276:Xã Hòa Thịnh
22309	Xã Hòa Hội	Huyện Phú Hoà	54	Tỉnh Phú Yên	66	22303	exact	22303:Xã Phú Hòa 2
22312	Xã Hòa Trị	Huyện Phú Hoà	54	Tỉnh Phú Yên	66	24415	partial	24415:Xã Cư Prao
22315	Xã Hòa An	Huyện Phú Hoà	54	Tỉnh Phú Yên	66		split	22303:Xã Phú Hòa 2|24415:Xã Cư Prao
22318	Xã Hòa Định Đông	Huyện Phú Hoà	54	Tỉnh Phú Yên	66	22303	exact	22303:Xã Phú Hòa 2
22319	Thị trấn Phú Hoà	Huyện Phú Hoà	54	Tỉnh Phú Yên	66	22303	exact	22303:Xã Phú Hòa 2
22321	Xã Hòa Định Tây	Huyện Phú Hoà	54	Tỉnh Phú Yên	66	22303	exact	22303:Xã Phú Hòa 2
22324	Xã Hòa Thắng	Huyện Phú Hoà	54	Tỉnh Phú Yên	66	22303	exact	22303:Xã Phú Hòa 2
22327	Phường Vĩnh Hòa	Thành phố Nha Trang	56	Tỉnh Khánh Hòa	56	22333	exact	22333:Phường Bắc Nha Trang
22330	Phường Vĩnh Hải	Thành phố Nha Trang	56	Tỉnh Khánh Hòa	56	22333	exact	22333:Phường Bắc Nha Trang
22333	Phường Vĩnh Phước	Thành phố Nha Trang	56	Tỉnh Khánh Hòa	56	22333	exact	22333:Phường Bắc Nha Trang
22336	Phường Ngọc Hiệp	Thành phố Nha Trang	56	Tỉnh Khánh Hòa	56	22390	exact	22390:Phường Tây Nha Trang
22339	Phường Vĩnh Thọ	Thành phố Nha Trang	56	Tỉnh Khánh Hòa	56	22333	exact	22333:Phường Bắc Nha Trang
22342	Phường Xương Huân	Thành phố Nha Trang	56	Tỉnh Khánh Hòa	56		not_found	
22345	Phường Vạn Thắng	Thành phố Nha Trang	56	Tỉnh Khánh Hòa	56		not_found	
22348	Phường Vạn Thạnh	Thành phố Nha Trang	56	Tỉnh Khánh Hòa	56	22366	exact	22366:Phường Nha Trang
22351	Phường Phương Sài	Thành phố Nha Trang	56	Tỉnh Khánh Hòa	56	22390	exact	22390:Phường Tây Nha Trang
22354	Phường Phương Sơn	Thành phố Nha Trang	56	Tỉnh Khánh Hòa	56		not_found	
22357	Phường Phước Hải	Thành phố Nha Trang	56	Tỉnh Khánh Hòa	56	22402	exact	22402:Phường Nam Nha Trang
22360	Phường Phước Tân	Thành phố Nha Trang	56	Tỉnh Khánh Hòa	56		not_found	
22363	Phường Lộc Thọ	Thành phố Nha Trang	56	Tỉnh Khánh Hòa	56	22366	exact	22366:Phường Nha Trang
22366	Phường Phước Tiến	Thành phố Nha Trang	56	Tỉnh Khánh Hòa	56		not_found	
22369	Phường Tân Lập	Thành phố Nha Trang	56	Tỉnh Khánh Hòa	56		not_found	
22372	Phường Phước Hòa	Thành phố Nha Trang	56	Tỉnh Khánh Hòa	56	22366	exact	22366:Phường Nha Trang
22375	Phường Vĩnh Nguyên	Thành phố Nha Trang	56	Tỉnh Khánh Hòa	56	22366	exact	22366:Phường Nha Trang
22378	Phường Phước Long	Thành phố Nha Trang	56	Tỉnh Khánh Hòa	56	22402	exact	22402:Phường Nam Nha Trang
22381	Phường Vĩnh Trường	Thành phố Nha Trang	56	Tỉnh Khánh Hòa	56	22402	exact	22402:Phường Nam Nha Trang
22384	Xã Vĩnh Lương	Thành phố Nha Trang	56	Tỉnh Khánh Hòa	56	22333	exact	22333:Phường Bắc Nha Trang
22387	Xã Vĩnh Phương	Thành phố Nha Trang	56	Tỉnh Khánh Hòa	56	22333	exact	22333:Phường Bắc Nha Trang
22390	Xã Vĩnh Ngọc	Thành phố Nha Trang	56	Tỉnh Khánh Hòa	56	22390	exact	22390:Phường Tây Nha Trang
22393	Xã Vĩnh Thạnh	Thành phố Nha Trang	56	Tỉnh Khánh Hòa	56	22390	exact	22390:Phường Tây Nha Trang
22396	Xã Vĩnh Trung	Thành phố Nha Trang	56	Tỉnh Khánh Hòa	56	22390	exact	22390:Phường Tây Nha Trang
22399	Xã Vĩnh Hiệp	Thành phố Nha Trang	56	Tỉnh Khánh Hòa	56	22390	exact	22390:Phường Tây Nha Trang
22402	Xã Vĩnh Thái	Thành phố Nha Trang	56	Tỉnh Khánh Hòa	56	22402	exact	22402:Phường Nam Nha Trang
22405	Xã Phước Đồng	Thành phố Nha Trang	56	Tỉnh Khánh Hòa	56	22402	exact	22402:Phường Nam Nha Trang
22408	Phường Cam Nghĩa	Thành phố Cam Ranh	56	Tỉnh Khánh Hòa	56	22411	exact	22411:Phường Bắc Cam Ranh
22411	Phường Cam Phúc Bắc	Thành phố Cam Ranh	56	Tỉnh Khánh Hòa	56	22411	exact	22411:Phường Bắc Cam Ranh
22414	Phường Cam Phúc Nam	Thành phố Cam Ranh	56	Tỉnh Khánh Hòa	56	22420	exact	22420:Phường Cam Ranh
22417	Phường Cam Lộc	Thành phố Cam Ranh	56	Tỉnh Khánh Hòa	56	22420	exact	22420:Phường Cam Ranh
22420	Phường Cam Phú	Thành phố Cam Ranh	56	Tỉnh Khánh Hòa	56	22420	exact	22420:Phường Cam Ranh
22423	Phường Ba Ngòi	Thành phố Cam Ranh	56	Tỉnh Khánh Hòa	56	22423	exact	22423:Phường Ba Ngòi
22426	Phường Cam Thuận	Thành phố Cam Ranh	56	Tỉnh Khánh Hòa	56	22432	exact	22432:Phường Cam Linh
22429	Phường Cam Lợi	Thành phố Cam Ranh	56	Tỉnh Khánh Hòa	56	22432	exact	22432:Phường Cam Linh
22432	Phường Cam Linh	Thành phố Cam Ranh	56	Tỉnh Khánh Hòa	56	22432	exact	22432:Phường Cam Linh
22435	Xã Cam Tân	Huyện Cam Lâm	56	Tỉnh Khánh Hòa	56		split	22453:Xã Cam Lâm|22708:Xã Suối Dầu|22435:Xã Cam Hiệp
22438	Xã Cam Hòa	Huyện Cam Lâm	56	Tỉnh Khánh Hòa	56		split	22453:Xã Cam Lâm|22708:Xã Suối Dầu|22435:Xã Cam Hiệp
22441	Xã Cam Hải Đông	Huyện Cam Lâm	56	Tỉnh Khánh Hòa	56	22453	exact	22453:Xã Cam Lâm
22444	Xã Cam Hải Tây	Huyện Cam Lâm	56	Tỉnh Khánh Hòa	56	22453	exact	22453:Xã Cam Lâm
22447	Xã Sơn Tân	Huyện Cam Lâm	56	Tỉnh Khánh Hòa	56	22435	exact	22435:Xã Cam Hiệp
22450	Xã Cam Hiệp Bắc	Huyện Cam Lâm	56	Tỉnh Khánh Hòa	56		split	22453:Xã Cam Lâm|22435:Xã Cam Hiệp
22453	Thị trấn Cam Đức	Huyện Cam Lâm	56	Tỉnh Khánh Hòa	56	22453	exact	22453:Xã Cam Lâm
22456	Xã Cam Hiệp Nam	Huyện Cam Lâm	56	Tỉnh Khánh Hòa	56		split	22453:Xã Cam Lâm|22435:Xã Cam Hiệp
22459	Xã Cam Phước Tây	Huyện Cam Lâm	56	Tỉnh Khánh Hòa	56	22465	exact	22465:Xã Cam An
22462	Xã Cam Thành Bắc	Huyện Cam Lâm	56	Tỉnh Khánh Hòa	56	22453	exact	22453:Xã Cam Lâm
22465	Xã Cam An Bắc	Huyện Cam Lâm	56	Tỉnh Khánh Hòa	56		split	22453:Xã Cam Lâm|22465:Xã Cam An
22468	Xã Cam Thành Nam	Thành phố Cam Ranh	56	Tỉnh Khánh Hòa	56	22411	exact	22411:Phường Bắc Cam Ranh
22471	Xã Cam An Nam	Huyện Cam Lâm	56	Tỉnh Khánh Hòa	56		split	22453:Xã Cam Lâm|22465:Xã Cam An
22474	Xã Cam Phước Đông	Thành phố Cam Ranh	56	Tỉnh Khánh Hòa	56	22423	exact	22423:Phường Ba Ngòi
22477	Xã Cam Thịnh Tây	Thành phố Cam Ranh	56	Tỉnh Khánh Hòa	56	22480	exact	22480:Xã Nam Cam Ranh
22480	Xã Cam Thịnh Đông	Thành phố Cam Ranh	56	Tỉnh Khánh Hòa	56	22480	exact	22480:Xã Nam Cam Ranh
22483	Xã Cam Lập	Thành phố Cam Ranh	56	Tỉnh Khánh Hòa	56	22480	exact	22480:Xã Nam Cam Ranh
22486	Xã Cam Bình	Thành phố Cam Ranh	56	Tỉnh Khánh Hòa	56	22480	exact	22480:Xã Nam Cam Ranh
22489	Thị trấn Vạn Giã	Huyện Vạn Ninh	56	Tỉnh Khánh Hòa	56	22489	exact	22489:Xã Vạn Ninh
22492	Xã Đại Lãnh	Huyện Vạn Ninh	56	Tỉnh Khánh Hòa	56	22504	exact	22504:Xã Đại Lãnh
22495	Xã Vạn Phước	Huyện Vạn Ninh	56	Tỉnh Khánh Hòa	56	22498	exact	22498:Xã Tu Bông
22498	Xã Vạn Long	Huyện Vạn Ninh	56	Tỉnh Khánh Hòa	56	22498	exact	22498:Xã Tu Bông
22501	Xã Vạn Bình	Huyện Vạn Ninh	56	Tỉnh Khánh Hòa	56	22516	exact	22516:Xã Vạn Thắng
22504	Xã Vạn Thọ	Huyện Vạn Ninh	56	Tỉnh Khánh Hòa	56	22504	exact	22504:Xã Đại Lãnh
22507	Xã Vạn Khánh	Huyện Vạn Ninh	56	Tỉnh Khánh Hòa	56	22498	exact	22498:Xã Tu Bông
22510	Xã Vạn Phú	Huyện Vạn Ninh	56	Tỉnh Khánh Hòa	56	22489	exact	22489:Xã Vạn Ninh
22513	Xã Vạn Lương	Huyện Vạn Ninh	56	Tỉnh Khánh Hòa	56	22489	exact	22489:Xã Vạn Ninh
22516	Xã Vạn Thắng	Huyện Vạn Ninh	56	Tỉnh Khánh Hòa	56	22516	exact	22516:Xã Vạn Thắng
22519	Xã Vạn Thạnh	Huyện Vạn Ninh	56	Tỉnh Khánh Hòa	56	22504	exact	22504:Xã Đại Lãnh
22522	Xã Xuân Sơn	Huyện Vạn Ninh	56	Tỉnh Khánh Hòa	56	22525	exact	22525:Xã Vạn Hưng
22525	Xã Vạn Hưng	Huyện Vạn Ninh	56	Tỉnh Khánh Hòa	56	22525	exact	22525:Xã Vạn Hưng
22528	Phường Ninh Hiệp	Thị xã Ninh Hòa	56	Tỉnh Khánh Hòa	56	22528	exact	22528:Phường Ninh Hòa
22531	Xã Ninh Sơn	Thị xã Ninh Hòa	56	Tỉnh Khánh Hòa	56	22546	exact	22546:Xã Bắc Ninh Hòa
22534	Xã Ninh Tây	Thị xã Ninh Hòa	56	Tỉnh Khánh Hòa	56	22552	exact	22552:Xã Tây Ninh Hòa
22537	Xã Ninh Thượng	Thị xã Ninh Hòa	56	Tỉnh Khánh Hòa	56	22558	exact	22558:Xã Hòa Trí
22540	Xã Ninh An	Thị xã Ninh Hòa	56	Tỉnh Khánh Hòa	56	22546	exact	22546:Xã Bắc Ninh Hòa
22543	Phường Ninh Hải	Thị xã Ninh Hòa	56	Tỉnh Khánh Hòa	56	22561	exact	22561:Phường Đông Ninh Hòa
22546	Xã Ninh Thọ	Thị xã Ninh Hòa	56	Tỉnh Khánh Hòa	56	22546	exact	22546:Xã Bắc Ninh Hòa
22549	Xã Ninh Trung	Thị xã Ninh Hòa	56	Tỉnh Khánh Hòa	56	22558	exact	22558:Xã Hòa Trí
22552	Xã Ninh Sim	Thị xã Ninh Hòa	56	Tỉnh Khánh Hòa	56	22552	exact	22552:Xã Tây Ninh Hòa
22555	Xã Ninh Xuân	Thị xã Ninh Hòa	56	Tỉnh Khánh Hòa	56	22576	exact	22576:Xã Tân Định
22558	Xã Ninh Thân	Thị xã Ninh Hòa	56	Tỉnh Khánh Hòa	56	22558	exact	22558:Xã Hòa Trí
22561	Phường Ninh Diêm	Thị xã Ninh Hòa	56	Tỉnh Khánh Hòa	56	22561	exact	22561:Phường Đông Ninh Hòa
22564	Xã Ninh Đông	Thị xã Ninh Hòa	56	Tỉnh Khánh Hòa	56	22528	exact	22528:Phường Ninh Hòa
22567	Phường Ninh Thủy	Thị xã Ninh Hòa	56	Tỉnh Khánh Hòa	56	22561	exact	22561:Phường Đông Ninh Hòa
22570	Phường Ninh Đa	Thị xã Ninh Hòa	56	Tỉnh Khánh Hòa	56	22528	exact	22528:Phường Ninh Hòa
22573	Xã Ninh Phụng	Thị xã Ninh Hòa	56	Tỉnh Khánh Hòa	56	22528	exact	22528:Phường Ninh Hòa
22576	Xã Ninh Bình	Thị xã Ninh Hòa	56	Tỉnh Khánh Hòa	56	22576	exact	22576:Xã Tân Định
22579	Xã Ninh Phước	Thị xã Ninh Hòa	56	Tỉnh Khánh Hòa	56	22561	exact	22561:Phường Đông Ninh Hòa
22582	Xã Ninh Phú	Thị xã Ninh Hòa	56	Tỉnh Khánh Hòa	56	22591	exact	22591:Phường Hòa Thắng
22585	Xã Ninh Tân	Thị xã Ninh Hòa	56	Tỉnh Khánh Hòa	56	22597	exact	22597:Xã Nam Ninh Hòa
22588	Xã Ninh Quang	Thị xã Ninh Hòa	56	Tỉnh Khánh Hòa	56	22576	exact	22576:Xã Tân Định
22591	Phường Ninh Giang	Thị xã Ninh Hòa	56	Tỉnh Khánh Hòa	56	22591	exact	22591:Phường Hòa Thắng
22594	Phường Ninh Hà	Thị xã Ninh Hòa	56	Tỉnh Khánh Hòa	56	22591	exact	22591:Phường Hòa Thắng
22597	Xã Ninh Hưng	Thị xã Ninh Hòa	56	Tỉnh Khánh Hòa	56	22597	exact	22597:Xã Nam Ninh Hòa
22600	Xã Ninh Lộc	Thị xã Ninh Hòa	56	Tỉnh Khánh Hòa	56	22597	exact	22597:Xã Nam Ninh Hòa
22603	Xã Ninh Ích	Thị xã Ninh Hòa	56	Tỉnh Khánh Hòa	56	22597	exact	22597:Xã Nam Ninh Hòa
22606	Xã Ninh Vân	Thị xã Ninh Hòa	56	Tỉnh Khánh Hòa	56		not_found	
22609	Thị trấn Khánh Vĩnh	Huyện Khánh Vĩnh	56	Tỉnh Khánh Hòa	56	22609	exact	22609:Xã Khánh Vĩnh
22612	Xã Khánh Hiệp	Huyện Khánh Vĩnh	56	Tỉnh Khánh Hòa	56	22612	exact	22612:Xã Trung Khánh Vĩnh
22615	Xã Khánh Bình	Huyện Khánh Vĩnh	56	Tỉnh Khánh Hòa	56	22615	exact	22615:Xã Bắc Khánh Vĩnh
22618	Xã Khánh Trung	Huyện Khánh Vĩnh	56	Tỉnh Khánh Hòa	56	22612	exact	22612:Xã Trung Khánh Vĩnh
22621	Xã Khánh Đông	Huyện Khánh Vĩnh	56	Tỉnh Khánh Hòa	56	22615	exact	22615:Xã Bắc Khánh Vĩnh
22624	Xã Khánh Thượng	Huyện Khánh Vĩnh	56	Tỉnh Khánh Hòa	56	22624	exact	22624:Xã Tây Khánh Vĩnh
22627	Xã Khánh Nam	Huyện Khánh Vĩnh	56	Tỉnh Khánh Hòa	56	22624	exact	22624:Xã Tây Khánh Vĩnh
22630	Xã Sông Cầu	Huyện Khánh Vĩnh	56	Tỉnh Khánh Hòa	56	22609	exact	22609:Xã Khánh Vĩnh
22633	Xã Giang Ly	Huyện Khánh Vĩnh	56	Tỉnh Khánh Hòa	56	22624	exact	22624:Xã Tây Khánh Vĩnh
22636	Xã Cầu Bà	Huyện Khánh Vĩnh	56	Tỉnh Khánh Hòa	56	22648	exact	22648:Xã Nam Khánh Vĩnh
22639	Xã Liên Sang	Huyện Khánh Vĩnh	56	Tỉnh Khánh Hòa	56	22648	exact	22648:Xã Nam Khánh Vĩnh
22642	Xã Khánh Thành	Huyện Khánh Vĩnh	56	Tỉnh Khánh Hòa	56	22648	exact	22648:Xã Nam Khánh Vĩnh
22645	Xã Khánh Phú	Huyện Khánh Vĩnh	56	Tỉnh Khánh Hòa	56	22609	exact	22609:Xã Khánh Vĩnh
22648	Xã Sơn Thái	Huyện Khánh Vĩnh	56	Tỉnh Khánh Hòa	56	22648	exact	22648:Xã Nam Khánh Vĩnh
22651	Thị trấn Diên Khánh	Huyện Diên Khánh	56	Tỉnh Khánh Hòa	56	22651	exact	22651:Xã Diên Khánh
22654	Xã Diên Lâm	Huyện Diên Khánh	56	Tỉnh Khánh Hòa	56	22660	exact	22660:Xã Diên Lâm
22657	Xã Diên Điền	Huyện Diên Khánh	56	Tỉnh Khánh Hòa	56	22657	exact	22657:Xã Diên Điền
22660	Xã Diên Xuân	Huyện Diên Khánh	56	Tỉnh Khánh Hòa	56		not_found	
22663	Xã Diên Sơn	Huyện Diên Khánh	56	Tỉnh Khánh Hòa	56	22657	exact	22657:Xã Diên Điền
22666	Xã Diên Đồng	Huyện Diên Khánh	56	Tỉnh Khánh Hòa	56		not_found	
22669	Xã Diên Phú	Huyện Diên Khánh	56	Tỉnh Khánh Hòa	56	22657	exact	22657:Xã Diên Điền
22672	Xã Diên Thọ	Huyện Diên Khánh	56	Tỉnh Khánh Hòa	56	22672	exact	22672:Xã Diên Thọ
22675	Xã Diên Phước	Huyện Diên Khánh	56	Tỉnh Khánh Hòa	56	22672	exact	22672:Xã Diên Thọ
22678	Xã Diên Lạc	Huyện Diên Khánh	56	Tỉnh Khánh Hòa	56	22678	exact	22678:Xã Diên Lạc
22681	Xã Diên Tân	Huyện Diên Khánh	56	Tỉnh Khánh Hòa	56	22672	exact	22672:Xã Diên Thọ
22684	Xã Diên Hòa	Huyện Diên Khánh	56	Tỉnh Khánh Hòa	56	22678	exact	22678:Xã Diên Lạc
22687	Xã Diên Thạnh	Huyện Diên Khánh	56	Tỉnh Khánh Hòa	56	22678	exact	22678:Xã Diên Lạc
22690	Xã Diên Toàn	Huyện Diên Khánh	56	Tỉnh Khánh Hòa	56	22651	exact	22651:Xã Diên Khánh
22693	Xã Diên An	Huyện Diên Khánh	56	Tỉnh Khánh Hòa	56	22651	exact	22651:Xã Diên Khánh
22696	Xã Bình Lộc	Huyện Diên Khánh	56	Tỉnh Khánh Hòa	56	22702	exact	22702:Xã Suối Hiệp
22702	Xã Suối Hiệp	Huyện Diên Khánh	56	Tỉnh Khánh Hòa	56	22702	exact	22702:Xã Suối Hiệp
22705	Xã Suối Tiên	Huyện Diên Khánh	56	Tỉnh Khánh Hòa	56	22702	exact	22702:Xã Suối Hiệp
22708	Xã Suối Cát	Huyện Cam Lâm	56	Tỉnh Khánh Hòa	56	22708	exact	22708:Xã Suối Dầu
22711	Xã Suối Tân	Huyện Cam Lâm	56	Tỉnh Khánh Hòa	56		split	22453:Xã Cam Lâm|22708:Xã Suối Dầu|22435:Xã Cam Hiệp
22714	Thị trấn Tô Hạp	Huyện Khánh Sơn	56	Tỉnh Khánh Hòa	56	22714	exact	22714:Xã Khánh Sơn
22717	Xã Thành Sơn	Huyện Khánh Sơn	56	Tỉnh Khánh Hòa	56	22720	exact	22720:Xã Tây Khánh Sơn
22720	Xã Sơn Lâm	Huyện Khánh Sơn	56	Tỉnh Khánh Hòa	56	22720	exact	22720:Xã Tây Khánh Sơn
22723	Xã Sơn Hiệp	Huyện Khánh Sơn	56	Tỉnh Khánh Hòa	56	22714	exact	22714:Xã Khánh Sơn
22726	Xã Sơn Bình	Huyện Khánh Sơn	56	Tỉnh Khánh Hòa	56	22714	exact	22714:Xã Khánh Sơn
22729	Xã Sơn Trung	Huyện Khánh Sơn	56	Tỉnh Khánh Hòa	56	22732	exact	22732:Xã Đông Khánh Sơn
22732	Xã Ba Cụm Bắc	Huyện Khánh Sơn	56	Tỉnh Khánh Hòa	56	22732	exact	22732:Xã Đông Khánh Sơn
22735	Xã Ba Cụm Nam	Huyện Khánh Sơn	56	Tỉnh Khánh Hòa	56	22732	exact	22732:Xã Đông Khánh Sơn
22736	Thị trấn Trường Sa	Huyện Trường Sa	56	Tỉnh Khánh Hòa	56	22736	exact	22736:Đặc khu Trường Sa
22737	Xã Song Tử Tây	Huyện Trường Sa	56	Tỉnh Khánh Hòa	56	22736	exact	22736:Đặc khu Trường Sa
22738	Phường Đô Vinh	Thành phố Phan Rang-Tháp Chàm	58	Tỉnh Ninh Thuận	56	22738	exact	22738:Phường Đô Vinh
22739	Xã Sinh Tồn	Huyện Trường Sa	56	Tỉnh Khánh Hòa	56	22736	exact	22736:Đặc khu Trường Sa
22741	Phường Phước Mỹ	Thành phố Phan Rang-Tháp Chàm	58	Tỉnh Ninh Thuận	56	22741	exact	22741:Phường Bảo An
22744	Phường Bảo An	Thành phố Phan Rang-Tháp Chàm	58	Tỉnh Ninh Thuận	56	22741	exact	22741:Phường Bảo An
22747	Phường Phủ Hà	Thành phố Phan Rang-Tháp Chàm	58	Tỉnh Ninh Thuận	56	22759	exact	22759:Phường Phan Rang
22750	Phường Thanh Sơn	Thành phố Phan Rang-Tháp Chàm	58	Tỉnh Ninh Thuận	56		not_found	
22753	Phường Mỹ Hương	Thành phố Phan Rang-Tháp Chàm	58	Tỉnh Ninh Thuận	56		not_found	
22756	Phường Tấn Tài	Thành phố Phan Rang-Tháp Chàm	58	Tỉnh Ninh Thuận	56		not_found	
22759	Phường Kinh Dinh	Thành phố Phan Rang-Tháp Chàm	58	Tỉnh Ninh Thuận	56	22759	exact	22759:Phường Phan Rang
22762	Phường Đạo Long	Thành phố Phan Rang-Tháp Chàm	58	Tỉnh Ninh Thuận	56	22759	exact	22759:Phường Phan Rang
22765	Phường Đài Sơn	Thành phố Phan Rang-Tháp Chàm	58	Tỉnh Ninh Thuận	56	22759	exact	22759:Phường Phan Rang
22768	Phường Đông Hải	Thành phố Phan Rang-Tháp Chàm	58	Tỉnh Ninh Thuận	56		split	22888:Xã Phước Dinh|22780:Phường Đông Hải
22771	Phường Mỹ Đông	Thành phố Phan Rang-Tháp Chàm	58	Tỉnh Ninh Thuận	56	22780	exact	22780:Phường Đông Hải
22774	Xã Thành Hải	Thành phố Phan Rang-Tháp Chàm	58	Tỉnh Ninh Thuận	56		split	22741:Phường Bảo An|22846:Xã Vĩnh Hải
22777	Phường Văn Hải	Thành phố Phan Rang-Tháp Chàm	58	Tỉnh Ninh Thuận	56	22834	exact	22834:Phường Ninh Chử
22779	Phường Mỹ Bình	Thành phố Phan Rang-Tháp Chàm	58	Tỉnh Ninh Thuận	56	22780	exact	22780:Phường Đông Hải
22780	Phường Mỹ Hải	Thành phố Phan Rang-Tháp Chàm	58	Tỉnh Ninh Thuận	56	22780	exact	22780:Phường Đông Hải
22783	Xã Phước Bình	Huyện Bác Ái	58	Tỉnh Ninh Thuận	56	22786	exact	22786:Xã Bác Ái Tây
22786	Xã Phước Hòa	Huyện Bác Ái	58	Tỉnh Ninh Thuận	56	22786	exact	22786:Xã Bác Ái Tây
22789	Xã Phước Tân	Huyện Bác Ái	58	Tỉnh Ninh Thuận	56	22786	exact	22786:Xã Bác Ái Tây
22792	Xã Phước Tiến	Huyện Bác Ái	58	Tỉnh Ninh Thuận	56	22795	exact	22795:Xã Bác Ái
22795	Xã Phước Thắng	Huyện Bác Ái	58	Tỉnh Ninh Thuận	56	22795	exact	22795:Xã Bác Ái
22798	Xã Phước Thành	Huyện Bác Ái	58	Tỉnh Ninh Thuận	56	22801	exact	22801:Xã Bác Ái Đông
22801	Xã Phước Đại	Huyện Bác Ái	58	Tỉnh Ninh Thuận	56	22801	exact	22801:Xã Bác Ái Đông
22804	Xã Phước Chính	Huyện Bác Ái	58	Tỉnh Ninh Thuận	56	22795	exact	22795:Xã Bác Ái
22807	Xã Phước Trung	Huyện Bác Ái	58	Tỉnh Ninh Thuận	56	22822	exact	22822:Xã Mỹ Sơn
22810	Thị trấn Tân Sơn	Huyện Ninh Sơn	58	Tỉnh Ninh Thuận	56	22810	exact	22810:Xã Ninh Sơn
22813	Xã Lâm Sơn	Huyện Ninh Sơn	58	Tỉnh Ninh Thuận	56	22813	exact	22813:Xã Lâm Sơn
22816	Xã Lương Sơn	Huyện Ninh Sơn	58	Tỉnh Ninh Thuận	56	22813	exact	22813:Xã Lâm Sơn
22819	Xã Quảng Sơn	Huyện Ninh Sơn	58	Tỉnh Ninh Thuận	56	22810	exact	22810:Xã Ninh Sơn
22822	Xã Mỹ Sơn	Huyện Ninh Sơn	58	Tỉnh Ninh Thuận	56	22822	exact	22822:Xã Mỹ Sơn
22825	Xã Hòa Sơn	Huyện Ninh Sơn	58	Tỉnh Ninh Thuận	56	22828	exact	22828:Xã Anh Dũng
22828	Xã Ma Nới	Huyện Ninh Sơn	58	Tỉnh Ninh Thuận	56	22828	exact	22828:Xã Anh Dũng
22831	Xã Nhơn Sơn	Huyện Ninh Sơn	58	Tỉnh Ninh Thuận	56	22738	exact	22738:Phường Đô Vinh
22834	Thị trấn Khánh Hải	Huyện Ninh Hải	58	Tỉnh Ninh Thuận	56	22834	exact	22834:Phường Ninh Chử
22837	Xã Phước Chiến	Huyện Thuận Bắc	58	Tỉnh Ninh Thuận	56	22840	exact	22840:Xã Công Hải
22840	Xã Công Hải	Huyện Thuận Bắc	58	Tỉnh Ninh Thuận	56	22840	exact	22840:Xã Công Hải
22843	Xã Phước Kháng	Huyện Thuận Bắc	58	Tỉnh Ninh Thuận	56	22849	exact	22849:Xã Thuận Bắc
22846	Xã Vĩnh Hải	Huyện Ninh Hải	58	Tỉnh Ninh Thuận	56	22846	exact	22846:Xã Vĩnh Hải
22849	Xã Lợi Hải	Huyện Thuận Bắc	58	Tỉnh Ninh Thuận	56	22849	exact	22849:Xã Thuận Bắc
22852	Xã Phương Hải	Huyện Ninh Hải	58	Tỉnh Ninh Thuận	56	22852	exact	22852:Xã Ninh Hải
22853	Xã Bắc Sơn	Huyện Thuận Bắc	58	Tỉnh Ninh Thuận	56	22852	exact	22852:Xã Ninh Hải
22855	Xã Tân Hải	Huyện Ninh Hải	58	Tỉnh Ninh Thuận	56	22861	exact	22861:Xã Xuân Hải
22856	Xã Bắc Phong	Huyện Thuận Bắc	58	Tỉnh Ninh Thuận	56	22849	exact	22849:Xã Thuận Bắc
22858	Xã Xuân Hải	Huyện Ninh Hải	58	Tỉnh Ninh Thuận	56	22861	exact	22861:Xã Xuân Hải
22861	Xã Hộ Hải	Huyện Ninh Hải	58	Tỉnh Ninh Thuận	56	22861	exact	22861:Xã Xuân Hải
22864	Xã Tri Hải	Huyện Ninh Hải	58	Tỉnh Ninh Thuận	56	22852	exact	22852:Xã Ninh Hải
22867	Xã Nhơn Hải	Huyện Ninh Hải	58	Tỉnh Ninh Thuận	56	22846	exact	22846:Xã Vĩnh Hải
22868	Xã Thanh Hải	Huyện Ninh Hải	58	Tỉnh Ninh Thuận	56		split	22741:Phường Bảo An|22846:Xã Vĩnh Hải
22870	Thị trấn Phước Dân	Huyện Ninh Phước	58	Tỉnh Ninh Thuận	56	22870	exact	22870:Xã Ninh Phước
22873	Xã Phước Sơn	Huyện Ninh Phước	58	Tỉnh Ninh Thuận	56	22873	exact	22873:Xã Phước Hậu
22876	Xã Phước Thái	Huyện Ninh Phước	58	Tỉnh Ninh Thuận	56	22891	exact	22891:Xã Phước Hữu
22879	Xã Phước Hậu	Huyện Ninh Phước	58	Tỉnh Ninh Thuận	56	22873	exact	22873:Xã Phước Hậu
22882	Xã Phước Thuận	Huyện Ninh Phước	58	Tỉnh Ninh Thuận	56	22870	exact	22870:Xã Ninh Phước
22885	Xã Phước Hà	Huyện Thuận Nam	58	Tỉnh Ninh Thuận	56	22900	exact	22900:Xã Phước Hà
22888	Xã An Hải	Huyện Ninh Phước	58	Tỉnh Ninh Thuận	56	22888	exact	22888:Xã Phước Dinh
22891	Xã Phước Hữu	Huyện Ninh Phước	58	Tỉnh Ninh Thuận	56	22891	exact	22891:Xã Phước Hữu
22894	Xã Phước Hải	Huyện Ninh Phước	58	Tỉnh Ninh Thuận	56	22870	exact	22870:Xã Ninh Phước
22897	Xã Phước Nam	Huyện Thuận Nam	58	Tỉnh Ninh Thuận	56	22897	exact	22897:Xã Thuận Nam
22898	Xã Phước Ninh	Huyện Thuận Nam	58	Tỉnh Ninh Thuận	56	22897	exact	22897:Xã Thuận Nam
22900	Xã Nhị Hà	Huyện Thuận Nam	58	Tỉnh Ninh Thuận	56	22900	exact	22900:Xã Phước Hà
22903	Xã Phước Dinh	Huyện Thuận Nam	58	Tỉnh Ninh Thuận	56	22888	exact	22888:Xã Phước Dinh
22906	Xã Phước Minh	Huyện Thuận Nam	58	Tỉnh Ninh Thuận	56	22897	exact	22897:Xã Thuận Nam
22909	Xã Phước Diêm	Huyện Thuận Nam	58	Tỉnh Ninh Thuận	56	22909	exact	22909:Xã Cà Ná
22910	Xã Cà Ná	Huyện Thuận Nam	58	Tỉnh Ninh Thuận	56	22909	exact	22909:Xã Cà Ná
22912	Xã Phước Vinh	Huyện Ninh Phước	58	Tỉnh Ninh Thuận	56	22873	exact	22873:Xã Phước Hậu
22915	Phường Mũi Né	Thành phố Phan Thiết	60	Tỉnh Bình Thuận	68	22963	exact	22963:Xã Tuyên Quang
22918	Phường Hàm Tiến	Thành phố Phan Thiết	60	Tỉnh Bình Thuận	68	22963	exact	22963:Xã Tuyên Quang
22921	Phường Phú Hài	Thành phố Phan Thiết	60	Tỉnh Bình Thuận	68	22918	exact	22918:Phường Mũi Né
22924	Phường Phú Thủy	Thành phố Phan Thiết	60	Tỉnh Bình Thuận	68	22918	exact	22918:Phường Mũi Né
22927	Phường Phú Tài	Thành phố Phan Thiết	60	Tỉnh Bình Thuận	68	22924	exact	22924:Phường Phú Thủy
22930	Phường Phú Trinh	Thành phố Phan Thiết	60	Tỉnh Bình Thuận	68	22960	exact	22960:Phường Bình Thuận
22933	Phường Xuân An	Thành phố Phan Thiết	60	Tỉnh Bình Thuận	68	22945	exact	22945:Phường Phan Thiết
22936	Phường Thanh Hải	Thành phố Phan Thiết	60	Tỉnh Bình Thuận	68	22918	exact	22918:Phường Mũi Né
22939	Phường Bình Hưng	Thành phố Phan Thiết	60	Tỉnh Bình Thuận	68	22960	exact	22960:Phường Bình Thuận
22942	Phường Đức Nghĩa	Thành phố Phan Thiết	60	Tỉnh Bình Thuận	68		not_found	
22945	Phường Lạc Đạo	Thành phố Phan Thiết	60	Tỉnh Bình Thuận	68	22960	exact	22960:Phường Bình Thuận
22948	Phường Đức Thắng	Thành phố Phan Thiết	60	Tỉnh Bình Thuận	68		not_found	
22951	Phường Hưng Long	Thành phố Phan Thiết	60	Tỉnh Bình Thuận	68		not_found	
22954	Phường Đức Long	Thành phố Phan Thiết	60	Tỉnh Bình Thuận	68	22933	exact	22933:Phường Hàm Thắng
22957	Xã Thiện Nghiệp	Thành phố Phan Thiết	60	Tỉnh Bình Thuận	68	22963	exact	22963:Xã Tuyên Quang
22960	Xã Phong Nẫm	Thành phố Phan Thiết	60	Tỉnh Bình Thuận	68	22924	exact	22924:Phường Phú Thủy
22963	Xã Tiến Lợi	Thành phố Phan Thiết	60	Tỉnh Bình Thuận	68	23059	exact	23059:Xã Hàm Thuận
22966	Xã Tiến Thành	Thành phố Phan Thiết	60	Tỉnh Bình Thuận	68	22933	exact	22933:Phường Hàm Thắng
22969	Thị trấn Liên Hương	Huyện Tuy Phong	60	Tỉnh Bình Thuận	68		split	22969:Xã Liên Hương|22954:Phường Tiến Thành
22972	Thị trấn Phan Rí Cửa	Huyện Tuy Phong	60	Tỉnh Bình Thuận	68		not_found	
22975	Xã Phan Dũng	Huyện Tuy Phong	60	Tỉnh Bình Thuận	68	22972	exact	22972:Xã Phan Rí Cửa
22978	Xã Phong Phú	Huyện Tuy Phong	60	Tỉnh Bình Thuận	68	22972	exact	22972:Xã Phan Rí Cửa
22981	Xã Vĩnh Hảo	Huyện Tuy Phong	60	Tỉnh Bình Thuận	68	22978	exact	22978:Xã Tuy Phong
22984	Xã Vĩnh Tân	Huyện Tuy Phong	60	Tỉnh Bình Thuận	68	22978	exact	22978:Xã Tuy Phong
22987	Xã Phú Lạc	Huyện Tuy Phong	60	Tỉnh Bình Thuận	68		split	22969:Xã Liên Hương|22954:Phường Tiến Thành
22990	Xã Phước Thể	Huyện Tuy Phong	60	Tỉnh Bình Thuận	68		split	22969:Xã Liên Hương|22954:Phường Tiến Thành
22993	Xã Hòa Minh	Huyện Tuy Phong	60	Tỉnh Bình Thuận	68		not_found	
22996	Xã Chí Công	Huyện Tuy Phong	60	Tỉnh Bình Thuận	68		not_found	
22999	Xã Bình Thạnh	Huyện Tuy Phong	60	Tỉnh Bình Thuận	68		split	22969:Xã Liên Hương|22954:Phường Tiến Thành
23005	Thị trấn Chợ Lầu	Huyện Bắc Bình	60	Tỉnh Bình Thuận	68	22981	exact	22981:Xã Vĩnh Hảo
23008	Xã Phan Sơn	Huyện Bắc Bình	60	Tỉnh Bình Thuận	68	23005	exact	23005:Xã Bắc Bình
23011	Xã Phan Lâm	Huyện Bắc Bình	60	Tỉnh Bình Thuận	68	23005	exact	23005:Xã Bắc Bình
23014	Xã Bình An	Huyện Bắc Bình	60	Tỉnh Bình Thuận	68	23008	exact	23008:Xã Phan Sơn
23017	Xã Phan Điền	Huyện Bắc Bình	60	Tỉnh Bình Thuận	68	23008	exact	23008:Xã Phan Sơn
23020	Xã Hải Ninh	Huyện Bắc Bình	60	Tỉnh Bình Thuận	68	23008	exact	23008:Xã Phan Sơn
23023	Xã Sông Lũy	Huyện Bắc Bình	60	Tỉnh Bình Thuận	68	23020	exact	23020:Xã Hải Ninh
23026	Xã Phan Tiến	Huyện Bắc Bình	60	Tỉnh Bình Thuận	68	23020	exact	23020:Xã Hải Ninh
23029	Xã Sông Bình	Huyện Bắc Bình	60	Tỉnh Bình Thuận	68	23023	exact	23023:Xã Sông Lũy
23032	Thị trấn Lương Sơn	Huyện Bắc Bình	60	Tỉnh Bình Thuận	68	23023	exact	23023:Xã Sông Lũy
23035	Xã Phan Hòa	Huyện Bắc Bình	60	Tỉnh Bình Thuận	68	22981	exact	22981:Xã Vĩnh Hảo
23038	Xã Phan Thanh	Huyện Bắc Bình	60	Tỉnh Bình Thuận	68	23032	exact	23032:Xã Lương Sơn
23041	Xã Hồng Thái	Huyện Bắc Bình	60	Tỉnh Bình Thuận	68	23032	exact	23032:Xã Lương Sơn
23044	Xã Phan Hiệp	Huyện Bắc Bình	60	Tỉnh Bình Thuận	68	22981	exact	22981:Xã Vĩnh Hảo
23047	Xã Bình Tân	Huyện Bắc Bình	60	Tỉnh Bình Thuận	68	23020	exact	23020:Xã Hải Ninh
23050	Xã Phan Rí Thành	Huyện Bắc Bình	60	Tỉnh Bình Thuận	68	22981	exact	22981:Xã Vĩnh Hảo
23053	Xã Hòa Thắng	Huyện Bắc Bình	60	Tỉnh Bình Thuận	68		split	23041:Xã Hồng Thái|23032:Xã Lương Sơn
23056	Xã Hồng Phong	Huyện Bắc Bình	60	Tỉnh Bình Thuận	68	23041	exact	23041:Xã Hồng Thái
23059	Thị trấn Ma Lâm	Huyện Hàm Thuận Bắc	60	Tỉnh Bình Thuận	68	23074	exact	23074:Xã Đông Giang
23062	Thị trấn Phú Long	Huyện Hàm Thuận Bắc	60	Tỉnh Bình Thuận	68	22945	exact	22945:Phường Phan Thiết
23065	Xã La Dạ	Huyện Hàm Thuận Bắc	60	Tỉnh Bình Thuận	68	23095	exact	23095:Xã Hàm Liêm
23068	Xã Đông Tiến	Huyện Hàm Thuận Bắc	60	Tỉnh Bình Thuận	68		not_found	
23071	Xã Thuận Hòa	Huyện Hàm Thuận Bắc	60	Tỉnh Bình Thuận	68		not_found	
23074	Xã Đông Giang	Huyện Hàm Thuận Bắc	60	Tỉnh Bình Thuận	68	23074	exact	23074:Xã Đông Giang
23077	Xã Hàm Phú	Huyện Hàm Thuận Bắc	60	Tỉnh Bình Thuận	68		not_found	
23080	Xã Hồng Liêm	Huyện Hàm Thuận Bắc	60	Tỉnh Bình Thuận	68	23053	exact	23053:Xã Hòa Thắng
23083	Xã Thuận Minh	Huyện Hàm Thuận Bắc	60	Tỉnh Bình Thuận	68	23074	exact	23074:Xã Đông Giang
23086	Xã Hồng Sơn	Huyện Hàm Thuận Bắc	60	Tỉnh Bình Thuận	68	23053	exact	23053:Xã Hòa Thắng
23089	Xã Hàm Trí	Huyện Hàm Thuận Bắc	60	Tỉnh Bình Thuận	68		not_found	
23092	Xã Hàm Đức	Huyện Hàm Thuận Bắc	60	Tỉnh Bình Thuận	68	23074	exact	23074:Xã Đông Giang
23095	Xã Hàm Liêm	Huyện Hàm Thuận Bắc	60	Tỉnh Bình Thuận	68	23086	exact	23086:Xã Hồng Sơn
23098	Xã Hàm Chính	Huyện Hàm Thuận Bắc	60	Tỉnh Bình Thuận	68	23086	exact	23086:Xã Hồng Sơn
23101	Xã Hàm Hiệp	Huyện Hàm Thuận Bắc	60	Tỉnh Bình Thuận	68	22924	exact	22924:Phường Phú Thủy
23104	Xã Hàm Thắng	Huyện Hàm Thuận Bắc	60	Tỉnh Bình Thuận	68	22945	exact	22945:Phường Phan Thiết
23107	Xã Đa Mi	Huyện Hàm Thuận Bắc	60	Tỉnh Bình Thuận	68	23095	exact	23095:Xã Hàm Liêm
23110	Thị trấn Thuận Nam	Huyện Hàm Thuận Nam	60	Tỉnh Bình Thuận	68	23065	exact	23065:Xã La Dạ
23113	Xã Mỹ Thạnh	Huyện Hàm Thuận Nam	60	Tỉnh Bình Thuận	68	23110	exact	23110:Xã Hàm Thuận Nam
23116	Xã Hàm Cần	Huyện Hàm Thuận Nam	60	Tỉnh Bình Thuận	68	23110	exact	23110:Xã Hàm Thuận Nam
23119	Xã Mương Mán	Huyện Hàm Thuận Nam	60	Tỉnh Bình Thuận	68	23122	exact	23122:Xã Hàm Thạnh
23122	Xã Hàm Thạnh	Huyện Hàm Thuận Nam	60	Tỉnh Bình Thuận	68	23110	exact	23110:Xã Hàm Thuận Nam
23125	Xã Hàm Kiệm	Huyện Hàm Thuận Nam	60	Tỉnh Bình Thuận	68	23122	exact	23122:Xã Hàm Thạnh
23128	Xã Hàm Cường	Huyện Hàm Thuận Nam	60	Tỉnh Bình Thuận	68	23122	exact	23122:Xã Hàm Thạnh
23131	Xã Hàm Mỹ	Huyện Hàm Thuận Nam	60	Tỉnh Bình Thuận	68	23059	exact	23059:Xã Hàm Thuận
23134	Xã Tân Lập	Huyện Hàm Thuận Nam	60	Tỉnh Bình Thuận	68	23128	exact	23128:Xã Hàm Kiệm
23137	Xã Hàm Minh	Huyện Hàm Thuận Nam	60	Tỉnh Bình Thuận	68	23065	exact	23065:Xã La Dạ
23140	Xã Thuận Quí	Huyện Hàm Thuận Nam	60	Tỉnh Bình Thuận	68		not_found	
23143	Xã Tân Thuận	Huyện Hàm Thuận Nam	60	Tỉnh Bình Thuận	68	23134	exact	23134:Xã Tân Lập
23146	Xã Tân Thành	Huyện Hàm Thuận Nam	60	Tỉnh Bình Thuận	68	23134	exact	23134:Xã Tân Lập
23149	Thị trấn Lạc Tánh	Huyện Tánh Linh	60	Tỉnh Bình Thuận	68	23143	exact	23143:Xã Tân Thành
23152	Xã Bắc Ruộng	Huyện Tánh Linh	60	Tỉnh Bình Thuận	68	23149	exact	23149:Xã Tánh Linh
23158	Xã Nghị Đức	Huyện Tánh Linh	60	Tỉnh Bình Thuận	68	23152	exact	23152:Xã Bắc Ruộng
23161	Xã La Ngâu	Huyện Tánh Linh	60	Tỉnh Bình Thuận	68	23158	exact	23158:Xã Nghị Đức
23164	Xã Huy Khiêm	Huyện Tánh Linh	60	Tỉnh Bình Thuận	68	23158	exact	23158:Xã Nghị Đức
23167	Xã Măng Tố	Huyện Tánh Linh	60	Tỉnh Bình Thuận	68	23149	exact	23149:Xã Tánh Linh
23170	Xã Đức Phú	Huyện Tánh Linh	60	Tỉnh Bình Thuận	68	23152	exact	23152:Xã Bắc Ruộng
23173	Xã Đồng Kho	Huyện Tánh Linh	60	Tỉnh Bình Thuận	68	23158	exact	23158:Xã Nghị Đức
23176	Xã Gia An	Huyện Tánh Linh	60	Tỉnh Bình Thuận	68	23143	exact	23143:Xã Tân Thành
23179	Xã Đức Bình	Huyện Tánh Linh	60	Tỉnh Bình Thuận	68	23158	exact	23158:Xã Nghị Đức
23182	Xã Gia Huynh	Huyện Tánh Linh	60	Tỉnh Bình Thuận	68	23173	exact	23173:Xã Đồng Kho
23185	Xã Đức Thuận	Huyện Tánh Linh	60	Tỉnh Bình Thuận	68	23143	exact	23143:Xã Tân Thành
23188	Xã Suối Kiết	Huyện Tánh Linh	60	Tỉnh Bình Thuận	68	23173	exact	23173:Xã Đồng Kho
23191	Thị trấn Võ Xu	Huyện Đức Linh	60	Tỉnh Bình Thuận	68	23188	exact	23188:Xã Suối Kiết
23194	Thị trấn Đức Tài	Huyện Đức Linh	60	Tỉnh Bình Thuận	68	23200	exact	23200:Xã Nam Thành
23197	Xã Đa Kai	Huyện Đức Linh	60	Tỉnh Bình Thuận	68	23191	exact	23191:Xã Đức Linh
23200	Xã Sùng Nhơn	Huyện Đức Linh	60	Tỉnh Bình Thuận	68	23191	exact	23191:Xã Đức Linh
23203	Xã Mê Pu	Huyện Đức Linh	60	Tỉnh Bình Thuận	68	23191	exact	23191:Xã Đức Linh
23206	Xã Nam Chính	Huyện Đức Linh	60	Tỉnh Bình Thuận	68	23188	exact	23188:Xã Suối Kiết
23212	Xã Đức Hạnh	Huyện Đức Linh	60	Tỉnh Bình Thuận	68	23200	exact	23200:Xã Nam Thành
23215	Xã Đức Tín	Huyện Đức Linh	60	Tỉnh Bình Thuận	68	23200	exact	23200:Xã Nam Thành
23218	Xã Vũ Hoà	Huyện Đức Linh	60	Tỉnh Bình Thuận	68	23188	exact	23188:Xã Suối Kiết
23221	Xã Tân Hà	Huyện Đức Linh	60	Tỉnh Bình Thuận	68	23194	exact	23194:Xã Hoài Đức
23224	Xã Đông Hà	Huyện Đức Linh	60	Tỉnh Bình Thuận	68	23194	exact	23194:Xã Hoài Đức
23227	Xã Trà Tân	Huyện Đức Linh	60	Tỉnh Bình Thuận	68	23194	exact	23194:Xã Hoài Đức
23230	Thị trấn Tân Minh	Huyện Hàm Tân	60	Tỉnh Bình Thuận	68	23227	exact	23227:Xã Trà Tân
23231	Phường Phước Hội	Thị xã La Gi	60	Tỉnh Bình Thuận	68	23230	exact	23230:Xã Tân Minh
23232	Phường Phước Lộc	Thị xã La Gi	60	Tỉnh Bình Thuận	68	23230	exact	23230:Xã Tân Minh
23234	Phường Tân Thiện	Thị xã La Gi	60	Tỉnh Bình Thuận	68	23231	exact	23231:Phường Phước Hội
23235	Phường Tân An	Thị xã La Gi	60	Tỉnh Bình Thuận	68	23231	exact	23231:Phường Phước Hội
23236	Thị trấn Tân Nghĩa	Huyện Hàm Tân	60	Tỉnh Bình Thuận	68	23235	exact	23235:Phường La Gi
23237	Phường Bình Tân	Thị xã La Gi	60	Tỉnh Bình Thuận	68	23231	exact	23231:Phường Phước Hội
23239	Xã Sông Phan	Huyện Hàm Tân	60	Tỉnh Bình Thuận	68	23128	exact	23128:Xã Hàm Kiệm
23242	Xã Tân Phúc	Huyện Hàm Tân	60	Tỉnh Bình Thuận	68	23227	exact	23227:Xã Trà Tân
23245	Xã Tân Hải	Thị xã La Gi	60	Tỉnh Bình Thuận	68	23236	exact	23236:Xã Hàm Tân
23246	Xã Tân Tiến	Thị xã La Gi	60	Tỉnh Bình Thuận	68	23236	exact	23236:Xã Hàm Tân
23248	Xã Tân Bình	Thị xã La Gi	60	Tỉnh Bình Thuận	68	23231	exact	23231:Phường Phước Hội
23251	Xã Tân Đức	Huyện Hàm Tân	60	Tỉnh Bình Thuận	68	23227	exact	23227:Xã Trà Tân
23254	Xã Tân Thắng	Huyện Hàm Tân	60	Tỉnh Bình Thuận	68	23246	exact	23246:Xã Tân Hải
23255	Xã Thắng Hải	Huyện Hàm Tân	60	Tỉnh Bình Thuận	68	23246	exact	23246:Xã Tân Hải
23257	Xã Tân Hà	Huyện Hàm Tân	60	Tỉnh Bình Thuận	68	23235	exact	23235:Phường La Gi
23260	Xã Tân Xuân	Huyện Hàm Tân	60	Tỉnh Bình Thuận	68	23235	exact	23235:Phường La Gi
23266	Xã Sơn Mỹ	Huyện Hàm Tân	60	Tỉnh Bình Thuận	68	23246	exact	23246:Xã Tân Hải
23268	Xã Tân Phước	Thị xã La Gi	60	Tỉnh Bình Thuận	68	23230	exact	23230:Xã Tân Minh
23272	Xã Ngũ Phụng	Huyện Phú Quí	60	Tỉnh Bình Thuận	68	23272	exact	23272:Đặc khu Phú Quý
23275	Xã Long Hải	Huyện Phú Quí	60	Tỉnh Bình Thuận	68	23272	exact	23272:Đặc khu Phú Quý
23278	Xã Tam Thanh	Huyện Phú Quí	60	Tỉnh Bình Thuận	68	23272	exact	23272:Đặc khu Phú Quý
23281	Phường Quang Trung	Thành phố Kon Tum	62	Tỉnh Kon Tum	51	23293	exact	23293:Phường Kon Tum
23284	Phường Duy Tân	Thành phố Kon Tum	62	Tỉnh Kon Tum	51	23284	exact	23284:Phường Đăk Cấm
23287	Phường Quyết Thắng	Thành phố Kon Tum	62	Tỉnh Kon Tum	51	23293	exact	23293:Phường Kon Tum
23290	Phường Trường Chinh	Thành phố Kon Tum	62	Tỉnh Kon Tum	51	23293	exact	23293:Phường Kon Tum
23293	Phường Thắng Lợi	Thành phố Kon Tum	62	Tỉnh Kon Tum	51	23293	exact	23293:Phường Kon Tum
23296	Phường Ngô Mây	Thành phố Kon Tum	62	Tỉnh Kon Tum	51	23284	exact	23284:Phường Đăk Cấm
23299	Phường Thống Nhất	Thành phố Kon Tum	62	Tỉnh Kon Tum	51	23293	exact	23293:Phường Kon Tum
23302	Phường Lê Lợi	Thành phố Kon Tum	62	Tỉnh Kon Tum	51		not_found	
23305	Phường Nguyễn Trãi	Thành phố Kon Tum	62	Tỉnh Kon Tum	51		not_found	
23308	Phường Trần Hưng Đạo	Thành phố Kon Tum	62	Tỉnh Kon Tum	51	23302	exact	23302:Phường Đăk Bla
23311	Xã Đắk Cấm	Thành phố Kon Tum	62	Tỉnh Kon Tum	51	23284	exact	23284:Phường Đăk Cấm
23314	Xã Kroong	Thành phố Kon Tum	62	Tỉnh Kon Tum	51	23317	exact	23317:Xã Ngọk Bay
23317	Xã Ngọk Bay	Thành phố Kon Tum	62	Tỉnh Kon Tum	51	23317	exact	23317:Xã Ngọk Bay
23320	Xã Vinh Quang	Thành phố Kon Tum	62	Tỉnh Kon Tum	51	23317	exact	23317:Xã Ngọk Bay
23323	Xã Đắk Blà	Thành phố Kon Tum	62	Tỉnh Kon Tum	51	23332	exact	23332:Xã Đăk Rơ Wa
23326	Xã Ia Chim	Thành phố Kon Tum	62	Tỉnh Kon Tum	51	23326	exact	23326:Xã Ia Chim
23327	Xã Đăk Năng	Thành phố Kon Tum	62	Tỉnh Kon Tum	51	23326	exact	23326:Xã Ia Chim
23329	Xã Đoàn Kết	Thành phố Kon Tum	62	Tỉnh Kon Tum	51	23326	exact	23326:Xã Ia Chim
23332	Xã Chư Hreng	Thành phố Kon Tum	62	Tỉnh Kon Tum	51	23332	exact	23332:Xã Đăk Rơ Wa
23335	Xã Đắk Rơ Wa	Thành phố Kon Tum	62	Tỉnh Kon Tum	51	23332	exact	23332:Xã Đăk Rơ Wa
23338	Xã Hòa Bình	Thành phố Kon Tum	62	Tỉnh Kon Tum	51	23332	exact	23332:Xã Đăk Rơ Wa
23341	Thị trấn Đắk Glei	Huyện Đắk Glei	62	Tỉnh Kon Tum	51	23341	exact	23341:Xã Đăk Pék
23344	Xã Đắk Blô	Huyện Đắk Glei	62	Tỉnh Kon Tum	51		not_found	
23347	Xã Đắk Man	Huyện Đắk Glei	62	Tỉnh Kon Tum	51	23344	exact	23344:Xã Đăk Plô
23350	Xã Đắk Nhoong	Huyện Đắk Glei	62	Tỉnh Kon Tum	51	23344	exact	23344:Xã Đăk Plô
23353	Xã Đắk Pék	Huyện Đắk Glei	62	Tỉnh Kon Tum	51	23341	exact	23341:Xã Đăk Pék
23356	Xã Đắk Choong	Huyện Đắk Glei	62	Tỉnh Kon Tum	51	23356	exact	23356:Xã Xốp
23359	Xã Xốp	Huyện Đắk Glei	62	Tỉnh Kon Tum	51	23356	exact	23356:Xã Xốp
23362	Xã Mường Hoong	Huyện Đắk Glei	62	Tỉnh Kon Tum	51	23365	exact	23365:Xã Ngọc Linh
23365	Xã Ngọc Linh	Huyện Đắk Glei	62	Tỉnh Kon Tum	51	23365	exact	23365:Xã Ngọc Linh
23368	Xã Đắk Long	Huyện Đắk Glei	62	Tỉnh Kon Tum	51	23504	exact	23504:Xã Đăk Pxi
23371	Xã Đắk KRoong	Huyện Đắk Glei	62	Tỉnh Kon Tum	51	23374	exact	23374:Xã Đăk Môn
23374	Xã Đắk Môn	Huyện Đắk Glei	62	Tỉnh Kon Tum	51	23374	exact	23374:Xã Đăk Môn
23377	Thị trấn Plei Kần	Huyện Ngọc Hồi	62	Tỉnh Kon Tum	51	23377	exact	23377:Xã Bờ Y
23380	Xã Đắk Ang	Huyện Ngọc Hồi	62	Tỉnh Kon Tum	51	23383	exact	23383:Xã Dục Nông
23383	Xã Đắk Dục	Huyện Ngọc Hồi	62	Tỉnh Kon Tum	51	23383	exact	23383:Xã Dục Nông
23386	Xã Đắk Nông	Huyện Ngọc Hồi	62	Tỉnh Kon Tum	51	23383	exact	23383:Xã Dục Nông
23389	Xã Đắk Xú	Huyện Ngọc Hồi	62	Tỉnh Kon Tum	51	23377	exact	23377:Xã Bờ Y
23392	Xã Đắk Kan	Huyện Ngọc Hồi	62	Tỉnh Kon Tum	51	23392	exact	23392:Xã Sa Loong
23395	Xã Bờ Y	Huyện Ngọc Hồi	62	Tỉnh Kon Tum	51	23377	exact	23377:Xã Bờ Y
23398	Xã Sa Loong	Huyện Ngọc Hồi	62	Tỉnh Kon Tum	51	23392	exact	23392:Xã Sa Loong
23401	Thị trấn Đắk Tô	Huyện Đắk Tô	62	Tỉnh Kon Tum	51	23401	exact	23401:Xã Đăk Tô
23404	Xã Ngọc Lây	Huyện Tu Mơ Rông	62	Tỉnh Kon Tum	51		not_found	
23407	Xã Đắk Na	Huyện Tu Mơ Rông	62	Tỉnh Kon Tum	51	23416	exact	23416:Xã Đăk Sao
23410	Xã Măng Ri	Huyện Tu Mơ Rông	62	Tỉnh Kon Tum	51	23446	exact	23446:Xã Măng Ri
23413	Xã Ngọc Yêu	Huyện Tu Mơ Rông	62	Tỉnh Kon Tum	51		not_found	
23416	Xã Đắk Sao	Huyện Tu Mơ Rông	62	Tỉnh Kon Tum	51	23416	exact	23416:Xã Đăk Sao
23417	Xã Đắk Rơ Ông	Huyện Tu Mơ Rông	62	Tỉnh Kon Tum	51	23419	exact	23419:Xã Đăk Tờ Kan
23419	Xã Đắk Tờ Kan	Huyện Tu Mơ Rông	62	Tỉnh Kon Tum	51	23419	exact	23419:Xã Đăk Tờ Kan
23422	Xã Tu Mơ Rông	Huyện Tu Mơ Rông	62	Tỉnh Kon Tum	51		split	23446:Xã Măng Ri|23425:Xã Tu Mơ Rông
23425	Xã Đắk Hà	Huyện Tu Mơ Rông	62	Tỉnh Kon Tum	51		split	23446:Xã Măng Ri|23425:Xã Tu Mơ Rông
23427	Xã Đắk Rơ Nga	Huyện Đắk Tô	62	Tỉnh Kon Tum	51	23428	exact	23428:Xã Ngọk Tụ
23428	Xã Ngọk Tụ	Huyện Đắk Tô	62	Tỉnh Kon Tum	51	23428	exact	23428:Xã Ngọk Tụ
23430	Xã Đắk Trăm	Huyện Đắk Tô	62	Tỉnh Kon Tum	51	23430	exact	23430:Xã Kon Đào
23431	Xã Văn Lem	Huyện Đắk Tô	62	Tỉnh Kon Tum	51	23430	exact	23430:Xã Kon Đào
23434	Xã Kon Đào	Huyện Đắk Tô	62	Tỉnh Kon Tum	51	23430	exact	23430:Xã Kon Đào
23437	Xã Tân Cảnh	Huyện Đắk Tô	62	Tỉnh Kon Tum	51	23401	exact	23401:Xã Đăk Tô
23440	Xã Diên Bình	Huyện Đắk Tô	62	Tỉnh Kon Tum	51	23401	exact	23401:Xã Đăk Tô
23443	Xã Pô Kô	Huyện Đắk Tô	62	Tỉnh Kon Tum	51	23401	exact	23401:Xã Đăk Tô
23446	Xã Tê Xăng	Huyện Tu Mơ Rông	62	Tỉnh Kon Tum	51		not_found	
23449	Xã Văn Xuôi	Huyện Tu Mơ Rông	62	Tỉnh Kon Tum	51		not_found	
23452	Xã Đắk Nên	Huyện Kon Plông	62	Tỉnh Kon Tum	51	23455	exact	23455:Xã Măng Bút
23455	Xã Đắk Ring	Huyện Kon Plông	62	Tỉnh Kon Tum	51	23455	exact	23455:Xã Măng Bút
23458	Xã Măng Buk	Huyện Kon Plông	62	Tỉnh Kon Tum	51		not_found	
23461	Xã Đắk Tăng	Huyện Kon Plông	62	Tỉnh Kon Tum	51	23473	exact	23473:Xã Măng Đen
23464	Xã Ngok Tem	Huyện Kon Plông	62	Tỉnh Kon Tum	51	23476	exact	23476:Xã Kon Plông
23467	Xã Pờ Ê	Huyện Kon Plông	62	Tỉnh Kon Tum	51	23476	exact	23476:Xã Kon Plông
23470	Xã Măng Cành	Huyện Kon Plông	62	Tỉnh Kon Tum	51	23473	exact	23473:Xã Măng Đen
23473	Thị trấn Măng Đen	Huyện Kon Plông	62	Tỉnh Kon Tum	51	23473	exact	23473:Xã Măng Đen
23476	Xã Hiếu	Huyện Kon Plông	62	Tỉnh Kon Tum	51	23476	exact	23476:Xã Kon Plông
23479	Thị trấn Đắk Rve	Huyện Kon Rẫy	62	Tỉnh Kon Tum	51	23479	exact	23479:Xã Đăk Rve
23482	Xã Đắk Kôi	Huyện Kon Rẫy	62	Tỉnh Kon Tum	51	23485	exact	23485:Xã Đăk Kôi
23485	Xã Đắk Tơ Lung	Huyện Kon Rẫy	62	Tỉnh Kon Tum	51	23485	exact	23485:Xã Đăk Kôi
23488	Xã Đắk Ruồng	Huyện Kon Rẫy	62	Tỉnh Kon Tum	51	23497	exact	23497:Xã Kon Braih
23491	Xã Đắk Pne	Huyện Kon Rẫy	62	Tỉnh Kon Tum	51	23479	exact	23479:Xã Đăk Rve
23494	Xã Đắk Tờ Re	Huyện Kon Rẫy	62	Tỉnh Kon Tum	51	23497	exact	23497:Xã Kon Braih
23497	Xã Tân Lập	Huyện Kon Rẫy	62	Tỉnh Kon Tum	51	23497	exact	23497:Xã Kon Braih
23500	Thị trấn Đắk Hà	Huyện Đắk Hà	62	Tỉnh Kon Tum	51	23500	exact	23500:Xã Đăk Hà
23503	Xã Đắk PXi	Huyện Đắk Hà	62	Tỉnh Kon Tum	51	23504	exact	23504:Xã Đăk Pxi
23504	Xã Đăk Long	Huyện Đắk Hà	62	Tỉnh Kon Tum	51	23504	exact	23504:Xã Đăk Pxi
23506	Xã Đắk HRing	Huyện Đắk Hà	62	Tỉnh Kon Tum	51	23512	exact	23512:Xã Đăk Mar
23509	Xã Đắk Ui	Huyện Đắk Hà	62	Tỉnh Kon Tum	51	23510	exact	23510:Xã Đăk Ui
23510	Xã Đăk Ngọk	Huyện Đắk Hà	62	Tỉnh Kon Tum	51	23510	exact	23510:Xã Đăk Ui
23512	Xã Đắk Mar	Huyện Đắk Hà	62	Tỉnh Kon Tum	51	23512	exact	23512:Xã Đăk Mar
23515	Xã Ngok Wang	Huyện Đắk Hà	62	Tỉnh Kon Tum	51	23515	exact	23515:Xã Ngọk Réo
23518	Xã Ngok Réo	Huyện Đắk Hà	62	Tỉnh Kon Tum	51	23515	exact	23515:Xã Ngọk Réo
23521	Xã Hà Mòn	Huyện Đắk Hà	62	Tỉnh Kon Tum	51	23500	exact	23500:Xã Đăk Hà
23524	Xã Đắk La	Huyện Đắk Hà	62	Tỉnh Kon Tum	51	23500	exact	23500:Xã Đăk Hà
23527	Thị trấn Sa Thầy	Huyện Sa Thầy	62	Tỉnh Kon Tum	51	23527	exact	23527:Xã Sa Thầy
23530	Xã Rơ Kơi	Huyện Sa Thầy	62	Tỉnh Kon Tum	51	23530	exact	23530:Xã Rờ Kơi
23533	Xã Sa Nhơn	Huyện Sa Thầy	62	Tỉnh Kon Tum	51	23527	exact	23527:Xã Sa Thầy
23534	Xã Hơ Moong	Huyện Sa Thầy	62	Tỉnh Kon Tum	51	23534	exact	23534:Xã Sa Bình
23535	Xã Ia Đal	Huyện Ia H' Drai	62	Tỉnh Kon Tum	51	23535	exact	23535:Xã Ia Đal
23536	Xã Mô Rai	Huyện Sa Thầy	62	Tỉnh Kon Tum	51	23536	exact	23536:Xã Mô Rai
23537	Xã Ia Dom	Huyện Ia H' Drai	62	Tỉnh Kon Tum	51	23538	exact	23538:Xã Ia Tơi
23538	Xã Ia Tơi	Huyện Ia H' Drai	62	Tỉnh Kon Tum	51	23538	exact	23538:Xã Ia Tơi
23539	Xã Sa Sơn	Huyện Sa Thầy	62	Tỉnh Kon Tum	51	23527	exact	23527:Xã Sa Thầy
23542	Xã Sa Nghĩa	Huyện Sa Thầy	62	Tỉnh Kon Tum	51	23534	exact	23534:Xã Sa Bình
23545	Xã Sa Bình	Huyện Sa Thầy	62	Tỉnh Kon Tum	51	23534	exact	23534:Xã Sa Bình
23548	Xã Ya Xiêr	Huyện Sa Thầy	62	Tỉnh Kon Tum	51	23548	exact	23548:Xã Ya Ly
23551	Xã Ya Tăng	Huyện Sa Thầy	62	Tỉnh Kon Tum	51	23548	exact	23548:Xã Ya Ly
23554	Xã Ya ly	Huyện Sa Thầy	62	Tỉnh Kon Tum	51	23548	exact	23548:Xã Ya Ly
23557	Phường Yên Đỗ	Thành phố Pleiku	64	Tỉnh Gia Lai	52	23839	exact	23839:Xã SRó
23560	Phường Diên Hồng	Thành phố Pleiku	64	Tỉnh Gia Lai	52	23839	exact	23839:Xã SRó
23563	Phường Ia Kring	Thành phố Pleiku	64	Tỉnh Gia Lai	52	23839	exact	23839:Xã SRó
23566	Phường Hội Thương	Thành phố Pleiku	64	Tỉnh Gia Lai	52	23749	exact	23749:Xã Ia Phí
23569	Phường Hội Phú	Thành phố Pleiku	64	Tỉnh Gia Lai	52	23563	exact	23563:Phường Diên Hồng
23570	Phường Phù Đổng	Thành phố Pleiku	64	Tỉnh Gia Lai	52	23749	exact	23749:Xã Ia Phí
23572	Phường Hoa Lư	Thành phố Pleiku	64	Tỉnh Gia Lai	52	23749	exact	23749:Xã Ia Phí
23575	Phường Tây Sơn	Thành phố Pleiku	64	Tỉnh Gia Lai	52	23749	exact	23749:Xã Ia Phí
23578	Phường Thống Nhất	Thành phố Pleiku	64	Tỉnh Gia Lai	52	23586	exact	23586:Phường Hội Phú
23579	Phường Đống Đa	Thành phố Pleiku	64	Tỉnh Gia Lai	52	23586	exact	23586:Phường Hội Phú
23581	Phường Trà Bá	Thành phố Pleiku	64	Tỉnh Gia Lai	52	23563	exact	23563:Phường Diên Hồng
23582	Phường Thắng Lợi	Thành phố Pleiku	64	Tỉnh Gia Lai	52	23590	exact	23590:Xã Biển Hồ
23584	Phường Yên Thế	Thành phố Pleiku	64	Tỉnh Gia Lai	52	23586	exact	23586:Phường Hội Phú
23586	Phường Chi Lăng	Thành phố Pleiku	64	Tỉnh Gia Lai	52	23563	exact	23563:Phường Diên Hồng
23590	Xã Biển Hồ	Thành phố Pleiku	64	Tỉnh Gia Lai	52	23584	exact	23584:Phường Thống Nhất
23593	Xã Tân Sơn	Thành phố Pleiku	64	Tỉnh Gia Lai	52		not_found	
23596	Xã Trà Đa	Thành phố Pleiku	64	Tỉnh Gia Lai	52	23749	exact	23749:Xã Ia Phí
23599	Xã Chư Á	Thành phố Pleiku	64	Tỉnh Gia Lai	52	23590	exact	23590:Xã Biển Hồ
23602	Xã An Phú	Thành phố Pleiku	64	Tỉnh Gia Lai	52	23590	exact	23590:Xã Biển Hồ
23605	Xã Diên Phú	Thành phố Pleiku	64	Tỉnh Gia Lai	52	23839	exact	23839:Xã SRó
23608	Xã Ia Kênh	Thành phố Pleiku	64	Tỉnh Gia Lai	52	23575	exact	23575:Phường Pleiku
23611	Xã Gào	Thành phố Pleiku	64	Tỉnh Gia Lai	52	23575	exact	23575:Phường Pleiku
23614	Phường An Bình	Thị xã An Khê	64	Tỉnh Gia Lai	52	23995	exact	23995:Xã Đak Pơ
23617	Phường Tây Sơn	Thị xã An Khê	64	Tỉnh Gia Lai	52	23614	exact	23614:Phường An Bình
23620	Phường An Phú	Thị xã An Khê	64	Tỉnh Gia Lai	52	23614	exact	23614:Phường An Bình
23623	Phường An Tân	Thị xã An Khê	64	Tỉnh Gia Lai	52	23614	exact	23614:Phường An Bình
23626	Xã Tú An	Thị xã An Khê	64	Tỉnh Gia Lai	52	23617	exact	23617:Phường An Khê
23627	Xã Xuân An	Thị xã An Khê	64	Tỉnh Gia Lai	52	23617	exact	23617:Phường An Khê
23629	Xã Cửu An	Thị xã An Khê	64	Tỉnh Gia Lai	52	23617	exact	23617:Phường An Khê
23630	Phường An Phước	Thị xã An Khê	64	Tỉnh Gia Lai	52	23614	exact	23614:Phường An Bình
23632	Xã Song An	Thị xã An Khê	64	Tỉnh Gia Lai	52	23617	exact	23617:Phường An Khê
23633	Phường Ngô Mây	Thị xã An Khê	64	Tỉnh Gia Lai	52		split	22006:Xã Canh Vinh|23614:Phường An Bình
23635	Xã Thành An	Thị xã An Khê	64	Tỉnh Gia Lai	52	23614	exact	23614:Phường An Bình
23638	Thị trấn KBang	Huyện KBang	64	Tỉnh Gia Lai	52		split	23602:Phường An Phú|23638:Xã Kbang
23641	Xã Kon Pne	Huyện KBang	64	Tỉnh Gia Lai	52		not_found	
23644	Xã Đăk Roong	Huyện KBang	64	Tỉnh Gia Lai	52		not_found	
23647	Xã Sơn Lang	Huyện KBang	64	Tỉnh Gia Lai	52	23644	exact	23644:Xã Đak Rong
23650	Xã KRong	Huyện KBang	64	Tỉnh Gia Lai	52	23650	exact	23650:Xã Krong
23653	Xã Sơ Pai	Huyện KBang	64	Tỉnh Gia Lai	52	23644	exact	23644:Xã Đak Rong
23656	Xã Lơ Ku	Huyện KBang	64	Tỉnh Gia Lai	52		split	23602:Phường An Phú|23638:Xã Kbang
23659	Xã Đông	Huyện KBang	64	Tỉnh Gia Lai	52	23668	exact	23668:Xã Tơ Tung
23660	Xã Đak SMar	Huyện KBang	64	Tỉnh Gia Lai	52		split	23602:Phường An Phú|23638:Xã Kbang
23662	Xã Nghĩa An	Huyện KBang	64	Tỉnh Gia Lai	52	23668	exact	23668:Xã Tơ Tung
23665	Xã Tơ Tung	Huyện KBang	64	Tỉnh Gia Lai	52	23650	exact	23650:Xã Krong
23668	Xã Kông Lơng Khơng	Huyện KBang	64	Tỉnh Gia Lai	52	23650	exact	23650:Xã Krong
23671	Xã Kông Pla	Huyện KBang	64	Tỉnh Gia Lai	52		not_found	
23674	Xã Đăk HLơ	Huyện KBang	64	Tỉnh Gia Lai	52		not_found	
23677	Thị trấn Đăk Đoa	Huyện Đăk Đoa	64	Tỉnh Gia Lai	52		split	23677:Xã Đak Đoa|23674:Xã Kông Bơ La
23680	Xã Hà Đông	Huyện Đăk Đoa	64	Tỉnh Gia Lai	52		not_found	
23683	Xã Đăk Sơmei	Huyện Đăk Đoa	64	Tỉnh Gia Lai	52	23683	exact	23683:Xã Đak Sơmei
23684	Xã Đăk Krong	Huyện Đăk Đoa	64	Tỉnh Gia Lai	52		split	23701:Xã Kon Gang|23683:Xã Đak Sơmei
23686	Xã Hải Yang	Huyện Đăk Đoa	64	Tỉnh Gia Lai	52	23851	exact	23851:Xã Chơ Long
23689	Xã Kon Gang	Huyện Đăk Đoa	64	Tỉnh Gia Lai	52		split	23701:Xã Kon Gang|23683:Xã Đak Sơmei
23692	Xã Hà Bầu	Huyện Đăk Đoa	64	Tỉnh Gia Lai	52	23584	exact	23584:Phường Thống Nhất
23695	Xã Nam Yang	Huyện Đăk Đoa	64	Tỉnh Gia Lai	52		split	23701:Xã Kon Gang|23683:Xã Đak Sơmei
23698	Xã K' Dang	Huyện Đăk Đoa	64	Tỉnh Gia Lai	52	23714	exact	23714:Xã KDang
23701	Xã H' Neng	Huyện Đăk Đoa	64	Tỉnh Gia Lai	52		split	23701:Xã Kon Gang|23683:Xã Đak Sơmei
23704	Xã Tân Bình	Huyện Đăk Đoa	64	Tỉnh Gia Lai	52		split	23677:Xã Đak Đoa|23674:Xã Kông Bơ La
23707	Xã Glar	Huyện Đăk Đoa	64	Tỉnh Gia Lai	52		split	23677:Xã Đak Đoa|23674:Xã Kông Bơ La
23710	Xã A Dơk	Huyện Đăk Đoa	64	Tỉnh Gia Lai	52	23714	exact	23714:Xã KDang
23713	Xã Trang	Huyện Đăk Đoa	64	Tỉnh Gia Lai	52		not_found	
23714	Xã HNol	Huyện Đăk Đoa	64	Tỉnh Gia Lai	52		not_found	
23716	Xã Ia Pết	Huyện Đăk Đoa	64	Tỉnh Gia Lai	52	23714	exact	23714:Xã KDang
23719	Xã Ia Băng	Huyện Đăk Đoa	64	Tỉnh Gia Lai	52	23714	exact	23714:Xã KDang
23722	Thị trấn Phú Hòa	Huyện Chư Păh	64	Tỉnh Gia Lai	52	23611	exact	23611:Xã Gào
23725	Xã Hà Tây	Huyện Chư Păh	64	Tỉnh Gia Lai	52	23710	exact	23710:Xã Ia Băng
23728	Xã Ia Khươl	Huyện Chư Păh	64	Tỉnh Gia Lai	52	23710	exact	23710:Xã Ia Băng
23731	Xã Ia Phí	Huyện Chư Păh	64	Tỉnh Gia Lai	52	23734	exact	23734:Xã Ia Ly
23734	Thị trấn Ia Ly	Huyện Chư Păh	64	Tỉnh Gia Lai	52	23986	exact	23986:Xã Ia Le
23737	Xã Ia Mơ Nông	Huyện Chư Păh	64	Tỉnh Gia Lai	52	23986	exact	23986:Xã Ia Le
23738	Xã Ia Kreng	Huyện Chư Păh	64	Tỉnh Gia Lai	52	23986	exact	23986:Xã Ia Le
23740	Xã Đăk Tơ Ver	Huyện Chư Păh	64	Tỉnh Gia Lai	52	23710	exact	23710:Xã Ia Băng
23743	Xã Hòa Phú	Huyện Chư Păh	64	Tỉnh Gia Lai	52	23611	exact	23611:Xã Gào
23746	Xã Chư Đăng Ya	Huyện Chư Păh	64	Tỉnh Gia Lai	52	23584	exact	23584:Phường Thống Nhất
23749	Xã Ia Ka	Huyện Chư Păh	64	Tỉnh Gia Lai	52	23734	exact	23734:Xã Ia Ly
23752	Xã Ia Nhin	Huyện Chư Păh	64	Tỉnh Gia Lai	52	23734	exact	23734:Xã Ia Ly
23755	Xã Nghĩa Hòa	Huyện Chư Păh	64	Tỉnh Gia Lai	52	23611	exact	23611:Xã Gào
23761	Xã Nghĩa Hưng	Huyện Chư Păh	64	Tỉnh Gia Lai	52	23584	exact	23584:Phường Thống Nhất
23764	Thị trấn Ia Kha	Huyện Ia Grai	64	Tỉnh Gia Lai	52	23977	exact	23977:Xã Ia Ko
23767	Xã Ia Sao	Huyện Ia Grai	64	Tỉnh Gia Lai	52	23872	exact	23872:Xã Ia Dom
23768	Xã Ia Yok	Huyện Ia Grai	64	Tỉnh Gia Lai	52	23872	exact	23872:Xã Ia Dom
23770	Xã Ia Hrung	Huyện Ia Grai	64	Tỉnh Gia Lai	52	23872	exact	23872:Xã Ia Dom
23771	Xã Ia Bă	Huyện Ia Grai	64	Tỉnh Gia Lai	52	23977	exact	23977:Xã Ia Ko
23773	Xã Ia Khai	Huyện Ia Grai	64	Tỉnh Gia Lai	52	23764	exact	23764:Xã Ia Grai
23776	Xã Ia KRai	Huyện Ia Grai	64	Tỉnh Gia Lai	52	23764	exact	23764:Xã Ia Grai
23778	Xã Ia Grăng	Huyện Ia Grai	64	Tỉnh Gia Lai	52	23977	exact	23977:Xã Ia Ko
23779	Xã Ia Tô	Huyện Ia Grai	64	Tỉnh Gia Lai	52	23764	exact	23764:Xã Ia Grai
23782	Xã Ia O	Huyện Ia Grai	64	Tỉnh Gia Lai	52	23908	exact	23908:Xã Ia Tôr
23785	Xã Ia Dêr	Huyện Ia Grai	64	Tỉnh Gia Lai	52	23872	exact	23872:Xã Ia Dom
23788	Xã Ia Chia	Huyện Ia Grai	64	Tỉnh Gia Lai	52	23788	exact	23788:Xã Ia Chia
23791	Xã Ia Pếch	Huyện Ia Grai	64	Tỉnh Gia Lai	52	23575	exact	23575:Phường Pleiku
23794	Thị trấn Kon Dơng	Huyện Mang Yang	64	Tỉnh Gia Lai	52	23851	exact	23851:Xã Chơ Long
23797	Xã Ayun	Huyện Mang Yang	64	Tỉnh Gia Lai	52	23794	exact	23794:Xã Mang Yang
23798	Xã Đak Jơ Ta	Huyện Mang Yang	64	Tỉnh Gia Lai	52	23794	exact	23794:Xã Mang Yang
23799	Xã Đak Ta Ley	Huyện Mang Yang	64	Tỉnh Gia Lai	52	23798	exact	23798:Xã Ayun
23800	Xã Hra	Huyện Mang Yang	64	Tỉnh Gia Lai	52	23798	exact	23798:Xã Ayun
23803	Xã Đăk Yă	Huyện Mang Yang	64	Tỉnh Gia Lai	52	23851	exact	23851:Xã Chơ Long
23806	Xã Đăk Djrăng	Huyện Mang Yang	64	Tỉnh Gia Lai	52	23851	exact	23851:Xã Chơ Long
23809	Xã Lơ Pang	Huyện Mang Yang	64	Tỉnh Gia Lai	52	23799	exact	23799:Xã Hra
23812	Xã Kon Thụp	Huyện Mang Yang	64	Tỉnh Gia Lai	52	23799	exact	23799:Xã Hra
23815	Xã Đê Ar	Huyện Mang Yang	64	Tỉnh Gia Lai	52	23799	exact	23799:Xã Hra
23818	Xã Kon Chiêng	Huyện Mang Yang	64	Tỉnh Gia Lai	52	23812	exact	23812:Xã Lơ Pang
23821	Xã Đăk Trôi	Huyện Mang Yang	64	Tỉnh Gia Lai	52	23812	exact	23812:Xã Lơ Pang
23824	Thị trấn Kông Chro	Huyện Kông Chro	64	Tỉnh Gia Lai	52	23818	exact	23818:Xã Kon Chiêng
23827	Xã Chư Krêy	Huyện Kông Chro	64	Tỉnh Gia Lai	52	23824	exact	23824:Xã Kông Chro
23830	Xã An Trung	Huyện Kông Chro	64	Tỉnh Gia Lai	52	23824	exact	23824:Xã Kông Chro
23833	Xã Kông Yang	Huyện Kông Chro	64	Tỉnh Gia Lai	52	23830	exact	23830:Xã Chư Krey
23836	Xã Đăk Tơ Pang	Huyện Kông Chro	64	Tỉnh Gia Lai	52	23830	exact	23830:Xã Chư Krey
23839	Xã SRó	Huyện Kông Chro	64	Tỉnh Gia Lai	52	23839	exact	23839:Xã SRó
23840	Xã Đắk Kơ Ning	Huyện Kông Chro	64	Tỉnh Gia Lai	52		not_found	
23842	Xã Đăk Song	Huyện Kông Chro	64	Tỉnh Gia Lai	52	23629	exact	23629:Xã Cửu An
23843	Xã Đăk Pling	Huyện Kông Chro	64	Tỉnh Gia Lai	52	23629	exact	23629:Xã Cửu An
23845	Xã Yang Trung	Huyện Kông Chro	64	Tỉnh Gia Lai	52	23818	exact	23818:Xã Kon Chiêng
23846	Xã Đăk Pơ Pho	Huyện Kông Chro	64	Tỉnh Gia Lai	52	21940	exact	21940:Xã An Nhơn Tây
23848	Xã Ya Ma	Huyện Kông Chro	64	Tỉnh Gia Lai	52	23830	exact	23830:Xã Chư Krey
23851	Xã Chơ Long	Huyện Kông Chro	64	Tỉnh Gia Lai	52	23851	exact	23851:Xã Chơ Long
23854	Xã Yang Nam	Huyện Kông Chro	64	Tỉnh Gia Lai	52	23818	exact	23818:Xã Kon Chiêng
23857	Thị trấn Chư Ty	Huyện Đức Cơ	64	Tỉnh Gia Lai	52	23788	exact	23788:Xã Ia Chia
23860	Xã Ia Dơk	Huyện Đức Cơ	64	Tỉnh Gia Lai	52	23857	exact	23857:Xã Đức Cơ
23863	Xã Ia Krêl	Huyện Đức Cơ	64	Tỉnh Gia Lai	52	23869	exact	23869:Xã Ia Dơk
23866	Xã Ia Din	Huyện Đức Cơ	64	Tỉnh Gia Lai	52	23869	exact	23869:Xã Ia Dơk
23869	Xã Ia Kla	Huyện Đức Cơ	64	Tỉnh Gia Lai	52	23857	exact	23857:Xã Đức Cơ
23872	Xã Ia Dom	Huyện Đức Cơ	64	Tỉnh Gia Lai	52	23872	exact	23872:Xã Ia Dom
23875	Xã Ia Lang	Huyện Đức Cơ	64	Tỉnh Gia Lai	52	23869	exact	23869:Xã Ia Dơk
23878	Xã Ia Kriêng	Huyện Đức Cơ	64	Tỉnh Gia Lai	52	23788	exact	23788:Xã Ia Chia
23881	Xã Ia Pnôn	Huyện Đức Cơ	64	Tỉnh Gia Lai	52	23881	exact	23881:Xã Ia Pnôn
23884	Xã Ia Nan	Huyện Đức Cơ	64	Tỉnh Gia Lai	52	23884	exact	23884:Xã Ia Nan
23887	Thị trấn Chư Prông	Huyện Chư Prông	64	Tỉnh Gia Lai	52	23884	exact	23884:Xã Ia Nan
23888	Xã Ia Kly	Huyện Chư Prông	64	Tỉnh Gia Lai	52	23884	exact	23884:Xã Ia Nan
23890	Xã Bình Giáo	Huyện Chư Prông	64	Tỉnh Gia Lai	52	23767	exact	23767:Xã Ia Hrung
23893	Xã Ia Drăng	Huyện Chư Prông	64	Tỉnh Gia Lai	52	23884	exact	23884:Xã Ia Nan
23896	Xã Thăng Hưng	Huyện Chư Prông	64	Tỉnh Gia Lai	52	23767	exact	23767:Xã Ia Hrung
23899	Xã Bàu Cạn	Huyện Chư Prông	64	Tỉnh Gia Lai	52	23767	exact	23767:Xã Ia Hrung
23902	Xã Ia Phìn	Huyện Chư Prông	64	Tỉnh Gia Lai	52	23884	exact	23884:Xã Ia Nan
23905	Xã Ia Băng	Huyện Chư Prông	64	Tỉnh Gia Lai	52	23887	exact	23887:Xã Chư Prông
23908	Xã Ia Tôr	Huyện Chư Prông	64	Tỉnh Gia Lai	52	23887	exact	23887:Xã Chư Prông
23911	Xã Ia Boòng	Huyện Chư Prông	64	Tỉnh Gia Lai	52	23908	exact	23908:Xã Ia Tôr
23914	Xã Ia O	Huyện Chư Prông	64	Tỉnh Gia Lai	52	23908	exact	23908:Xã Ia Tôr
23917	Xã Ia Púch	Huyện Chư Prông	64	Tỉnh Gia Lai	52	23917	exact	23917:Xã Ia Púch
23920	Xã Ia Me	Huyện Chư Prông	64	Tỉnh Gia Lai	52	23908	exact	23908:Xã Ia Tôr
23923	Xã Ia Vê	Huyện Chư Prông	64	Tỉnh Gia Lai	52	23917	exact	23917:Xã Ia Púch
23924	Xã Ia Bang	Huyện Chư Prông	64	Tỉnh Gia Lai	52	23887	exact	23887:Xã Chư Prông
23926	Xã Ia Pia	Huyện Chư Prông	64	Tỉnh Gia Lai	52	23917	exact	23917:Xã Ia Púch
23929	Xã Ia Ga	Huyện Chư Prông	64	Tỉnh Gia Lai	52	23917	exact	23917:Xã Ia Púch
23932	Xã Ia Lâu	Huyện Chư Prông	64	Tỉnh Gia Lai	52	23896	exact	23896:Xã Bàu Cạn
23935	Xã Ia Piơr	Huyện Chư Prông	64	Tỉnh Gia Lai	52	23896	exact	23896:Xã Bàu Cạn
23938	Xã Ia Mơ	Huyện Chư Prông	64	Tỉnh Gia Lai	52	23938	exact	23938:Xã Ia Mơ
23941	Thị trấn Chư Sê	Huyện Chư Sê	64	Tỉnh Gia Lai	52	23722	exact	23722:Xã Chư Păh
23942	Thị trấn Nhơn Hoà	Huyện Chư Pưh	64	Tỉnh Gia Lai	52	23941	exact	23941:Xã Chư Sê
23944	Xã Ia Tiêm	Huyện Chư Sê	64	Tỉnh Gia Lai	52	23971	exact	23971:Xã Ia Hrú
23945	Xã Chư Pơng	Huyện Chư Sê	64	Tỉnh Gia Lai	52	23971	exact	23971:Xã Ia Hrú
23946	Xã Bar Măih	Huyện Chư Sê	64	Tỉnh Gia Lai	52	23971	exact	23971:Xã Ia Hrú
23947	Xã Bờ Ngoong	Huyện Chư Sê	64	Tỉnh Gia Lai	52	23971	exact	23971:Xã Ia Hrú
23950	Xã Ia Glai	Huyện Chư Sê	64	Tỉnh Gia Lai	52	23722	exact	23722:Xã Chư Păh
23953	Xã AL Bá	Huyện Chư Sê	64	Tỉnh Gia Lai	52		split	23942:Xã Chư Pưh|23954:Xã Al Bá
23954	Xã Kông HTok	Huyện Chư Sê	64	Tỉnh Gia Lai	52		split	23942:Xã Chư Pưh|23954:Xã Al Bá
23956	Xã AYun	Huyện Chư Sê	64	Tỉnh Gia Lai	52		split	23942:Xã Chư Pưh|23954:Xã Al Bá
23959	Xã Ia HLốp	Huyện Chư Sê	64	Tỉnh Gia Lai	52	23926	exact	23926:Xã Ia Pia
23962	Xã Ia Blang	Huyện Chư Sê	64	Tỉnh Gia Lai	52	23722	exact	23722:Xã Chư Păh
23965	Xã Dun	Huyện Chư Sê	64	Tỉnh Gia Lai	52	23722	exact	23722:Xã Chư Păh
23966	Xã Ia Pal	Huyện Chư Sê	64	Tỉnh Gia Lai	52	23722	exact	23722:Xã Chư Păh
23968	Xã H Bông	Huyện Chư Sê	64	Tỉnh Gia Lai	52		not_found	
23971	Xã Ia Hrú	Huyện Chư Pưh	64	Tỉnh Gia Lai	52	23971	exact	23971:Xã Ia Hrú
23972	Xã Ia Rong	Huyện Chư Pưh	64	Tỉnh Gia Lai	52		not_found	
23974	Xã Ia Dreng	Huyện Chư Pưh	64	Tỉnh Gia Lai	52		not_found	
23977	Xã Ia Ko	Huyện Chư Sê	64	Tỉnh Gia Lai	52	23926	exact	23926:Xã Ia Pia
23978	Xã Ia Hla	Huyện Chư Pưh	64	Tỉnh Gia Lai	52	23926	exact	23926:Xã Ia Pia
23980	Xã Chư Don	Huyện Chư Pưh	64	Tỉnh Gia Lai	52	23941	exact	23941:Xã Chư Sê
23983	Xã Ia Phang	Huyện Chư Pưh	64	Tỉnh Gia Lai	52	23941	exact	23941:Xã Chư Sê
23986	Xã Ia Le	Huyện Chư Pưh	64	Tỉnh Gia Lai	52	23938	exact	23938:Xã Ia Mơ
23987	Xã Ia BLứ	Huyện Chư Pưh	64	Tỉnh Gia Lai	52	23938	exact	23938:Xã Ia Mơ
23989	Xã Hà Tam	Huyện Đăk Pơ	64	Tỉnh Gia Lai	52	23833	exact	23833:Xã Ya Ma
23992	Xã An Thành	Huyện Đăk Pơ	64	Tỉnh Gia Lai	52		split	23833:Xã Ya Ma|21697:Xã Ân Hảo
23995	Thị trấn Đak Pơ	Huyện Đăk Pơ	64	Tỉnh Gia Lai	52	23833	exact	23833:Xã Ya Ma
23998	Xã Yang Bắc	Huyện Đăk Pơ	64	Tỉnh Gia Lai	52	23833	exact	23833:Xã Ya Ma
24001	Xã Cư An	Huyện Đăk Pơ	64	Tỉnh Gia Lai	52	23995	exact	23995:Xã Đak Pơ
24004	Xã Tân An	Huyện Đăk Pơ	64	Tỉnh Gia Lai	52	23995	exact	23995:Xã Đak Pơ
24007	Xã Phú An	Huyện Đăk Pơ	64	Tỉnh Gia Lai	52		split	24007:Xã Ya Hội|23842:Xã Đăk Song
24010	Xã Ya Hội	Huyện Đăk Pơ	64	Tỉnh Gia Lai	52		split	24007:Xã Ya Hội|23842:Xã Đăk Song
24013	Xã Pờ Tó	Huyện Ia Pa	64	Tỉnh Gia Lai	52	23947	exact	23947:Xã Bờ Ngoong
24016	Xã Chư Răng	Huyện Ia Pa	64	Tỉnh Gia Lai	52	23947	exact	23947:Xã Bờ Ngoong
24019	Xã Ia KDăm	Huyện Ia Pa	64	Tỉnh Gia Lai	52	24112	exact	24112:Xã Ia Rsai
24022	Xã Kim Tân	Huyện Ia Pa	64	Tỉnh Gia Lai	52	24013	exact	24013:Xã Pờ Tó
24025	Xã Chư Mố	Huyện Ia Pa	64	Tỉnh Gia Lai	52	24112	exact	24112:Xã Ia Rsai
24028	Xã Ia Tul	Huyện Ia Pa	64	Tỉnh Gia Lai	52	24112	exact	24112:Xã Ia Rsai
24031	Xã Ia Ma Rơn	Huyện Ia Pa	64	Tỉnh Gia Lai	52		not_found	
24034	Xã Ia Broăi	Huyện Ia Pa	64	Tỉnh Gia Lai	52	24112	exact	24112:Xã Ia Rsai
24037	Xã Ia Trok	Huyện Ia Pa	64	Tỉnh Gia Lai	52	24013	exact	24013:Xã Pờ Tó
24041	Phường Cheo Reo	Thị xã Ayun Pa	64	Tỉnh Gia Lai	52	24049	exact	24049:Xã Chư A Thai
24042	Phường Hòa Bình	Thị xã Ayun Pa	64	Tỉnh Gia Lai	52	24049	exact	24049:Xã Chư A Thai
24043	Thị trấn Phú Thiện	Huyện Phú Thiện	64	Tỉnh Gia Lai	52	24022	exact	24022:Xã Ia Pa
24044	Phường Đoàn Kết	Thị xã Ayun Pa	64	Tỉnh Gia Lai	52	24049	exact	24049:Xã Chư A Thai
24045	Phường Sông Bờ	Thị xã Ayun Pa	64	Tỉnh Gia Lai	52	24049	exact	24049:Xã Chư A Thai
24046	Xã Chư A Thai	Huyện Phú Thiện	64	Tỉnh Gia Lai	52	24043	exact	24043:Xã Phú Thiện
24048	Xã Ayun Hạ	Huyện Phú Thiện	64	Tỉnh Gia Lai	52	24043	exact	24043:Xã Phú Thiện
24049	Xã Ia Ake	Huyện Phú Thiện	64	Tỉnh Gia Lai	52	24043	exact	24043:Xã Phú Thiện
24052	Xã Ia Sol	Huyện Phú Thiện	64	Tỉnh Gia Lai	52	24022	exact	24022:Xã Ia Pa
24055	Xã Ia Piar	Huyện Phú Thiện	64	Tỉnh Gia Lai	52	24022	exact	24022:Xã Ia Pa
24058	Xã Ia Peng	Huyện Phú Thiện	64	Tỉnh Gia Lai	52	24044	exact	24044:Phường Ayun Pa
24060	Xã Chrôh Pơnan	Huyện Phú Thiện	64	Tỉnh Gia Lai	52	24044	exact	24044:Phường Ayun Pa
24061	Xã Ia Hiao	Huyện Phú Thiện	64	Tỉnh Gia Lai	52	24044	exact	24044:Phường Ayun Pa
24064	Xã Ia RBol	Thị xã Ayun Pa	64	Tỉnh Gia Lai	52	24061	exact	24061:Xã Ia Hiao
24065	Xã Chư Băh	Thị xã Ayun Pa	64	Tỉnh Gia Lai	52	24061	exact	24061:Xã Ia Hiao
24067	Xã Ia Yeng	Huyện Phú Thiện	64	Tỉnh Gia Lai	52	24022	exact	24022:Xã Ia Pa
24070	Xã Ia RTô	Thị xã Ayun Pa	64	Tỉnh Gia Lai	52	24065	exact	24065:Xã Ia Rbol
24073	Xã Ia Sao	Thị xã Ayun Pa	64	Tỉnh Gia Lai	52	24065	exact	24065:Xã Ia Rbol
24076	Thị trấn Phú Túc	Huyện Krông Pa	64	Tỉnh Gia Lai	52		not_found	
24079	Xã Ia RSai	Huyện Krông Pa	64	Tỉnh Gia Lai	52	24073	exact	24073:Xã Ia Sao
24082	Xã Ia RSươm	Huyện Krông Pa	64	Tỉnh Gia Lai	52	24100	exact	24100:Xã Ia Dreh
24085	Xã Chư Gu	Huyện Krông Pa	64	Tỉnh Gia Lai	52	24073	exact	24073:Xã Ia Sao
24088	Xã Đất Bằng	Huyện Krông Pa	64	Tỉnh Gia Lai	52		not_found	
24091	Xã Ia Mláh	Huyện Krông Pa	64	Tỉnh Gia Lai	52		not_found	
24094	Xã Chư Drăng	Huyện Krông Pa	64	Tỉnh Gia Lai	52	24100	exact	24100:Xã Ia Dreh
24097	Xã Phú Cần	Huyện Krông Pa	64	Tỉnh Gia Lai	52		not_found	
24100	Xã Ia HDreh	Huyện Krông Pa	64	Tỉnh Gia Lai	52		not_found	
24103	Xã Ia RMok	Huyện Krông Pa	64	Tỉnh Gia Lai	52	24028	exact	24028:Xã Ia Tul
24106	Xã Chư Ngọc	Huyện Krông Pa	64	Tỉnh Gia Lai	52		not_found	
24109	Xã Uar	Huyện Krông Pa	64	Tỉnh Gia Lai	52	24100	exact	24100:Xã Ia Dreh
24112	Xã Chư Rcăm	Huyện Krông Pa	64	Tỉnh Gia Lai	52	24073	exact	24073:Xã Ia Sao
24115	Xã Krông Năng	Huyện Krông Pa	64	Tỉnh Gia Lai	52	24028	exact	24028:Xã Ia Tul
24118	Phường Tân Lập	Thành phố Buôn Ma Thuột	66	Tỉnh Đắk Lắk	66	24580	exact	24580:Xã Liên Sơn Lắk
24121	Phường Tân Hòa	Thành phố Buôn Ma Thuột	66	Tỉnh Đắk Lắk	66	24580	exact	24580:Xã Liên Sơn Lắk
24124	Phường Tân An	Thành phố Buôn Ma Thuột	66	Tỉnh Đắk Lắk	66	24121	exact	24121:Phường Tân Lập
24127	Phường Thống Nhất	Thành phố Buôn Ma Thuột	66	Tỉnh Đắk Lắk	66	24301	exact	24301:Xã Cuôr Đăng
24130	Phường Thành Nhất	Thành phố Buôn Ma Thuột	66	Tỉnh Đắk Lắk	66	24154	exact	24154:Phường Thành Nhất
24133	Phường Thắng Lợi	Thành phố Buôn Ma Thuột	66	Tỉnh Đắk Lắk	66		not_found	
24136	Phường Tân Lợi	Thành phố Buôn Ma Thuột	66	Tỉnh Đắk Lắk	66		not_found	
24139	Phường Thành Công	Thành phố Buôn Ma Thuột	66	Tỉnh Đắk Lắk	66		not_found	
24142	Phường Tân Thành	Thành phố Buôn Ma Thuột	66	Tỉnh Đắk Lắk	66		not_found	
24145	Phường Tân Tiến	Thành phố Buôn Ma Thuột	66	Tỉnh Đắk Lắk	66		not_found	
24148	Phường Tự An	Thành phố Buôn Ma Thuột	66	Tỉnh Đắk Lắk	66		not_found	
24151	Phường Ea Tam	Thành phố Buôn Ma Thuột	66	Tỉnh Đắk Lắk	66	24163	exact	24163:Phường Tân An
24154	Phường Khánh Xuân	Thành phố Buôn Ma Thuột	66	Tỉnh Đắk Lắk	66	24154	exact	24154:Phường Thành Nhất
24157	Xã Hòa Thuận	Thành phố Buôn Ma Thuột	66	Tỉnh Đắk Lắk	66	24121	exact	24121:Phường Tân Lập
24160	Xã Cư ÊBur	Thành phố Buôn Ma Thuột	66	Tỉnh Đắk Lắk	66		not_found	
24163	Xã Ea Tu	Thành phố Buôn Ma Thuột	66	Tỉnh Đắk Lắk	66	24121	exact	24121:Phường Tân Lập
24166	Xã Hòa Thắng	Thành phố Buôn Ma Thuột	66	Tỉnh Đắk Lắk	66	24580	exact	24580:Xã Liên Sơn Lắk
24169	Xã Ea Kao	Thành phố Buôn Ma Thuột	66	Tỉnh Đắk Lắk	66	24163	exact	24163:Phường Tân An
24172	Xã Hòa Phú	Thành phố Buôn Ma Thuột	66	Tỉnh Đắk Lắk	66	24133	exact	24133:Phường Buôn Ma Thuột
24175	Xã Hòa Khánh	Thành phố Buôn Ma Thuột	66	Tỉnh Đắk Lắk	66	24133	exact	24133:Phường Buôn Ma Thuột
24178	Xã Hòa Xuân	Thành phố Buôn Ma Thuột	66	Tỉnh Đắk Lắk	66	24133	exact	24133:Phường Buôn Ma Thuột
24181	Thị trấn Ea Drăng	Huyện Ea H'leo	66	Tỉnh Đắk Lắk	66	24604	exact	24604:Xã Krông Nô
24184	Xã Ea H'leo	Huyện Ea H'leo	66	Tỉnh Đắk Lắk	66	24184	exact	24184:Xã Ea H’Leo
24187	Xã Ea Sol	Huyện Ea H'leo	66	Tỉnh Đắk Lắk	66	24181	exact	24181:Xã Ea Drăng
24190	Xã Ea Ral	Huyện Ea H'leo	66	Tỉnh Đắk Lắk	66	24604	exact	24604:Xã Krông Nô
24193	Xã Ea Wy	Huyện Ea H'leo	66	Tỉnh Đắk Lắk	66	24184	exact	24184:Xã Ea H’Leo
24194	Xã Cư A Mung	Huyện Ea H'leo	66	Tỉnh Đắk Lắk	66	24184	exact	24184:Xã Ea H’Leo
24196	Xã Cư Mốt	Huyện Ea H'leo	66	Tỉnh Đắk Lắk	66	24184	exact	24184:Xã Ea H’Leo
24199	Xã Ea Hiao	Huyện Ea H'leo	66	Tỉnh Đắk Lắk	66	24181	exact	24181:Xã Ea Drăng
24202	Xã Ea Khal	Huyện Ea H'leo	66	Tỉnh Đắk Lắk	66	24193	exact	24193:Xã Ea Wy
24205	Xã Dliê Yang	Huyện Ea H'leo	66	Tỉnh Đắk Lắk	66	24604	exact	24604:Xã Krông Nô
24207	Xã Ea Tir	Huyện Ea H'leo	66	Tỉnh Đắk Lắk	66	24193	exact	24193:Xã Ea Wy
24208	Xã Ea Nam	Huyện Ea H'leo	66	Tỉnh Đắk Lắk	66	24193	exact	24193:Xã Ea Wy
24211	Thị trấn Ea Súp	Huyện Ea Súp	66	Tỉnh Đắk Lắk	66	24208	exact	24208:Xã Ea Khăl
24214	Xã Ia Lốp	Huyện Ea Súp	66	Tỉnh Đắk Lắk	66	24214	exact	24214:Xã Ia Lốp
24215	Xã Ia JLơi	Huyện Ea Súp	66	Tỉnh Đắk Lắk	66	24214	exact	24214:Xã Ia Lốp
24217	Xã Ea Rốk	Huyện Ea Súp	66	Tỉnh Đắk Lắk	66	24214	exact	24214:Xã Ia Lốp
24220	Xã Ya Tờ Mốt	Huyện Ea Súp	66	Tỉnh Đắk Lắk	66	24221	exact	24221:Xã Ia Rvê
24221	Xã Ia RVê	Huyện Ea Súp	66	Tỉnh Đắk Lắk	66	24221	exact	24221:Xã Ia Rvê
24223	Xã Ea Lê	Huyện Ea Súp	66	Tỉnh Đắk Lắk	66	24208	exact	24208:Xã Ea Khăl
24226	Xã Cư KBang	Huyện Ea Súp	66	Tỉnh Đắk Lắk	66	24214	exact	24214:Xã Ia Lốp
24229	Xã Ea Bung	Huyện Ea Súp	66	Tỉnh Đắk Lắk	66	24221	exact	24221:Xã Ia Rvê
24232	Xã Cư M'Lan	Huyện Ea Súp	66	Tỉnh Đắk Lắk	66	24208	exact	24208:Xã Ea Khăl
24235	Xã Krông Na	Huyện Buôn Đôn	66	Tỉnh Đắk Lắk	66		not_found	
24238	Xã Ea Huar	Huyện Buôn Đôn	66	Tỉnh Đắk Lắk	66	24250	exact	24250:Xã Ea Nuôl
24241	Xã Ea Wer	Huyện Buôn Đôn	66	Tỉnh Đắk Lắk	66	24250	exact	24250:Xã Ea Nuôl
24244	Xã Tân Hoà	Huyện Buôn Đôn	66	Tỉnh Đắk Lắk	66	24250	exact	24250:Xã Ea Nuôl
24247	Xã Cuôr KNia	Huyện Buôn Đôn	66	Tỉnh Đắk Lắk	66	24175	exact	24175:Xã Hòa Phú
24250	Xã Ea Bar	Huyện Buôn Đôn	66	Tỉnh Đắk Lắk	66	24175	exact	24175:Xã Hòa Phú
24253	Xã Ea Nuôl	Huyện Buôn Đôn	66	Tỉnh Đắk Lắk	66	24175	exact	24175:Xã Hòa Phú
24256	Thị trấn Ea Pốk	Huyện Cư M'gar	66	Tỉnh Đắk Lắk	66		split	24169:Phường Ea Kao|24259:Xã Quảng Phú
24259	Thị trấn Quảng Phú	Huyện Cư M'gar	66	Tỉnh Đắk Lắk	66		split	24169:Phường Ea Kao|24259:Xã Quảng Phú
24262	Xã Quảng Tiến	Huyện Cư M'gar	66	Tỉnh Đắk Lắk	66		split	24169:Phường Ea Kao|24259:Xã Quảng Phú
24264	Xã Ea Kuêh	Huyện Cư M'gar	66	Tỉnh Đắk Lắk	66	24265	exact	24265:Xã Ea Kiết
24265	Xã Ea Kiết	Huyện Cư M'gar	66	Tỉnh Đắk Lắk	66	24265	exact	24265:Xã Ea Kiết
24268	Xã Ea Tar	Huyện Cư M'gar	66	Tỉnh Đắk Lắk	66	24286	exact	24286:Xã Ea M’Droh
24271	Xã Cư Dliê M'nông	Huyện Cư M'gar	66	Tỉnh Đắk Lắk	66	24286	exact	24286:Xã Ea M’Droh
24274	Xã Ea H'đinh	Huyện Cư M'gar	66	Tỉnh Đắk Lắk	66		not_found	
24277	Xã Ea Tul	Huyện Cư M'gar	66	Tỉnh Đắk Lắk	66	24286	exact	24286:Xã Ea M’Droh
24280	Xã Ea KPam	Huyện Cư M'gar	66	Tỉnh Đắk Lắk	66		not_found	
24283	Xã Ea M'DRóh	Huyện Cư M'gar	66	Tỉnh Đắk Lắk	66	24286	exact	24286:Xã Ea M’Droh
24286	Xã Quảng Hiệp	Huyện Cư M'gar	66	Tỉnh Đắk Lắk	66		not_found	
24289	Xã Cư M'gar	Huyện Cư M'gar	66	Tỉnh Đắk Lắk	66	24280	exact	24280:Xã Cư M’gar
24292	Xã Ea D'Rơng	Huyện Cư M'gar	66	Tỉnh Đắk Lắk	66		split	24277:Xã Ea Tul|24316:Xã Pơng Drang
24295	Xã Ea M'nang	Huyện Cư M'gar	66	Tỉnh Đắk Lắk	66		not_found	
24298	Xã Cư Suê	Huyện Cư M'gar	66	Tỉnh Đắk Lắk	66		split	24169:Phường Ea Kao|24259:Xã Quảng Phú
24301	Xã Cuor Đăng	Huyện Cư M'gar	66	Tỉnh Đắk Lắk	66	24277	exact	24277:Xã Ea Tul
24305	Phường An Lạc	Thị xã Buôn Hồ	66	Tỉnh Đắk Lắk	66	24301	exact	24301:Xã Cuôr Đăng
24307	Xã Cư Né	Huyện Krông Búk	66	Tỉnh Đắk Lắk	66	24187	exact	24187:Xã Ea Hiao
24308	Phường An Bình	Thị xã Buôn Hồ	66	Tỉnh Đắk Lắk	66	24301	exact	24301:Xã Cuôr Đăng
24310	Xã Chư KBô	Huyện Krông Búk	66	Tỉnh Đắk Lắk	66	24187	exact	24187:Xã Ea Hiao
24311	Phường Thiện An	Thị xã Buôn Hồ	66	Tỉnh Đắk Lắk	66	24301	exact	24301:Xã Cuôr Đăng
24313	Xã Cư Pơng	Huyện Krông Búk	66	Tỉnh Đắk Lắk	66	24310	exact	24310:Xã Krông Búk
24314	Xã Ea Sin	Huyện Krông Búk	66	Tỉnh Đắk Lắk	66	24310	exact	24310:Xã Krông Búk
24316	Thị trấn Pơng Drang	Huyện Krông Búk	66	Tỉnh Đắk Lắk	66	24305	exact	24305:Phường Buôn Hồ
24317	Xã Tân Lập	Huyện Krông Búk	66	Tỉnh Đắk Lắk	66	24305	exact	24305:Phường Buôn Hồ
24318	Phường Đạt Hiếu	Thị xã Buôn Hồ	66	Tỉnh Đắk Lắk	66	24301	exact	24301:Xã Cuôr Đăng
24319	Xã Ea Ngai	Huyện Krông Búk	66	Tỉnh Đắk Lắk	66	24305	exact	24305:Phường Buôn Hồ
24322	Phường Đoàn Kết	Thị xã Buôn Hồ	66	Tỉnh Đắk Lắk	66	24301	exact	24301:Xã Cuôr Đăng
24325	Xã Ea Blang	Thị xã Buôn Hồ	66	Tỉnh Đắk Lắk	66		not_found	
24328	Xã Ea Drông	Thị xã Buôn Hồ	66	Tỉnh Đắk Lắk	66		split	24277:Xã Ea Tul|24316:Xã Pơng Drang
24331	Phường Thống Nhất	Thị xã Buôn Hồ	66	Tỉnh Đắk Lắk	66	24301	exact	24301:Xã Cuôr Đăng
24332	Phường Bình Tân	Thị xã Buôn Hồ	66	Tỉnh Đắk Lắk	66	24328	exact	24328:Xã Ea Drông
24334	Xã Ea Siên	Thị xã Buôn Hồ	66	Tỉnh Đắk Lắk	66	24316	exact	24316:Xã Pơng Drang
24337	Xã Bình Thuận	Thị xã Buôn Hồ	66	Tỉnh Đắk Lắk	66	24328	exact	24328:Xã Ea Drông
24340	Xã Cư Bao	Thị xã Buôn Hồ	66	Tỉnh Đắk Lắk	66	24328	exact	24328:Xã Ea Drông
24343	Thị trấn Krông Năng	Huyện Krông Năng	66	Tỉnh Đắk Lắk	66	24340	exact	24340:Phường Cư Bao
24346	Xã ĐLiê Ya	Huyện Krông Năng	66	Tỉnh Đắk Lắk	66	24313	exact	24313:Xã Cư Pơng
24349	Xã Ea Tóh	Huyện Krông Năng	66	Tỉnh Đắk Lắk	66	24313	exact	24313:Xã Cư Pơng
24352	Xã Ea Tam	Huyện Krông Năng	66	Tỉnh Đắk Lắk	66	24346	exact	24346:Xã Dliê Ya
24355	Xã Phú Lộc	Huyện Krông Năng	66	Tỉnh Đắk Lắk	66	24340	exact	24340:Phường Cư Bao
24358	Xã Tam Giang	Huyện Krông Năng	66	Tỉnh Đắk Lắk	66	24346	exact	24346:Xã Dliê Ya
24359	Xã Ea Puk	Huyện Krông Năng	66	Tỉnh Đắk Lắk	66	24343	exact	24343:Xã Krông Năng
24360	Xã Ea Dăh	Huyện Krông Năng	66	Tỉnh Đắk Lắk	66	24343	exact	24343:Xã Krông Năng
24361	Xã Ea Hồ	Huyện Krông Năng	66	Tỉnh Đắk Lắk	66	24340	exact	24340:Phường Cư Bao
24364	Xã Phú Xuân	Huyện Krông Năng	66	Tỉnh Đắk Lắk	66	24343	exact	24343:Xã Krông Năng
24367	Xã Cư Klông	Huyện Krông Năng	66	Tỉnh Đắk Lắk	66	24346	exact	24346:Xã Dliê Ya
24370	Xã Ea Tân	Huyện Krông Năng	66	Tỉnh Đắk Lắk	66	24313	exact	24313:Xã Cư Pơng
24373	Thị trấn Ea Kar	Huyện Ea Kar	66	Tỉnh Đắk Lắk	66	24364	exact	24364:Xã Phú Xuân
24376	Thị trấn Ea Knốp	Huyện Ea Kar	66	Tỉnh Đắk Lắk	66	24373	exact	24373:Xã Ea Kar
24379	Xã Ea Sô	Huyện Ea Kar	66	Tỉnh Đắk Lắk	66	24373	exact	24373:Xã Ea Kar
24380	Xã Ea Sar	Huyện Ea Kar	66	Tỉnh Đắk Lắk	66	24373	exact	24373:Xã Ea Kar
24382	Xã Xuân Phú	Huyện Ea Kar	66	Tỉnh Đắk Lắk	66	24364	exact	24364:Xã Phú Xuân
24385	Xã Cư Huê	Huyện Ea Kar	66	Tỉnh Đắk Lắk	66	24364	exact	24364:Xã Phú Xuân
24388	Xã Ea Tih	Huyện Ea Kar	66	Tỉnh Đắk Lắk	66	24373	exact	24373:Xã Ea Kar
24391	Xã Ea Đar	Huyện Ea Kar	66	Tỉnh Đắk Lắk	66	24364	exact	24364:Xã Phú Xuân
24394	Xã Ea Kmút	Huyện Ea Kar	66	Tỉnh Đắk Lắk	66	24364	exact	24364:Xã Phú Xuân
24397	Xã Cư Ni	Huyện Ea Kar	66	Tỉnh Đắk Lắk	66	24364	exact	24364:Xã Phú Xuân
24400	Xã Ea Păl	Huyện Ea Kar	66	Tỉnh Đắk Lắk	66	24376	exact	24376:Xã Ea Knốp
24401	Xã Cư Prông	Huyện Ea Kar	66	Tỉnh Đắk Lắk	66	24376	exact	24376:Xã Ea Knốp
24403	Xã Ea Ô	Huyện Ea Kar	66	Tỉnh Đắk Lắk	66	24400	exact	24400:Xã Ea Păl
24404	Xã Cư ELang	Huyện Ea Kar	66	Tỉnh Đắk Lắk	66	24400	exact	24400:Xã Ea Păl
24406	Xã Cư Bông	Huyện Ea Kar	66	Tỉnh Đắk Lắk	66		split	24403:Xã Ea Ô|24406:Xã Cư Yang
24409	Xã Cư Jang	Huyện Ea Kar	66	Tỉnh Đắk Lắk	66		not_found	
24412	Thị trấn M'Đrắk	Huyện M'Đrắk	66	Tỉnh Đắk Lắk	66		not_found	
24415	Xã Cư Prao	Huyện M'Đrắk	66	Tỉnh Đắk Lắk	66	24352	exact	24352:Xã Tam Giang
24418	Xã Ea Pil	Huyện M'Đrắk	66	Tỉnh Đắk Lắk	66	24352	exact	24352:Xã Tam Giang
24421	Xã Ea Lai	Huyện M'Đrắk	66	Tỉnh Đắk Lắk	66		not_found	
24424	Xã Ea H'MLay	Huyện M'Đrắk	66	Tỉnh Đắk Lắk	66		split	24433:Xã Ea Riêng|24412:Xã M’Drắk
24427	Xã Krông Jing	Huyện M'Đrắk	66	Tỉnh Đắk Lắk	66		not_found	
24430	Xã Ea M' Doal	Huyện M'Đrắk	66	Tỉnh Đắk Lắk	66		split	24433:Xã Ea Riêng|24412:Xã M’Drắk
24433	Xã Ea Riêng	Huyện M'Đrắk	66	Tỉnh Đắk Lắk	66		split	24433:Xã Ea Riêng|24412:Xã M’Drắk
24436	Xã Cư M'ta	Huyện M'Đrắk	66	Tỉnh Đắk Lắk	66	24436	exact	24436:Xã Cư M’ta
24439	Xã Cư K Róa	Huyện M'Đrắk	66	Tỉnh Đắk Lắk	66		not_found	
24442	Xã Krông Á	Huyện M'Đrắk	66	Tỉnh Đắk Lắk	66	24436	exact	24436:Xã Cư M’ta
24444	Xã Cư San	Huyện M'Đrắk	66	Tỉnh Đắk Lắk	66	24436	exact	24436:Xã Cư M’ta
24445	Xã Ea Trang	Huyện M'Đrắk	66	Tỉnh Đắk Lắk	66	24445	exact	24445:Xã Ea Trang
24448	Thị trấn Krông Kmar	Huyện Krông Bông	66	Tỉnh Đắk Lắk	66	24445	exact	24445:Xã Ea Trang
24451	Xã Dang Kang	Huyện Krông Bông	66	Tỉnh Đắk Lắk	66	24448	exact	24448:Xã Krông Bông
24454	Xã Cư KTy	Huyện Krông Bông	66	Tỉnh Đắk Lắk	66	24448	exact	24448:Xã Krông Bông
24457	Xã Hòa Thành	Huyện Krông Bông	66	Tỉnh Đắk Lắk	66	24448	exact	24448:Xã Krông Bông
24460	Xã Hòa Tân	Huyện Krông Bông	66	Tỉnh Đắk Lắk	66		not_found	
24463	Xã Hòa Phong	Huyện Krông Bông	66	Tỉnh Đắk Lắk	66	24454	exact	24454:Xã Dang Kang
24466	Xã Hòa Lễ	Huyện Krông Bông	66	Tỉnh Đắk Lắk	66	24445	exact	24445:Xã Ea Trang
24469	Xã Yang Reh	Huyện Krông Bông	66	Tỉnh Đắk Lắk	66	24478	exact	24478:Xã Cư Pui
24472	Xã Ea Trul	Huyện Krông Bông	66	Tỉnh Đắk Lắk	66	24478	exact	24478:Xã Cư Pui
24475	Xã Khuê Ngọc Điền	Huyện Krông Bông	66	Tỉnh Đắk Lắk	66	24445	exact	24445:Xã Ea Trang
24478	Xã Cư Pui	Huyện Krông Bông	66	Tỉnh Đắk Lắk	66	24454	exact	24454:Xã Dang Kang
24481	Xã Hòa Sơn	Huyện Krông Bông	66	Tỉnh Đắk Lắk	66	24478	exact	24478:Xã Cư Pui
24484	Xã Cư Drăm	Huyện Krông Bông	66	Tỉnh Đắk Lắk	66	24472	exact	24472:Xã Hòa Sơn
24487	Xã Yang Mao	Huyện Krông Bông	66	Tỉnh Đắk Lắk	66	24472	exact	24472:Xã Hòa Sơn
24490	Thị trấn Phước An	Huyện Krông Pắc	66	Tỉnh Đắk Lắk	66	24484	exact	24484:Xã Yang Mao
24493	Xã KRông Búk	Huyện Krông Pắc	66	Tỉnh Đắk Lắk	66	24490	exact	24490:Xã Krông Pắc
24496	Xã Ea Kly	Huyện Krông Pắc	66	Tỉnh Đắk Lắk	66	24490	exact	24490:Xã Krông Pắc
24499	Xã Ea Kênh	Huyện Krông Pắc	66	Tỉnh Đắk Lắk	66	24280	exact	24280:Xã Cư M’gar
24502	Xã Ea Phê	Huyện Krông Pắc	66	Tỉnh Đắk Lắk	66	24496	exact	24496:Xã Ea Kly
24505	Xã Ea KNuec	Huyện Krông Pắc	66	Tỉnh Đắk Lắk	66	24280	exact	24280:Xã Cư M’gar
24508	Xã Ea Yông	Huyện Krông Pắc	66	Tỉnh Đắk Lắk	66	24484	exact	24484:Xã Yang Mao
24511	Xã Hòa An	Huyện Krông Pắc	66	Tỉnh Đắk Lắk	66	24484	exact	24484:Xã Yang Mao
24514	Xã Ea Kuăng	Huyện Krông Pắc	66	Tỉnh Đắk Lắk	66	24496	exact	24496:Xã Ea Kly
24517	Xã Hòa Đông	Huyện Krông Pắc	66	Tỉnh Đắk Lắk	66	24280	exact	24280:Xã Cư M’gar
24520	Xã Ea Hiu	Huyện Krông Pắc	66	Tỉnh Đắk Lắk	66	24496	exact	24496:Xã Ea Kly
24523	Xã Hòa Tiến	Huyện Krông Pắc	66	Tỉnh Đắk Lắk	66	24484	exact	24484:Xã Yang Mao
24526	Xã Tân Tiến	Huyện Krông Pắc	66	Tỉnh Đắk Lắk	66	24502	exact	24502:Xã Ea Phê
24529	Xã Vụ Bổn	Huyện Krông Pắc	66	Tỉnh Đắk Lắk	66	24529	exact	24529:Xã Vụ Bổn
24532	Xã Ea Uy	Huyện Krông Pắc	66	Tỉnh Đắk Lắk	66	24502	exact	24502:Xã Ea Phê
24535	Xã Ea Yiêng	Huyện Krông Pắc	66	Tỉnh Đắk Lắk	66	24502	exact	24502:Xã Ea Phê
24538	Thị trấn Buôn Trấp	Huyện Krông A Na	66	Tỉnh Đắk Lắk	66		not_found	
24540	Xã Ea Ning	Huyện Cư Kuin	66	Tỉnh Đắk Lắk	66	24505	exact	24505:Xã Ea Knuếc
24541	Xã Cư Ê Wi	Huyện Cư Kuin	66	Tỉnh Đắk Lắk	66	24505	exact	24505:Xã Ea Knuếc
24544	Xã Ea Ktur	Huyện Cư Kuin	66	Tỉnh Đắk Lắk	66	24540	exact	24540:Xã Ea Ning
24547	Xã Ea Tiêu	Huyện Cư Kuin	66	Tỉnh Đắk Lắk	66	24540	exact	24540:Xã Ea Ning
24550	Xã Ea BHốk	Huyện Cư Kuin	66	Tỉnh Đắk Lắk	66		split	24540:Xã Ea Ning|24544:Xã Ea Ktur
24553	Xã Ea Hu	Huyện Cư Kuin	66	Tỉnh Đắk Lắk	66	24505	exact	24505:Xã Ea Knuếc
24556	Xã Dray Sáp	Huyện Krông A Na	66	Tỉnh Đắk Lắk	66	24538	exact	24538:Xã Krông Ana
24559	Xã Ea Na	Huyện Krông A Na	66	Tỉnh Đắk Lắk	66	24538	exact	24538:Xã Krông Ana
24561	Xã Dray Bhăng	Huyện Cư Kuin	66	Tỉnh Đắk Lắk	66	24544	exact	24544:Xã Ea Ktur
24562	Xã Hòa Hiệp	Huyện Cư Kuin	66	Tỉnh Đắk Lắk	66	24544	exact	24544:Xã Ea Ktur
24565	Xã Ea Bông	Huyện Krông A Na	66	Tỉnh Đắk Lắk	66	24538	exact	24538:Xã Krông Ana
24568	Xã Băng A Drênh	Huyện Krông A Na	66	Tỉnh Đắk Lắk	66	24561	exact	24561:Xã Dray Bhăng
24571	Xã Dur KMăl	Huyện Krông A Na	66	Tỉnh Đắk Lắk	66	24561	exact	24561:Xã Dray Bhăng
24574	Xã Bình Hòa	Huyện Krông A Na	66	Tỉnh Đắk Lắk	66		not_found	
24577	Xã Quảng Điền	Huyện Krông A Na	66	Tỉnh Đắk Lắk	66		not_found	
24580	Thị trấn Liên Sơn	Huyện Lắk	66	Tỉnh Đắk Lắk	66	24529	exact	24529:Xã Vụ Bổn
24583	Xã Yang Tao	Huyện Lắk	66	Tỉnh Đắk Lắk	66	24529	exact	24529:Xã Vụ Bổn
24586	Xã Bông Krang	Huyện Lắk	66	Tỉnh Đắk Lắk	66	24529	exact	24529:Xã Vụ Bổn
24589	Xã Đắk Liêng	Huyện Lắk	66	Tỉnh Đắk Lắk	66	24568	exact	24568:Xã Dur Kmăl
24592	Xã Buôn Triết	Huyện Lắk	66	Tỉnh Đắk Lắk	66	24568	exact	24568:Xã Dur Kmăl
24595	Xã Buôn Tría	Huyện Lắk	66	Tỉnh Đắk Lắk	66	24568	exact	24568:Xã Dur Kmăl
24598	Xã Đắk Phơi	Huyện Lắk	66	Tỉnh Đắk Lắk	66	24595	exact	24595:Xã Đắk Liêng
24601	Xã Đắk Nuê	Huyện Lắk	66	Tỉnh Đắk Lắk	66	24595	exact	24595:Xã Đắk Liêng
24604	Xã Krông Nô	Huyện Lắk	66	Tỉnh Đắk Lắk	66	24604	exact	24604:Xã Krông Nô
24607	Xã Nam Ka	Huyện Lắk	66	Tỉnh Đắk Lắk	66		split	24607:Xã Nam Ka|24559:Xã Ea Na
24610	Xã Ea R'Bin	Huyện Lắk	66	Tỉnh Đắk Lắk	66		split	24607:Xã Nam Ka|24559:Xã Ea Na
24611	Phường Nghĩa Đức	Thành phố Gia Nghĩa	67	Tỉnh Đắk Nông	68	24611	exact	24611:Phường Bắc Gia Nghĩa
24612	Phường Nghĩa Thành	Thành phố Gia Nghĩa	67	Tỉnh Đắk Nông	68	24611	exact	24611:Phường Bắc Gia Nghĩa
24614	Phường Nghĩa Phú	Thành phố Gia Nghĩa	67	Tỉnh Đắk Nông	68	24615	exact	24615:Phường Nam Gia Nghĩa
24615	Phường Nghĩa Tân	Thành phố Gia Nghĩa	67	Tỉnh Đắk Nông	68	24615	exact	24615:Phường Nam Gia Nghĩa
24616	Xã Quảng Sơn	Huyện Đăk Glong	67	Tỉnh Đắk Nông	68	24616	exact	24616:Xã Quảng Sơn
24617	Phường Nghĩa Trung	Thành phố Gia Nghĩa	67	Tỉnh Đắk Nông	68	24617	exact	24617:Phường Đông Gia Nghĩa
24618	Xã Đăk R'Moan	Thành phố Gia Nghĩa	67	Tỉnh Đắk Nông	68	24615	exact	24615:Phường Nam Gia Nghĩa
24619	Phường Quảng Thành	Thành phố Gia Nghĩa	67	Tỉnh Đắk Nông	68	24611	exact	24611:Phường Bắc Gia Nghĩa
24620	Xã Quảng Hoà	Huyện Đăk Glong	67	Tỉnh Đắk Nông	68	24620	exact	24620:Xã Quảng Hòa
24622	Xã Đắk Ha	Huyện Đăk Glong	67	Tỉnh Đắk Nông	68	24611	exact	24611:Phường Bắc Gia Nghĩa
24625	Xã Đắk R'Măng	Huyện Đăk Glong	67	Tỉnh Đắk Nông	68	24637	exact	24637:Xã Tà Đùng
24628	Xã Đắk Nia	Thành phố Gia Nghĩa	67	Tỉnh Đắk Nông	68	24617	exact	24617:Phường Đông Gia Nghĩa
24631	Xã Quảng Khê	Huyện Đăk Glong	67	Tỉnh Đắk Nông	68	24631	exact	24631:Xã Quảng Khê
24634	Xã Đắk Plao	Huyện Đăk Glong	67	Tỉnh Đắk Nông	68	24631	exact	24631:Xã Quảng Khê
24637	Xã Đắk Som	Huyện Đăk Glong	67	Tỉnh Đắk Nông	68	24637	exact	24637:Xã Tà Đùng
24640	Thị trấn Ea T'Ling	Huyện Cư Jút	67	Tỉnh Đắk Nông	68	24640	exact	24640:Xã Cư Jút
24643	Xã Đắk Wil	Huyện Cư Jút	67	Tỉnh Đắk Nông	68	24646	exact	24646:Xã Đắk Wil
24646	Xã Ea Pô	Huyện Cư Jút	67	Tỉnh Đắk Nông	68	24646	exact	24646:Xã Đắk Wil
24649	Xã Nam Dong	Huyện Cư Jút	67	Tỉnh Đắk Nông	68	24649	exact	24649:Xã Nam Dong
24652	Xã Đắk DRông	Huyện Cư Jút	67	Tỉnh Đắk Nông	68	24649	exact	24649:Xã Nam Dong
24655	Xã Tâm Thắng	Huyện Cư Jút	67	Tỉnh Đắk Nông	68	24640	exact	24640:Xã Cư Jút
24658	Xã Cư Knia	Huyện Cư Jút	67	Tỉnh Đắk Nông	68	24640	exact	24640:Xã Cư Jút
24661	Xã Trúc Sơn	Huyện Cư Jút	67	Tỉnh Đắk Nông	68	24640	exact	24640:Xã Cư Jút
24664	Thị trấn Đắk Mil	Huyện Đắk Mil	67	Tỉnh Đắk Nông	68	24664	exact	24664:Xã Đức Lập
24667	Xã Đắk Lao	Huyện Đắk Mil	67	Tỉnh Đắk Nông	68	24682	exact	24682:Xã Thuận An
24670	Xã Đắk R'La	Huyện Đắk Mil	67	Tỉnh Đắk Nông	68	24670	exact	24670:Xã Đắk Mil
24673	Xã Đắk Gằn	Huyện Đắk Mil	67	Tỉnh Đắk Nông	68	24670	exact	24670:Xã Đắk Mil
24676	Xã Đức Mạnh	Huyện Đắk Mil	67	Tỉnh Đắk Nông	68	24664	exact	24664:Xã Đức Lập
24677	Xã Đắk N'Drót	Huyện Đắk Mil	67	Tỉnh Đắk Nông	68	24670	exact	24670:Xã Đắk Mil
24678	Xã Long Sơn	Huyện Đắk Mil	67	Tỉnh Đắk Nông	68	24678	exact	24678:Xã Đắk Sắk
24679	Xã Đắk Sắk	Huyện Đắk Mil	67	Tỉnh Đắk Nông	68	24678	exact	24678:Xã Đắk Sắk
24682	Xã Thuận An	Huyện Đắk Mil	67	Tỉnh Đắk Nông	68	24682	exact	24682:Xã Thuận An
24685	Xã Đức Minh	Huyện Đắk Mil	67	Tỉnh Đắk Nông	68	24664	exact	24664:Xã Đức Lập
24688	Thị trấn Đắk Mâm	Huyện Krông Nô	67	Tỉnh Đắk Nông	68	24688	exact	24688:Xã Krông Nô
24691	Xã Đắk Sôr	Huyện Krông Nô	67	Tỉnh Đắk Nông	68	24697	exact	24697:Xã Nam Đà
24692	Xã Nam Xuân	Huyện Krông Nô	67	Tỉnh Đắk Nông	68	24678	exact	24678:Xã Đắk Sắk
24694	Xã Buôn Choah	Huyện Krông Nô	67	Tỉnh Đắk Nông	68	24697	exact	24697:Xã Nam Đà
24697	Xã Nam Đà	Huyện Krông Nô	67	Tỉnh Đắk Nông	68	24697	exact	24697:Xã Nam Đà
24699	Xã Tân Thành	Huyện Krông Nô	67	Tỉnh Đắk Nông	68	24688	exact	24688:Xã Krông Nô
24700	Xã Đắk Drô	Huyện Krông Nô	67	Tỉnh Đắk Nông	68	24688	exact	24688:Xã Krông Nô
24703	Xã Nâm Nung	Huyện Krông Nô	67	Tỉnh Đắk Nông	68	24703	exact	24703:Xã Nâm Nung
24706	Xã Đức Xuyên	Huyện Krông Nô	67	Tỉnh Đắk Nông	68	24712	exact	24712:Xã Quảng Phú
24709	Xã Đắk Nang	Huyện Krông Nô	67	Tỉnh Đắk Nông	68		split	24886:Xã Đam Rông 1|24712:Xã Quảng Phú
24712	Xã Quảng Phú	Huyện Krông Nô	67	Tỉnh Đắk Nông	68	24712	exact	24712:Xã Quảng Phú
24715	Xã Nâm N'Đir	Huyện Krông Nô	67	Tỉnh Đắk Nông	68	24703	exact	24703:Xã Nâm Nung
24717	Thị trấn Đức An	Huyện Đắk Song	67	Tỉnh Đắk Nông	68	24717	exact	24717:Xã Đức An
24718	Xã Đắk Môl	Huyện Đắk Song	67	Tỉnh Đắk Nông	68	24718	exact	24718:Xã Đắk Song
24719	Xã Đắk Hòa	Huyện Đắk Song	67	Tỉnh Đắk Nông	68	24718	exact	24718:Xã Đắk Song
24721	Xã Nam Bình	Huyện Đắk Song	67	Tỉnh Đắk Nông	68	24717	exact	24717:Xã Đức An
24722	Xã Thuận Hà	Huyện Đắk Song	67	Tỉnh Đắk Nông	68	24722	exact	24722:Xã Thuận Hạnh
24724	Xã Thuận Hạnh	Huyện Đắk Song	67	Tỉnh Đắk Nông	68	24722	exact	24722:Xã Thuận Hạnh
24727	Xã Đắk N'Dung	Huyện Đắk Song	67	Tỉnh Đắk Nông	68		not_found	
24728	Xã Nâm N'Jang	Huyện Đắk Song	67	Tỉnh Đắk Nông	68	24730	exact	24730:Xã Trường Xuân
24730	Xã Trường Xuân	Huyện Đắk Song	67	Tỉnh Đắk Nông	68	24730	exact	24730:Xã Trường Xuân
24733	Thị trấn Kiến Đức	Huyện Đắk R'Lấp	67	Tỉnh Đắk Nông	68	24733	exact	24733:Xã Kiến Đức
24736	Xã Quảng Trực	Huyện Tuy Đức	67	Tỉnh Đắk Nông	68	24736	exact	24736:Xã Quảng Trực
24739	Xã Đắk Búk So	Huyện Tuy Đức	67	Tỉnh Đắk Nông	68	24736	exact	24736:Xã Quảng Trực
24740	Xã Quảng Tâm	Huyện Tuy Đức	67	Tỉnh Đắk Nông	68	24736	exact	24736:Xã Quảng Trực
24742	Xã Đắk R'Tíh	Huyện Tuy Đức	67	Tỉnh Đắk Nông	68	24736	exact	24736:Xã Quảng Trực
24745	Xã Quảng Tín	Huyện Đắk R'Lấp	67	Tỉnh Đắk Nông	68	24739	exact	24739:Xã Tuy Đức
24746	Xã Đắk Ngo	Huyện Tuy Đức	67	Tỉnh Đắk Nông	68	24760	exact	24760:Xã Quảng Tín
24748	Xã Quảng Tân	Huyện Tuy Đức	67	Tỉnh Đắk Nông	68	24760	exact	24760:Xã Quảng Tín
24750	Xã Đắk Wer	Huyện Đắk R'Lấp	67	Tỉnh Đắk Nông	68	24751	exact	24751:Xã Nhân Cơ
24751	Xã Nhân Cơ	Huyện Đắk R'Lấp	67	Tỉnh Đắk Nông	68	24751	exact	24751:Xã Nhân Cơ
24754	Xã Kiến Thành	Huyện Đắk R'Lấp	67	Tỉnh Đắk Nông	68	24733	exact	24733:Xã Kiến Đức
24756	Xã Nghĩa Thắng	Huyện Đắk R'Lấp	67	Tỉnh Đắk Nông	68	24733	exact	24733:Xã Kiến Đức
24757	Xã Đạo Nghĩa	Huyện Đắk R'Lấp	67	Tỉnh Đắk Nông	68	24733	exact	24733:Xã Kiến Đức
24760	Xã Đắk Sin	Huyện Đắk R'Lấp	67	Tỉnh Đắk Nông	68	24739	exact	24739:Xã Tuy Đức
24761	Xã Hưng Bình	Huyện Đắk R'Lấp	67	Tỉnh Đắk Nông	68	24739	exact	24739:Xã Tuy Đức
24763	Xã Đắk Ru	Huyện Đắk R'Lấp	67	Tỉnh Đắk Nông	68	24739	exact	24739:Xã Tuy Đức
24766	Xã Nhân Đạo	Huyện Đắk R'Lấp	67	Tỉnh Đắk Nông	68	24751	exact	24751:Xã Nhân Cơ
24769	Phường 7	Thành phố Đà Lạt	68	Tỉnh Lâm Đồng	68	24846	exact	24846:Phường Lang Biang - Đà Lạt
24772	Phường 8	Thành phố Đà Lạt	68	Tỉnh Lâm Đồng	68	24778	exact	24778:Phường Lâm Viên - Đà Lạt
24775	Phường 12	Thành phố Đà Lạt	68	Tỉnh Lâm Đồng	68	24778	exact	24778:Phường Lâm Viên - Đà Lạt
24778	Phường 9	Thành phố Đà Lạt	68	Tỉnh Lâm Đồng	68	24778	exact	24778:Phường Lâm Viên - Đà Lạt
24781	Phường 2	Thành phố Đà Lạt	68	Tỉnh Lâm Đồng	68	24781	exact	24781:Phường Xuân Hương - Đà Lạt
24784	Phường 1	Thành phố Đà Lạt	68	Tỉnh Lâm Đồng	68	24781	exact	24781:Phường Xuân Hương - Đà Lạt
24787	Phường 6	Thành phố Đà Lạt	68	Tỉnh Lâm Đồng	68	24787	exact	24787:Phường Cam Ly - Đà Lạt
24790	Phường 5	Thành phố Đà Lạt	68	Tỉnh Lâm Đồng	68	24787	exact	24787:Phường Cam Ly - Đà Lạt
24793	Phường 4	Thành phố Đà Lạt	68	Tỉnh Lâm Đồng	68	24781	exact	24781:Phường Xuân Hương - Đà Lạt
24796	Phường 10	Thành phố Đà Lạt	68	Tỉnh Lâm Đồng	68	24781	exact	24781:Phường Xuân Hương - Đà Lạt
24799	Phường 11	Thành phố Đà Lạt	68	Tỉnh Lâm Đồng	68	24805	exact	24805:Phường Xuân Trường - Đà Lạt
24802	Phường 3	Thành phố Đà Lạt	68	Tỉnh Lâm Đồng	68	24781	exact	24781:Phường Xuân Hương - Đà Lạt
24805	Xã Xuân Thọ	Thành phố Đà Lạt	68	Tỉnh Lâm Đồng	68	24805	exact	24805:Phường Xuân Trường - Đà Lạt
24808	Xã Tà Nung	Thành phố Đà Lạt	68	Tỉnh Lâm Đồng	68	24787	exact	24787:Phường Cam Ly - Đà Lạt
24810	Xã Trạm Hành	Thành phố Đà Lạt	68	Tỉnh Lâm Đồng	68	24805	exact	24805:Phường Xuân Trường - Đà Lạt
24811	Xã Xuân Trường	Thành phố Đà Lạt	68	Tỉnh Lâm Đồng	68	24805	exact	24805:Phường Xuân Trường - Đà Lạt
24814	Phường Lộc Phát	Thành phố Bảo Lộc	68	Tỉnh Lâm Đồng	68	24823	exact	24823:Phường 1 Bảo Lộc
24817	Phường Lộc Tiến	Thành phố Bảo Lộc	68	Tỉnh Lâm Đồng	68	24841	exact	24841:Phường 3 Bảo Lộc
24820	Phường 2	Thành phố Bảo Lộc	68	Tỉnh Lâm Đồng	68	24820	exact	24820:Phường 2 Bảo Lộc
24823	Phường 1	Thành phố Bảo Lộc	68	Tỉnh Lâm Đồng	68	24823	exact	24823:Phường 1 Bảo Lộc
24826	Phường B'lao	Thành phố Bảo Lộc	68	Tỉnh Lâm Đồng	68	24829	exact	24829:Phường B’Lao
24829	Phường Lộc Sơn	Thành phố Bảo Lộc	68	Tỉnh Lâm Đồng	68	24829	exact	24829:Phường B’Lao
24832	Xã Đạm Bri	Thành phố Bảo Lộc	68	Tỉnh Lâm Đồng	68	24820	exact	24820:Phường 2 Bảo Lộc
24835	Xã Lộc Thanh	Thành phố Bảo Lộc	68	Tỉnh Lâm Đồng	68		split	25093:Xã Bảo Lâm 3|24823:Phường 1 Bảo Lộc
24838	Xã Lộc Nga	Thành phố Bảo Lộc	68	Tỉnh Lâm Đồng	68	24829	exact	24829:Phường B’Lao
24841	Xã Lộc Châu	Thành phố Bảo Lộc	68	Tỉnh Lâm Đồng	68	24841	exact	24841:Phường 3 Bảo Lộc
24844	Xã Đại Lào	Thành phố Bảo Lộc	68	Tỉnh Lâm Đồng	68	24841	exact	24841:Phường 3 Bảo Lộc
24846	Thị trấn Lạc Dương	Huyện Lạc Dương	68	Tỉnh Lâm Đồng	68	24846	exact	24846:Phường Lang Biang - Đà Lạt
24847	Xã Đạ Chais	Huyện Lạc Dương	68	Tỉnh Lâm Đồng	68	24848	exact	24848:Xã Lạc Dương
24848	Xã Đạ Nhim	Huyện Lạc Dương	68	Tỉnh Lâm Đồng	68	24848	exact	24848:Xã Lạc Dương
24850	Xã Đưng KNớ	Huyện Lạc Dương	68	Tỉnh Lâm Đồng	68	24853	exact	24853:Xã Đam Rông 4
24853	Xã Đạ Tông	Huyện Đam Rông	68	Tỉnh Lâm Đồng	68	24853	exact	24853:Xã Đam Rông 4
24856	Xã Đạ Long	Huyện Đam Rông	68	Tỉnh Lâm Đồng	68	24853	exact	24853:Xã Đam Rông 4
24859	Xã Đạ M' Rong	Huyện Đam Rông	68	Tỉnh Lâm Đồng	68	24875	exact	24875:Xã Đam Rông 3
24862	Xã Lát	Huyện Lạc Dương	68	Tỉnh Lâm Đồng	68	24846	exact	24846:Phường Lang Biang - Đà Lạt
24865	Xã Đạ Sar	Huyện Lạc Dương	68	Tỉnh Lâm Đồng	68	24848	exact	24848:Xã Lạc Dương
24868	Thị trấn Nam Ban	Huyện Lâm Hà	68	Tỉnh Lâm Đồng	68	24868	exact	24868:Xã Nam Ban Lâm Hà
24871	Thị trấn Đinh Văn	Huyện Lâm Hà	68	Tỉnh Lâm Đồng	68	24871	exact	24871:Xã Đinh Văn Lâm Hà
24874	Xã Liêng Srônh	Huyện Đam Rông	68	Tỉnh Lâm Đồng	68	24877	exact	24877:Xã Đam Rông 2
24875	Xã Đạ Rsal	Huyện Đam Rông	68	Tỉnh Lâm Đồng	68	24875	exact	24875:Xã Đam Rông 3
24877	Xã Rô Men	Huyện Đam Rông	68	Tỉnh Lâm Đồng	68	24877	exact	24877:Xã Đam Rông 2
24880	Xã Phú Sơn	Huyện Lâm Hà	68	Tỉnh Lâm Đồng	68	24895	exact	24895:Xã Phú Sơn Lâm Hà
24883	Xã Phi Tô	Huyện Lâm Hà	68	Tỉnh Lâm Đồng	68	24883	exact	24883:Xã Nam Hà Lâm Hà
24886	Xã Phi Liêng	Huyện Đam Rông	68	Tỉnh Lâm Đồng	68	24886	exact	24886:Xã Đam Rông 1
24889	Xã Đạ K' Nàng	Huyện Đam Rông	68	Tỉnh Lâm Đồng	68		split	24886:Xã Đam Rông 1|24712:Xã Quảng Phú
24892	Xã Mê Linh	Huyện Lâm Hà	68	Tỉnh Lâm Đồng	68	24868	exact	24868:Xã Nam Ban Lâm Hà
24895	Xã Đạ Đờn	Huyện Lâm Hà	68	Tỉnh Lâm Đồng	68	24895	exact	24895:Xã Phú Sơn Lâm Hà
24898	Xã Phúc Thọ	Huyện Lâm Hà	68	Tỉnh Lâm Đồng	68	24907	exact	24907:Xã Phúc Thọ Lâm Hà
24901	Xã Đông Thanh	Huyện Lâm Hà	68	Tỉnh Lâm Đồng	68	24868	exact	24868:Xã Nam Ban Lâm Hà
24904	Xã Gia Lâm	Huyện Lâm Hà	68	Tỉnh Lâm Đồng	68	24868	exact	24868:Xã Nam Ban Lâm Hà
24907	Xã Tân Thanh	Huyện Lâm Hà	68	Tỉnh Lâm Đồng	68		split	24907:Xã Phúc Thọ Lâm Hà|24688:Xã Krông Nô|23134:Xã Tân Lập|24976:Xã Tân Hội
24910	Xã Tân Văn	Huyện Lâm Hà	68	Tỉnh Lâm Đồng	68	24871	exact	24871:Xã Đinh Văn Lâm Hà
24913	Xã Hoài Đức	Huyện Lâm Hà	68	Tỉnh Lâm Đồng	68	24916	exact	24916:Xã Tân Hà Lâm Hà
24916	Xã Tân Hà	Huyện Lâm Hà	68	Tỉnh Lâm Đồng	68	24916	exact	24916:Xã Tân Hà Lâm Hà
24919	Xã Liên Hà	Huyện Lâm Hà	68	Tỉnh Lâm Đồng	68	24916	exact	24916:Xã Tân Hà Lâm Hà
24922	Xã Đan Phượng	Huyện Lâm Hà	68	Tỉnh Lâm Đồng	68	24916	exact	24916:Xã Tân Hà Lâm Hà
24925	Xã Nam Hà	Huyện Lâm Hà	68	Tỉnh Lâm Đồng	68	24883	exact	24883:Xã Nam Hà Lâm Hà
24928	Thị trấn D'Ran	Huyện Đơn Dương	68	Tỉnh Lâm Đồng	68	24934	exact	24934:Xã D’Ran
24931	Thị trấn Thạnh Mỹ	Huyện Đơn Dương	68	Tỉnh Lâm Đồng	68	24931	exact	24931:Xã Đơn Dương
24934	Xã Lạc Xuân	Huyện Đơn Dương	68	Tỉnh Lâm Đồng	68	24934	exact	24934:Xã D’Ran
24937	Xã Đạ Ròn	Huyện Đơn Dương	68	Tỉnh Lâm Đồng	68	24931	exact	24931:Xã Đơn Dương
24940	Xã Lạc Lâm	Huyện Đơn Dương	68	Tỉnh Lâm Đồng	68	24943	exact	24943:Xã Ka Đô
24943	Xã Ka Đô	Huyện Đơn Dương	68	Tỉnh Lâm Đồng	68	24943	exact	24943:Xã Ka Đô
24946	Xã Quảng Lập	Huyện Đơn Dương	68	Tỉnh Lâm Đồng	68	24955	exact	24955:Xã Quảng Lập
24949	Xã Ka Đơn	Huyện Đơn Dương	68	Tỉnh Lâm Đồng	68	24955	exact	24955:Xã Quảng Lập
24952	Xã Tu Tra	Huyện Đơn Dương	68	Tỉnh Lâm Đồng	68	24931	exact	24931:Xã Đơn Dương
24955	Xã Pró	Huyện Đơn Dương	68	Tỉnh Lâm Đồng	68		not_found	
24958	Thị trấn Liên Nghĩa	Huyện Đức Trọng	68	Tỉnh Lâm Đồng	68	24958	exact	24958:Xã Đức Trọng
24961	Xã Hiệp An	Huyện Đức Trọng	68	Tỉnh Lâm Đồng	68	24967	exact	24967:Xã Hiệp Thạnh
24964	Xã Liên Hiệp	Huyện Đức Trọng	68	Tỉnh Lâm Đồng	68	24967	exact	24967:Xã Hiệp Thạnh
24967	Xã Hiệp Thạnh	Huyện Đức Trọng	68	Tỉnh Lâm Đồng	68	24967	exact	24967:Xã Hiệp Thạnh
24970	Xã Bình Thạnh	Huyện Đức Trọng	68	Tỉnh Lâm Đồng	68	24871	exact	24871:Xã Đinh Văn Lâm Hà
24973	Xã N'Thol Hạ	Huyện Đức Trọng	68	Tỉnh Lâm Đồng	68		not_found	
24976	Xã Tân Hội	Huyện Đức Trọng	68	Tỉnh Lâm Đồng	68	24976	exact	24976:Xã Tân Hội
24979	Xã Tân Thành	Huyện Đức Trọng	68	Tỉnh Lâm Đồng	68	24976	exact	24976:Xã Tân Hội
24982	Xã Phú Hội	Huyện Đức Trọng	68	Tỉnh Lâm Đồng	68	24958	exact	24958:Xã Đức Trọng
24985	Xã Ninh Gia	Huyện Đức Trọng	68	Tỉnh Lâm Đồng	68	24985	exact	24985:Xã Ninh Gia
24988	Xã Tà Năng	Huyện Đức Trọng	68	Tỉnh Lâm Đồng	68	24988	exact	24988:Xã Tà Năng
24989	Xã Đa Quyn	Huyện Đức Trọng	68	Tỉnh Lâm Đồng	68	24988	exact	24988:Xã Tà Năng
24991	Xã Tà Hine	Huyện Đức Trọng	68	Tỉnh Lâm Đồng	68	24991	exact	24991:Xã Tà Hine
24994	Xã Đà Loan	Huyện Đức Trọng	68	Tỉnh Lâm Đồng	68	24991	exact	24991:Xã Tà Hine
24997	Xã Ninh Loan	Huyện Đức Trọng	68	Tỉnh Lâm Đồng	68	24991	exact	24991:Xã Tà Hine
25000	Thị trấn Di Linh	Huyện Di Linh	68	Tỉnh Lâm Đồng	68	25000	exact	25000:Xã Di Linh
25003	Xã Đinh Trang Thượng	Huyện Di Linh	68	Tỉnh Lâm Đồng	68	25007	exact	25007:Xã Đinh Trang Thượng
25006	Xã Tân Thượng	Huyện Di Linh	68	Tỉnh Lâm Đồng	68	25007	exact	25007:Xã Đinh Trang Thượng
25007	Xã Tân Lâm	Huyện Di Linh	68	Tỉnh Lâm Đồng	68	25007	exact	25007:Xã Đinh Trang Thượng
25009	Xã Tân Châu	Huyện Di Linh	68	Tỉnh Lâm Đồng	68	25000	exact	25000:Xã Di Linh
25012	Xã Tân Nghĩa	Huyện Di Linh	68	Tỉnh Lâm Đồng	68	25018	exact	25018:Xã Bảo Thuận
25015	Xã Gia Hiệp	Huyện Di Linh	68	Tỉnh Lâm Đồng	68	25015	exact	25015:Xã Gia Hiệp
25018	Xã Đinh Lạc	Huyện Di Linh	68	Tỉnh Lâm Đồng	68	25018	exact	25018:Xã Bảo Thuận
25021	Xã Tam Bố	Huyện Di Linh	68	Tỉnh Lâm Đồng	68	25015	exact	25015:Xã Gia Hiệp
25024	Xã Đinh Trang Hòa	Huyện Di Linh	68	Tỉnh Lâm Đồng	68	25036	exact	25036:Xã Hòa Ninh
25027	Xã Liên Đầm	Huyện Di Linh	68	Tỉnh Lâm Đồng	68	25000	exact	25000:Xã Di Linh
25030	Xã Gung Ré	Huyện Di Linh	68	Tỉnh Lâm Đồng	68	25000	exact	25000:Xã Di Linh
25033	Xã Bảo Thuận	Huyện Di Linh	68	Tỉnh Lâm Đồng	68	25018	exact	25018:Xã Bảo Thuận
25036	Xã Hòa Ninh	Huyện Di Linh	68	Tỉnh Lâm Đồng	68	25036	exact	25036:Xã Hòa Ninh
25039	Xã Hòa Trung	Huyện Di Linh	68	Tỉnh Lâm Đồng	68	25036	exact	25036:Xã Hòa Ninh
25042	Xã Hòa Nam	Huyện Di Linh	68	Tỉnh Lâm Đồng	68	25042	exact	25042:Xã Hòa Bắc
25045	Xã Hòa Bắc	Huyện Di Linh	68	Tỉnh Lâm Đồng	68	25042	exact	25042:Xã Hòa Bắc
25048	Xã Sơn Điền	Huyện Di Linh	68	Tỉnh Lâm Đồng	68	25051	exact	25051:Xã Sơn Điền
25051	Xã Gia Bắc	Huyện Di Linh	68	Tỉnh Lâm Đồng	68	25051	exact	25051:Xã Sơn Điền
25054	Thị trấn Lộc Thắng	Huyện Bảo Lâm	68	Tỉnh Lâm Đồng	68	25054	exact	25054:Xã Bảo Lâm 1
25057	Xã Lộc Bảo	Huyện Bảo Lâm	68	Tỉnh Lâm Đồng	68	25057	exact	25057:Xã Bảo Lâm 5
25060	Xã Lộc Lâm	Huyện Bảo Lâm	68	Tỉnh Lâm Đồng	68	25063	exact	25063:Xã Bảo Lâm 4
25063	Xã Lộc Phú	Huyện Bảo Lâm	68	Tỉnh Lâm Đồng	68	25063	exact	25063:Xã Bảo Lâm 4
25066	Xã Lộc Bắc	Huyện Bảo Lâm	68	Tỉnh Lâm Đồng	68	25057	exact	25057:Xã Bảo Lâm 5
25069	Xã B' Lá	Huyện Bảo Lâm	68	Tỉnh Lâm Đồng	68	25063	exact	25063:Xã Bảo Lâm 4
25072	Xã Lộc Ngãi	Huyện Bảo Lâm	68	Tỉnh Lâm Đồng	68	25054	exact	25054:Xã Bảo Lâm 1
25075	Xã Lộc Quảng	Huyện Bảo Lâm	68	Tỉnh Lâm Đồng	68	25054	exact	25054:Xã Bảo Lâm 1
25078	Xã Lộc Tân	Huyện Bảo Lâm	68	Tỉnh Lâm Đồng	68	24820	exact	24820:Phường 2 Bảo Lộc
25081	Xã Lộc Đức	Huyện Bảo Lâm	68	Tỉnh Lâm Đồng	68	25084	exact	25084:Xã Bảo Lâm 2
25084	Xã Lộc An	Huyện Bảo Lâm	68	Tỉnh Lâm Đồng	68	25084	exact	25084:Xã Bảo Lâm 2
25087	Xã Tân Lạc	Huyện Bảo Lâm	68	Tỉnh Lâm Đồng	68	25084	exact	25084:Xã Bảo Lâm 2
25090	Xã Lộc Thành	Huyện Bảo Lâm	68	Tỉnh Lâm Đồng	68		split	25093:Xã Bảo Lâm 3|24823:Phường 1 Bảo Lộc
25093	Xã Lộc Nam	Huyện Bảo Lâm	68	Tỉnh Lâm Đồng	68	25093	exact	25093:Xã Bảo Lâm 3
25096	Thị trấn Đạ M'ri	Huyện Đạ Huoai	68	Tỉnh Lâm Đồng	68	25105	exact	25105:Xã Đạ Huoai 2
25099	Thị trấn Ma Đa Guôi	Huyện Đạ Huoai	68	Tỉnh Lâm Đồng	68	25099	exact	25099:Xã Đạ Huoai
25105	Xã Hà Lâm	Huyện Đạ Huoai	68	Tỉnh Lâm Đồng	68	25105	exact	25105:Xã Đạ Huoai 2
25108	Xã Đạ Tồn	Huyện Đạ Huoai	68	Tỉnh Lâm Đồng	68		not_found	
25111	Xã Đạ Oai	Huyện Đạ Huoai	68	Tỉnh Lâm Đồng	68	25099	exact	25099:Xã Đạ Huoai
25114	Xã Đạ Ploa	Huyện Đạ Huoai	68	Tỉnh Lâm Đồng	68		not_found	
25117	Xã Ma Đa Guôi	Huyện Đạ Huoai	68	Tỉnh Lâm Đồng	68	25099	exact	25099:Xã Đạ Huoai
25120	Xã Đoàn Kết	Huyện Đạ Huoai	68	Tỉnh Lâm Đồng	68		not_found	
25123	Xã Phước Lộc	Huyện Đạ Huoai	68	Tỉnh Lâm Đồng	68		not_found	
25126	Thị trấn Đạ Tẻh	Huyện Đạ Tẻh	68	Tỉnh Lâm Đồng	68	25126	exact	25126:Xã Đạ Tẻh
25129	Xã An Nhơn	Huyện Đạ Tẻh	68	Tỉnh Lâm Đồng	68	25126	exact	25126:Xã Đạ Tẻh
25132	Xã Quốc Oai	Huyện Đạ Tẻh	68	Tỉnh Lâm Đồng	68	25135	exact	25135:Xã Đạ Tẻh 3
25135	Xã Mỹ Đức	Huyện Đạ Tẻh	68	Tỉnh Lâm Đồng	68	25135	exact	25135:Xã Đạ Tẻh 3
25138	Xã Quảng Trị	Huyện Đạ Tẻh	68	Tỉnh Lâm Đồng	68	25138	exact	25138:Xã Đạ Tẻh 2
25141	Xã Đạ Lây	Huyện Đạ Tẻh	68	Tỉnh Lâm Đồng	68	25126	exact	25126:Xã Đạ Tẻh
25147	Xã Triệu Hải	Huyện Đạ Tẻh	68	Tỉnh Lâm Đồng	68		not_found	
25153	Xã Đạ Kho	Huyện Đạ Tẻh	68	Tỉnh Lâm Đồng	68	25138	exact	25138:Xã Đạ Tẻh 2
25156	Xã Đạ Pal	Huyện Đạ Tẻh	68	Tỉnh Lâm Đồng	68	25138	exact	25138:Xã Đạ Tẻh 2
25159	Thị trấn Cát Tiên	Huyện Cát Tiên	68	Tỉnh Lâm Đồng	68	25159	exact	25159:Xã Cát Tiên
25162	Xã Tiên Hoàng	Huyện Cát Tiên	68	Tỉnh Lâm Đồng	68	25162	exact	25162:Xã Cát Tiên 3
25165	Xã Phước Cát 2	Huyện Cát Tiên	68	Tỉnh Lâm Đồng	68	25180	exact	25180:Xã Cát Tiên 2
25168	Xã Gia Viễn	Huyện Cát Tiên	68	Tỉnh Lâm Đồng	68	25162	exact	25162:Xã Cát Tiên 3
25171	Xã Nam Ninh	Huyện Cát Tiên	68	Tỉnh Lâm Đồng	68	25159	exact	25159:Xã Cát Tiên
25180	Thị trấn Phước Cát	Huyện Cát Tiên	68	Tỉnh Lâm Đồng	68	25180	exact	25180:Xã Cát Tiên 2
25183	Xã Đức Phổ	Huyện Cát Tiên	68	Tỉnh Lâm Đồng	68	25180	exact	25180:Xã Cát Tiên 2
25189	Xã Quảng Ngãi	Huyện Cát Tiên	68	Tỉnh Lâm Đồng	68	25159	exact	25159:Xã Cát Tiên
25192	Xã Đồng Nai Thượng	Huyện Cát Tiên	68	Tỉnh Lâm Đồng	68	25162	exact	25162:Xã Cát Tiên 3
25195	Phường Tân Phú	Thành phố Đồng Xoài	70	Tỉnh Bình Phước	75	25195	exact	25195:Phường Bình Phước
25198	Phường Tân Đồng	Thành phố Đồng Xoài	70	Tỉnh Bình Phước	75	25195	exact	25195:Phường Bình Phước
25201	Phường Tân Bình	Thành phố Đồng Xoài	70	Tỉnh Bình Phước	75	25195	exact	25195:Phường Bình Phước
25204	Phường Tân Xuân	Thành phố Đồng Xoài	70	Tỉnh Bình Phước	75	25195	exact	25195:Phường Bình Phước
25205	Phường Tân Thiện	Thành phố Đồng Xoài	70	Tỉnh Bình Phước	75	25195	exact	25195:Phường Bình Phước
25207	Xã Tân Thành	Thành phố Đồng Xoài	70	Tỉnh Bình Phước	75	25210	exact	25210:Phường Đồng Xoài
25210	Phường Tiến Thành	Thành phố Đồng Xoài	70	Tỉnh Bình Phước	75	25210	exact	25210:Phường Đồng Xoài
25213	Xã Tiến Hưng	Thành phố Đồng Xoài	70	Tỉnh Bình Phước	75	25195	exact	25195:Phường Bình Phước
25216	Phường Thác Mơ	Thị xã Phước Long	70	Tỉnh Bình Phước	75	25217	exact	25217:Phường Phước Long
25217	Phường Long Thủy	Thị xã Phước Long	70	Tỉnh Bình Phước	75	25217	exact	25217:Phường Phước Long
25219	Phường Phước Bình	Thị xã Phước Long	70	Tỉnh Bình Phước	75	25220	exact	25220:Phường Phước Bình
25220	Phường Long Phước	Thị xã Phước Long	70	Tỉnh Bình Phước	75	25220	exact	25220:Phường Phước Bình
25222	Xã Bù Gia Mập	Huyện Bù Gia Mập	70	Tỉnh Bình Phước	75	25222	exact	25222:Xã Bù Gia Mập
25225	Xã Đak Ơ	Huyện Bù Gia Mập	70	Tỉnh Bình Phước	75	25225	exact	25225:Xã Đăk Ơ
25228	Xã Đức Hạnh	Huyện Bù Gia Mập	70	Tỉnh Bình Phước	75	25267	exact	25267:Xã Phú Nghĩa
25229	Xã Phú Văn	Huyện Bù Gia Mập	70	Tỉnh Bình Phước	75	25267	exact	25267:Xã Phú Nghĩa
25231	Xã Đa Kia	Huyện Bù Gia Mập	70	Tỉnh Bình Phước	75	25231	exact	25231:Xã Đa Kia
25232	Xã Phước Minh	Huyện Bù Gia Mập	70	Tỉnh Bình Phước	75	25231	exact	25231:Xã Đa Kia
25234	Xã Bình Thắng	Huyện Bù Gia Mập	70	Tỉnh Bình Phước	75	25231	exact	25231:Xã Đa Kia
25237	Phường Sơn Giang	Thị xã Phước Long	70	Tỉnh Bình Phước	75	25217	exact	25217:Phường Phước Long
25240	Xã Long Bình	Huyện Phú Riềng	70	Tỉnh Bình Phước	75	25246	exact	25246:Xã Bình Tân
25243	Xã Bình Tân	Huyện Phú Riềng	70	Tỉnh Bình Phước	75	25246	exact	25246:Xã Bình Tân
25244	Xã Bình Sơn	Huyện Phú Riềng	70	Tỉnh Bình Phước	75	25220	exact	25220:Phường Phước Bình
25245	Xã Long Giang	Thị xã Phước Long	70	Tỉnh Bình Phước	75	25220	exact	25220:Phường Phước Bình
25246	Xã Long Hưng	Huyện Phú Riềng	70	Tỉnh Bình Phước	75	25246	exact	25246:Xã Bình Tân
25249	Xã Phước Tín	Thị xã Phước Long	70	Tỉnh Bình Phước	75	25217	exact	25217:Phường Phước Long
25250	Xã Phước Tân	Huyện Phú Riềng	70	Tỉnh Bình Phước	75	25261	exact	25261:Xã Phú Trung
25252	Xã Bù Nho	Huyện Phú Riềng	70	Tỉnh Bình Phước	75	25252	exact	25252:Xã Phú Riềng
25255	Xã Long Hà	Huyện Phú Riềng	70	Tỉnh Bình Phước	75	25255	exact	25255:Xã Long Hà
25258	Xã Long Tân	Huyện Phú Riềng	70	Tỉnh Bình Phước	75	25255	exact	25255:Xã Long Hà
25261	Xã Phú Trung	Huyện Phú Riềng	70	Tỉnh Bình Phước	75	25261	exact	25261:Xã Phú Trung
25264	Xã Phú Riềng	Huyện Phú Riềng	70	Tỉnh Bình Phước	75	25252	exact	25252:Xã Phú Riềng
25267	Xã Phú Nghĩa	Huyện Bù Gia Mập	70	Tỉnh Bình Phước	75	25267	exact	25267:Xã Phú Nghĩa
25270	Thị trấn Lộc Ninh	Huyện Lộc Ninh	70	Tỉnh Bình Phước	75	25270	exact	25270:Xã Lộc Ninh
25273	Xã Lộc Hòa	Huyện Lộc Ninh	70	Tỉnh Bình Phước	75	25280	exact	25280:Xã Lộc Thạnh
25276	Xã Lộc An	Huyện Lộc Ninh	70	Tỉnh Bình Phước	75	25318	exact	25318:Xã Tân Tiến
25279	Xã Lộc Tấn	Huyện Lộc Ninh	70	Tỉnh Bình Phước	75	25279	exact	25279:Xã Lộc Tấn
25280	Xã Lộc Thạnh	Huyện Lộc Ninh	70	Tỉnh Bình Phước	75		split	25294:Xã Lộc Thành|25280:Xã Lộc Thạnh
25282	Xã Lộc Hiệp	Huyện Lộc Ninh	70	Tỉnh Bình Phước	75	25292	exact	25292:Xã Lộc Quang
25285	Xã Lộc Thiện	Huyện Lộc Ninh	70	Tỉnh Bình Phước	75	25279	exact	25279:Xã Lộc Tấn
25288	Xã Lộc Thuận	Huyện Lộc Ninh	70	Tỉnh Bình Phước	75	25270	exact	25270:Xã Lộc Ninh
25291	Xã Lộc Quang	Huyện Lộc Ninh	70	Tỉnh Bình Phước	75	25292	exact	25292:Xã Lộc Quang
25292	Xã Lộc Phú	Huyện Lộc Ninh	70	Tỉnh Bình Phước	75	25292	exact	25292:Xã Lộc Quang
25294	Xã Lộc Thành	Huyện Lộc Ninh	70	Tỉnh Bình Phước	75		split	25294:Xã Lộc Thành|25280:Xã Lộc Thạnh
25297	Xã Lộc Thái	Huyện Lộc Ninh	70	Tỉnh Bình Phước	75	25270	exact	25270:Xã Lộc Ninh
25300	Xã Lộc Điền	Huyện Lộc Ninh	70	Tỉnh Bình Phước	75	25303	exact	25303:Xã Lộc Hưng
25303	Xã Lộc Hưng	Huyện Lộc Ninh	70	Tỉnh Bình Phước	75	25303	exact	25303:Xã Lộc Hưng
25305	Xã Lộc Thịnh	Huyện Lộc Ninh	70	Tỉnh Bình Phước	75	25294	exact	25294:Xã Lộc Thành
25306	Xã Lộc Khánh	Huyện Lộc Ninh	70	Tỉnh Bình Phước	75	25303	exact	25303:Xã Lộc Hưng
25308	Thị trấn Thanh Bình	Huyện Bù Đốp	70	Tỉnh Bình Phước	75	25308	exact	25308:Xã Thiện Hưng
25309	Xã Hưng Phước	Huyện Bù Đốp	70	Tỉnh Bình Phước	75	25309	exact	25309:Xã Hưng Phước
25310	Xã Phước Thiện	Huyện Bù Đốp	70	Tỉnh Bình Phước	75		split	26461:Xã Xuân Định|25309:Xã Hưng Phước
25312	Xã Thiện Hưng	Huyện Bù Đốp	70	Tỉnh Bình Phước	75	25308	exact	25308:Xã Thiện Hưng
25315	Xã Thanh Hòa	Huyện Bù Đốp	70	Tỉnh Bình Phước	75	25308	exact	25308:Xã Thiện Hưng
25318	Xã Tân Thành	Huyện Bù Đốp	70	Tỉnh Bình Phước	75		split	25318:Xã Tân Tiến|25210:Phường Đồng Xoài
25320	Phường Hưng Chiến	Thị xã Bình Long	70	Tỉnh Bình Phước	75	25326	exact	25326:Phường Bình Long
25321	Xã Tân Tiến	Huyện Bù Đốp	70	Tỉnh Bình Phước	75	25318	exact	25318:Xã Tân Tiến
25324	Phường An Lộc	Thị xã Bình Long	70	Tỉnh Bình Phước	75	25326	exact	25326:Phường Bình Long
25325	Phường Phú Thịnh	Thị xã Bình Long	70	Tỉnh Bình Phước	75	25333	exact	25333:Phường An Lộc
25326	Phường Phú Đức	Thị xã Bình Long	70	Tỉnh Bình Phước	75	25326	exact	25326:Phường Bình Long
25327	Xã Thanh An	Huyện Hớn Quản	70	Tỉnh Bình Phước	75	25345	exact	25345:Xã Tân Hưng
25330	Xã An Khương	Huyện Hớn Quản	70	Tỉnh Bình Phước	75	25345	exact	25345:Xã Tân Hưng
25333	Xã Thanh Lương	Thị xã Bình Long	70	Tỉnh Bình Phước	75	25333	exact	25333:Phường An Lộc
25336	Xã Thanh Phú	Thị xã Bình Long	70	Tỉnh Bình Phước	75		split	25993:Phường Trảng Dài|25333:Phường An Lộc
25339	Xã An Phú	Huyện Hớn Quản	70	Tỉnh Bình Phước	75	25349	exact	25349:Xã Minh Đức
25342	Xã Tân Lợi	Huyện Hớn Quản	70	Tỉnh Bình Phước	75	25351	exact	25351:Xã Tân Quan
25345	Xã Tân Hưng	Huyện Hớn Quản	70	Tỉnh Bình Phước	75	25345	exact	25345:Xã Tân Hưng
25348	Xã Minh Đức	Huyện Hớn Quản	70	Tỉnh Bình Phước	75	25349	exact	25349:Xã Minh Đức
25349	Xã Minh Tâm	Huyện Hớn Quản	70	Tỉnh Bình Phước	75	25349	exact	25349:Xã Minh Đức
25351	Xã Phước An	Huyện Hớn Quản	70	Tỉnh Bình Phước	75		split	26491:Xã Đại Phước|26503:Xã Phước An|25351:Xã Tân Quan
25354	Xã Thanh Bình	Huyện Hớn Quản	70	Tỉnh Bình Phước	75	25326	exact	25326:Phường Bình Long
25357	Thị trấn Tân Khai	Huyện Hớn Quản	70	Tỉnh Bình Phước	75	25357	exact	25357:Xã Tân Khai
25360	Xã Đồng Nơ	Huyện Hớn Quản	70	Tỉnh Bình Phước	75	25357	exact	25357:Xã Tân Khai
25361	Xã Tân Hiệp	Huyện Hớn Quản	70	Tỉnh Bình Phước	75	25357	exact	25357:Xã Tân Khai
25363	Thị trấn Tân Phú	Huyện Đồng Phú	70	Tỉnh Bình Phước	75		split	26005:Phường Hố Nai|25363:Xã Đồng Phú
25366	Xã Thuận Lợi	Huyện Đồng Phú	70	Tỉnh Bình Phước	75	25387	exact	25387:Xã Thuận Lợi
25369	Xã Đồng Tâm	Huyện Đồng Phú	70	Tỉnh Bình Phước	75	25390	exact	25390:Xã Đồng Tâm
25372	Xã Tân Phước	Huyện Đồng Phú	70	Tỉnh Bình Phước	75	25390	exact	25390:Xã Đồng Tâm
25375	Xã Tân Hưng	Huyện Đồng Phú	70	Tỉnh Bình Phước	75		split	25378:Xã Tân Lợi|25345:Xã Tân Hưng
25378	Xã Tân Lợi	Huyện Đồng Phú	70	Tỉnh Bình Phước	75	25378	exact	25378:Xã Tân Lợi
25381	Xã Tân Lập	Huyện Đồng Phú	70	Tỉnh Bình Phước	75	25363	exact	25363:Xã Đồng Phú
25384	Xã Tân Hòa	Huyện Đồng Phú	70	Tỉnh Bình Phước	75	25378	exact	25378:Xã Tân Lợi
25387	Xã Thuận Phú	Huyện Đồng Phú	70	Tỉnh Bình Phước	75	25387	exact	25387:Xã Thuận Lợi
25390	Xã Đồng Tiến	Huyện Đồng Phú	70	Tỉnh Bình Phước	75	25390	exact	25390:Xã Đồng Tâm
25393	Xã Tân Tiến	Huyện Đồng Phú	70	Tỉnh Bình Phước	75	25363	exact	25363:Xã Đồng Phú
25396	Thị trấn Đức Phong	Huyện Bù Đăng	70	Tỉnh Bình Phước	75	25396	exact	25396:Xã Bù Đăng
25398	Xã Đường 10	Huyện Bù Đăng	70	Tỉnh Bình Phước	75	25399	exact	25399:Xã Đak Nhau
25399	Xã Đak Nhau	Huyện Bù Đăng	70	Tỉnh Bình Phước	75	25399	exact	25399:Xã Đak Nhau
25400	Xã Phú Sơn	Huyện Bù Đăng	70	Tỉnh Bình Phước	75	25402	exact	25402:Xã Thọ Sơn
25402	Xã Thọ Sơn	Huyện Bù Đăng	70	Tỉnh Bình Phước	75	25402	exact	25402:Xã Thọ Sơn
25404	Xã Bình Minh	Huyện Bù Đăng	70	Tỉnh Bình Phước	75	25405	exact	25405:Xã Bom Bo
25405	Xã Bom Bo	Huyện Bù Đăng	70	Tỉnh Bình Phước	75	25405	exact	25405:Xã Bom Bo
25408	Xã Minh Hưng	Huyện Bù Đăng	70	Tỉnh Bình Phước	75	25396	exact	25396:Xã Bù Đăng
25411	Xã Đoàn Kết	Huyện Bù Đăng	70	Tỉnh Bình Phước	75	25396	exact	25396:Xã Bù Đăng
25414	Xã Đồng Nai	Huyện Bù Đăng	70	Tỉnh Bình Phước	75	25402	exact	25402:Xã Thọ Sơn
25417	Xã Đức Liễu	Huyện Bù Đăng	70	Tỉnh Bình Phước	75	25417	exact	25417:Xã Nghĩa Trung
25420	Xã Thống Nhất	Huyện Bù Đăng	70	Tỉnh Bình Phước	75	25420	exact	25420:Xã Phước Sơn
25423	Xã Nghĩa Trung	Huyện Bù Đăng	70	Tỉnh Bình Phước	75	25417	exact	25417:Xã Nghĩa Trung
25424	Xã Nghĩa Bình	Huyện Bù Đăng	70	Tỉnh Bình Phước	75	25417	exact	25417:Xã Nghĩa Trung
25426	Xã Đăng Hà	Huyện Bù Đăng	70	Tỉnh Bình Phước	75	25420	exact	25420:Xã Phước Sơn
25429	Xã Phước Sơn	Huyện Bù Đăng	70	Tỉnh Bình Phước	75	25420	exact	25420:Xã Phước Sơn
25432	Phường Hưng Long	Thị xã Chơn Thành	70	Tỉnh Bình Phước	75	25432	exact	25432:Phường Chơn Thành
25433	Phường Thành Tâm	Thị xã Chơn Thành	70	Tỉnh Bình Phước	75	25432	exact	25432:Phường Chơn Thành
25435	Xã Minh Lập	Thị xã Chơn Thành	70	Tỉnh Bình Phước	75	25450	exact	25450:Xã Nha Bích
25438	Xã Tân Quan	Huyện Hớn Quản	70	Tỉnh Bình Phước	75	25351	exact	25351:Xã Tân Quan
25439	Xã Quang Minh	Thị xã Chơn Thành	70	Tỉnh Bình Phước	75	25351	exact	25351:Xã Tân Quan
25441	Phường Minh Hưng	Thị xã Chơn Thành	70	Tỉnh Bình Phước	75	25441	exact	25441:Phường Minh Hưng
25444	Phường Minh Long	Thị xã Chơn Thành	70	Tỉnh Bình Phước	75	25441	exact	25441:Phường Minh Hưng
25447	Phường Minh Thành	Thị xã Chơn Thành	70	Tỉnh Bình Phước	75	25432	exact	25432:Phường Chơn Thành
25450	Xã Nha Bích	Thị xã Chơn Thành	70	Tỉnh Bình Phước	75	25450	exact	25450:Xã Nha Bích
25453	Xã Minh Thắng	Thị xã Chơn Thành	70	Tỉnh Bình Phước	75	25450	exact	25450:Xã Nha Bích
25456	Phường 1	Thành phố Tây Ninh	72	Tỉnh Tây Ninh	80		split	27694:Phường Long An|25459:Phường Tân Ninh|27787:Phường Kiến Tường
25459	Phường 3	Thành phố Tây Ninh	72	Tỉnh Tây Ninh	80	25459	exact	25459:Phường Tân Ninh
25462	Phường 4	Thành phố Tây Ninh	72	Tỉnh Tây Ninh	80	27694	exact	27694:Phường Long An
25465	Phường Hiệp Ninh	Thành phố Tây Ninh	72	Tỉnh Tây Ninh	80	25459	exact	25459:Phường Tân Ninh
25468	Phường 2	Thành phố Tây Ninh	72	Tỉnh Tây Ninh	80		split	25459:Phường Tân Ninh|27787:Phường Kiến Tường
25471	Xã Thạnh Tân	Thành phố Tây Ninh	72	Tỉnh Tây Ninh	80	25480	exact	25480:Phường Bình Minh
25474	Xã Tân Bình	Thành phố Tây Ninh	72	Tỉnh Tây Ninh	80	25480	exact	25480:Phường Bình Minh
25477	Xã Bình Minh	Thành phố Tây Ninh	72	Tỉnh Tây Ninh	80	25480	exact	25480:Phường Bình Minh
25480	Phường Ninh Sơn	Thành phố Tây Ninh	72	Tỉnh Tây Ninh	80	25480	exact	25480:Phường Bình Minh
25483	Phường Ninh Thạnh	Thành phố Tây Ninh	72	Tỉnh Tây Ninh	80	25567	exact	25567:Phường Ninh Thạnh
25486	Thị trấn Tân Biên	Huyện Tân Biên	72	Tỉnh Tây Ninh	80	25486	exact	25486:Xã Tân Biên
25489	Xã Tân Lập	Huyện Tân Biên	72	Tỉnh Tây Ninh	80	25489	exact	25489:Xã Tân Lập
25492	Xã Thạnh Bắc	Huyện Tân Biên	72	Tỉnh Tây Ninh	80	25489	exact	25489:Xã Tân Lập
25495	Xã Tân Bình	Huyện Tân Biên	72	Tỉnh Tây Ninh	80	25486	exact	25486:Xã Tân Biên
25498	Xã Thạnh Bình	Huyện Tân Biên	72	Tỉnh Tây Ninh	80	25498	exact	25498:Xã Thạnh Bình
25501	Xã Thạnh Tây	Huyện Tân Biên	72	Tỉnh Tây Ninh	80	25486	exact	25486:Xã Tân Biên
25504	Xã Hòa Hiệp	Huyện Tân Biên	72	Tỉnh Tây Ninh	80	25591	exact	25591:Xã Phước Vinh
25507	Xã Tân Phong	Huyện Tân Biên	72	Tỉnh Tây Ninh	80		split	25549:Xã Tân Phú|25498:Xã Thạnh Bình
25510	Xã Mỏ Công	Huyện Tân Biên	72	Tỉnh Tây Ninh	80		split	25549:Xã Tân Phú|25510:Xã Trà Vong
25513	Xã Trà Vong	Huyện Tân Biên	72	Tỉnh Tây Ninh	80		split	25549:Xã Tân Phú|25510:Xã Trà Vong
25516	Thị trấn Tân Châu	Huyện Tân Châu	72	Tỉnh Tây Ninh	80	25516	exact	25516:Xã Tân Châu
25519	Xã Tân Hà	Huyện Tân Châu	72	Tỉnh Tây Ninh	80	25522	exact	25522:Xã Tân Đông
25522	Xã Tân Đông	Huyện Tân Châu	72	Tỉnh Tây Ninh	80	25522	exact	25522:Xã Tân Đông
25525	Xã Tân Hội	Huyện Tân Châu	72	Tỉnh Tây Ninh	80	25525	exact	25525:Xã Tân Hội
25528	Xã Tân Hòa	Huyện Tân Châu	72	Tỉnh Tây Ninh	80	25531	exact	25531:Xã Tân Hòa
25531	Xã Suối Ngô	Huyện Tân Châu	72	Tỉnh Tây Ninh	80	25531	exact	25531:Xã Tân Hòa
25534	Xã Suối Dây	Huyện Tân Châu	72	Tỉnh Tây Ninh	80		split	25534:Xã Tân Thành|25516:Xã Tân Châu
25537	Xã Tân Hiệp	Huyện Tân Châu	72	Tỉnh Tây Ninh	80	25525	exact	25525:Xã Tân Hội
25540	Xã Thạnh Đông	Huyện Tân Châu	72	Tỉnh Tây Ninh	80	25516	exact	25516:Xã Tân Châu
25543	Xã Tân Thành	Huyện Tân Châu	72	Tỉnh Tây Ninh	80	25534	exact	25534:Xã Tân Thành
25546	Xã Tân Phú	Huyện Tân Châu	72	Tỉnh Tây Ninh	80		split	25549:Xã Tân Phú|25516:Xã Tân Châu
25549	Xã Tân Hưng	Huyện Tân Châu	72	Tỉnh Tây Ninh	80	25549	exact	25549:Xã Tân Phú
25552	Thị trấn Dương Minh Châu	Huyện Dương Minh Châu	72	Tỉnh Tây Ninh	80	25552	exact	25552:Xã Dương Minh Châu
25555	Xã Suối Đá	Huyện Dương Minh Châu	72	Tỉnh Tây Ninh	80		split	25480:Phường Bình Minh|25552:Xã Dương Minh Châu
25558	Xã Phan	Huyện Dương Minh Châu	72	Tỉnh Tây Ninh	80		split	25480:Phường Bình Minh|25552:Xã Dương Minh Châu
25561	Xã Phước Ninh	Huyện Dương Minh Châu	72	Tỉnh Tây Ninh	80	25573	exact	25573:Xã Cầu Khởi
25564	Xã Phước Minh	Huyện Dương Minh Châu	72	Tỉnh Tây Ninh	80		split	25579:Xã Lộc Ninh|25552:Xã Dương Minh Châu
25567	Xã Bàu Năng	Huyện Dương Minh Châu	72	Tỉnh Tây Ninh	80	25567	exact	25567:Phường Ninh Thạnh
25570	Xã Chà Là	Huyện Dương Minh Châu	72	Tỉnh Tây Ninh	80		split	25567:Phường Ninh Thạnh|25573:Xã Cầu Khởi
25573	Xã Cầu Khởi	Huyện Dương Minh Châu	72	Tỉnh Tây Ninh	80	25573	exact	25573:Xã Cầu Khởi
25576	Xã Bến Củi	Huyện Dương Minh Châu	72	Tỉnh Tây Ninh	80	25579	exact	25579:Xã Lộc Ninh
25579	Xã Lộc Ninh	Huyện Dương Minh Châu	72	Tỉnh Tây Ninh	80	25579	exact	25579:Xã Lộc Ninh
25582	Xã Truông Mít	Huyện Dương Minh Châu	72	Tỉnh Tây Ninh	80	25666	exact	25666:Xã Truông Mít
25585	Thị trấn Châu Thành	Huyện Châu Thành	72	Tỉnh Tây Ninh	80	25585	exact	25585:Xã Châu Thành
25588	Xã Hảo Đước	Huyện Châu Thành	72	Tỉnh Tây Ninh	80	25588	exact	25588:Xã Hảo Đước
25591	Xã Phước Vinh	Huyện Châu Thành	72	Tỉnh Tây Ninh	80	25591	exact	25591:Xã Phước Vinh
25594	Xã Đồng Khởi	Huyện Châu Thành	72	Tỉnh Tây Ninh	80	25585	exact	25585:Xã Châu Thành
25597	Xã Thái Bình	Huyện Châu Thành	72	Tỉnh Tây Ninh	80		split	25585:Xã Châu Thành|25459:Phường Tân Ninh
25600	Xã An Cơ	Huyện Châu Thành	72	Tỉnh Tây Ninh	80	25588	exact	25588:Xã Hảo Đước
25603	Xã Biên Giới	Huyện Châu Thành	72	Tỉnh Tây Ninh	80	25606	exact	25606:Xã Hòa Hội
25606	Xã Hòa Thạnh	Huyện Châu Thành	72	Tỉnh Tây Ninh	80	25606	exact	25606:Xã Hòa Hội
25609	Xã Trí Bình	Huyện Châu Thành	72	Tỉnh Tây Ninh	80	25588	exact	25588:Xã Hảo Đước
25612	Xã Hòa Hội	Huyện Châu Thành	72	Tỉnh Tây Ninh	80	25606	exact	25606:Xã Hòa Hội
25615	Xã An Bình	Huyện Châu Thành	72	Tỉnh Tây Ninh	80	25585	exact	25585:Xã Châu Thành
25618	Xã Thanh Điền	Huyện Châu Thành	72	Tỉnh Tây Ninh	80	25633	exact	25633:Phường Thanh Điền
25621	Xã Thành Long	Huyện Châu Thành	72	Tỉnh Tây Ninh	80	25621	exact	25621:Xã Ninh Điền
25624	Xã Ninh Điền	Huyện Châu Thành	72	Tỉnh Tây Ninh	80	25621	exact	25621:Xã Ninh Điền
25627	Xã Long Vĩnh	Huyện Châu Thành	72	Tỉnh Tây Ninh	80	25684	exact	25684:Xã Long Chữ
25630	Phường Long Hoa	Thị xã Hòa Thành	72	Tỉnh Tây Ninh	80	25630	exact	25630:Phường Long Hoa
25633	Phường Hiệp Tân	Thị xã Hòa Thành	72	Tỉnh Tây Ninh	80	25633	exact	25633:Phường Thanh Điền
25636	Phường Long Thành Bắc	Thị xã Hòa Thành	72	Tỉnh Tây Ninh	80	25630	exact	25630:Phường Long Hoa
25639	Xã Trường Hòa	Thị xã Hòa Thành	72	Tỉnh Tây Ninh	80	25630	exact	25630:Phường Long Hoa
25642	Xã Trường Đông	Thị xã Hòa Thành	72	Tỉnh Tây Ninh	80	25630	exact	25630:Phường Long Hoa
25645	Phường Long Thành Trung	Thị xã Hòa Thành	72	Tỉnh Tây Ninh	80	25645	exact	25645:Phường Hòa Thành
25648	Xã Trường Tây	Thị xã Hòa Thành	72	Tỉnh Tây Ninh	80	25630	exact	25630:Phường Long Hoa
25651	Xã Long Thành Nam	Thị xã Hòa Thành	72	Tỉnh Tây Ninh	80	25645	exact	25645:Phường Hòa Thành
25654	Thị trấn Gò Dầu	Huyện Gò Dầu	72	Tỉnh Tây Ninh	80	25654	exact	25654:Phường Gò Dầu
25657	Xã Thạnh Đức	Huyện Gò Dầu	72	Tỉnh Tây Ninh	80	25657	exact	25657:Xã Thạnh Đức
25660	Xã Cẩm Giang	Huyện Gò Dầu	72	Tỉnh Tây Ninh	80	25657	exact	25657:Xã Thạnh Đức
25663	Xã Hiệp Thạnh	Huyện Gò Dầu	72	Tỉnh Tây Ninh	80	25663	exact	25663:Xã Phước Thạnh
25666	Xã Bàu Đồn	Huyện Gò Dầu	72	Tỉnh Tây Ninh	80	25666	exact	25666:Xã Truông Mít
25669	Xã Phước Thạnh	Huyện Gò Dầu	72	Tỉnh Tây Ninh	80	25663	exact	25663:Xã Phước Thạnh
25672	Xã Phước Đông	Huyện Gò Dầu	72	Tỉnh Tây Ninh	80	25672	exact	25672:Phường Gia Lộc
25675	Xã Phước Trạch	Huyện Gò Dầu	72	Tỉnh Tây Ninh	80	25663	exact	25663:Xã Phước Thạnh
25678	Xã Thanh Phước	Huyện Gò Dầu	72	Tỉnh Tây Ninh	80		split	27877:Xã Thạnh Phước|25654:Phường Gò Dầu
25681	Thị trấn Bến Cầu	Huyện Bến Cầu	72	Tỉnh Tây Ninh	80	25681	exact	25681:Xã Bến Cầu
25684	Xã Long Chữ	Huyện Bến Cầu	72	Tỉnh Tây Ninh	80	25684	exact	25684:Xã Long Chữ
25687	Xã Long Phước	Huyện Bến Cầu	72	Tỉnh Tây Ninh	80	25684	exact	25684:Xã Long Chữ
25690	Xã Long Giang	Huyện Bến Cầu	72	Tỉnh Tây Ninh	80	25702	exact	25702:Xã Long Thuận
25693	Xã Tiên Thuận	Huyện Bến Cầu	72	Tỉnh Tây Ninh	80	25681	exact	25681:Xã Bến Cầu
25696	Xã Long Khánh	Huyện Bến Cầu	72	Tỉnh Tây Ninh	80	25702	exact	25702:Xã Long Thuận
25699	Xã Lợi Thuận	Huyện Bến Cầu	72	Tỉnh Tây Ninh	80	25681	exact	25681:Xã Bến Cầu
25702	Xã Long Thuận	Huyện Bến Cầu	72	Tỉnh Tây Ninh	80	25702	exact	25702:Xã Long Thuận
25705	Xã An Thạnh	Huyện Bến Cầu	72	Tỉnh Tây Ninh	80	25681	exact	25681:Xã Bến Cầu
25708	Phường Trảng Bàng	Thị xã Trảng Bàng	72	Tỉnh Tây Ninh	80	25708	exact	25708:Phường Trảng Bàng
25711	Xã Đôn Thuận	Thị xã Trảng Bàng	72	Tỉnh Tây Ninh	80	25711	exact	25711:Xã Hưng Thuận
25714	Xã Hưng Thuận	Thị xã Trảng Bàng	72	Tỉnh Tây Ninh	80	25711	exact	25711:Xã Hưng Thuận
25717	Phường Lộc Hưng	Thị xã Trảng Bàng	72	Tỉnh Tây Ninh	80	25732	exact	25732:Phường An Tịnh
25720	Phường Gia Lộc	Thị xã Trảng Bàng	72	Tỉnh Tây Ninh	80	25672	exact	25672:Phường Gia Lộc
25723	Phường Gia Bình	Thị xã Trảng Bàng	72	Tỉnh Tây Ninh	80	25654	exact	25654:Phường Gò Dầu
25729	Xã Phước Bình	Thị xã Trảng Bàng	72	Tỉnh Tây Ninh	80	25729	exact	25729:Xã Phước Chỉ
25732	Phường An Tịnh	Thị xã Trảng Bàng	72	Tỉnh Tây Ninh	80	25732	exact	25732:Phường An Tịnh
25735	Phường An Hòa	Thị xã Trảng Bàng	72	Tỉnh Tây Ninh	80	25708	exact	25708:Phường Trảng Bàng
25738	Xã Phước Chỉ	Thị xã Trảng Bàng	72	Tỉnh Tây Ninh	80	25729	exact	25729:Xã Phước Chỉ
25741	Phường Hiệp Thành	Thành phố Thủ Dầu Một	74	Tỉnh Bình Dương	79		split	25747:Phường Thủ Dầu Một|25750:Phường Phú Lợi
25744	Phường Phú Lợi	Thành phố Thủ Dầu Một	74	Tỉnh Bình Dương	79	25750	exact	25750:Phường Phú Lợi
25747	Phường Phú Cường	Thành phố Thủ Dầu Một	74	Tỉnh Bình Dương	79	25747	exact	25747:Phường Thủ Dầu Một
25750	Phường Phú Hòa	Thành phố Thủ Dầu Một	74	Tỉnh Bình Dương	79	25750	exact	25750:Phường Phú Lợi
25753	Phường Phú Thọ	Thành phố Thủ Dầu Một	74	Tỉnh Bình Dương	79	25747	exact	25747:Phường Thủ Dầu Một
25756	Phường Chánh Nghĩa	Thành phố Thủ Dầu Một	74	Tỉnh Bình Dương	79	25747	exact	25747:Phường Thủ Dầu Một
25759	Phường Định Hoà	Thành phố Thủ Dầu Một	74	Tỉnh Bình Dương	79	25771	exact	25771:Phường Chánh Hiệp
25760	Phường Hoà Phú	Thành phố Thủ Dầu Một	74	Tỉnh Bình Dương	79	25760	exact	25760:Phường Bình Dương
25762	Phường Phú Mỹ	Thành phố Thủ Dầu Một	74	Tỉnh Bình Dương	79	25760	exact	25760:Phường Bình Dương
25763	Phường Phú Tân	Thành phố Thủ Dầu Một	74	Tỉnh Bình Dương	79	25760	exact	25760:Phường Bình Dương
25765	Phường Tân An	Thành phố Thủ Dầu Một	74	Tỉnh Bình Dương	79	25768	exact	25768:Phường Phú An
25768	Phường Hiệp An	Thành phố Thủ Dầu Một	74	Tỉnh Bình Dương	79		split	25771:Phường Chánh Hiệp|25768:Phường Phú An
25771	Phường Tương Bình Hiệp	Thành phố Thủ Dầu Một	74	Tỉnh Bình Dương	79	25771	exact	25771:Phường Chánh Hiệp
25774	Phường Chánh Mỹ	Thành phố Thủ Dầu Một	74	Tỉnh Bình Dương	79		split	25771:Phường Chánh Hiệp|25747:Phường Thủ Dầu Một
25777	Thị trấn Dầu Tiếng	Huyện Dầu Tiếng	74	Tỉnh Bình Dương	79	25777	exact	25777:Xã Dầu Tiếng
25780	Xã Minh Hoà	Huyện Dầu Tiếng	74	Tỉnh Bình Dương	79	25780	exact	25780:Xã Minh Thạnh
25783	Xã Minh Thạnh	Huyện Dầu Tiếng	74	Tỉnh Bình Dương	79		split	25780:Xã Minh Thạnh|25792:Xã Long Hòa
25786	Xã Minh Tân	Huyện Dầu Tiếng	74	Tỉnh Bình Dương	79		split	25780:Xã Minh Thạnh|25792:Xã Long Hòa
25789	Xã Định An	Huyện Dầu Tiếng	74	Tỉnh Bình Dương	79	25777	exact	25777:Xã Dầu Tiếng
25792	Xã Long Hoà	Huyện Dầu Tiếng	74	Tỉnh Bình Dương	79	25792	exact	25792:Xã Long Hòa
25795	Xã Định Thành	Huyện Dầu Tiếng	74	Tỉnh Bình Dương	79	25777	exact	25777:Xã Dầu Tiếng
25798	Xã Định Hiệp	Huyện Dầu Tiếng	74	Tỉnh Bình Dương	79		split	25777:Xã Dầu Tiếng|25807:Xã Thanh An
25801	Xã An Lập	Huyện Dầu Tiếng	74	Tỉnh Bình Dương	79		split	25843:Phường Tây Nam|25807:Xã Thanh An
25804	Xã Long Tân	Huyện Dầu Tiếng	74	Tỉnh Bình Dương	79		split	26680:Xã Đất Đỏ|25792:Xã Long Hòa
25807	Xã Thanh An	Huyện Dầu Tiếng	74	Tỉnh Bình Dương	79	25807	exact	25807:Xã Thanh An
25810	Xã Thanh Tuyền	Huyện Dầu Tiếng	74	Tỉnh Bình Dương	79		split	25843:Phường Tây Nam|25807:Xã Thanh An
25813	Phường Mỹ Phước	Thị xã Bến Cát	74	Tỉnh Bình Dương	79		split	25840:Phường Long Nguyên|25813:Phường Bến Cát
25816	Xã Trừ Văn Thố	Huyện Bàu Bàng	74	Tỉnh Bình Dương	79	25819	exact	25819:Xã Trừ Văn Thố
25819	Xã Cây Trường II	Huyện Bàu Bàng	74	Tỉnh Bình Dương	79	25819	exact	25819:Xã Trừ Văn Thố
25822	Thị trấn Lai Uyên	Huyện Bàu Bàng	74	Tỉnh Bình Dương	79		split	25822:Xã Bàu Bàng|25819:Xã Trừ Văn Thố
25825	Xã Tân Hưng	Huyện Bàu Bàng	74	Tỉnh Bình Dương	79	25813	exact	25813:Phường Bến Cát
25828	Xã Long Nguyên	Huyện Bàu Bàng	74	Tỉnh Bình Dương	79	25840	exact	25840:Phường Long Nguyên
25831	Xã Hưng Hòa	Huyện Bàu Bàng	74	Tỉnh Bình Dương	79	25837	exact	25837:Phường Chánh Phú Hòa
25834	Xã Lai Hưng	Huyện Bàu Bàng	74	Tỉnh Bình Dương	79	25813	exact	25813:Phường Bến Cát
25837	Phường Chánh Phú Hòa	Thị xã Bến Cát	74	Tỉnh Bình Dương	79	25837	exact	25837:Phường Chánh Phú Hòa
25840	Xã An Điền	Thị xã Bến Cát	74	Tỉnh Bình Dương	79		not_found	
25843	Xã An Tây	Thị xã Bến Cát	74	Tỉnh Bình Dương	79		not_found	
25846	Phường Thới Hòa	Thị xã Bến Cát	74	Tỉnh Bình Dương	79	25846	exact	25846:Phường Thới Hòa
25849	Phường Hòa Lợi	Thị xã Bến Cát	74	Tỉnh Bình Dương	79	25849	exact	25849:Phường Hòa Lợi
25852	Phường Tân Định	Thị xã Bến Cát	74	Tỉnh Bình Dương	79	25849	exact	25849:Phường Hòa Lợi
25855	Xã Phú An	Thị xã Bến Cát	74	Tỉnh Bình Dương	79	25768	exact	25768:Phường Phú An
25858	Thị trấn Phước Vĩnh	Huyện Phú Giáo	74	Tỉnh Bình Dương	79	25858	exact	25858:Xã Phú Giáo
25861	Xã An Linh	Huyện Phú Giáo	74	Tỉnh Bình Dương	79	25867	exact	25867:Xã An Long
25864	Xã Phước Sang	Huyện Phú Giáo	74	Tỉnh Bình Dương	79	25864	exact	25864:Xã Phước Thành
25865	Xã An Thái	Huyện Phú Giáo	74	Tỉnh Bình Dương	79	25864	exact	25864:Xã Phước Thành
25867	Xã An Long	Huyện Phú Giáo	74	Tỉnh Bình Dương	79	25867	exact	25867:Xã An Long
25870	Xã An Bình	Huyện Phú Giáo	74	Tỉnh Bình Dương	79	25858	exact	25858:Xã Phú Giáo
25873	Xã Tân Hiệp	Huyện Phú Giáo	74	Tỉnh Bình Dương	79	25864	exact	25864:Xã Phước Thành
25876	Xã Tam Lập	Huyện Phú Giáo	74	Tỉnh Bình Dương	79		split	25882:Xã Phước Hòa|25858:Xã Phú Giáo
25879	Xã Tân Long	Huyện Phú Giáo	74	Tỉnh Bình Dương	79	25867	exact	25867:Xã An Long
25882	Xã Vĩnh Hoà	Huyện Phú Giáo	74	Tỉnh Bình Dương	79	25882	exact	25882:Xã Phước Hòa
25885	Xã Phước Hoà	Huyện Phú Giáo	74	Tỉnh Bình Dương	79	25882	exact	25882:Xã Phước Hòa
25888	Phường Uyên Hưng	Thành phố Tân Uyên	74	Tỉnh Bình Dương	79	25888	exact	25888:Phường Tân Uyên
25891	Phường Tân Phước Khánh	Thành phố Tân Uyên	74	Tỉnh Bình Dương	79	25891	exact	25891:Phường Tân Khánh
25894	Xã Tân Định	Huyện Bắc Tân Uyên	74	Tỉnh Bình Dương	79	25906	exact	25906:Xã Bắc Tân Uyên
25897	Xã Bình Mỹ	Huyện Bắc Tân Uyên	74	Tỉnh Bình Dương	79	25915	exact	25915:Phường Bình Cơ
25900	Thị trấn Tân Bình	Huyện Bắc Tân Uyên	74	Tỉnh Bình Dương	79	25912	exact	25912:Phường Vĩnh Tân
25903	Xã Tân Lập	Huyện Bắc Tân Uyên	74	Tỉnh Bình Dương	79	25888	exact	25888:Phường Tân Uyên
25906	Thị trấn Tân Thành	Huyện Bắc Tân Uyên	74	Tỉnh Bình Dương	79	25906	exact	25906:Xã Bắc Tân Uyên
25907	Xã Đất Cuốc	Huyện Bắc Tân Uyên	74	Tỉnh Bình Dương	79	25906	exact	25906:Xã Bắc Tân Uyên
25908	Xã Hiếu Liêm	Huyện Bắc Tân Uyên	74	Tỉnh Bình Dương	79	25909	exact	25909:Xã Thường Tân
25909	Xã Lạc An	Huyện Bắc Tân Uyên	74	Tỉnh Bình Dương	79	25909	exact	25909:Xã Thường Tân
25912	Phường Vĩnh Tân	Thành phố Tân Uyên	74	Tỉnh Bình Dương	79	25912	exact	25912:Phường Vĩnh Tân
25915	Phường Hội Nghĩa	Thành phố Tân Uyên	74	Tỉnh Bình Dương	79	25915	exact	25915:Phường Bình Cơ
25918	Xã Tân Mỹ	Huyện Bắc Tân Uyên	74	Tỉnh Bình Dương	79		split	25909:Xã Thường Tân|25888:Phường Tân Uyên
25920	Phường Tân Hiệp	Thành phố Tân Uyên	74	Tỉnh Bình Dương	79	25920	exact	25920:Phường Tân Hiệp
25921	Phường Khánh Bình	Thành phố Tân Uyên	74	Tỉnh Bình Dương	79	25920	exact	25920:Phường Tân Hiệp
25924	Phường Phú Chánh	Thành phố Tân Uyên	74	Tỉnh Bình Dương	79	25760	exact	25760:Phường Bình Dương
25927	Xã Thường Tân	Huyện Bắc Tân Uyên	74	Tỉnh Bình Dương	79	25909	exact	25909:Xã Thường Tân
25930	Xã Bạch Đằng	Thành phố Tân Uyên	74	Tỉnh Bình Dương	79	25888	exact	25888:Phường Tân Uyên
25933	Phường Tân Vĩnh Hiệp	Thành phố Tân Uyên	74	Tỉnh Bình Dương	79	25891	exact	25891:Phường Tân Khánh
25936	Phường Thạnh Phước	Thành phố Tân Uyên	74	Tỉnh Bình Dương	79	25891	exact	25891:Phường Tân Khánh
25937	Xã Thạnh Hội	Thành phố Tân Uyên	74	Tỉnh Bình Dương	79	25891	exact	25891:Phường Tân Khánh
25939	Phường Thái Hòa	Thành phố Tân Uyên	74	Tỉnh Bình Dương	79		split	25891:Phường Tân Khánh|25945:Phường Tân Đông Hiệp
25942	Phường Dĩ An	Thành phố Dĩ An	74	Tỉnh Bình Dương	79	25942	exact	25942:Phường Dĩ An
25945	Phường Tân Bình	Thành phố Dĩ An	74	Tỉnh Bình Dương	79	25945	exact	25945:Phường Tân Đông Hiệp
25948	Phường Tân Đông Hiệp	Thành phố Dĩ An	74	Tỉnh Bình Dương	79		split	25942:Phường Dĩ An|25945:Phường Tân Đông Hiệp
25951	Phường Bình An	Thành phố Dĩ An	74	Tỉnh Bình Dương	79	25951	exact	25951:Phường Đông Hòa
25954	Phường Bình Thắng	Thành phố Dĩ An	74	Tỉnh Bình Dương	79	25951	exact	25951:Phường Đông Hòa
25957	Phường Đông Hòa	Thành phố Dĩ An	74	Tỉnh Bình Dương	79	25951	exact	25951:Phường Đông Hòa
25960	Phường An Bình	Thành phố Dĩ An	74	Tỉnh Bình Dương	79	25942	exact	25942:Phường Dĩ An
25963	Phường An Thạnh	Thành phố Thuận An	74	Tỉnh Bình Dương	79	25978	exact	25978:Phường Thuận An
25966	Phường Lái Thiêu	Thành phố Thuận An	74	Tỉnh Bình Dương	79	25966	exact	25966:Phường Lái Thiêu
25969	Phường Bình Chuẩn	Thành phố Thuận An	74	Tỉnh Bình Dương	79		split	25975:Phường An Phú|25969:Phường Thuận Giao
25972	Phường Thuận Giao	Thành phố Thuận An	74	Tỉnh Bình Dương	79	25969	exact	25969:Phường Thuận Giao
25975	Phường An Phú	Thành phố Thuận An	74	Tỉnh Bình Dương	79	25975	exact	25975:Phường An Phú
25978	Phường Hưng Định	Thành phố Thuận An	74	Tỉnh Bình Dương	79	25978	exact	25978:Phường Thuận An
25981	Xã An Sơn	Thành phố Thuận An	74	Tỉnh Bình Dương	79	25978	exact	25978:Phường Thuận An
25984	Phường Bình Nhâm	Thành phố Thuận An	74	Tỉnh Bình Dương	79	25966	exact	25966:Phường Lái Thiêu
25987	Phường Bình Hòa	Thành phố Thuận An	74	Tỉnh Bình Dương	79	25987	exact	25987:Phường Bình Hòa
25990	Phường Vĩnh Phú	Thành phố Thuận An	74	Tỉnh Bình Dương	79		split	25966:Phường Lái Thiêu|25987:Phường Bình Hòa
25993	Phường Trảng Dài	Thành phố Biên Hòa	75	Tỉnh Đồng Nai	75	26341	exact	26341:Xã Cẩm Mỹ
25996	Phường Tân Phong	Thành phố Biên Hòa	75	Tỉnh Đồng Nai	75	25993	exact	25993:Phường Trảng Dài
25999	Phường Tân Biên	Thành phố Biên Hòa	75	Tỉnh Đồng Nai	75	26188	exact	26188:Phường Tân Triều
26002	Phường Hố Nai	Thành phố Biên Hòa	75	Tỉnh Đồng Nai	75	26188	exact	26188:Phường Tân Triều
26005	Phường Tân Hòa	Thành phố Biên Hòa	75	Tỉnh Đồng Nai	75	26020	exact	26020:Phường Long Bình
26008	Phường Tân Hiệp	Thành phố Biên Hòa	75	Tỉnh Đồng Nai	75	26389	exact	26389:Xã Bình An
26011	Phường Bửu Long	Thành phố Biên Hòa	75	Tỉnh Đồng Nai	75	26017	exact	26017:Phường Tam Hiệp
26014	Phường Tân Tiến	Thành phố Biên Hòa	75	Tỉnh Đồng Nai	75		not_found	
26017	Phường Tam Hiệp	Thành phố Biên Hòa	75	Tỉnh Đồng Nai	75	26389	exact	26389:Xã Bình An
26020	Phường Long Bình	Thành phố Biên Hòa	75	Tỉnh Đồng Nai	75	26188	exact	26188:Phường Tân Triều
26023	Phường Quang Vinh	Thành phố Biên Hòa	75	Tỉnh Đồng Nai	75	26017	exact	26017:Phường Tam Hiệp
26026	Phường Tân Mai	Thành phố Biên Hòa	75	Tỉnh Đồng Nai	75	26389	exact	26389:Xã Bình An
26029	Phường Thống Nhất	Thành phố Biên Hòa	75	Tỉnh Đồng Nai	75	26017	exact	26017:Phường Tam Hiệp
26032	Phường Trung Dũng	Thành phố Biên Hòa	75	Tỉnh Đồng Nai	75	26017	exact	26017:Phường Tam Hiệp
26035	Phường Tam Hòa	Thành phố Biên Hòa	75	Tỉnh Đồng Nai	75		not_found	
26038	Phường Hòa Bình	Thành phố Biên Hòa	75	Tỉnh Đồng Nai	75		not_found	
26041	Phường Quyết Thắng	Thành phố Biên Hòa	75	Tỉnh Đồng Nai	75		not_found	
26044	Phường Thanh Bình	Thành phố Biên Hòa	75	Tỉnh Đồng Nai	75		not_found	
26047	Phường Bình Đa	Thành phố Biên Hòa	75	Tỉnh Đồng Nai	75	26389	exact	26389:Xã Bình An
26050	Phường An Bình	Thành phố Biên Hòa	75	Tỉnh Đồng Nai	75	26017	exact	26017:Phường Tam Hiệp
26053	Phường Bửu Hòa	Thành phố Biên Hòa	75	Tỉnh Đồng Nai	75	26380	exact	26380:Phường Long Hưng
26056	Phường Long Bình Tân	Thành phố Biên Hòa	75	Tỉnh Đồng Nai	75	26041	exact	26041:Phường Trấn Biên
26059	Phường Tân Vạn	Thành phố Biên Hòa	75	Tỉnh Đồng Nai	75	26380	exact	26380:Phường Long Hưng
26062	Phường Tân Hạnh	Thành phố Biên Hòa	75	Tỉnh Đồng Nai	75	26380	exact	26380:Phường Long Hưng
26065	Phường Hiệp Hòa	Thành phố Biên Hòa	75	Tỉnh Đồng Nai	75	26017	exact	26017:Phường Tam Hiệp
26068	Phường Hóa An	Thành phố Biên Hòa	75	Tỉnh Đồng Nai	75	26380	exact	26380:Phường Long Hưng
26071	Phường Xuân Trung	Thành phố Long Khánh	75	Tỉnh Đồng Nai	75		not_found	
26074	Phường Xuân Thanh	Thành phố Long Khánh	75	Tỉnh Đồng Nai	75		not_found	
26077	Phường Xuân Bình	Thành phố Long Khánh	75	Tỉnh Đồng Nai	75		not_found	
26080	Phường Xuân An	Thành phố Long Khánh	75	Tỉnh Đồng Nai	75		not_found	
26083	Phường Xuân Hoà	Thành phố Long Khánh	75	Tỉnh Đồng Nai	75		not_found	
26086	Phường Phú Bình	Thành phố Long Khánh	75	Tỉnh Đồng Nai	75		not_found	
26089	Xã Bình Lộc	Thành phố Long Khánh	75	Tỉnh Đồng Nai	75	26080	exact	26080:Phường Long Khánh
26092	Xã Bảo Quang	Thành phố Long Khánh	75	Tỉnh Đồng Nai	75	26089	exact	26089:Phường Bình Lộc
26095	Phường Suối Tre	Thành phố Long Khánh	75	Tỉnh Đồng Nai	75	26080	exact	26080:Phường Long Khánh
26098	Phường Bảo Vinh	Thành phố Long Khánh	75	Tỉnh Đồng Nai	75	26089	exact	26089:Phường Bình Lộc
26101	Phường Xuân Lập	Thành phố Long Khánh	75	Tỉnh Đồng Nai	75	26113	exact	26113:Phường Hàng Gòn
26104	Phường Bàu Sen	Thành phố Long Khánh	75	Tỉnh Đồng Nai	75	26113	exact	26113:Phường Hàng Gòn
26107	Xã Bàu Trâm	Thành phố Long Khánh	75	Tỉnh Đồng Nai	75	26068	exact	26068:Phường Biên Hòa
26110	Phường Xuân Tân	Thành phố Long Khánh	75	Tỉnh Đồng Nai	75	26098	exact	26098:Phường Bảo Vinh
26113	Xã Hàng Gòn	Thành phố Long Khánh	75	Tỉnh Đồng Nai	75	26098	exact	26098:Phường Bảo Vinh
26116	Thị trấn Tân Phú	Huyện Tân Phú	75	Tỉnh Đồng Nai	75	26005	exact	26005:Phường Hố Nai
26119	Xã Dak Lua	Huyện Tân Phú	75	Tỉnh Đồng Nai	75	26119	exact	26119:Xã Đak Lua
26122	Xã Nam Cát Tiên	Huyện Tân Phú	75	Tỉnh Đồng Nai	75	26206	exact	26206:Xã Định Quán
26125	Xã Phú An	Huyện Tân Phú	75	Tỉnh Đồng Nai	75	26206	exact	26206:Xã Định Quán
26128	Xã Núi Tượng	Huyện Tân Phú	75	Tỉnh Đồng Nai	75		not_found	
26131	Xã Tà Lài	Huyện Tân Phú	75	Tỉnh Đồng Nai	75	26122	exact	26122:Xã Nam Cát Tiên
26134	Xã Phú Lập	Huyện Tân Phú	75	Tỉnh Đồng Nai	75	26122	exact	26122:Xã Nam Cát Tiên
26137	Xã Phú Sơn	Huyện Tân Phú	75	Tỉnh Đồng Nai	75	26116	exact	26116:Xã Tân Phú
26140	Xã Phú Thịnh	Huyện Tân Phú	75	Tỉnh Đồng Nai	75	26122	exact	26122:Xã Nam Cát Tiên
26143	Xã Thanh Sơn	Huyện Tân Phú	75	Tỉnh Đồng Nai	75	26116	exact	26116:Xã Tân Phú
26146	Xã Phú Trung	Huyện Tân Phú	75	Tỉnh Đồng Nai	75	25261	exact	25261:Xã Phú Trung
26149	Xã Phú Xuân	Huyện Tân Phú	75	Tỉnh Đồng Nai	75	26005	exact	26005:Phường Hố Nai
26152	Xã Phú Lộc	Huyện Tân Phú	75	Tỉnh Đồng Nai	75	26005	exact	26005:Phường Hố Nai
26155	Xã Phú Lâm	Huyện Tân Phú	75	Tỉnh Đồng Nai	75	26116	exact	26116:Xã Tân Phú
26158	Xã Phú Bình	Huyện Tân Phú	75	Tỉnh Đồng Nai	75		split	26116:Xã Tân Phú|26068:Phường Biên Hòa
26161	Xã Phú Thanh	Huyện Tân Phú	75	Tỉnh Đồng Nai	75		split	26461:Xã Xuân Định|26005:Phường Hố Nai
26164	Xã Trà Cổ	Huyện Tân Phú	75	Tỉnh Đồng Nai	75	26005	exact	26005:Phường Hố Nai
26167	Xã Phú Điền	Huyện Tân Phú	75	Tỉnh Đồng Nai	75	26215	exact	26215:Xã Phú Vinh
26170	Thị trấn Vĩnh An	Huyện Vĩnh Cửu	75	Tỉnh Đồng Nai	75	26158	exact	26158:Xã Phú Lâm
26173	Xã Phú Lý	Huyện Vĩnh Cửu	75	Tỉnh Đồng Nai	75	26173	exact	26173:Xã Phú Lý
26176	Xã Trị An	Huyện Vĩnh Cửu	75	Tỉnh Đồng Nai	75	26158	exact	26158:Xã Phú Lâm
26179	Xã Tân An	Huyện Vĩnh Cửu	75	Tỉnh Đồng Nai	75	26170	exact	26170:Xã Trị An
26182	Xã Vĩnh Tân	Huyện Vĩnh Cửu	75	Tỉnh Đồng Nai	75	26170	exact	26170:Xã Trị An
26185	Xã Bình Lợi	Huyện Vĩnh Cửu	75	Tỉnh Đồng Nai	75	25993	exact	25993:Phường Trảng Dài
26188	Xã Thạnh Phú	Huyện Vĩnh Cửu	75	Tỉnh Đồng Nai	75		split	25993:Phường Trảng Dài|25333:Phường An Lộc
26191	Xã Thiện Tân	Huyện Vĩnh Cửu	75	Tỉnh Đồng Nai	75	26341	exact	26341:Xã Cẩm Mỹ
26194	Xã Tân Bình	Huyện Vĩnh Cửu	75	Tỉnh Đồng Nai	75	25993	exact	25993:Phường Trảng Dài
26197	Xã Bình Hòa	Huyện Vĩnh Cửu	75	Tỉnh Đồng Nai	75		not_found	
26200	Xã Mã Đà	Huyện Vĩnh Cửu	75	Tỉnh Đồng Nai	75	26158	exact	26158:Xã Phú Lâm
26203	Xã Hiếu Liêm	Huyện Vĩnh Cửu	75	Tỉnh Đồng Nai	75		not_found	
26206	Thị trấn Định Quán	Huyện Định Quán	75	Tỉnh Đồng Nai	75	26173	exact	26173:Xã Phú Lý
26209	Xã Thanh Sơn	Huyện Định Quán	75	Tỉnh Đồng Nai	75	26116	exact	26116:Xã Tân Phú
26212	Xã Phú Tân	Huyện Định Quán	75	Tỉnh Đồng Nai	75	26209	exact	26209:Xã Thanh Sơn
26215	Xã Phú Vinh	Huyện Định Quán	75	Tỉnh Đồng Nai	75	26209	exact	26209:Xã Thanh Sơn
26218	Xã Phú Lợi	Huyện Định Quán	75	Tỉnh Đồng Nai	75	26215	exact	26215:Xã Phú Vinh
26221	Xã Phú Hòa	Huyện Định Quán	75	Tỉnh Đồng Nai	75	26215	exact	26215:Xã Phú Vinh
26224	Xã Ngọc Định	Huyện Định Quán	75	Tỉnh Đồng Nai	75	26173	exact	26173:Xã Phú Lý
26227	Xã La Ngà	Huyện Định Quán	75	Tỉnh Đồng Nai	75	26221	exact	26221:Xã Phú Hòa
26230	Xã Gia Canh	Huyện Định Quán	75	Tỉnh Đồng Nai	75	26173	exact	26173:Xã Phú Lý
26233	Xã Phú Ngọc	Huyện Định Quán	75	Tỉnh Đồng Nai	75	26173	exact	26173:Xã Phú Lý
26236	Xã Phú Cường	Huyện Định Quán	75	Tỉnh Đồng Nai	75	26227	exact	26227:Xã La Ngà
26239	Xã Túc Trưng	Huyện Định Quán	75	Tỉnh Đồng Nai	75	26221	exact	26221:Xã Phú Hòa
26242	Xã Phú Túc	Huyện Định Quán	75	Tỉnh Đồng Nai	75	26227	exact	26227:Xã La Ngà
26245	Xã Suối Nho	Huyện Định Quán	75	Tỉnh Đồng Nai	75	26425	exact	26425:Xã Xuân Lộc
26248	Thị trấn Trảng Bom	Huyện Trảng Bom	75	Tỉnh Đồng Nai	75	26299	exact	26299:Xã Thống Nhất
26251	Xã Thanh Bình	Huyện Trảng Bom	75	Tỉnh Đồng Nai	75	26248	exact	26248:Xã Trảng Bom
26254	Xã Cây Gáo	Huyện Trảng Bom	75	Tỉnh Đồng Nai	75	26248	exact	26248:Xã Trảng Bom
26257	Xã Bàu Hàm	Huyện Trảng Bom	75	Tỉnh Đồng Nai	75	26248	exact	26248:Xã Trảng Bom
26260	Xã Sông Thao	Huyện Trảng Bom	75	Tỉnh Đồng Nai	75	26248	exact	26248:Xã Trảng Bom
26263	Xã Sông Trầu	Huyện Trảng Bom	75	Tỉnh Đồng Nai	75	26299	exact	26299:Xã Thống Nhất
26266	Xã Đông Hoà	Huyện Trảng Bom	75	Tỉnh Đồng Nai	75	26254	exact	26254:Xã Bàu Hàm
26269	Xã Bắc Sơn	Huyện Trảng Bom	75	Tỉnh Đồng Nai	75	26281	exact	26281:Xã Hưng Thịnh
26272	Xã Hố Nai 3	Huyện Trảng Bom	75	Tỉnh Đồng Nai	75	26020	exact	26020:Phường Long Bình
26275	Xã Tây Hoà	Huyện Trảng Bom	75	Tỉnh Đồng Nai	75	26254	exact	26254:Xã Bàu Hàm
26278	Xã Bình Minh	Huyện Trảng Bom	75	Tỉnh Đồng Nai	75	26281	exact	26281:Xã Hưng Thịnh
26281	Xã Trung Hoà	Huyện Trảng Bom	75	Tỉnh Đồng Nai	75	26254	exact	26254:Xã Bàu Hàm
26284	Xã Đồi 61	Huyện Trảng Bom	75	Tỉnh Đồng Nai	75	26278	exact	26278:Xã Bình Minh
26287	Xã Hưng Thịnh	Huyện Trảng Bom	75	Tỉnh Đồng Nai	75	26254	exact	26254:Xã Bàu Hàm
26290	Xã Quảng Tiến	Huyện Trảng Bom	75	Tỉnh Đồng Nai	75	26299	exact	26299:Xã Thống Nhất
26293	Xã Giang Điền	Huyện Trảng Bom	75	Tỉnh Đồng Nai	75	26299	exact	26299:Xã Thống Nhất
26296	Xã An Viễn	Huyện Trảng Bom	75	Tỉnh Đồng Nai	75	26278	exact	26278:Xã Bình Minh
26299	Xã Gia Tân 1	Huyện Thống Nhất	75	Tỉnh Đồng Nai	75	26227	exact	26227:Xã La Ngà
26302	Xã Gia Tân 2	Huyện Thống Nhất	75	Tỉnh Đồng Nai	75	26227	exact	26227:Xã La Ngà
26305	Xã Gia Tân 3	Huyện Thống Nhất	75	Tỉnh Đồng Nai	75	26296	exact	26296:Xã An Viễn
26308	Xã Gia Kiệm	Huyện Thống Nhất	75	Tỉnh Đồng Nai	75	26296	exact	26296:Xã An Viễn
26311	Xã Quang Trung	Huyện Thống Nhất	75	Tỉnh Đồng Nai	75	26296	exact	26296:Xã An Viễn
26314	Xã Bàu Hàm 2	Huyện Thống Nhất	75	Tỉnh Đồng Nai	75	26311	exact	26311:Xã Gia Kiệm
26317	Xã Hưng Lộc	Huyện Thống Nhất	75	Tỉnh Đồng Nai	75	26311	exact	26311:Xã Gia Kiệm
26320	Xã Lộ 25	Huyện Thống Nhất	75	Tỉnh Đồng Nai	75	26311	exact	26311:Xã Gia Kiệm
26323	Xã Xuân Thiện	Huyện Thống Nhất	75	Tỉnh Đồng Nai	75	26080	exact	26080:Phường Long Khánh
26326	Thị trấn Dầu Giây	Huyện Thống Nhất	75	Tỉnh Đồng Nai	75	26311	exact	26311:Xã Gia Kiệm
26329	Xã Sông Nhạn	Huyện Cẩm Mỹ	75	Tỉnh Đồng Nai	75	26326	exact	26326:Xã Dầu Giây
26332	Xã Xuân Quế	Huyện Cẩm Mỹ	75	Tỉnh Đồng Nai	75	26326	exact	26326:Xã Dầu Giây
26335	Xã Nhân Nghĩa	Huyện Cẩm Mỹ	75	Tỉnh Đồng Nai	75		not_found	
26338	Xã Xuân Đường	Huyện Cẩm Mỹ	75	Tỉnh Đồng Nai	75	26332	exact	26332:Xã Xuân Quế
26341	Thị trấn Long Giao	Huyện Cẩm Mỹ	75	Tỉnh Đồng Nai	75		not_found	
26344	Xã Xuân Mỹ	Huyện Cẩm Mỹ	75	Tỉnh Đồng Nai	75		not_found	
26347	Xã Thừa Đức	Huyện Cẩm Mỹ	75	Tỉnh Đồng Nai	75	26332	exact	26332:Xã Xuân Quế
26350	Xã Bảo Bình	Huyện Cẩm Mỹ	75	Tỉnh Đồng Nai	75		not_found	
26353	Xã Xuân Bảo	Huyện Cẩm Mỹ	75	Tỉnh Đồng Nai	75	26458	exact	26458:Xã Xuân Phú
26356	Xã Xuân Tây	Huyện Cẩm Mỹ	75	Tỉnh Đồng Nai	75	26347	exact	26347:Xã Xuân Đường
26359	Xã Xuân Đông	Huyện Cẩm Mỹ	75	Tỉnh Đồng Nai	75	26347	exact	26347:Xã Xuân Đường
26362	Xã Sông Ray	Huyện Cẩm Mỹ	75	Tỉnh Đồng Nai	75	26359	exact	26359:Xã Xuân Đông
26365	Xã Lâm San	Huyện Cẩm Mỹ	75	Tỉnh Đồng Nai	75	26359	exact	26359:Xã Xuân Đông
26368	Thị trấn Long Thành	Huyện Long Thành	75	Tỉnh Đồng Nai	75	26362	exact	26362:Xã Sông Ray
26371	Phường An Hòa	Thành phố Biên Hòa	75	Tỉnh Đồng Nai	75	26041	exact	26041:Phường Trấn Biên
26374	Phường Tam Phước	Thành phố Biên Hòa	75	Tỉnh Đồng Nai	75	26374	exact	26374:Phường Tam Phước
26377	Phường Phước Tân	Thành phố Biên Hòa	75	Tỉnh Đồng Nai	75	26377	exact	26377:Phường Phước Tân
26380	Xã Long Hưng	Thành phố Biên Hòa	75	Tỉnh Đồng Nai	75	26041	exact	26041:Phường Trấn Biên
26383	Xã An Phước	Huyện Long Thành	75	Tỉnh Đồng Nai	75	26377	exact	26377:Phường Phước Tân
26386	Xã Bình An	Huyện Long Thành	75	Tỉnh Đồng Nai	75	26383	exact	26383:Xã An Phước
26389	Xã Long Đức	Huyện Long Thành	75	Tỉnh Đồng Nai	75	26383	exact	26383:Xã An Phước
26392	Xã Lộc An	Huyện Long Thành	75	Tỉnh Đồng Nai	75		split	25318:Xã Tân Tiến|26362:Xã Sông Ray
26395	Xã Bình Sơn	Huyện Long Thành	75	Tỉnh Đồng Nai	75	26362	exact	26362:Xã Sông Ray
26398	Xã Tam An	Huyện Long Thành	75	Tỉnh Đồng Nai	75	26377	exact	26377:Phường Phước Tân
26401	Xã Cẩm Đường	Huyện Long Thành	75	Tỉnh Đồng Nai	75	26332	exact	26332:Xã Xuân Quế
26404	Xã Long An	Huyện Long Thành	75	Tỉnh Đồng Nai	75	26362	exact	26362:Xã Sông Ray
26410	Xã Bàu Cạn	Huyện Long Thành	75	Tỉnh Đồng Nai	75	26104	exact	26104:Phường Xuân Lập
26413	Xã Long Phước	Huyện Long Thành	75	Tỉnh Đồng Nai	75	26104	exact	26104:Phường Xuân Lập
26416	Xã Phước Bình	Huyện Long Thành	75	Tỉnh Đồng Nai	75	26413	exact	26413:Xã Long Phước
26419	Xã Tân Hiệp	Huyện Long Thành	75	Tỉnh Đồng Nai	75	26413	exact	26413:Xã Long Phước
26422	Xã Phước Thái	Huyện Long Thành	75	Tỉnh Đồng Nai	75	26413	exact	26413:Xã Long Phước
26425	Thị trấn Gia Ray	Huyện Xuân Lộc	75	Tỉnh Đồng Nai	75	26422	exact	26422:Xã Phước Thái
26428	Xã Xuân Bắc	Huyện Xuân Lộc	75	Tỉnh Đồng Nai	75	26425	exact	26425:Xã Xuân Lộc
26431	Xã Suối Cao	Huyện Xuân Lộc	75	Tỉnh Đồng Nai	75	26428	exact	26428:Xã Xuân Bắc
26434	Xã Xuân Thành	Huyện Xuân Lộc	75	Tỉnh Đồng Nai	75	26428	exact	26428:Xã Xuân Bắc
26437	Xã Xuân Thọ	Huyện Xuân Lộc	75	Tỉnh Đồng Nai	75	26422	exact	26422:Xã Phước Thái
26440	Xã Xuân Trường	Huyện Xuân Lộc	75	Tỉnh Đồng Nai	75	26422	exact	26422:Xã Phước Thái
26443	Xã Xuân Hòa	Huyện Xuân Lộc	75	Tỉnh Đồng Nai	75		split	26434:Xã Xuân Thành|26068:Phường Biên Hòa
26446	Xã Xuân Hưng	Huyện Xuân Lộc	75	Tỉnh Đồng Nai	75	26434	exact	26434:Xã Xuân Thành
26449	Xã Xuân Tâm	Huyện Xuân Lộc	75	Tỉnh Đồng Nai	75		split	26347:Xã Xuân Đường|26434:Xã Xuân Thành
26452	Xã Suối Cát	Huyện Xuân Lộc	75	Tỉnh Đồng Nai	75	26422	exact	26422:Xã Phước Thái
26455	Xã Xuân Hiệp	Huyện Xuân Lộc	75	Tỉnh Đồng Nai	75	26422	exact	26422:Xã Phước Thái
26458	Xã Xuân Phú	Huyện Xuân Lộc	75	Tỉnh Đồng Nai	75	26446	exact	26446:Xã Xuân Hòa
26461	Xã Xuân Định	Huyện Xuân Lộc	75	Tỉnh Đồng Nai	75	26458	exact	26458:Xã Xuân Phú
26464	Xã Bảo Hoà	Huyện Xuân Lộc	75	Tỉnh Đồng Nai	75	26458	exact	26458:Xã Xuân Phú
26467	Xã Lang Minh	Huyện Xuân Lộc	75	Tỉnh Đồng Nai	75	26446	exact	26446:Xã Xuân Hòa
26470	Xã Phước Thiền	Huyện Nhơn Trạch	75	Tỉnh Đồng Nai	75		split	26461:Xã Xuân Định|25309:Xã Hưng Phước
26473	Xã Long Tân	Huyện Nhơn Trạch	75	Tỉnh Đồng Nai	75	26461	exact	26461:Xã Xuân Định
26476	Xã Đại Phước	Huyện Nhơn Trạch	75	Tỉnh Đồng Nai	75	26485	exact	26485:Xã Nhơn Trạch
26479	Thị trấn Hiệp Phước	Huyện Nhơn Trạch	75	Tỉnh Đồng Nai	75	26461	exact	26461:Xã Xuân Định
26482	Xã Phú Hữu	Huyện Nhơn Trạch	75	Tỉnh Đồng Nai	75	26485	exact	26485:Xã Nhơn Trạch
26485	Xã Phú Hội	Huyện Nhơn Trạch	75	Tỉnh Đồng Nai	75	26461	exact	26461:Xã Xuân Định
26488	Xã Phú Thạnh	Huyện Nhơn Trạch	75	Tỉnh Đồng Nai	75		split	26461:Xã Xuân Định|26005:Phường Hố Nai
26491	Xã Phú Đông	Huyện Nhơn Trạch	75	Tỉnh Đồng Nai	75	26485	exact	26485:Xã Nhơn Trạch
26494	Xã Long Thọ	Huyện Nhơn Trạch	75	Tỉnh Đồng Nai	75		split	26491:Xã Đại Phước|26503:Xã Phước An
26497	Xã Vĩnh Thanh	Huyện Nhơn Trạch	75	Tỉnh Đồng Nai	75		split	26491:Xã Đại Phước|26503:Xã Phước An
26500	Xã Phước Khánh	Huyện Nhơn Trạch	75	Tỉnh Đồng Nai	75	26485	exact	26485:Xã Nhơn Trạch
26503	Xã Phước An	Huyện Nhơn Trạch	75	Tỉnh Đồng Nai	75		split	26491:Xã Đại Phước|26503:Xã Phước An
26506	Phường 1	Thành phố Vũng Tàu	77	Tỉnh Bà Rịa - Vũng Tàu	79		split	27301:Phường Chợ Quán|27286:Phường Vĩnh Hội|26977:Phường Tân Sơn Hòa|27373:Phường Bình Tiên|26944:Phường Gia Định|26890:Phường Hạnh Thông|27238:Phường Minh Phụng|26506:Phường Vũng Tàu|27058:Phường Cầu Kiệu
26508	Phường Thắng Tam	Thành phố Vũng Tàu	77	Tỉnh Bà Rịa - Vũng Tàu	79	26506	exact	26506:Phường Vũng Tàu
26509	Phường 2	Thành phố Vũng Tàu	77	Tỉnh Bà Rịa - Vũng Tàu	79		split	27301:Phường Chợ Quán|27286:Phường Vĩnh Hội|27265:Phường Khánh Hội|26977:Phường Tân Sơn Hòa|26944:Phường Gia Định|26506:Phường Vũng Tàu|27367:Phường Bình Tây|27058:Phường Cầu Kiệu
26512	Phường 3	Thành phố Vũng Tàu	77	Tỉnh Bà Rịa - Vũng Tàu	79		split	27286:Phường Vĩnh Hội|26977:Phường Tân Sơn Hòa|26890:Phường Hạnh Thông|26506:Phường Vũng Tàu|27232:Phường Bình Thới
26515	Phường 4	Thành phố Vũng Tàu	77	Tỉnh Bà Rịa - Vũng Tàu	79		split	27139:Phường Xuân Hòa|27043:Phường Đức Nhuận|27301:Phường Chợ Quán|27418:Phường Chánh Hưng|27286:Phường Vĩnh Hội|27265:Phường Khánh Hội|26968:Phường Tân Sơn Nhất|26506:Phường Vũng Tàu
26518	Phường 5	Thành phố Vũng Tàu	77	Tỉnh Bà Rịa - Vũng Tàu	79	26506	exact	26506:Phường Vũng Tàu
26521	Phường Thắng Nhì	Thành phố Vũng Tàu	77	Tỉnh Bà Rịa - Vũng Tàu	79	26506	exact	26506:Phường Vũng Tàu
26524	Phường 7	Thành phố Vũng Tàu	77	Tỉnh Bà Rịa - Vũng Tàu	79		split	26526:Phường Tam Thắng|26968:Phường Tân Sơn Nhất|27424:Phường Bình Đông|27373:Phường Bình Tiên|26944:Phường Gia Định|27316:Phường An Đông|27238:Phường Minh Phụng|27058:Phường Cầu Kiệu|27619:Xã Bình Hưng
26526	Phường Nguyễn An Ninh	Thành phố Vũng Tàu	77	Tỉnh Bà Rịa - Vũng Tàu	79	26526	exact	26526:Phường Tam Thắng
26527	Phường 8	Thành phố Vũng Tàu	77	Tỉnh Bà Rịa - Vũng Tàu	79		split	26995:Phường Tân Hòa|26526:Phường Tam Thắng|27073:Phường Phú Nhuận|27265:Phường Khánh Hội|27226:Phường Phú Thọ|27373:Phường Bình Tiên|27169:Phường Diên Hồng|26898:Phường Thông Tây Hội|27232:Phường Bình Thới
26530	Phường 9	Thành phố Vũng Tàu	77	Tỉnh Bà Rịa - Vũng Tàu	79	26526	exact	26526:Phường Tam Thắng
26533	Phường Thắng Nhất	Thành phố Vũng Tàu	77	Tỉnh Bà Rịa - Vũng Tàu	79	26536	exact	26536:Phường Rạch Dừa
26535	Phường Rạch Dừa	Thành phố Vũng Tàu	77	Tỉnh Bà Rịa - Vũng Tàu	79	26536	exact	26536:Phường Rạch Dừa
26536	Phường 10	Thành phố Vũng Tàu	77	Tỉnh Bà Rịa - Vũng Tàu	79	26536	exact	26536:Phường Rạch Dừa
26539	Phường 11	Thành phố Vũng Tàu	77	Tỉnh Bà Rịa - Vũng Tàu	79		split	26905:Phường Bình Lợi Trung|26983:Phường Bảy Hiền|27073:Phường Phú Nhuận|27364:Phường Bình Phú|27226:Phường Phú Thọ|27142:Phường Nhiêu Lộc|27343:Phường Chợ Lớn|26542:Phường Phước Thắng|26898:Phường Thông Tây Hội
26542	Phường 12	Thành phố Vũng Tàu	77	Tỉnh Bà Rịa - Vũng Tàu	79	26542	exact	26542:Phường Phước Thắng
26545	Xã Long Sơn	Thành phố Vũng Tàu	77	Tỉnh Bà Rịa - Vũng Tàu	79	26545	exact	26545:Xã Long Sơn
26548	Phường Phước Hưng	Thành phố Bà Rịa	77	Tỉnh Bà Rịa - Vũng Tàu	79	26560	exact	26560:Phường Bà Rịa
26551	Phường Phước Hiệp	Thành phố Bà Rịa	77	Tỉnh Bà Rịa - Vũng Tàu	79		not_found	
26554	Phường Phước Nguyên	Thành phố Bà Rịa	77	Tỉnh Bà Rịa - Vũng Tàu	79	26560	exact	26560:Phường Bà Rịa
26557	Phường Long Toàn	Thành phố Bà Rịa	77	Tỉnh Bà Rịa - Vũng Tàu	79	26560	exact	26560:Phường Bà Rịa
26558	Phường Long Tâm	Thành phố Bà Rịa	77	Tỉnh Bà Rịa - Vũng Tàu	79	26572	exact	26572:Phường Tam Long
26560	Phường Phước Trung	Thành phố Bà Rịa	77	Tỉnh Bà Rịa - Vũng Tàu	79	26560	exact	26560:Phường Bà Rịa
26563	Phường Long Hương	Thành phố Bà Rịa	77	Tỉnh Bà Rịa - Vũng Tàu	79	26566	exact	26566:Phường Long Hương
26566	Phường Kim Dinh	Thành phố Bà Rịa	77	Tỉnh Bà Rịa - Vũng Tàu	79	26566	exact	26566:Phường Long Hương
26567	Xã Tân Hưng	Thành phố Bà Rịa	77	Tỉnh Bà Rịa - Vũng Tàu	79	26566	exact	26566:Phường Long Hương
26569	Xã Long Phước	Thành phố Bà Rịa	77	Tỉnh Bà Rịa - Vũng Tàu	79	26572	exact	26572:Phường Tam Long
26572	Xã Hoà Long	Thành phố Bà Rịa	77	Tỉnh Bà Rịa - Vũng Tàu	79	26572	exact	26572:Phường Tam Long
26574	Xã Bàu Chinh	Huyện Châu Đức	77	Tỉnh Bà Rịa - Vũng Tàu	79	26608	exact	26608:Xã Kim Long
26575	Thị trấn Ngãi Giao	Huyện Châu Đức	77	Tỉnh Bà Rịa - Vũng Tàu	79	26575	exact	26575:Xã Ngãi Giao
26578	Xã Bình Ba	Huyện Châu Đức	77	Tỉnh Bà Rịa - Vũng Tàu	79	26575	exact	26575:Xã Ngãi Giao
26581	Xã Suối Nghệ	Huyện Châu Đức	77	Tỉnh Bà Rịa - Vũng Tàu	79	26575	exact	26575:Xã Ngãi Giao
26584	Xã Xuân Sơn	Huyện Châu Đức	77	Tỉnh Bà Rịa - Vũng Tàu	79	26584	exact	26584:Xã Xuân Sơn
26587	Xã Sơn Bình	Huyện Châu Đức	77	Tỉnh Bà Rịa - Vũng Tàu	79	26584	exact	26584:Xã Xuân Sơn
26590	Xã Bình Giã	Huyện Châu Đức	77	Tỉnh Bà Rịa - Vũng Tàu	79	26590	exact	26590:Xã Bình Giã
26593	Xã Bình Trung	Huyện Châu Đức	77	Tỉnh Bà Rịa - Vũng Tàu	79	26590	exact	26590:Xã Bình Giã
26596	Xã Xà Bang	Huyện Châu Đức	77	Tỉnh Bà Rịa - Vũng Tàu	79	26596	exact	26596:Xã Châu Đức
26599	Xã Cù Bị	Huyện Châu Đức	77	Tỉnh Bà Rịa - Vũng Tàu	79	26596	exact	26596:Xã Châu Đức
26602	Xã Láng Lớn	Huyện Châu Đức	77	Tỉnh Bà Rịa - Vũng Tàu	79	26608	exact	26608:Xã Kim Long
26605	Xã Quảng Thành	Huyện Châu Đức	77	Tỉnh Bà Rịa - Vũng Tàu	79	26590	exact	26590:Xã Bình Giã
26608	Xã Kim Long	Huyện Châu Đức	77	Tỉnh Bà Rịa - Vũng Tàu	79	26608	exact	26608:Xã Kim Long
26611	Xã Suối Rao	Huyện Châu Đức	77	Tỉnh Bà Rịa - Vũng Tàu	79	26584	exact	26584:Xã Xuân Sơn
26614	Xã Đá Bạc	Huyện Châu Đức	77	Tỉnh Bà Rịa - Vũng Tàu	79	26617	exact	26617:Xã Nghĩa Thành
26617	Xã Nghĩa Thành	Huyện Châu Đức	77	Tỉnh Bà Rịa - Vũng Tàu	79	26617	exact	26617:Xã Nghĩa Thành
26620	Thị trấn Phước Bửu	Huyện Xuyên Mộc	77	Tỉnh Bà Rịa - Vũng Tàu	79	26620	exact	26620:Xã Hồ Tràm
26623	Xã Phước Thuận	Huyện Xuyên Mộc	77	Tỉnh Bà Rịa - Vũng Tàu	79	26620	exact	26620:Xã Hồ Tràm
26626	Xã Phước Tân	Huyện Xuyên Mộc	77	Tỉnh Bà Rịa - Vũng Tàu	79	26620	exact	26620:Xã Hồ Tràm
26629	Xã Xuyên Mộc	Huyện Xuyên Mộc	77	Tỉnh Bà Rịa - Vũng Tàu	79	26632	exact	26632:Xã Xuyên Mộc
26632	Xã Bông Trang	Huyện Xuyên Mộc	77	Tỉnh Bà Rịa - Vũng Tàu	79	26632	exact	26632:Xã Xuyên Mộc
26635	Xã Tân Lâm	Huyện Xuyên Mộc	77	Tỉnh Bà Rịa - Vũng Tàu	79	26638	exact	26638:Xã Bàu Lâm
26638	Xã Bàu Lâm	Huyện Xuyên Mộc	77	Tỉnh Bà Rịa - Vũng Tàu	79	26638	exact	26638:Xã Bàu Lâm
26641	Xã Hòa Bình	Huyện Xuyên Mộc	77	Tỉnh Bà Rịa - Vũng Tàu	79	26641	exact	26641:Xã Hòa Hội
26644	Xã Hòa Hưng	Huyện Xuyên Mộc	77	Tỉnh Bà Rịa - Vũng Tàu	79	26641	exact	26641:Xã Hòa Hội
26647	Xã Hòa Hiệp	Huyện Xuyên Mộc	77	Tỉnh Bà Rịa - Vũng Tàu	79	26647	exact	26647:Xã Hòa Hiệp
26650	Xã Hòa Hội	Huyện Xuyên Mộc	77	Tỉnh Bà Rịa - Vũng Tàu	79	26641	exact	26641:Xã Hòa Hội
26653	Xã Bưng Riềng	Huyện Xuyên Mộc	77	Tỉnh Bà Rịa - Vũng Tàu	79	26632	exact	26632:Xã Xuyên Mộc
26656	Xã Bình Châu	Huyện Xuyên Mộc	77	Tỉnh Bà Rịa - Vũng Tàu	79	26656	exact	26656:Xã Bình Châu
26659	Thị trấn Long Điền	Huyện Long Điền	77	Tỉnh Bà Rịa - Vũng Tàu	79	26659	exact	26659:Xã Long Điền
26662	Thị trấn Long Hải	Huyện Long Điền	77	Tỉnh Bà Rịa - Vũng Tàu	79	26662	exact	26662:Xã Long Hải
26665	Xã An Ngãi	Huyện Long Điền	77	Tỉnh Bà Rịa - Vũng Tàu	79		not_found	
26668	Xã Tam Phước	Huyện Long Điền	77	Tỉnh Bà Rịa - Vũng Tàu	79		not_found	
26671	Xã An Nhứt	Huyện Long Điền	77	Tỉnh Bà Rịa - Vũng Tàu	79		not_found	
26674	Xã Phước Tỉnh	Huyện Long Điền	77	Tỉnh Bà Rịa - Vũng Tàu	79	26662	exact	26662:Xã Long Hải
26677	Xã Phước Hưng	Huyện Long Điền	77	Tỉnh Bà Rịa - Vũng Tàu	79	26662	exact	26662:Xã Long Hải
26680	Thị trấn Đất Đỏ	Huyện Đất Đỏ	77	Tỉnh Bà Rịa - Vũng Tàu	79	26680	exact	26680:Xã Đất Đỏ
26683	Xã Phước Long Thọ	Huyện Đất Đỏ	77	Tỉnh Bà Rịa - Vũng Tàu	79	26680	exact	26680:Xã Đất Đỏ
26686	Xã Phước Hội	Huyện Đất Đỏ	77	Tỉnh Bà Rịa - Vũng Tàu	79	26686	exact	26686:Xã Phước Hải
26689	Xã Long Mỹ	Huyện Đất Đỏ	77	Tỉnh Bà Rịa - Vũng Tàu	79		not_found	
26692	Thị trấn Phước Hải	Huyện Đất Đỏ	77	Tỉnh Bà Rịa - Vũng Tàu	79	26686	exact	26686:Xã Phước Hải
26695	Xã Long Tân	Huyện Đất Đỏ	77	Tỉnh Bà Rịa - Vũng Tàu	79		split	26680:Xã Đất Đỏ|25792:Xã Long Hòa
26698	Xã Láng Dài	Huyện Đất Đỏ	77	Tỉnh Bà Rịa - Vũng Tàu	79	26680	exact	26680:Xã Đất Đỏ
26701	Xã Lộc An	Huyện Đất Đỏ	77	Tỉnh Bà Rịa - Vũng Tàu	79		not_found	
26704	Phường Phú Mỹ	Thị xã Phú Mỹ	77	Tỉnh Bà Rịa - Vũng Tàu	79	26704	exact	26704:Phường Phú Mỹ
26707	Xã Tân Hoà	Thị xã Phú Mỹ	77	Tỉnh Bà Rịa - Vũng Tàu	79		not_found	
26710	Xã Tân Hải	Thị xã Phú Mỹ	77	Tỉnh Bà Rịa - Vũng Tàu	79		not_found	
26713	Phường Phước Hoà	Thị xã Phú Mỹ	77	Tỉnh Bà Rịa - Vũng Tàu	79	26713	exact	26713:Phường Tân Phước
26716	Phường Tân Phước	Thị xã Phú Mỹ	77	Tỉnh Bà Rịa - Vũng Tàu	79	26713	exact	26713:Phường Tân Phước
26719	Phường Mỹ Xuân	Thị xã Phú Mỹ	77	Tỉnh Bà Rịa - Vũng Tàu	79	26704	exact	26704:Phường Phú Mỹ
26722	Xã Sông Xoài	Thị xã Phú Mỹ	77	Tỉnh Bà Rịa - Vũng Tàu	79	26725	exact	26725:Phường Tân Thành
26725	Phường Hắc Dịch	Thị xã Phú Mỹ	77	Tỉnh Bà Rịa - Vũng Tàu	79	26725	exact	26725:Phường Tân Thành
26728	Xã Châu Pha	Thị xã Phú Mỹ	77	Tỉnh Bà Rịa - Vũng Tàu	79	26728	exact	26728:Xã Châu Pha
26731	Xã Tóc Tiên	Thị xã Phú Mỹ	77	Tỉnh Bà Rịa - Vũng Tàu	79	26728	exact	26728:Xã Châu Pha
26734	Phường Tân Định	Quận 1	79	Thành phố Hồ Chí Minh	79	26737	exact	26737:Phường Tân Định
26737	Phường Đa Kao	Quận 1	79	Thành phố Hồ Chí Minh	79		split	26737:Phường Tân Định|26740:Phường Sài Gòn
26740	Phường Bến Nghé	Quận 1	79	Thành phố Hồ Chí Minh	79	26740	exact	26740:Phường Sài Gòn
26743	Phường Bến Thành	Quận 1	79	Thành phố Hồ Chí Minh	79	26743	exact	26743:Phường Bến Thành
26746	Phường Nguyễn Thái Bình	Quận 1	79	Thành phố Hồ Chí Minh	79		split	26743:Phường Bến Thành|26740:Phường Sài Gòn
26749	Phường Phạm Ngũ Lão	Quận 1	79	Thành phố Hồ Chí Minh	79	26743	exact	26743:Phường Bến Thành
26752	Phường Cầu Ông Lãnh	Quận 1	79	Thành phố Hồ Chí Minh	79		split	26758:Phường Cầu Ông Lãnh|26743:Phường Bến Thành
26755	Phường Cô Giang	Quận 1	79	Thành phố Hồ Chí Minh	79	26758	exact	26758:Phường Cầu Ông Lãnh
26758	Phường Nguyễn Cư Trinh	Quận 1	79	Thành phố Hồ Chí Minh	79	26758	exact	26758:Phường Cầu Ông Lãnh
26761	Phường Cầu Kho	Quận 1	79	Thành phố Hồ Chí Minh	79	26758	exact	26758:Phường Cầu Ông Lãnh
26764	Phường Thạnh Xuân	Quận 12	79	Thành phố Hồ Chí Minh	79	26773	exact	26773:Phường Thới An
26767	Phường Thạnh Lộc	Quận 12	79	Thành phố Hồ Chí Minh	79	26767	exact	26767:Phường An Phú Đông
26770	Phường Hiệp Thành	Quận 12	79	Thành phố Hồ Chí Minh	79	26782	exact	26782:Phường Tân Thới Hiệp
26773	Phường Thới An	Quận 12	79	Thành phố Hồ Chí Minh	79	26773	exact	26773:Phường Thới An
26776	Phường Tân Chánh Hiệp	Quận 12	79	Thành phố Hồ Chí Minh	79	26785	exact	26785:Phường Trung Mỹ Tây
26779	Phường An Phú Đông	Quận 12	79	Thành phố Hồ Chí Minh	79	26767	exact	26767:Phường An Phú Đông
26782	Phường Tân Thới Hiệp	Quận 12	79	Thành phố Hồ Chí Minh	79	26782	exact	26782:Phường Tân Thới Hiệp
26785	Phường Trung Mỹ Tây	Quận 12	79	Thành phố Hồ Chí Minh	79	26785	exact	26785:Phường Trung Mỹ Tây
26787	Phường Tân Hưng Thuận	Quận 12	79	Thành phố Hồ Chí Minh	79	26791	exact	26791:Phường Đông Hưng Thuận
26788	Phường Đông Hưng Thuận	Quận 12	79	Thành phố Hồ Chí Minh	79	26791	exact	26791:Phường Đông Hưng Thuận
26791	Phường Tân Thới Nhất	Quận 12	79	Thành phố Hồ Chí Minh	79	26791	exact	26791:Phường Đông Hưng Thuận
26794	Phường Linh Xuân	Thành phố Thủ Đức	79	Thành phố Hồ Chí Minh	79	26800	exact	26800:Phường Linh Xuân
26797	Phường Bình Chiểu	Thành phố Thủ Đức	79	Thành phố Hồ Chí Minh	79	26803	exact	26803:Phường Tam Bình
26800	Phường Linh Trung	Thành phố Thủ Đức	79	Thành phố Hồ Chí Minh	79	26800	exact	26800:Phường Linh Xuân
26803	Phường Tam Bình	Thành phố Thủ Đức	79	Thành phố Hồ Chí Minh	79	26803	exact	26803:Phường Tam Bình
26806	Phường Tam Phú	Thành phố Thủ Đức	79	Thành phố Hồ Chí Minh	79	26803	exact	26803:Phường Tam Bình
26809	Phường Hiệp Bình Phước	Thành phố Thủ Đức	79	Thành phố Hồ Chí Minh	79	26809	exact	26809:Phường Hiệp Bình
26812	Phường Hiệp Bình Chánh	Thành phố Thủ Đức	79	Thành phố Hồ Chí Minh	79	26809	exact	26809:Phường Hiệp Bình
26815	Phường Linh Chiểu	Thành phố Thủ Đức	79	Thành phố Hồ Chí Minh	79	26824	exact	26824:Phường Thủ Đức
26818	Phường Linh Tây	Thành phố Thủ Đức	79	Thành phố Hồ Chí Minh	79		split	26824:Phường Thủ Đức|26800:Phường Linh Xuân
26821	Phường Linh Đông	Thành phố Thủ Đức	79	Thành phố Hồ Chí Minh	79		split	26809:Phường Hiệp Bình|26824:Phường Thủ Đức
26824	Phường Bình Thọ	Thành phố Thủ Đức	79	Thành phố Hồ Chí Minh	79	26824	exact	26824:Phường Thủ Đức
26827	Phường Trường Thọ	Thành phố Thủ Đức	79	Thành phố Hồ Chí Minh	79	26824	exact	26824:Phường Thủ Đức
26830	Phường Long Bình	Thành phố Thủ Đức	79	Thành phố Hồ Chí Minh	79	26833	exact	26833:Phường Long Bình
26833	Phường Long Thạnh Mỹ	Thành phố Thủ Đức	79	Thành phố Hồ Chí Minh	79		split	26842:Phường Tăng Nhơn Phú|26833:Phường Long Bình
26836	Phường Tân Phú	Thành phố Thủ Đức	79	Thành phố Hồ Chí Minh	79	26842	exact	26842:Phường Tăng Nhơn Phú
26839	Phường Hiệp Phú	Thành phố Thủ Đức	79	Thành phố Hồ Chí Minh	79	26842	exact	26842:Phường Tăng Nhơn Phú
26842	Phường Tăng Nhơn Phú A	Thành phố Thủ Đức	79	Thành phố Hồ Chí Minh	79	26842	exact	26842:Phường Tăng Nhơn Phú
26845	Phường Tăng Nhơn Phú B	Thành phố Thủ Đức	79	Thành phố Hồ Chí Minh	79	26842	exact	26842:Phường Tăng Nhơn Phú
26848	Phường Phước Long B	Thành phố Thủ Đức	79	Thành phố Hồ Chí Minh	79	26848	exact	26848:Phường Phước Long
26851	Phường Phước Long A	Thành phố Thủ Đức	79	Thành phố Hồ Chí Minh	79	26848	exact	26848:Phường Phước Long
26854	Phường Trường Thạnh	Thành phố Thủ Đức	79	Thành phố Hồ Chí Minh	79	26857	exact	26857:Phường Long Phước
26857	Phường Long Phước	Thành phố Thủ Đức	79	Thành phố Hồ Chí Minh	79	26857	exact	26857:Phường Long Phước
26860	Phường Long Trường	Thành phố Thủ Đức	79	Thành phố Hồ Chí Minh	79	26860	exact	26860:Phường Long Trường
26863	Phường Phước Bình	Thành phố Thủ Đức	79	Thành phố Hồ Chí Minh	79	26848	exact	26848:Phường Phước Long
26866	Phường Phú Hữu	Thành phố Thủ Đức	79	Thành phố Hồ Chí Minh	79	26860	exact	26860:Phường Long Trường
26869	Phường 15	Quận Gò Vấp	79	Thành phố Hồ Chí Minh	79		split	27259:Phường Xóm Chiếu|27073:Phường Phú Nhuận|27004:Phường Tân Bình|27265:Phường Khánh Hội|27226:Phường Phú Thọ|27007:Phường Tân Sơn|27058:Phường Cầu Kiệu|26878:Phường An Hội Đông|27163:Phường Hòa Hưng
26872	Phường 13	Quận Gò Vấp	79	Thành phố Hồ Chí Minh	79		split	26905:Phường Bình Lợi Trung|27259:Phường Xóm Chiếu|27349:Phường Phú Lâm|27073:Phường Phú Nhuận|27004:Phường Tân Bình|27343:Phường Chợ Lớn|27163:Phường Hòa Hưng
26875	Phường 17	Quận Gò Vấp	79	Thành phố Hồ Chí Minh	79	26884	exact	26884:Phường Gò Vấp
26876	Phường 6	Quận Gò Vấp	79	Thành phố Hồ Chí Minh	79	26876	exact	26876:Phường An Nhơn
26878	Phường 16	Quận Gò Vấp	79	Thành phố Hồ Chí Minh	79	26878	exact	26878:Phường An Hội Đông
26881	Phường 12	Quận Gò Vấp	79	Thành phố Hồ Chí Minh	79		split	26983:Phường Bảy Hiền|27349:Phường Phú Lâm|26882:Phường An Hội Tây|27142:Phường Nhiêu Lộc|27343:Phường Chợ Lớn|26542:Phường Phước Thắng|27163:Phường Hòa Hưng|26929:Phường Bình Thạnh
26882	Phường 14	Quận Gò Vấp	79	Thành phố Hồ Chí Minh	79	26882	exact	26882:Phường An Hội Tây
26884	Phường 10	Quận Gò Vấp	79	Thành phố Hồ Chí Minh	79		split	26983:Phường Bảy Hiền|27073:Phường Phú Nhuận|26536:Phường Rạch Dừa|27364:Phường Bình Phú|26884:Phường Gò Vấp|27232:Phường Bình Thới
26887	Phường 05	Quận Gò Vấp	79	Thành phố Hồ Chí Minh	79		not_found	
26890	Phường 07	Quận Gò Vấp	79	Thành phố Hồ Chí Minh	79		not_found	
26893	Phường 04	Quận Gò Vấp	79	Thành phố Hồ Chí Minh	79		not_found	
26896	Phường 01	Quận Gò Vấp	79	Thành phố Hồ Chí Minh	79		not_found	
26897	Phường 9	Quận Gò Vấp	79	Thành phố Hồ Chí Minh	79		split	26995:Phường Tân Hòa|27043:Phường Đức Nhuận|26526:Phường Tam Thắng|27265:Phường Khánh Hội|27142:Phường Nhiêu Lộc|27316:Phường An Đông|27367:Phường Bình Tây
26898	Phường 8	Quận Gò Vấp	79	Thành phố Hồ Chí Minh	79		split	26995:Phường Tân Hòa|26526:Phường Tam Thắng|27073:Phường Phú Nhuận|27265:Phường Khánh Hội|27226:Phường Phú Thọ|27373:Phường Bình Tiên|27169:Phường Diên Hồng|26898:Phường Thông Tây Hội|27232:Phường Bình Thới
26899	Phường 11	Quận Gò Vấp	79	Thành phố Hồ Chí Minh	79	26898	exact	26898:Phường Thông Tây Hội
26902	Phường 03	Quận Gò Vấp	79	Thành phố Hồ Chí Minh	79		not_found	
26905	Phường 13	Quận Bình Thạnh	79	Thành phố Hồ Chí Minh	79	26905	exact	26905:Phường Bình Lợi Trung
26908	Phường 11	Quận Bình Thạnh	79	Thành phố Hồ Chí Minh	79		split	26905:Phường Bình Lợi Trung|26983:Phường Bảy Hiền|27073:Phường Phú Nhuận|27364:Phường Bình Phú|27226:Phường Phú Thọ|27142:Phường Nhiêu Lộc|27343:Phường Chợ Lớn|26542:Phường Phước Thắng|26898:Phường Thông Tây Hội
26911	Phường 27	Quận Bình Thạnh	79	Thành phố Hồ Chí Minh	79	26911	exact	26911:Phường Bình Quới
26914	Phường 26	Quận Bình Thạnh	79	Thành phố Hồ Chí Minh	79	26929	exact	26929:Phường Bình Thạnh
26917	Phường 12	Quận Bình Thạnh	79	Thành phố Hồ Chí Minh	79		split	26983:Phường Bảy Hiền|27349:Phường Phú Lâm|26882:Phường An Hội Tây|27142:Phường Nhiêu Lộc|27343:Phường Chợ Lớn|26542:Phường Phước Thắng|27163:Phường Hòa Hưng|26929:Phường Bình Thạnh
26920	Phường 25	Quận Bình Thạnh	79	Thành phố Hồ Chí Minh	79	26956	exact	26956:Phường Thạnh Mỹ Tây
26923	Phường 05	Quận Bình Thạnh	79	Thành phố Hồ Chí Minh	79		not_found	
26926	Phường 07	Quận Bình Thạnh	79	Thành phố Hồ Chí Minh	79		not_found	
26929	Phường 24	Quận Bình Thạnh	79	Thành phố Hồ Chí Minh	79		not_found	
26932	Phường 06	Quận Bình Thạnh	79	Thành phố Hồ Chí Minh	79		not_found	
26935	Phường 14	Quận Bình Thạnh	79	Thành phố Hồ Chí Minh	79	26929	exact	26929:Phường Bình Thạnh
26938	Phường 15	Quận Bình Thạnh	79	Thành phố Hồ Chí Minh	79		split	27259:Phường Xóm Chiếu|27073:Phường Phú Nhuận|27004:Phường Tân Bình|27265:Phường Khánh Hội|27226:Phường Phú Thọ|27007:Phường Tân Sơn|27058:Phường Cầu Kiệu|26878:Phường An Hội Đông|27163:Phường Hòa Hưng
26941	Phường 02	Quận Bình Thạnh	79	Thành phố Hồ Chí Minh	79		not_found	
26944	Phường 01	Quận Bình Thạnh	79	Thành phố Hồ Chí Minh	79		not_found	
26947	Phường 03	Quận Bình Thạnh	79	Thành phố Hồ Chí Minh	79		not_found	
26950	Phường 17	Quận Bình Thạnh	79	Thành phố Hồ Chí Minh	79	26944	exact	26944:Phường Gia Định
26953	Phường 21	Quận Bình Thạnh	79	Thành phố Hồ Chí Minh	79		not_found	
26956	Phường 22	Quận Bình Thạnh	79	Thành phố Hồ Chí Minh	79	26956	exact	26956:Phường Thạnh Mỹ Tây
26959	Phường 19	Quận Bình Thạnh	79	Thành phố Hồ Chí Minh	79	26956	exact	26956:Phường Thạnh Mỹ Tây
26962	Phường 28	Quận Bình Thạnh	79	Thành phố Hồ Chí Minh	79	26911	exact	26911:Phường Bình Quới
26965	Phường 02	Quận Tân Bình	79	Thành phố Hồ Chí Minh	79		not_found	
26968	Phường 04	Quận Tân Bình	79	Thành phố Hồ Chí Minh	79		not_found	
26971	Phường 12	Quận Tân Bình	79	Thành phố Hồ Chí Minh	79	26983	exact	26983:Phường Bảy Hiền
26974	Phường 13	Quận Tân Bình	79	Thành phố Hồ Chí Minh	79		split	26905:Phường Bình Lợi Trung|27259:Phường Xóm Chiếu|27349:Phường Phú Lâm|27073:Phường Phú Nhuận|27004:Phường Tân Bình|27343:Phường Chợ Lớn|27163:Phường Hòa Hưng
26977	Phường 01	Quận Tân Bình	79	Thành phố Hồ Chí Minh	79		not_found	
26980	Phường 03	Quận Tân Bình	79	Thành phố Hồ Chí Minh	79		not_found	
26983	Phường 11	Quận Tân Bình	79	Thành phố Hồ Chí Minh	79		split	26905:Phường Bình Lợi Trung|26983:Phường Bảy Hiền|27073:Phường Phú Nhuận|27364:Phường Bình Phú|27226:Phường Phú Thọ|27142:Phường Nhiêu Lộc|27343:Phường Chợ Lớn|26542:Phường Phước Thắng|26898:Phường Thông Tây Hội
26986	Phường 07	Quận Tân Bình	79	Thành phố Hồ Chí Minh	79		not_found	
26989	Phường 05	Quận Tân Bình	79	Thành phố Hồ Chí Minh	79		not_found	
26992	Phường 10	Quận Tân Bình	79	Thành phố Hồ Chí Minh	79		split	26983:Phường Bảy Hiền|27073:Phường Phú Nhuận|26536:Phường Rạch Dừa|27364:Phường Bình Phú|26884:Phường Gò Vấp|27232:Phường Bình Thới
26995	Phường 06	Quận Tân Bình	79	Thành phố Hồ Chí Minh	79		not_found	
26998	Phường 08	Quận Tân Bình	79	Thành phố Hồ Chí Minh	79		not_found	
27001	Phường 09	Quận Tân Bình	79	Thành phố Hồ Chí Minh	79		not_found	
27004	Phường 14	Quận Tân Bình	79	Thành phố Hồ Chí Minh	79	27004	exact	27004:Phường Tân Bình
27007	Phường 15	Quận Tân Bình	79	Thành phố Hồ Chí Minh	79		split	27004:Phường Tân Bình|27007:Phường Tân Sơn
27010	Phường Tân Sơn Nhì	Quận Tân Phú	79	Thành phố Hồ Chí Minh	79	27019	exact	27019:Phường Tân Sơn Nhì
27013	Phường Tây Thạnh	Quận Tân Phú	79	Thành phố Hồ Chí Minh	79	27013	exact	27013:Phường Tây Thạnh
27016	Phường Sơn Kỳ	Quận Tân Phú	79	Thành phố Hồ Chí Minh	79		split	27439:Phường Bình Hưng Hòa|27019:Phường Tân Sơn Nhì|27013:Phường Tây Thạnh
27019	Phường Tân Quý	Quận Tân Phú	79	Thành phố Hồ Chí Minh	79		split	27475:Phường Tân Hưng|27019:Phường Tân Sơn Nhì|27022:Phường Phú Thọ Hòa
27022	Phường Tân Thành	Quận Tân Phú	79	Thành phố Hồ Chí Minh	79		split	27019:Phường Tân Sơn Nhì|27022:Phường Phú Thọ Hòa|27031:Phường Tân Phú
27025	Phường Phú Thọ Hòa	Quận Tân Phú	79	Thành phố Hồ Chí Minh	79	27022	exact	27022:Phường Phú Thọ Hòa
27028	Phường Phú Thạnh	Quận Tân Phú	79	Thành phố Hồ Chí Minh	79	27028	exact	27028:Phường Phú Thạnh
27031	Phường Phú Trung	Quận Tân Phú	79	Thành phố Hồ Chí Minh	79	27031	exact	27031:Phường Tân Phú
27034	Phường Hòa Thạnh	Quận Tân Phú	79	Thành phố Hồ Chí Minh	79	27031	exact	27031:Phường Tân Phú
27037	Phường Hiệp Tân	Quận Tân Phú	79	Thành phố Hồ Chí Minh	79	27028	exact	27028:Phường Phú Thạnh
27040	Phường Tân Thới Hòa	Quận Tân Phú	79	Thành phố Hồ Chí Minh	79		split	27028:Phường Phú Thạnh|27031:Phường Tân Phú
27043	Phường 04	Quận Phú Nhuận	79	Thành phố Hồ Chí Minh	79		not_found	
27046	Phường 05	Quận Phú Nhuận	79	Thành phố Hồ Chí Minh	79		not_found	
27049	Phường 09	Quận Phú Nhuận	79	Thành phố Hồ Chí Minh	79		not_found	
27052	Phường 07	Quận Phú Nhuận	79	Thành phố Hồ Chí Minh	79		not_found	
27055	Phường 03	Quận Phú Nhuận	79	Thành phố Hồ Chí Minh	79		not_found	
27058	Phường 01	Quận Phú Nhuận	79	Thành phố Hồ Chí Minh	79		not_found	
27061	Phường 02	Quận Phú Nhuận	79	Thành phố Hồ Chí Minh	79		not_found	
27064	Phường 08	Quận Phú Nhuận	79	Thành phố Hồ Chí Minh	79		not_found	
27067	Phường 15	Quận Phú Nhuận	79	Thành phố Hồ Chí Minh	79		split	27073:Phường Phú Nhuận|27058:Phường Cầu Kiệu
27070	Phường 10	Quận Phú Nhuận	79	Thành phố Hồ Chí Minh	79		split	26983:Phường Bảy Hiền|27073:Phường Phú Nhuận|26536:Phường Rạch Dừa|27364:Phường Bình Phú|26884:Phường Gò Vấp|27232:Phường Bình Thới
27073	Phường 11	Quận Phú Nhuận	79	Thành phố Hồ Chí Minh	79		split	26905:Phường Bình Lợi Trung|26983:Phường Bảy Hiền|27073:Phường Phú Nhuận|27364:Phường Bình Phú|27226:Phường Phú Thọ|27142:Phường Nhiêu Lộc|27343:Phường Chợ Lớn|26542:Phường Phước Thắng|26898:Phường Thông Tây Hội
27076	Phường 17	Quận Phú Nhuận	79	Thành phố Hồ Chí Minh	79		split	26944:Phường Gia Định|26884:Phường Gò Vấp
27085	Phường 13	Quận Phú Nhuận	79	Thành phố Hồ Chí Minh	79	27073	exact	27073:Phường Phú Nhuận
27088	Phường Thảo Điền	Thành phố Thủ Đức	79	Thành phố Hồ Chí Minh	79	27094	exact	27094:Phường An Khánh
27091	Phường An Phú	Thành phố Thủ Đức	79	Thành phố Hồ Chí Minh	79		split	27094:Phường An Khánh|27097:Phường Bình Trưng
27094	Phường An Khánh	Thành phố Thủ Đức	79	Thành phố Hồ Chí Minh	79	27094	exact	27094:Phường An Khánh
27097	Phường Bình Trưng Đông	Thành phố Thủ Đức	79	Thành phố Hồ Chí Minh	79	27097	exact	27097:Phường Bình Trưng
27100	Phường Bình Trưng Tây	Thành phố Thủ Đức	79	Thành phố Hồ Chí Minh	79	27097	exact	27097:Phường Bình Trưng
27109	Phường Cát Lái	Thành phố Thủ Đức	79	Thành phố Hồ Chí Minh	79	27112	exact	27112:Phường Cát Lái
27112	Phường Thạnh Mỹ Lợi	Thành phố Thủ Đức	79	Thành phố Hồ Chí Minh	79	27112	exact	27112:Phường Cát Lái
27115	Phường An Lợi Đông	Thành phố Thủ Đức	79	Thành phố Hồ Chí Minh	79	27094	exact	27094:Phường An Khánh
27118	Phường Thủ Thiêm	Thành phố Thủ Đức	79	Thành phố Hồ Chí Minh	79	27094	exact	27094:Phường An Khánh
27127	Phường 14	Quận 3	79	Thành phố Hồ Chí Minh	79	27142	exact	27142:Phường Nhiêu Lộc
27130	Phường 12	Quận 3	79	Thành phố Hồ Chí Minh	79		split	26983:Phường Bảy Hiền|27349:Phường Phú Lâm|26882:Phường An Hội Tây|27142:Phường Nhiêu Lộc|27343:Phường Chợ Lớn|26542:Phường Phước Thắng|27163:Phường Hòa Hưng|26929:Phường Bình Thạnh
27133	Phường 11	Quận 3	79	Thành phố Hồ Chí Minh	79		split	26905:Phường Bình Lợi Trung|26983:Phường Bảy Hiền|27073:Phường Phú Nhuận|27364:Phường Bình Phú|27226:Phường Phú Thọ|27142:Phường Nhiêu Lộc|27343:Phường Chợ Lớn|26542:Phường Phước Thắng|26898:Phường Thông Tây Hội
27136	Phường 13	Quận 3	79	Thành phố Hồ Chí Minh	79		split	26905:Phường Bình Lợi Trung|27259:Phường Xóm Chiếu|27349:Phường Phú Lâm|27073:Phường Phú Nhuận|27004:Phường Tân Bình|27343:Phường Chợ Lớn|27163:Phường Hòa Hưng
27139	Phường Võ Thị Sáu	Quận 3	79	Thành phố Hồ Chí Minh	79	27139	exact	27139:Phường Xuân Hòa
27142	Phường 09	Quận 3	79	Thành phố Hồ Chí Minh	79		not_found	
27145	Phường 10	Quận 3	79	Thành phố Hồ Chí Minh	79		split	26983:Phường Bảy Hiền|27073:Phường Phú Nhuận|26536:Phường Rạch Dừa|27364:Phường Bình Phú|26884:Phường Gò Vấp|27232:Phường Bình Thới
27148	Phường 04	Quận 3	79	Thành phố Hồ Chí Minh	79		not_found	
27151	Phường 05	Quận 3	79	Thành phố Hồ Chí Minh	79		not_found	
27154	Phường 03	Quận 3	79	Thành phố Hồ Chí Minh	79		not_found	
27157	Phường 02	Quận 3	79	Thành phố Hồ Chí Minh	79		not_found	
27160	Phường 01	Quận 3	79	Thành phố Hồ Chí Minh	79		not_found	
27163	Phường 15	Quận 10	79	Thành phố Hồ Chí Minh	79	27163	exact	27163:Phường Hòa Hưng
27166	Phường 13	Quận 10	79	Thành phố Hồ Chí Minh	79		split	26905:Phường Bình Lợi Trung|27259:Phường Xóm Chiếu|27349:Phường Phú Lâm|27073:Phường Phú Nhuận|27004:Phường Tân Bình|27343:Phường Chợ Lớn|27163:Phường Hòa Hưng
27169	Phường 14	Quận 10	79	Thành phố Hồ Chí Minh	79		split	27169:Phường Diên Hồng|27163:Phường Hòa Hưng
27172	Phường 12	Quận 10	79	Thành phố Hồ Chí Minh	79		split	26983:Phường Bảy Hiền|27349:Phường Phú Lâm|26882:Phường An Hội Tây|27142:Phường Nhiêu Lộc|27343:Phường Chợ Lớn|26542:Phường Phước Thắng|27163:Phường Hòa Hưng|26929:Phường Bình Thạnh
27175	Phường 11	Quận 10	79	Thành phố Hồ Chí Minh	79		split	26905:Phường Bình Lợi Trung|26983:Phường Bảy Hiền|27073:Phường Phú Nhuận|27364:Phường Bình Phú|27226:Phường Phú Thọ|27142:Phường Nhiêu Lộc|27343:Phường Chợ Lớn|26542:Phường Phước Thắng|26898:Phường Thông Tây Hội
27178	Phường 10	Quận 10	79	Thành phố Hồ Chí Minh	79		split	26983:Phường Bảy Hiền|27073:Phường Phú Nhuận|26536:Phường Rạch Dừa|27364:Phường Bình Phú|26884:Phường Gò Vấp|27232:Phường Bình Thới
27181	Phường 09	Quận 10	79	Thành phố Hồ Chí Minh	79		not_found	
27184	Phường 01	Quận 10	79	Thành phố Hồ Chí Minh	79		not_found	
27187	Phường 08	Quận 10	79	Thành phố Hồ Chí Minh	79		not_found	
27190	Phường 02	Quận 10	79	Thành phố Hồ Chí Minh	79		not_found	
27193	Phường 04	Quận 10	79	Thành phố Hồ Chí Minh	79		not_found	
27196	Phường 07	Quận 10	79	Thành phố Hồ Chí Minh	79		not_found	
27199	Phường 05	Quận 10	79	Thành phố Hồ Chí Minh	79		not_found	
27202	Phường 06	Quận 10	79	Thành phố Hồ Chí Minh	79		not_found	
27208	Phường 15	Quận 11	79	Thành phố Hồ Chí Minh	79	27226	exact	27226:Phường Phú Thọ
27211	Phường 05	Quận 11	79	Thành phố Hồ Chí Minh	79		not_found	
27214	Phường 14	Quận 11	79	Thành phố Hồ Chí Minh	79	27211	exact	27211:Phường Hòa Bình
27217	Phường 11	Quận 11	79	Thành phố Hồ Chí Minh	79		split	26905:Phường Bình Lợi Trung|26983:Phường Bảy Hiền|27073:Phường Phú Nhuận|27364:Phường Bình Phú|27226:Phường Phú Thọ|27142:Phường Nhiêu Lộc|27343:Phường Chợ Lớn|26542:Phường Phước Thắng|26898:Phường Thông Tây Hội
27220	Phường 03	Quận 11	79	Thành phố Hồ Chí Minh	79		not_found	
27223	Phường 10	Quận 11	79	Thành phố Hồ Chí Minh	79	27232	exact	27232:Phường Bình Thới
27226	Phường 13	Quận 11	79	Thành phố Hồ Chí Minh	79		split	26905:Phường Bình Lợi Trung|27259:Phường Xóm Chiếu|27349:Phường Phú Lâm|27073:Phường Phú Nhuận|27004:Phường Tân Bình|27343:Phường Chợ Lớn|27163:Phường Hòa Hưng
27229	Phường 08	Quận 11	79	Thành phố Hồ Chí Minh	79		not_found	
27232	Phường 09	Quận 11	79	Thành phố Hồ Chí Minh	79		not_found	
27235	Phường 12	Quận 11	79	Thành phố Hồ Chí Minh	79		split	26983:Phường Bảy Hiền|27349:Phường Phú Lâm|26882:Phường An Hội Tây|27142:Phường Nhiêu Lộc|27343:Phường Chợ Lớn|26542:Phường Phước Thắng|27163:Phường Hòa Hưng|26929:Phường Bình Thạnh
27238	Phường 07	Quận 11	79	Thành phố Hồ Chí Minh	79		not_found	
27241	Phường 06	Quận 11	79	Thành phố Hồ Chí Minh	79		not_found	
27244	Phường 04	Quận 11	79	Thành phố Hồ Chí Minh	79		not_found	
27247	Phường 01	Quận 11	79	Thành phố Hồ Chí Minh	79		not_found	
27250	Phường 02	Quận 11	79	Thành phố Hồ Chí Minh	79		not_found	
27253	Phường 16	Quận 11	79	Thành phố Hồ Chí Minh	79	27238	exact	27238:Phường Minh Phụng
27259	Phường 13	Quận 4	79	Thành phố Hồ Chí Minh	79		split	26905:Phường Bình Lợi Trung|27259:Phường Xóm Chiếu|27349:Phường Phú Lâm|27073:Phường Phú Nhuận|27004:Phường Tân Bình|27343:Phường Chợ Lớn|27163:Phường Hòa Hưng
27262	Phường 09	Quận 4	79	Thành phố Hồ Chí Minh	79		not_found	
27265	Phường 06	Quận 4	79	Thành phố Hồ Chí Minh	79		not_found	
27268	Phường 08	Quận 4	79	Thành phố Hồ Chí Minh	79		not_found	
27271	Phường 10	Quận 4	79	Thành phố Hồ Chí Minh	79		split	26983:Phường Bảy Hiền|27073:Phường Phú Nhuận|26536:Phường Rạch Dừa|27364:Phường Bình Phú|26884:Phường Gò Vấp|27232:Phường Bình Thới
27277	Phường 18	Quận 4	79	Thành phố Hồ Chí Minh	79	27259	exact	27259:Phường Xóm Chiếu
27280	Phường 14	Quận 4	79	Thành phố Hồ Chí Minh	79		split	27349:Phường Phú Lâm|27004:Phường Tân Bình|26882:Phường An Hội Tây|27142:Phường Nhiêu Lộc|27169:Phường Diên Hồng|27343:Phường Chợ Lớn|27163:Phường Hòa Hưng|27211:Phường Hòa Bình|26929:Phường Bình Thạnh
27283	Phường 04	Quận 4	79	Thành phố Hồ Chí Minh	79		not_found	
27286	Phường 03	Quận 4	79	Thành phố Hồ Chí Minh	79		not_found	
27289	Phường 16	Quận 4	79	Thành phố Hồ Chí Minh	79		split	27259:Phường Xóm Chiếu|27595:Xã Tân Nhựt|27364:Phường Bình Phú|27238:Phường Minh Phụng|26878:Phường An Hội Đông
27292	Phường 02	Quận 4	79	Thành phố Hồ Chí Minh	79		not_found	
27295	Phường 15	Quận 4	79	Thành phố Hồ Chí Minh	79		split	27259:Phường Xóm Chiếu|27265:Phường Khánh Hội
27298	Phường 01	Quận 4	79	Thành phố Hồ Chí Minh	79		not_found	
27301	Phường 04	Quận 5	79	Thành phố Hồ Chí Minh	79		not_found	
27304	Phường 09	Quận 5	79	Thành phố Hồ Chí Minh	79		not_found	
27307	Phường 03	Quận 5	79	Thành phố Hồ Chí Minh	79		not_found	
27310	Phường 12	Quận 5	79	Thành phố Hồ Chí Minh	79		split	26983:Phường Bảy Hiền|27349:Phường Phú Lâm|26882:Phường An Hội Tây|27142:Phường Nhiêu Lộc|27343:Phường Chợ Lớn|26542:Phường Phước Thắng|27163:Phường Hòa Hưng|26929:Phường Bình Thạnh
27313	Phường 02	Quận 5	79	Thành phố Hồ Chí Minh	79		not_found	
27316	Phường 08	Quận 5	79	Thành phố Hồ Chí Minh	79		not_found	
27322	Phường 07	Quận 5	79	Thành phố Hồ Chí Minh	79		not_found	
27325	Phường 01	Quận 5	79	Thành phố Hồ Chí Minh	79		not_found	
27328	Phường 11	Quận 5	79	Thành phố Hồ Chí Minh	79		split	26905:Phường Bình Lợi Trung|26983:Phường Bảy Hiền|27073:Phường Phú Nhuận|27364:Phường Bình Phú|27226:Phường Phú Thọ|27142:Phường Nhiêu Lộc|27343:Phường Chợ Lớn|26542:Phường Phước Thắng|26898:Phường Thông Tây Hội
27331	Phường 14	Quận 5	79	Thành phố Hồ Chí Minh	79	27343	exact	27343:Phường Chợ Lớn
27334	Phường 05	Quận 5	79	Thành phố Hồ Chí Minh	79		not_found	
27337	Phường 06	Quận 5	79	Thành phố Hồ Chí Minh	79		not_found	
27340	Phường 10	Quận 5	79	Thành phố Hồ Chí Minh	79		split	26983:Phường Bảy Hiền|27073:Phường Phú Nhuận|26536:Phường Rạch Dừa|27364:Phường Bình Phú|26884:Phường Gò Vấp|27232:Phường Bình Thới
27343	Phường 13	Quận 5	79	Thành phố Hồ Chí Minh	79		split	26905:Phường Bình Lợi Trung|27259:Phường Xóm Chiếu|27349:Phường Phú Lâm|27073:Phường Phú Nhuận|27004:Phường Tân Bình|27343:Phường Chợ Lớn|27163:Phường Hòa Hưng
27346	Phường 14	Quận 6	79	Thành phố Hồ Chí Minh	79	27349	exact	27349:Phường Phú Lâm
27349	Phường 13	Quận 6	79	Thành phố Hồ Chí Minh	79		split	26905:Phường Bình Lợi Trung|27259:Phường Xóm Chiếu|27349:Phường Phú Lâm|27073:Phường Phú Nhuận|27004:Phường Tân Bình|27343:Phường Chợ Lớn|27163:Phường Hòa Hưng
27352	Phường 09	Quận 6	79	Thành phố Hồ Chí Minh	79		not_found	
27355	Phường 06	Quận 6	79	Thành phố Hồ Chí Minh	79		not_found	
27358	Phường 12	Quận 6	79	Thành phố Hồ Chí Minh	79		split	26983:Phường Bảy Hiền|27349:Phường Phú Lâm|26882:Phường An Hội Tây|27142:Phường Nhiêu Lộc|27343:Phường Chợ Lớn|26542:Phường Phước Thắng|27163:Phường Hòa Hưng|26929:Phường Bình Thạnh
27361	Phường 05	Quận 6	79	Thành phố Hồ Chí Minh	79		not_found	
27364	Phường 11	Quận 6	79	Thành phố Hồ Chí Minh	79	27364	exact	27364:Phường Bình Phú
27367	Phường 02	Quận 6	79	Thành phố Hồ Chí Minh	79		not_found	
27370	Phường 01	Quận 6	79	Thành phố Hồ Chí Minh	79		not_found	
27373	Phường 04	Quận 6	79	Thành phố Hồ Chí Minh	79		not_found	
27376	Phường 08	Quận 6	79	Thành phố Hồ Chí Minh	79		not_found	
27379	Phường 03	Quận 6	79	Thành phố Hồ Chí Minh	79		not_found	
27382	Phường 07	Quận 6	79	Thành phố Hồ Chí Minh	79		not_found	
27385	Phường 10	Quận 6	79	Thành phố Hồ Chí Minh	79		split	26983:Phường Bảy Hiền|27073:Phường Phú Nhuận|26536:Phường Rạch Dừa|27364:Phường Bình Phú|26884:Phường Gò Vấp|27232:Phường Bình Thới
27388	Phường 08	Quận 8	79	Thành phố Hồ Chí Minh	79		not_found	
27391	Phường 02	Quận 8	79	Thành phố Hồ Chí Minh	79		not_found	
27394	Phường 01	Quận 8	79	Thành phố Hồ Chí Minh	79		not_found	
27397	Phường 03	Quận 8	79	Thành phố Hồ Chí Minh	79		not_found	
27400	Phường 11	Quận 8	79	Thành phố Hồ Chí Minh	79		split	26905:Phường Bình Lợi Trung|26983:Phường Bảy Hiền|27073:Phường Phú Nhuận|27364:Phường Bình Phú|27226:Phường Phú Thọ|27142:Phường Nhiêu Lộc|27343:Phường Chợ Lớn|26542:Phường Phước Thắng|26898:Phường Thông Tây Hội
27403	Phường 09	Quận 8	79	Thành phố Hồ Chí Minh	79		not_found	
27406	Phường 10	Quận 8	79	Thành phố Hồ Chí Minh	79		split	26983:Phường Bảy Hiền|27073:Phường Phú Nhuận|26536:Phường Rạch Dừa|27364:Phường Bình Phú|26884:Phường Gò Vấp|27232:Phường Bình Thới
27409	Phường 04	Quận 8	79	Thành phố Hồ Chí Minh	79		not_found	
27412	Phường 13	Quận 8	79	Thành phố Hồ Chí Minh	79		split	26905:Phường Bình Lợi Trung|27259:Phường Xóm Chiếu|27349:Phường Phú Lâm|27073:Phường Phú Nhuận|27004:Phường Tân Bình|27343:Phường Chợ Lớn|27163:Phường Hòa Hưng
27415	Phường 12	Quận 8	79	Thành phố Hồ Chí Minh	79		split	26983:Phường Bảy Hiền|27349:Phường Phú Lâm|26882:Phường An Hội Tây|27142:Phường Nhiêu Lộc|27343:Phường Chợ Lớn|26542:Phường Phước Thắng|27163:Phường Hòa Hưng|26929:Phường Bình Thạnh
27418	Phường 05	Quận 8	79	Thành phố Hồ Chí Minh	79		not_found	
27421	Phường 14	Quận 8	79	Thành phố Hồ Chí Minh	79		split	27349:Phường Phú Lâm|27004:Phường Tân Bình|26882:Phường An Hội Tây|27142:Phường Nhiêu Lộc|27169:Phường Diên Hồng|27343:Phường Chợ Lớn|27163:Phường Hòa Hưng|27211:Phường Hòa Bình|26929:Phường Bình Thạnh
27424	Phường 06	Quận 8	79	Thành phố Hồ Chí Minh	79		not_found	
27427	Phường 15	Quận 8	79	Thành phố Hồ Chí Minh	79		split	27259:Phường Xóm Chiếu|27073:Phường Phú Nhuận|27004:Phường Tân Bình|27265:Phường Khánh Hội|27226:Phường Phú Thọ|27007:Phường Tân Sơn|27058:Phường Cầu Kiệu|26878:Phường An Hội Đông|27163:Phường Hòa Hưng
27430	Phường 16	Quận 8	79	Thành phố Hồ Chí Minh	79		split	27595:Xã Tân Nhựt|27364:Phường Bình Phú
27433	Phường 07	Quận 8	79	Thành phố Hồ Chí Minh	79		not_found	
27436	Phường Bình Hưng Hòa	Quận Bình Tân	79	Thành phố Hồ Chí Minh	79	27439	exact	27439:Phường Bình Hưng Hòa
27439	Phường Bình Hưng Hoà A	Quận Bình Tân	79	Thành phố Hồ Chí Minh	79		split	27439:Phường Bình Hưng Hòa|27448:Phường Bình Trị Đông
27442	Phường Bình Hưng Hoà B	Quận Bình Tân	79	Thành phố Hồ Chí Minh	79	27442	exact	27442:Phường Bình Tân
27445	Phường Bình Trị Đông	Quận Bình Tân	79	Thành phố Hồ Chí Minh	79	27448	exact	27448:Phường Bình Trị Đông
27448	Phường Bình Trị Đông A	Quận Bình Tân	79	Thành phố Hồ Chí Minh	79		split	27442:Phường Bình Tân|27448:Phường Bình Trị Đông
27451	Phường Bình Trị Đông B	Quận Bình Tân	79	Thành phố Hồ Chí Minh	79	27460	exact	27460:Phường An Lạc
27454	Phường Tân Tạo	Quận Bình Tân	79	Thành phố Hồ Chí Minh	79		split	27604:Xã Tân Vĩnh Lộc|27442:Phường Bình Tân|27457:Phường Tân Tạo
27457	Phường Tân Tạo A	Quận Bình Tân	79	Thành phố Hồ Chí Minh	79		split	27595:Xã Tân Nhựt|27457:Phường Tân Tạo
27460	Phường An Lạc	Quận Bình Tân	79	Thành phố Hồ Chí Minh	79	27460	exact	27460:Phường An Lạc
27463	Phường An Lạc A	Quận Bình Tân	79	Thành phố Hồ Chí Minh	79	27460	exact	27460:Phường An Lạc
27466	Phường Tân Thuận Đông	Quận 7	79	Thành phố Hồ Chí Minh	79	27478	exact	27478:Phường Tân Thuận
27469	Phường Tân Thuận Tây	Quận 7	79	Thành phố Hồ Chí Minh	79	27478	exact	27478:Phường Tân Thuận
27472	Phường Tân Kiểng	Quận 7	79	Thành phố Hồ Chí Minh	79	27475	exact	27475:Phường Tân Hưng
27475	Phường Tân Hưng	Quận 7	79	Thành phố Hồ Chí Minh	79	27475	exact	27475:Phường Tân Hưng
27478	Phường Bình Thuận	Quận 7	79	Thành phố Hồ Chí Minh	79	27478	exact	27478:Phường Tân Thuận
27481	Phường Tân Quy	Quận 7	79	Thành phố Hồ Chí Minh	79		split	27475:Phường Tân Hưng|27019:Phường Tân Sơn Nhì|27022:Phường Phú Thọ Hòa
27484	Phường Phú Thuận	Quận 7	79	Thành phố Hồ Chí Minh	79	27484	exact	27484:Phường Phú Thuận
27487	Phường Tân Phú	Quận 7	79	Thành phố Hồ Chí Minh	79	27487	exact	27487:Phường Tân Mỹ
27490	Phường Tân Phong	Quận 7	79	Thành phố Hồ Chí Minh	79	27475	exact	27475:Phường Tân Hưng
27493	Phường Phú Mỹ	Quận 7	79	Thành phố Hồ Chí Minh	79		split	27484:Phường Phú Thuận|27487:Phường Tân Mỹ
27496	Thị trấn Củ Chi	Huyện Củ Chi	79	Thành phố Hồ Chí Minh	79	27496	exact	27496:Xã Tân An Hội
27499	Xã Phú Mỹ Hưng	Huyện Củ Chi	79	Thành phố Hồ Chí Minh	79	27508	exact	27508:Xã An Nhơn Tây
27502	Xã An Phú	Huyện Củ Chi	79	Thành phố Hồ Chí Minh	79	27508	exact	27508:Xã An Nhơn Tây
27505	Xã Trung Lập Thượng	Huyện Củ Chi	79	Thành phố Hồ Chí Minh	79	27526	exact	27526:Xã Thái Mỹ
27508	Xã An Nhơn Tây	Huyện Củ Chi	79	Thành phố Hồ Chí Minh	79	27508	exact	27508:Xã An Nhơn Tây
27511	Xã Nhuận Đức	Huyện Củ Chi	79	Thành phố Hồ Chí Minh	79	27511	exact	27511:Xã Nhuận Đức
27514	Xã Phạm Văn Cội	Huyện Củ Chi	79	Thành phố Hồ Chí Minh	79	27511	exact	27511:Xã Nhuận Đức
27517	Xã Phú Hòa Đông	Huyện Củ Chi	79	Thành phố Hồ Chí Minh	79	27541	exact	27541:Xã Phú Hòa Đông
27520	Xã Trung Lập Hạ	Huyện Củ Chi	79	Thành phố Hồ Chí Minh	79	27511	exact	27511:Xã Nhuận Đức
27523	Xã Trung An	Huyện Củ Chi	79	Thành phố Hồ Chí Minh	79	27544	exact	27544:Xã Bình Mỹ
27526	Xã Phước Thạnh	Huyện Củ Chi	79	Thành phố Hồ Chí Minh	79	27526	exact	27526:Xã Thái Mỹ
27529	Xã Phước Hiệp	Huyện Củ Chi	79	Thành phố Hồ Chí Minh	79	27496	exact	27496:Xã Tân An Hội
27532	Xã Tân An Hội	Huyện Củ Chi	79	Thành phố Hồ Chí Minh	79	27496	exact	27496:Xã Tân An Hội
27535	Xã Phước Vĩnh An	Huyện Củ Chi	79	Thành phố Hồ Chí Minh	79	27553	exact	27553:Xã Củ Chi
27538	Xã Thái Mỹ	Huyện Củ Chi	79	Thành phố Hồ Chí Minh	79	27526	exact	27526:Xã Thái Mỹ
27541	Xã Tân Thạnh Tây	Huyện Củ Chi	79	Thành phố Hồ Chí Minh	79	27541	exact	27541:Xã Phú Hòa Đông
27544	Xã Hòa Phú	Huyện Củ Chi	79	Thành phố Hồ Chí Minh	79	27544	exact	27544:Xã Bình Mỹ
27547	Xã Tân Thạnh Đông	Huyện Củ Chi	79	Thành phố Hồ Chí Minh	79	27541	exact	27541:Xã Phú Hòa Đông
27550	Xã Bình Mỹ	Huyện Củ Chi	79	Thành phố Hồ Chí Minh	79	27544	exact	27544:Xã Bình Mỹ
27553	Xã Tân Phú Trung	Huyện Củ Chi	79	Thành phố Hồ Chí Minh	79	27553	exact	27553:Xã Củ Chi
27556	Xã Tân Thông Hội	Huyện Củ Chi	79	Thành phố Hồ Chí Minh	79	27553	exact	27553:Xã Củ Chi
27559	Thị trấn Hóc Môn	Huyện Hóc Môn	79	Thành phố Hồ Chí Minh	79	27559	exact	27559:Xã Hóc Môn
27562	Xã Tân Hiệp	Huyện Hóc Môn	79	Thành phố Hồ Chí Minh	79	27559	exact	27559:Xã Hóc Môn
27565	Xã Nhị Bình	Huyện Hóc Môn	79	Thành phố Hồ Chí Minh	79	27568	exact	27568:Xã Đông Thạnh
27568	Xã Đông Thạnh	Huyện Hóc Môn	79	Thành phố Hồ Chí Minh	79	27568	exact	27568:Xã Đông Thạnh
27571	Xã Tân Thới Nhì	Huyện Hóc Môn	79	Thành phố Hồ Chí Minh	79	27577	exact	27577:Xã Xuân Thới Sơn
27574	Xã Thới Tam Thôn	Huyện Hóc Môn	79	Thành phố Hồ Chí Minh	79	27568	exact	27568:Xã Đông Thạnh
27577	Xã Xuân Thới Sơn	Huyện Hóc Môn	79	Thành phố Hồ Chí Minh	79	27577	exact	27577:Xã Xuân Thới Sơn
27580	Xã Tân Xuân	Huyện Hóc Môn	79	Thành phố Hồ Chí Minh	79	27559	exact	27559:Xã Hóc Môn
27583	Xã Xuân Thới Đông	Huyện Hóc Môn	79	Thành phố Hồ Chí Minh	79	27577	exact	27577:Xã Xuân Thới Sơn
27586	Xã Trung Chánh	Huyện Hóc Môn	79	Thành phố Hồ Chí Minh	79	27592	exact	27592:Xã Bà Điểm
27589	Xã Xuân Thới Thượng	Huyện Hóc Môn	79	Thành phố Hồ Chí Minh	79	27592	exact	27592:Xã Bà Điểm
27592	Xã Bà Điểm	Huyện Hóc Môn	79	Thành phố Hồ Chí Minh	79	27592	exact	27592:Xã Bà Điểm
27595	Thị trấn Tân Túc	Huyện Bình Chánh	79	Thành phố Hồ Chí Minh	79	27595	exact	27595:Xã Tân Nhựt
27598	Xã Phạm Văn Hai	Huyện Bình Chánh	79	Thành phố Hồ Chí Minh	79		split	27604:Xã Tân Vĩnh Lộc|27601:Xã Vĩnh Lộc
27601	Xã Vĩnh Lộc A	Huyện Bình Chánh	79	Thành phố Hồ Chí Minh	79	27601	exact	27601:Xã Vĩnh Lộc
27604	Xã Vĩnh Lộc B	Huyện Bình Chánh	79	Thành phố Hồ Chí Minh	79	27604	exact	27604:Xã Tân Vĩnh Lộc
27607	Xã Bình Lợi	Huyện Bình Chánh	79	Thành phố Hồ Chí Minh	79	27610	exact	27610:Xã Bình Lợi
27610	Xã Lê Minh Xuân	Huyện Bình Chánh	79	Thành phố Hồ Chí Minh	79	27610	exact	27610:Xã Bình Lợi
27613	Xã Tân Nhựt	Huyện Bình Chánh	79	Thành phố Hồ Chí Minh	79	27595	exact	27595:Xã Tân Nhựt
27616	Xã Tân Kiên	Huyện Bình Chánh	79	Thành phố Hồ Chí Minh	79		split	27595:Xã Tân Nhựt|27457:Phường Tân Tạo
27619	Xã Bình Hưng	Huyện Bình Chánh	79	Thành phố Hồ Chí Minh	79	27619	exact	27619:Xã Bình Hưng
27622	Xã Phong Phú	Huyện Bình Chánh	79	Thành phố Hồ Chí Minh	79	27619	exact	27619:Xã Bình Hưng
27625	Xã An Phú Tây	Huyện Bình Chánh	79	Thành phố Hồ Chí Minh	79		split	27424:Phường Bình Đông|27637:Xã Bình Chánh
27628	Xã Hưng Long	Huyện Bình Chánh	79	Thành phố Hồ Chí Minh	79	27628	exact	27628:Xã Hưng Long
27631	Xã Đa Phước	Huyện Bình Chánh	79	Thành phố Hồ Chí Minh	79	27628	exact	27628:Xã Hưng Long
27634	Xã Tân Quý Tây	Huyện Bình Chánh	79	Thành phố Hồ Chí Minh	79	27637	exact	27637:Xã Bình Chánh
27637	Xã Bình Chánh	Huyện Bình Chánh	79	Thành phố Hồ Chí Minh	79	27637	exact	27637:Xã Bình Chánh
27640	Xã Quy Đức	Huyện Bình Chánh	79	Thành phố Hồ Chí Minh	79		not_found	
27643	Thị trấn Nhà Bè	Huyện Nhà Bè	79	Thành phố Hồ Chí Minh	79	27655	exact	27655:Xã Nhà Bè
27646	Xã Phước Kiển	Huyện Nhà Bè	79	Thành phố Hồ Chí Minh	79	27655	exact	27655:Xã Nhà Bè
27649	Xã Phước Lộc	Huyện Nhà Bè	79	Thành phố Hồ Chí Minh	79	27655	exact	27655:Xã Nhà Bè
27652	Xã Nhơn Đức	Huyện Nhà Bè	79	Thành phố Hồ Chí Minh	79	27658	exact	27658:Xã Hiệp Phước
27655	Xã Phú Xuân	Huyện Nhà Bè	79	Thành phố Hồ Chí Minh	79	27655	exact	27655:Xã Nhà Bè
27658	Xã Long Thới	Huyện Nhà Bè	79	Thành phố Hồ Chí Minh	79	27658	exact	27658:Xã Hiệp Phước
27661	Xã Hiệp Phước	Huyện Nhà Bè	79	Thành phố Hồ Chí Minh	79	27658	exact	27658:Xã Hiệp Phước
27664	Thị trấn Cần Thạnh	Huyện Cần Giờ	79	Thành phố Hồ Chí Minh	79	27664	exact	27664:Xã Cần Giờ
27667	Xã Bình Khánh	Huyện Cần Giờ	79	Thành phố Hồ Chí Minh	79	27667	exact	27667:Xã Bình Khánh
27670	Xã Tam Thôn Hiệp	Huyện Cần Giờ	79	Thành phố Hồ Chí Minh	79	27667	exact	27667:Xã Bình Khánh
27673	Xã An Thới Đông	Huyện Cần Giờ	79	Thành phố Hồ Chí Minh	79		split	27673:Xã An Thới Đông|27667:Xã Bình Khánh
27676	Xã Thạnh An	Huyện Cần Giờ	79	Thành phố Hồ Chí Minh	79	25807	exact	25807:Xã Thanh An
27679	Xã Long Hòa	Huyện Cần Giờ	79	Thành phố Hồ Chí Minh	79	27664	exact	27664:Xã Cần Giờ
27682	Xã Lý Nhơn	Huyện Cần Giờ	79	Thành phố Hồ Chí Minh	79	27673	exact	27673:Xã An Thới Đông
27685	Phường 5	Thành phố Tân An	80	Tỉnh Long An	80	27694	exact	27694:Phường Long An
27688	Phường 2	Thành phố Tân An	80	Tỉnh Long An	80		split	25459:Phường Tân Ninh|27787:Phường Kiến Tường
27691	Phường 4	Thành phố Tân An	80	Tỉnh Long An	80	27694	exact	27694:Phường Long An
27692	Phường Tân Khánh	Thành phố Tân An	80	Tỉnh Long An	80	27715	exact	27715:Phường Khánh Hậu
27694	Phường 1	Thành phố Tân An	80	Tỉnh Long An	80	27694	exact	27694:Phường Long An
27697	Phường 3	Thành phố Tân An	80	Tỉnh Long An	80	27694	exact	27694:Phường Long An
27698	Phường 7	Thành phố Tân An	80	Tỉnh Long An	80	27712	exact	27712:Phường Tân An
27700	Phường 6	Thành phố Tân An	80	Tỉnh Long An	80	27694	exact	27694:Phường Long An
27703	Xã Hướng Thọ Phú	Thành phố Tân An	80	Tỉnh Long An	80	27694	exact	27694:Phường Long An
27706	Xã Nhơn Thạnh Trung	Thành phố Tân An	80	Tỉnh Long An	80	27712	exact	27712:Phường Tân An
27709	Xã Lợi Bình Nhơn	Thành phố Tân An	80	Tỉnh Long An	80	27715	exact	27715:Phường Khánh Hậu
27712	Xã Bình Tâm	Thành phố Tân An	80	Tỉnh Long An	80	27712	exact	27712:Phường Tân An
27715	Phường Khánh Hậu	Thành phố Tân An	80	Tỉnh Long An	80	27715	exact	27715:Phường Khánh Hậu
27718	Xã An Vĩnh Ngãi	Thành phố Tân An	80	Tỉnh Long An	80	27712	exact	27712:Phường Tân An
27721	Thị trấn Tân Hưng	Huyện Tân Hưng	80	Tỉnh Long An	80	27721	exact	27721:Xã Tân Hưng
27724	Xã Hưng Hà	Huyện Tân Hưng	80	Tỉnh Long An	80	27727	exact	27727:Xã Hưng Điền
27727	Xã Hưng Điền B	Huyện Tân Hưng	80	Tỉnh Long An	80	27727	exact	27727:Xã Hưng Điền
27730	Xã Hưng Điền	Huyện Tân Hưng	80	Tỉnh Long An	80	27727	exact	27727:Xã Hưng Điền
27733	Xã Thạnh Hưng	Huyện Tân Hưng	80	Tỉnh Long An	80	27736	exact	27736:Xã Vĩnh Thạnh
27736	Xã Hưng Thạnh	Huyện Tân Hưng	80	Tỉnh Long An	80	27736	exact	27736:Xã Vĩnh Thạnh
27739	Xã Vĩnh Thạnh	Huyện Tân Hưng	80	Tỉnh Long An	80	27721	exact	27721:Xã Tân Hưng
27742	Xã Vĩnh Châu B	Huyện Tân Hưng	80	Tỉnh Long An	80	27736	exact	27736:Xã Vĩnh Thạnh
27745	Xã Vĩnh Lợi	Huyện Tân Hưng	80	Tỉnh Long An	80	27721	exact	27721:Xã Tân Hưng
27748	Xã Vĩnh Đại	Huyện Tân Hưng	80	Tỉnh Long An	80	27748	exact	27748:Xã Vĩnh Châu
27751	Xã Vĩnh Châu A	Huyện Tân Hưng	80	Tỉnh Long An	80	27748	exact	27748:Xã Vĩnh Châu
27754	Xã Vĩnh Bửu	Huyện Tân Hưng	80	Tỉnh Long An	80	27748	exact	27748:Xã Vĩnh Châu
27757	Thị trấn Vĩnh Hưng	Huyện Vĩnh Hưng	80	Tỉnh Long An	80	27757	exact	27757:Xã Vĩnh Hưng
27760	Xã Hưng Điền A	Huyện Vĩnh Hưng	80	Tỉnh Long An	80	27763	exact	27763:Xã Khánh Hưng
27763	Xã Khánh Hưng	Huyện Vĩnh Hưng	80	Tỉnh Long An	80		split	27763:Xã Khánh Hưng|27757:Xã Vĩnh Hưng
27766	Xã Thái Trị	Huyện Vĩnh Hưng	80	Tỉnh Long An	80		split	27763:Xã Khánh Hưng|27757:Xã Vĩnh Hưng
27769	Xã Vĩnh Trị	Huyện Vĩnh Hưng	80	Tỉnh Long An	80		split	27763:Xã Khánh Hưng|27757:Xã Vĩnh Hưng
27772	Xã Thái Bình Trung	Huyện Vĩnh Hưng	80	Tỉnh Long An	80		split	27775:Xã Tuyên Bình|27763:Xã Khánh Hưng|27757:Xã Vĩnh Hưng
27775	Xã Vĩnh Bình	Huyện Vĩnh Hưng	80	Tỉnh Long An	80		split	27775:Xã Tuyên Bình|27757:Xã Vĩnh Hưng
27778	Xã Vĩnh Thuận	Huyện Vĩnh Hưng	80	Tỉnh Long An	80		split	27775:Xã Tuyên Bình|27757:Xã Vĩnh Hưng
27781	Xã Tuyên Bình	Huyện Vĩnh Hưng	80	Tỉnh Long An	80	27775	exact	27775:Xã Tuyên Bình
27784	Xã Tuyên Bình Tây	Huyện Vĩnh Hưng	80	Tỉnh Long An	80	27775	exact	27775:Xã Tuyên Bình
27787	Phường 1	Thị xã Kiến Tường	80	Tỉnh Long An	80		split	27694:Phường Long An|25459:Phường Tân Ninh|27787:Phường Kiến Tường
27788	Phường 2	Thị xã Kiến Tường	80	Tỉnh Long An	80		split	25459:Phường Tân Ninh|27787:Phường Kiến Tường
27790	Xã Thạnh Trị	Thị xã Kiến Tường	80	Tỉnh Long An	80	27793	exact	27793:Xã Bình Hiệp
27793	Xã Bình Hiệp	Thị xã Kiến Tường	80	Tỉnh Long An	80	27793	exact	27793:Xã Bình Hiệp
27796	Xã Bình Hòa Tây	Huyện Mộc Hóa	80	Tỉnh Long An	80	27793	exact	27793:Xã Bình Hiệp
27799	Xã Bình Tân	Thị xã Kiến Tường	80	Tỉnh Long An	80	27793	exact	27793:Xã Bình Hiệp
27802	Xã Bình Thạnh	Huyện Mộc Hóa	80	Tỉnh Long An	80	27811	exact	27811:Xã Bình Hòa
27805	Xã Tuyên Thạnh	Thị xã Kiến Tường	80	Tỉnh Long An	80	27817	exact	27817:Xã Tuyên Thạnh
27806	Phường 3	Thị xã Kiến Tường	80	Tỉnh Long An	80	27787	exact	27787:Phường Kiến Tường
27808	Xã Bình Hòa Trung	Huyện Mộc Hóa	80	Tỉnh Long An	80	27811	exact	27811:Xã Bình Hòa
27811	Xã Bình Hòa Đông	Huyện Mộc Hóa	80	Tỉnh Long An	80	27811	exact	27811:Xã Bình Hòa
27814	Thị trấn Bình Phong Thạnh	Huyện Mộc Hóa	80	Tỉnh Long An	80	27823	exact	27823:Xã Mộc Hóa
27817	Xã Thạnh Hưng	Thị xã Kiến Tường	80	Tỉnh Long An	80	27817	exact	27817:Xã Tuyên Thạnh
27820	Xã Tân Lập	Huyện Mộc Hóa	80	Tỉnh Long An	80	27823	exact	27823:Xã Mộc Hóa
27823	Xã Tân Thành	Huyện Mộc Hóa	80	Tỉnh Long An	80		split	25534:Xã Tân Thành|28036:Xã Thủ Thừa|27856:Xã Nhơn Ninh|28051:Xã Mỹ Thạnh|27823:Xã Mộc Hóa
27826	Thị trấn Tân Thạnh	Huyện Tân Thạnh	80	Tỉnh Long An	80	27826	exact	27826:Xã Tân Thạnh
27829	Xã Bắc Hòa	Huyện Tân Thạnh	80	Tỉnh Long An	80		split	27841:Xã Hậu Thạnh|27817:Xã Tuyên Thạnh
27832	Xã Hậu Thạnh Tây	Huyện Tân Thạnh	80	Tỉnh Long An	80	27841	exact	27841:Xã Hậu Thạnh
27835	Xã Nhơn Hòa Lập	Huyện Tân Thạnh	80	Tỉnh Long An	80	27838	exact	27838:Xã Nhơn Hòa Lập
27838	Xã Tân Lập	Huyện Tân Thạnh	80	Tỉnh Long An	80	27838	exact	27838:Xã Nhơn Hòa Lập
27841	Xã Hậu Thạnh Đông	Huyện Tân Thạnh	80	Tỉnh Long An	80	27841	exact	27841:Xã Hậu Thạnh
27844	Xã Nhơn Hoà	Huyện Tân Thạnh	80	Tỉnh Long An	80	27838	exact	27838:Xã Nhơn Hòa Lập
27847	Xã Kiến Bình	Huyện Tân Thạnh	80	Tỉnh Long An	80	27826	exact	27826:Xã Tân Thạnh
27850	Xã Tân Thành	Huyện Tân Thạnh	80	Tỉnh Long An	80	27856	exact	27856:Xã Nhơn Ninh
27853	Xã Tân Bình	Huyện Tân Thạnh	80	Tỉnh Long An	80		split	25480:Phường Bình Minh|25486:Xã Tân Biên|27826:Xã Tân Thạnh|28087:Xã Nhựt Tảo
27856	Xã Tân Ninh	Huyện Tân Thạnh	80	Tỉnh Long An	80	27856	exact	27856:Xã Nhơn Ninh
27859	Xã Nhơn Ninh	Huyện Tân Thạnh	80	Tỉnh Long An	80	27856	exact	27856:Xã Nhơn Ninh
27862	Xã Tân Hòa	Huyện Tân Thạnh	80	Tỉnh Long An	80	27826	exact	27826:Xã Tân Thạnh
27865	Thị trấn Thạnh Hóa	Huyện Thạnh Hóa	80	Tỉnh Long An	80	27865	exact	27865:Xã Thạnh Hóa
27868	Xã Tân Hiệp	Huyện Thạnh Hóa	80	Tỉnh Long An	80	27868	exact	27868:Xã Bình Thành
27871	Xã Thuận Bình	Huyện Thạnh Hóa	80	Tỉnh Long An	80	27868	exact	27868:Xã Bình Thành
27874	Xã Thạnh Phước	Huyện Thạnh Hóa	80	Tỉnh Long An	80		split	27877:Xã Thạnh Phước|25654:Phường Gò Dầu
27877	Xã Thạnh Phú	Huyện Thạnh Hóa	80	Tỉnh Long An	80		split	27877:Xã Thạnh Phước|27991:Xã Bến Lức
27880	Xã Thuận Nghĩa Hòa	Huyện Thạnh Hóa	80	Tỉnh Long An	80	27877	exact	27877:Xã Thạnh Phước
27883	Xã Thủy Đông	Huyện Thạnh Hóa	80	Tỉnh Long An	80	27889	exact	27889:Xã Tân Tây
27886	Xã Thủy Tây	Huyện Thạnh Hóa	80	Tỉnh Long An	80	27865	exact	27865:Xã Thạnh Hóa
27889	Xã Tân Tây	Huyện Thạnh Hóa	80	Tỉnh Long An	80	27889	exact	27889:Xã Tân Tây
27892	Xã Tân Đông	Huyện Thạnh Hóa	80	Tỉnh Long An	80	27889	exact	27889:Xã Tân Tây
27895	Xã Thạnh An	Huyện Thạnh Hóa	80	Tỉnh Long An	80	27865	exact	27865:Xã Thạnh Hóa
27898	Thị trấn Đông Thành	Huyện Đức Huệ	80	Tỉnh Long An	80	27898	exact	27898:Xã Đông Thành
27901	Xã Mỹ Quý Đông	Huyện Đức Huệ	80	Tỉnh Long An	80	27907	exact	27907:Xã Mỹ Quý
27904	Xã Mỹ Thạnh Bắc	Huyện Đức Huệ	80	Tỉnh Long An	80	27907	exact	27907:Xã Mỹ Quý
27907	Xã Mỹ Quý Tây	Huyện Đức Huệ	80	Tỉnh Long An	80	27907	exact	27907:Xã Mỹ Quý
27910	Xã Mỹ Thạnh Tây	Huyện Đức Huệ	80	Tỉnh Long An	80	27898	exact	27898:Xã Đông Thành
27913	Xã Mỹ Thạnh Đông	Huyện Đức Huệ	80	Tỉnh Long An	80	27898	exact	27898:Xã Đông Thành
27916	Xã Bình Thành	Huyện Đức Huệ	80	Tỉnh Long An	80		split	28036:Xã Thủ Thừa|27925:Xã Đức Huệ|27694:Phường Long An|27811:Xã Bình Hòa
27919	Xã Bình Hòa Bắc	Huyện Đức Huệ	80	Tỉnh Long An	80	27925	exact	27925:Xã Đức Huệ
27922	Xã Bình Hòa Hưng	Huyện Đức Huệ	80	Tỉnh Long An	80	27868	exact	27868:Xã Bình Thành
27925	Xã Bình Hòa Nam	Huyện Đức Huệ	80	Tỉnh Long An	80	27925	exact	27925:Xã Đức Huệ
27928	Xã Mỹ Bình	Huyện Đức Huệ	80	Tỉnh Long An	80	27898	exact	27898:Xã Đông Thành
27931	Thị trấn Hậu Nghĩa	Huyện Đức Hòa	80	Tỉnh Long An	80	27931	exact	27931:Xã Hậu Nghĩa
27934	Thị trấn Hiệp Hòa	Huyện Đức Hòa	80	Tỉnh Long An	80	27952	exact	27952:Xã Hiệp Hòa
27937	Thị trấn Đức Hòa	Huyện Đức Hòa	80	Tỉnh Long An	80	27937	exact	27937:Xã Đức Hòa
27940	Xã Lộc Giang	Huyện Đức Hòa	80	Tỉnh Long An	80	27943	exact	27943:Xã An Ninh
27943	Xã An Ninh Đông	Huyện Đức Hòa	80	Tỉnh Long An	80	27943	exact	27943:Xã An Ninh
27946	Xã An Ninh Tây	Huyện Đức Hòa	80	Tỉnh Long An	80	27943	exact	27943:Xã An Ninh
27949	Xã Tân Mỹ	Huyện Đức Hòa	80	Tỉnh Long An	80	27931	exact	27931:Xã Hậu Nghĩa
27952	Xã Hiệp Hòa	Huyện Đức Hòa	80	Tỉnh Long An	80	27952	exact	27952:Xã Hiệp Hòa
27955	Xã Đức Lập Thượng	Huyện Đức Hòa	80	Tỉnh Long An	80	27931	exact	27931:Xã Hậu Nghĩa
27958	Xã Đức Lập Hạ	Huyện Đức Hòa	80	Tỉnh Long An	80	27964	exact	27964:Xã Đức Lập
27961	Xã Tân Phú	Huyện Đức Hòa	80	Tỉnh Long An	80	27952	exact	27952:Xã Hiệp Hòa
27964	Xã Mỹ Hạnh Bắc	Huyện Đức Hòa	80	Tỉnh Long An	80	27964	exact	27964:Xã Đức Lập
27967	Xã Đức Hòa Thượng	Huyện Đức Hòa	80	Tỉnh Long An	80		split	27976:Xã Mỹ Hạnh|27964:Xã Đức Lập
27970	Xã Hòa Khánh Tây	Huyện Đức Hòa	80	Tỉnh Long An	80	27979	exact	27979:Xã Hòa Khánh
27973	Xã Hòa Khánh Đông	Huyện Đức Hòa	80	Tỉnh Long An	80	27979	exact	27979:Xã Hòa Khánh
27976	Xã Mỹ Hạnh Nam	Huyện Đức Hòa	80	Tỉnh Long An	80	27976	exact	27976:Xã Mỹ Hạnh
27979	Xã Hòa Khánh Nam	Huyện Đức Hòa	80	Tỉnh Long An	80	27979	exact	27979:Xã Hòa Khánh
27982	Xã Đức Hòa Đông	Huyện Đức Hòa	80	Tỉnh Long An	80	27976	exact	27976:Xã Mỹ Hạnh
27985	Xã Đức Hòa Hạ	Huyện Đức Hòa	80	Tỉnh Long An	80	27937	exact	27937:Xã Đức Hòa
27988	Xã Hựu Thạnh	Huyện Đức Hòa	80	Tỉnh Long An	80	27937	exact	27937:Xã Đức Hòa
27991	Thị trấn Bến Lức	Huyện Bến Lức	80	Tỉnh Long An	80	27991	exact	27991:Xã Bến Lức
27994	Xã Thạnh Lợi	Huyện Bến Lức	80	Tỉnh Long An	80	27994	exact	27994:Xã Thạnh Lợi
27997	Xã Lương Bình	Huyện Bến Lức	80	Tỉnh Long An	80	27994	exact	27994:Xã Thạnh Lợi
28000	Xã Thạnh Hòa	Huyện Bến Lức	80	Tỉnh Long An	80	27994	exact	27994:Xã Thạnh Lợi
28003	Xã Lương Hòa	Huyện Bến Lức	80	Tỉnh Long An	80	28003	exact	28003:Xã Lương Hòa
28006	Xã Tân Hòa	Huyện Bến Lức	80	Tỉnh Long An	80		split	25531:Xã Tân Hòa|27826:Xã Tân Thạnh
28009	Xã Tân Bửu	Huyện Bến Lức	80	Tỉnh Long An	80	28003	exact	28003:Xã Lương Hòa
28012	Xã An Thạnh	Huyện Bến Lức	80	Tỉnh Long An	80	27991	exact	27991:Xã Bến Lức
28015	Xã Bình Đức	Huyện Bến Lức	80	Tỉnh Long An	80	28015	exact	28015:Xã Bình Đức
28018	Xã Mỹ Yên	Huyện Bến Lức	80	Tỉnh Long An	80	28018	exact	28018:Xã Mỹ Yên
28021	Xã Thanh Phú	Huyện Bến Lức	80	Tỉnh Long An	80		split	27877:Xã Thạnh Phước|27991:Xã Bến Lức
28024	Xã Long Hiệp	Huyện Bến Lức	80	Tỉnh Long An	80	28018	exact	28018:Xã Mỹ Yên
28027	Xã Thạnh Đức	Huyện Bến Lức	80	Tỉnh Long An	80	28015	exact	28015:Xã Bình Đức
28030	Xã Phước Lợi	Huyện Bến Lức	80	Tỉnh Long An	80	28018	exact	28018:Xã Mỹ Yên
28033	Xã Nhựt Chánh	Huyện Bến Lức	80	Tỉnh Long An	80	28015	exact	28015:Xã Bình Đức
28036	Thị trấn Thủ Thừa	Huyện Thủ Thừa	80	Tỉnh Long An	80	28036	exact	28036:Xã Thủ Thừa
28039	Xã Long Thạnh	Huyện Thủ Thừa	80	Tỉnh Long An	80	28072	exact	28072:Xã Tân Long
28042	Xã Tân Thành	Huyện Thủ Thừa	80	Tỉnh Long An	80		split	28036:Xã Thủ Thừa|28051:Xã Mỹ Thạnh
28045	Xã Long Thuận	Huyện Thủ Thừa	80	Tỉnh Long An	80	28072	exact	28072:Xã Tân Long
28048	Xã Mỹ Lạc	Huyện Thủ Thừa	80	Tỉnh Long An	80	28051	exact	28051:Xã Mỹ Thạnh
28051	Xã Mỹ Thạnh	Huyện Thủ Thừa	80	Tỉnh Long An	80	28051	exact	28051:Xã Mỹ Thạnh
28054	Xã Bình An	Huyện Thủ Thừa	80	Tỉnh Long An	80	28051	exact	28051:Xã Mỹ Thạnh
28057	Xã Nhị Thành	Huyện Thủ Thừa	80	Tỉnh Long An	80		split	28036:Xã Thủ Thừa|28087:Xã Nhựt Tảo
28060	Xã Mỹ An	Huyện Thủ Thừa	80	Tỉnh Long An	80	28066	exact	28066:Xã Mỹ An
28063	Xã Bình Thạnh	Huyện Thủ Thừa	80	Tỉnh Long An	80	27694	exact	27694:Phường Long An
28066	Xã Mỹ Phú	Huyện Thủ Thừa	80	Tỉnh Long An	80	28066	exact	28066:Xã Mỹ An
28072	Xã Tân Long	Huyện Thủ Thừa	80	Tỉnh Long An	80	28072	exact	28072:Xã Tân Long
28075	Thị trấn Tân Trụ	Huyện Tân Trụ	80	Tỉnh Long An	80	28075	exact	28075:Xã Tân Trụ
28078	Xã Tân Bình	Huyện Tân Trụ	80	Tỉnh Long An	80	28087	exact	28087:Xã Nhựt Tảo
28084	Xã Quê Mỹ Thạnh	Huyện Tân Trụ	80	Tỉnh Long An	80	28087	exact	28087:Xã Nhựt Tảo
28087	Xã Lạc Tấn	Huyện Tân Trụ	80	Tỉnh Long An	80	28087	exact	28087:Xã Nhựt Tảo
28090	Xã Bình Trinh Đông	Huyện Tân Trụ	80	Tỉnh Long An	80	28075	exact	28075:Xã Tân Trụ
28093	Xã Tân Phước Tây	Huyện Tân Trụ	80	Tỉnh Long An	80	28093	exact	28093:Xã Vàm Cỏ
28096	Xã Bình Lãng	Huyện Tân Trụ	80	Tỉnh Long An	80	28075	exact	28075:Xã Tân Trụ
28099	Xã Bình Tịnh	Huyện Tân Trụ	80	Tỉnh Long An	80	28075	exact	28075:Xã Tân Trụ
28102	Xã Đức Tân	Huyện Tân Trụ	80	Tỉnh Long An	80	28093	exact	28093:Xã Vàm Cỏ
28105	Xã Nhựt Ninh	Huyện Tân Trụ	80	Tỉnh Long An	80	28093	exact	28093:Xã Vàm Cỏ
28108	Thị trấn Cần Đước	Huyện Cần Đước	80	Tỉnh Long An	80	28108	exact	28108:Xã Cần Đước
28111	Xã Long Trạch	Huyện Cần Đước	80	Tỉnh Long An	80	28114	exact	28114:Xã Rạch Kiến
28114	Xã Long Khê	Huyện Cần Đước	80	Tỉnh Long An	80	28114	exact	28114:Xã Rạch Kiến
28117	Xã Long Định	Huyện Cần Đước	80	Tỉnh Long An	80	28126	exact	28126:Xã Long Cang
28120	Xã Phước Vân	Huyện Cần Đước	80	Tỉnh Long An	80	28126	exact	28126:Xã Long Cang
28123	Xã Long Hòa	Huyện Cần Đước	80	Tỉnh Long An	80	28114	exact	28114:Xã Rạch Kiến
28126	Xã Long Cang	Huyện Cần Đước	80	Tỉnh Long An	80	28126	exact	28126:Xã Long Cang
28129	Xã Long Sơn	Huyện Cần Đước	80	Tỉnh Long An	80	28132	exact	28132:Xã Mỹ Lệ
28132	Xã Tân Trạch	Huyện Cần Đước	80	Tỉnh Long An	80	28132	exact	28132:Xã Mỹ Lệ
28135	Xã Mỹ Lệ	Huyện Cần Đước	80	Tỉnh Long An	80	28132	exact	28132:Xã Mỹ Lệ
28138	Xã Tân Lân	Huyện Cần Đước	80	Tỉnh Long An	80	28138	exact	28138:Xã Tân Lân
28141	Xã Phước Tuy	Huyện Cần Đước	80	Tỉnh Long An	80	28108	exact	28108:Xã Cần Đước
28144	Xã Long Hựu Đông	Huyện Cần Đước	80	Tỉnh Long An	80	28144	exact	28144:Xã Long Hựu
28147	Xã Tân Ân	Huyện Cần Đước	80	Tỉnh Long An	80	28108	exact	28108:Xã Cần Đước
28150	Xã Phước Đông	Huyện Cần Đước	80	Tỉnh Long An	80	28138	exact	28138:Xã Tân Lân
28153	Xã Long Hựu Tây	Huyện Cần Đước	80	Tỉnh Long An	80	28144	exact	28144:Xã Long Hựu
28156	Xã Tân Chánh	Huyện Cần Đước	80	Tỉnh Long An	80	28108	exact	28108:Xã Cần Đước
28159	Thị trấn Cần Giuộc	Huyện Cần Giuộc	80	Tỉnh Long An	80	28159	exact	28159:Xã Cần Giuộc
28162	Xã Phước Lý	Huyện Cần Giuộc	80	Tỉnh Long An	80	28165	exact	28165:Xã Phước Lý
28165	Xã Long Thượng	Huyện Cần Giuộc	80	Tỉnh Long An	80	28165	exact	28165:Xã Phước Lý
28168	Xã Long Hậu	Huyện Cần Giuộc	80	Tỉnh Long An	80	28159	exact	28159:Xã Cần Giuộc
28174	Xã Phước Hậu	Huyện Cần Giuộc	80	Tỉnh Long An	80	28165	exact	28165:Xã Phước Lý
28177	Xã Mỹ Lộc	Huyện Cần Giuộc	80	Tỉnh Long An	80	28177	exact	28177:Xã Mỹ Lộc
28180	Xã Phước Lại	Huyện Cần Giuộc	80	Tỉnh Long An	80	28159	exact	28159:Xã Cần Giuộc
28183	Xã Phước Lâm	Huyện Cần Giuộc	80	Tỉnh Long An	80	28177	exact	28177:Xã Mỹ Lộc
28189	Xã Thuận Thành	Huyện Cần Giuộc	80	Tỉnh Long An	80	28177	exact	28177:Xã Mỹ Lộc
28192	Xã Phước Vĩnh Tây	Huyện Cần Giuộc	80	Tỉnh Long An	80	28201	exact	28201:Xã Phước Vĩnh Tây
28195	Xã Phước Vĩnh Đông	Huyện Cần Giuộc	80	Tỉnh Long An	80	28207	exact	28207:Xã Tân Tập
28198	Xã Long An	Huyện Cần Giuộc	80	Tỉnh Long An	80	28201	exact	28201:Xã Phước Vĩnh Tây
28201	Xã Long Phụng	Huyện Cần Giuộc	80	Tỉnh Long An	80	28201	exact	28201:Xã Phước Vĩnh Tây
28204	Xã Đông Thạnh	Huyện Cần Giuộc	80	Tỉnh Long An	80	28207	exact	28207:Xã Tân Tập
28207	Xã Tân Tập	Huyện Cần Giuộc	80	Tỉnh Long An	80	28207	exact	28207:Xã Tân Tập
28210	Thị trấn Tầm Vu	Huyện Châu Thành	80	Tỉnh Long An	80	28210	exact	28210:Xã Tầm Vu
28213	Xã Bình Quới	Huyện Châu Thành	80	Tỉnh Long An	80	28222	exact	28222:Xã Vĩnh Công
28216	Xã Hòa Phú	Huyện Châu Thành	80	Tỉnh Long An	80	28222	exact	28222:Xã Vĩnh Công
28219	Xã Phú Ngãi Trị	Huyện Châu Thành	80	Tỉnh Long An	80	28210	exact	28210:Xã Tầm Vu
28222	Xã Vĩnh Công	Huyện Châu Thành	80	Tỉnh Long An	80	28222	exact	28222:Xã Vĩnh Công
28225	Xã Thuận Mỹ	Huyện Châu Thành	80	Tỉnh Long An	80	28225	exact	28225:Xã Thuận Mỹ
28228	Xã Hiệp Thạnh	Huyện Châu Thành	80	Tỉnh Long An	80	28210	exact	28210:Xã Tầm Vu
28231	Xã Phước Tân Hưng	Huyện Châu Thành	80	Tỉnh Long An	80	28210	exact	28210:Xã Tầm Vu
28234	Xã Thanh Phú Long	Huyện Châu Thành	80	Tỉnh Long An	80	28225	exact	28225:Xã Thuận Mỹ
28237	Xã Dương Xuân Hội	Huyện Châu Thành	80	Tỉnh Long An	80	28243	exact	28243:Xã An Lục Long
28240	Xã An Lục Long	Huyện Châu Thành	80	Tỉnh Long An	80	28243	exact	28243:Xã An Lục Long
28243	Xã Long Trì	Huyện Châu Thành	80	Tỉnh Long An	80	28243	exact	28243:Xã An Lục Long
28246	Xã Thanh Vĩnh Đông	Huyện Châu Thành	80	Tỉnh Long An	80	28225	exact	28225:Xã Thuận Mỹ
28249	Phường 5	Thành phố Mỹ Tho	82	Tỉnh Tiền Giang	82	28249	exact	28249:Phường Đạo Thạnh
28252	Phường 4	Thành phố Mỹ Tho	82	Tỉnh Tiền Giang	82	28249	exact	28249:Phường Đạo Thạnh
28255	Phường 7	Thành phố Mỹ Tho	82	Tỉnh Tiền Giang	82		not_found	
28258	Phường 3	Thành phố Mỹ Tho	82	Tỉnh Tiền Giang	82		split	29905:Phường Sa Đéc|29869:Phường Cao Lãnh
28261	Phường 1	Thành phố Mỹ Tho	82	Tỉnh Tiền Giang	82	28261	exact	28261:Phường Mỹ Tho
28264	Phường 2	Thành phố Mỹ Tho	82	Tỉnh Tiền Giang	82	28261	exact	28261:Phường Mỹ Tho
28267	Phường 8	Thành phố Mỹ Tho	82	Tỉnh Tiền Giang	82		not_found	
28270	Phường 6	Thành phố Mỹ Tho	82	Tỉnh Tiền Giang	82	28270	exact	28270:Phường Thới Sơn
28273	Phường 9	Thành phố Mỹ Tho	82	Tỉnh Tiền Giang	82	28273	exact	28273:Phường Mỹ Phong
28276	Phường 10	Thành phố Mỹ Tho	82	Tỉnh Tiền Giang	82	28285	exact	28285:Phường Trung An
28279	Phường Tân Long	Thành phố Mỹ Tho	82	Tỉnh Tiền Giang	82	28261	exact	28261:Phường Mỹ Tho
28282	Xã Đạo Thạnh	Thành phố Mỹ Tho	82	Tỉnh Tiền Giang	82	28249	exact	28249:Phường Đạo Thạnh
28285	Xã Trung An	Thành phố Mỹ Tho	82	Tỉnh Tiền Giang	82	28285	exact	28285:Phường Trung An
28288	Xã Mỹ Phong	Thành phố Mỹ Tho	82	Tỉnh Tiền Giang	82	28273	exact	28273:Phường Mỹ Phong
28291	Xã Tân Mỹ Chánh	Thành phố Mỹ Tho	82	Tỉnh Tiền Giang	82	28273	exact	28273:Phường Mỹ Phong
28294	Phường 3	Thị xã Gò Công	82	Tỉnh Tiền Giang	82		split	29905:Phường Sa Đéc|29869:Phường Cao Lãnh
28297	Phường 2	Thị xã Gò Công	82	Tỉnh Tiền Giang	82	28297	exact	28297:Phường Long Thuận
28300	Phường 4	Thị xã Gò Công	82	Tỉnh Tiền Giang	82		split	29905:Phường Sa Đéc|28439:Phường Cai Lậy|29869:Phường Cao Lãnh|28249:Phường Đạo Thạnh|28435:Phường Mỹ Phước Tây
28303	Phường 1	Thị xã Gò Công	82	Tỉnh Tiền Giang	82	28306	exact	28306:Phường Gò Công
28306	Phường 5	Thị xã Gò Công	82	Tỉnh Tiền Giang	82	28306	exact	28306:Phường Gò Công
28309	Xã Long Hưng	Thị xã Gò Công	82	Tỉnh Tiền Giang	82	28537	exact	28537:Xã Long Hưng
28312	Xã Long Thuận	Thị xã Gò Công	82	Tỉnh Tiền Giang	82	29992	exact	29992:Xã Long Phú Thuận
28315	Xã Long Chánh	Thị xã Gò Công	82	Tỉnh Tiền Giang	82		not_found	
28318	Xã Long Hòa	Thị xã Gò Công	82	Tỉnh Tiền Giang	82		not_found	
28321	Thị trấn Mỹ Phước	Huyện Tân Phước	82	Tỉnh Tiền Giang	82	28321	exact	28321:Xã Tân Phước 1
28324	Xã Tân Hòa Đông	Huyện Tân Phước	82	Tỉnh Tiền Giang	82	28321	exact	28321:Xã Tân Phước 1
28327	Xã Thạnh Tân	Huyện Tân Phước	82	Tỉnh Tiền Giang	82	28327	exact	28327:Xã Tân Phước 2
28330	Xã Thạnh Mỹ	Huyện Tân Phước	82	Tỉnh Tiền Giang	82		split	28321:Xã Tân Phước 1|30073:Xã Thanh Mỹ
28333	Xã Thạnh Hoà	Huyện Tân Phước	82	Tỉnh Tiền Giang	82		split	28436:Phường Thanh Hòa|28327:Xã Tân Phước 2
28336	Xã Phú Mỹ	Huyện Tân Phước	82	Tỉnh Tiền Giang	82	28336	exact	28336:Xã Hưng Thạnh
28339	Xã Tân Hòa Thành	Huyện Tân Phước	82	Tỉnh Tiền Giang	82	28336	exact	28336:Xã Hưng Thạnh
28342	Xã Hưng Thạnh	Huyện Tân Phước	82	Tỉnh Tiền Giang	82	28336	exact	28336:Xã Hưng Thạnh
28345	Xã Tân Lập 1	Huyện Tân Phước	82	Tỉnh Tiền Giang	82	28345	exact	28345:Xã Tân Phước 3
28348	Xã Tân Hòa Tây	Huyện Tân Phước	82	Tỉnh Tiền Giang	82	28327	exact	28327:Xã Tân Phước 2
28354	Xã Tân Lập 2	Huyện Tân Phước	82	Tỉnh Tiền Giang	82	28345	exact	28345:Xã Tân Phước 3
28357	Xã Phước Lập	Huyện Tân Phước	82	Tỉnh Tiền Giang	82	28345	exact	28345:Xã Tân Phước 3
28360	Thị trấn Cái Bè	Huyện Cái Bè	82	Tỉnh Tiền Giang	82	28360	exact	28360:Xã Cái Bè
28363	Xã Hậu Mỹ Bắc B	Huyện Cái Bè	82	Tỉnh Tiền Giang	82	28366	exact	28366:Xã Hậu Mỹ
28366	Xã Hậu Mỹ Bắc A	Huyện Cái Bè	82	Tỉnh Tiền Giang	82	28366	exact	28366:Xã Hậu Mỹ
28369	Xã Mỹ Trung	Huyện Cái Bè	82	Tỉnh Tiền Giang	82	28378	exact	28378:Xã Mỹ Thiện
28372	Xã Hậu Mỹ Trinh	Huyện Cái Bè	82	Tỉnh Tiền Giang	82	28366	exact	28366:Xã Hậu Mỹ
28375	Xã Hậu Mỹ Phú	Huyện Cái Bè	82	Tỉnh Tiền Giang	82	28393	exact	28393:Xã Hội Cư
28378	Xã Mỹ Tân	Huyện Cái Bè	82	Tỉnh Tiền Giang	82	28378	exact	28378:Xã Mỹ Thiện
28381	Xã Mỹ Lợi B	Huyện Cái Bè	82	Tỉnh Tiền Giang	82	28414	exact	28414:Xã Mỹ Lợi
28384	Xã Thiện Trung	Huyện Cái Bè	82	Tỉnh Tiền Giang	82	28378	exact	28378:Xã Mỹ Thiện
28387	Xã Mỹ Hội	Huyện Cái Bè	82	Tỉnh Tiền Giang	82	28393	exact	28393:Xã Hội Cư
28390	Xã An Cư	Huyện Cái Bè	82	Tỉnh Tiền Giang	82	28393	exact	28393:Xã Hội Cư
28393	Xã Hậu Thành	Huyện Cái Bè	82	Tỉnh Tiền Giang	82	28393	exact	28393:Xã Hội Cư
28396	Xã Mỹ Lợi A	Huyện Cái Bè	82	Tỉnh Tiền Giang	82	28414	exact	28414:Xã Mỹ Lợi
28399	Xã Hòa Khánh	Huyện Cái Bè	82	Tỉnh Tiền Giang	82	28360	exact	28360:Xã Cái Bè
28402	Xã Thiện Trí	Huyện Cái Bè	82	Tỉnh Tiền Giang	82	28405	exact	28405:Xã Mỹ Đức Tây
28405	Xã Mỹ Đức Đông	Huyện Cái Bè	82	Tỉnh Tiền Giang	82	28405	exact	28405:Xã Mỹ Đức Tây
28408	Xã Mỹ Đức Tây	Huyện Cái Bè	82	Tỉnh Tiền Giang	82	28405	exact	28405:Xã Mỹ Đức Tây
28411	Xã Đông Hòa Hiệp	Huyện Cái Bè	82	Tỉnh Tiền Giang	82	28360	exact	28360:Xã Cái Bè
28414	Xã An Thái Đông	Huyện Cái Bè	82	Tỉnh Tiền Giang	82	28414	exact	28414:Xã Mỹ Lợi
28417	Xã Tân Hưng	Huyện Cái Bè	82	Tỉnh Tiền Giang	82	28426	exact	28426:Xã Thanh Hưng
28420	Xã Mỹ Lương	Huyện Cái Bè	82	Tỉnh Tiền Giang	82	28429	exact	28429:Xã An Hữu
28423	Xã Tân Thanh	Huyện Cái Bè	82	Tỉnh Tiền Giang	82		split	30130:Xã Thanh Bình|28693:Xã Tân Thới|30226:Xã Lai Vung|28426:Xã Thanh Hưng|28747:Xã Gò Công Đông|30157:Xã Tân Thạnh
28426	Xã An Thái Trung	Huyện Cái Bè	82	Tỉnh Tiền Giang	82	28426	exact	28426:Xã Thanh Hưng
28429	Xã An Hữu	Huyện Cái Bè	82	Tỉnh Tiền Giang	82	28429	exact	28429:Xã An Hữu
28432	Xã Hòa Hưng	Huyện Cái Bè	82	Tỉnh Tiền Giang	82	28429	exact	28429:Xã An Hữu
28435	Phường 1	Thị xã Cai Lậy	82	Tỉnh Tiền Giang	82		split	29905:Phường Sa Đéc|28306:Phường Gò Công|28261:Phường Mỹ Tho|29869:Phường Cao Lãnh
28436	Phường 2	Thị xã Cai Lậy	82	Tỉnh Tiền Giang	82	28436	exact	28436:Phường Thanh Hòa
28437	Phường 3	Thị xã Cai Lậy	82	Tỉnh Tiền Giang	82		split	29905:Phường Sa Đéc|29869:Phường Cao Lãnh
28438	Xã Thạnh Lộc	Huyện Cai Lậy	82	Tỉnh Tiền Giang	82	28444	exact	28444:Xã Thạnh Phú
28439	Phường 4	Thị xã Cai Lậy	82	Tỉnh Tiền Giang	82		split	28439:Phường Cai Lậy|28435:Phường Mỹ Phước Tây
28440	Phường 5	Thị xã Cai Lậy	82	Tỉnh Tiền Giang	82		split	28439:Phường Cai Lậy|28435:Phường Mỹ Phước Tây
28441	Xã Mỹ Thành Bắc	Huyện Cai Lậy	82	Tỉnh Tiền Giang	82	28456	exact	28456:Xã Mỹ Thành
28444	Xã Phú Cường	Huyện Cai Lậy	82	Tỉnh Tiền Giang	82	28444	exact	28444:Xã Thạnh Phú
28447	Xã Mỹ Phước Tây	Thị xã Cai Lậy	82	Tỉnh Tiền Giang	82		not_found	
28450	Xã Mỹ Hạnh Đông	Thị xã Cai Lậy	82	Tỉnh Tiền Giang	82	28468	exact	28468:Xã Tân Phú
28453	Xã Mỹ Hạnh Trung	Thị xã Cai Lậy	82	Tỉnh Tiền Giang	82		not_found	
28456	Xã Mỹ Thành Nam	Huyện Cai Lậy	82	Tỉnh Tiền Giang	82	28456	exact	28456:Xã Mỹ Thành
28459	Xã Tân Phú	Thị xã Cai Lậy	82	Tỉnh Tiền Giang	82	28468	exact	28468:Xã Tân Phú
28462	Xã Tân Bình	Thị xã Cai Lậy	82	Tỉnh Tiền Giang	82	28436	exact	28436:Phường Thanh Hòa
28465	Xã Phú Nhuận	Huyện Cai Lậy	82	Tỉnh Tiền Giang	82	28456	exact	28456:Xã Mỹ Thành
28468	Xã Tân Hội	Thị xã Cai Lậy	82	Tỉnh Tiền Giang	82		split	28468:Xã Tân Phú|29955:Phường Hồng Ngự
28471	Thị trấn Bình Phú	Huyện Cai Lậy	82	Tỉnh Tiền Giang	82	28471	exact	28471:Xã Bình Phú
28474	Phường Nhị Mỹ	Thị xã Cai Lậy	82	Tỉnh Tiền Giang	82	28477	exact	28477:Phường Nhị Quý
28477	Xã Nhị Quý	Thị xã Cai Lậy	82	Tỉnh Tiền Giang	82	28477	exact	28477:Phường Nhị Quý
28480	Xã Thanh Hòa	Thị xã Cai Lậy	82	Tỉnh Tiền Giang	82		split	28436:Phường Thanh Hòa|28327:Xã Tân Phước 2
28483	Xã Phú Quý	Thị xã Cai Lậy	82	Tỉnh Tiền Giang	82	28477	exact	28477:Phường Nhị Quý
28486	Xã Long Khánh	Thị xã Cai Lậy	82	Tỉnh Tiền Giang	82		split	28439:Phường Cai Lậy|28435:Phường Mỹ Phước Tây
28489	Xã Cẩm Sơn	Huyện Cai Lậy	82	Tỉnh Tiền Giang	82	28471	exact	28471:Xã Bình Phú
28492	Xã Phú An	Huyện Cai Lậy	82	Tỉnh Tiền Giang	82	28471	exact	28471:Xã Bình Phú
28495	Xã Mỹ Long	Huyện Cai Lậy	82	Tỉnh Tiền Giang	82	28504	exact	28504:Xã Long Tiên
28498	Xã Long Tiên	Huyện Cai Lậy	82	Tỉnh Tiền Giang	82	28504	exact	28504:Xã Long Tiên
28501	Xã Hiệp Đức	Huyện Cai Lậy	82	Tỉnh Tiền Giang	82	28501	exact	28501:Xã Hiệp Đức
28504	Xã Long Trung	Huyện Cai Lậy	82	Tỉnh Tiền Giang	82	28504	exact	28504:Xã Long Tiên
28507	Xã Hội Xuân	Huyện Cai Lậy	82	Tỉnh Tiền Giang	82	28501	exact	28501:Xã Hiệp Đức
28510	Xã Tân Phong	Huyện Cai Lậy	82	Tỉnh Tiền Giang	82	28501	exact	28501:Xã Hiệp Đức
28513	Xã Tam Bình	Huyện Cai Lậy	82	Tỉnh Tiền Giang	82	28516	exact	28516:Xã Ngũ Hiệp
28516	Xã Ngũ Hiệp	Huyện Cai Lậy	82	Tỉnh Tiền Giang	82	28516	exact	28516:Xã Ngũ Hiệp
28519	Thị trấn Tân Hiệp	Huyện Châu Thành	82	Tỉnh Tiền Giang	82	28519	exact	28519:Xã Châu Thành
28522	Xã Tân Hội Đông	Huyện Châu Thành	82	Tỉnh Tiền Giang	82	28525	exact	28525:Xã Tân Hương
28525	Xã Tân Hương	Huyện Châu Thành	82	Tỉnh Tiền Giang	82	28525	exact	28525:Xã Tân Hương
28528	Xã Tân Lý Đông	Huyện Châu Thành	82	Tỉnh Tiền Giang	82	28525	exact	28525:Xã Tân Hương
28531	Xã Tân Lý Tây	Huyện Châu Thành	82	Tỉnh Tiền Giang	82		not_found	
28534	Xã Thân Cửu Nghĩa	Huyện Châu Thành	82	Tỉnh Tiền Giang	82	28519	exact	28519:Xã Châu Thành
28537	Xã Tam Hiệp	Huyện Châu Thành	82	Tỉnh Tiền Giang	82	28537	exact	28537:Xã Long Hưng
28540	Xã Điềm Hy	Huyện Châu Thành	82	Tỉnh Tiền Giang	82	28564	exact	28564:Xã Bình Trưng
28543	Xã Nhị Bình	Huyện Châu Thành	82	Tỉnh Tiền Giang	82	28543	exact	28543:Xã Long Định
28546	Xã Dưỡng Điềm	Huyện Châu Thành	82	Tỉnh Tiền Giang	82		not_found	
28549	Xã Đông Hòa	Huyện Châu Thành	82	Tỉnh Tiền Giang	82	28543	exact	28543:Xã Long Định
28552	Xã Long Định	Huyện Châu Thành	82	Tỉnh Tiền Giang	82	28543	exact	28543:Xã Long Định
28555	Xã Hữu Đạo	Huyện Châu Thành	82	Tỉnh Tiền Giang	82		not_found	
28558	Xã Long An	Huyện Châu Thành	82	Tỉnh Tiền Giang	82	28519	exact	28519:Xã Châu Thành
28561	Xã Long Hưng	Huyện Châu Thành	82	Tỉnh Tiền Giang	82	28537	exact	28537:Xã Long Hưng
28564	Xã Bình Trưng	Huyện Châu Thành	82	Tỉnh Tiền Giang	82	28564	exact	28564:Xã Bình Trưng
28567	Xã Phước Thạnh	Thành phố Mỹ Tho	82	Tỉnh Tiền Giang	82	28285	exact	28285:Phường Trung An
28570	Xã Thạnh Phú	Huyện Châu Thành	82	Tỉnh Tiền Giang	82	28537	exact	28537:Xã Long Hưng
28573	Xã Bàn Long	Huyện Châu Thành	82	Tỉnh Tiền Giang	82	28576	exact	28576:Xã Vĩnh Kim
28576	Xã Vĩnh Kim	Huyện Châu Thành	82	Tỉnh Tiền Giang	82	28576	exact	28576:Xã Vĩnh Kim
28579	Xã Bình Đức	Huyện Châu Thành	82	Tỉnh Tiền Giang	82	28582	exact	28582:Xã Kim Sơn
28582	Xã Song Thuận	Huyện Châu Thành	82	Tỉnh Tiền Giang	82	28582	exact	28582:Xã Kim Sơn
28585	Xã Kim Sơn	Huyện Châu Thành	82	Tỉnh Tiền Giang	82	28582	exact	28582:Xã Kim Sơn
28588	Xã Phú Phong	Huyện Châu Thành	82	Tỉnh Tiền Giang	82	28576	exact	28576:Xã Vĩnh Kim
28591	Xã Thới Sơn	Thành phố Mỹ Tho	82	Tỉnh Tiền Giang	82	28270	exact	28270:Phường Thới Sơn
28594	Thị trấn Chợ Gạo	Huyện Chợ Gạo	82	Tỉnh Tiền Giang	82	28594	exact	28594:Xã Chợ Gạo
28597	Xã Trung Hòa	Huyện Chợ Gạo	82	Tỉnh Tiền Giang	82	28603	exact	28603:Xã Mỹ Tịnh An
28600	Xã Hòa Tịnh	Huyện Chợ Gạo	82	Tỉnh Tiền Giang	82	28603	exact	28603:Xã Mỹ Tịnh An
28603	Xã Mỹ Tịnh An	Huyện Chợ Gạo	82	Tỉnh Tiền Giang	82	28603	exact	28603:Xã Mỹ Tịnh An
28606	Xã Tân Bình Thạnh	Huyện Chợ Gạo	82	Tỉnh Tiền Giang	82	28603	exact	28603:Xã Mỹ Tịnh An
28609	Xã Phú Kiết	Huyện Chợ Gạo	82	Tỉnh Tiền Giang	82	28615	exact	28615:Xã Lương Hòa Lạc
28612	Xã Lương Hòa Lạc	Huyện Chợ Gạo	82	Tỉnh Tiền Giang	82	28615	exact	28615:Xã Lương Hòa Lạc
28615	Xã Thanh Bình	Huyện Chợ Gạo	82	Tỉnh Tiền Giang	82	28615	exact	28615:Xã Lương Hòa Lạc
28618	Xã Quơn Long	Huyện Chợ Gạo	82	Tỉnh Tiền Giang	82	28627	exact	28627:Xã Tân Thuận Bình
28621	Xã Bình Phục Nhứt	Huyện Chợ Gạo	82	Tỉnh Tiền Giang	82	28633	exact	28633:Xã An Thạnh Thủy
28624	Xã Đăng Hưng Phước	Huyện Chợ Gạo	82	Tỉnh Tiền Giang	82	28627	exact	28627:Xã Tân Thuận Bình
28627	Xã Tân Thuận Bình	Huyện Chợ Gạo	82	Tỉnh Tiền Giang	82	28627	exact	28627:Xã Tân Thuận Bình
28630	Xã Song Bình	Huyện Chợ Gạo	82	Tỉnh Tiền Giang	82	28594	exact	28594:Xã Chợ Gạo
28633	Xã Bình Phan	Huyện Chợ Gạo	82	Tỉnh Tiền Giang	82	28633	exact	28633:Xã An Thạnh Thủy
28636	Xã Long Bình Điền	Huyện Chợ Gạo	82	Tỉnh Tiền Giang	82	28594	exact	28594:Xã Chợ Gạo
28639	Xã An Thạnh Thủy	Huyện Chợ Gạo	82	Tỉnh Tiền Giang	82	28633	exact	28633:Xã An Thạnh Thủy
28642	Xã Xuân Đông	Huyện Chợ Gạo	82	Tỉnh Tiền Giang	82	28648	exact	28648:Xã Bình Ninh
28645	Xã Hòa Định	Huyện Chợ Gạo	82	Tỉnh Tiền Giang	82	28648	exact	28648:Xã Bình Ninh
28648	Xã Bình Ninh	Huyện Chợ Gạo	82	Tỉnh Tiền Giang	82	28648	exact	28648:Xã Bình Ninh
28651	Thị trấn Vĩnh Bình	Huyện Gò Công Tây	82	Tỉnh Tiền Giang	82	28651	exact	28651:Xã Vĩnh Bình
28654	Xã Đồng Sơn	Huyện Gò Công Tây	82	Tỉnh Tiền Giang	82	28660	exact	28660:Xã Đồng Sơn
28657	Xã Bình Phú	Huyện Gò Công Tây	82	Tỉnh Tiền Giang	82	28663	exact	28663:Xã Phú Thành
28660	Xã Đồng Thạnh	Huyện Gò Công Tây	82	Tỉnh Tiền Giang	82	28660	exact	28660:Xã Đồng Sơn
28663	Xã Thành Công	Huyện Gò Công Tây	82	Tỉnh Tiền Giang	82	28663	exact	28663:Xã Phú Thành
28666	Xã Bình Nhì	Huyện Gò Công Tây	82	Tỉnh Tiền Giang	82	28660	exact	28660:Xã Đồng Sơn
28669	Xã Yên Luông	Huyện Gò Công Tây	82	Tỉnh Tiền Giang	82	28663	exact	28663:Xã Phú Thành
28672	Xã Thạnh Trị	Huyện Gò Công Tây	82	Tỉnh Tiền Giang	82	28651	exact	28651:Xã Vĩnh Bình
28675	Xã Thạnh Nhựt	Huyện Gò Công Tây	82	Tỉnh Tiền Giang	82	28651	exact	28651:Xã Vĩnh Bình
28678	Xã Long Vĩnh	Huyện Gò Công Tây	82	Tỉnh Tiền Giang	82	28678	exact	28678:Xã Vĩnh Hựu
28681	Xã Bình Tân	Huyện Gò Công Tây	82	Tỉnh Tiền Giang	82		split	30163:Xã Bình Thành|28687:Xã Long Bình
28684	Xã Vĩnh Hựu	Huyện Gò Công Tây	82	Tỉnh Tiền Giang	82	28678	exact	28678:Xã Vĩnh Hựu
28687	Xã Long Bình	Huyện Gò Công Tây	82	Tỉnh Tiền Giang	82	28687	exact	28687:Xã Long Bình
28690	Xã Tân Thới	Huyện Tân Phú Đông	82	Tỉnh Tiền Giang	82	28693	exact	28693:Xã Tân Thới
28693	Xã Tân Phú	Huyện Tân Phú Đông	82	Tỉnh Tiền Giang	82		split	30130:Xã Thanh Bình|28468:Xã Tân Phú|28693:Xã Tân Thới|30259:Xã Tân Phú Trung
28696	Xã Phú Thạnh	Huyện Tân Phú Đông	82	Tỉnh Tiền Giang	82	28696	exact	28696:Xã Tân Phú Đông
28699	Xã Tân Thạnh	Huyện Tân Phú Đông	82	Tỉnh Tiền Giang	82	28693	exact	28693:Xã Tân Thới
28702	Thị trấn Tân Hòa	Huyện Gò Công Đông	82	Tỉnh Tiền Giang	82	28702	exact	28702:Xã Tân Hòa
28705	Xã Tăng Hoà	Huyện Gò Công Đông	82	Tỉnh Tiền Giang	82	28747	exact	28747:Xã Gò Công Đông
28708	Xã Bình Đông	Thị xã Gò Công	82	Tỉnh Tiền Giang	82	28729	exact	28729:Phường Sơn Qui
28711	Xã Tân Phước	Huyện Gò Công Đông	82	Tỉnh Tiền Giang	82	28723	exact	28723:Xã Tân Đông
28714	Xã Gia Thuận	Huyện Gò Công Đông	82	Tỉnh Tiền Giang	82	28720	exact	28720:Xã Gia Thuận
28717	Xã Bình Xuân	Thị xã Gò Công	82	Tỉnh Tiền Giang	82	28315	exact	28315:Phường Bình Xuân
28720	Thị trấn Vàm Láng	Huyện Gò Công Đông	82	Tỉnh Tiền Giang	82	28720	exact	28720:Xã Gia Thuận
28723	Xã Tân Tây	Huyện Gò Công Đông	82	Tỉnh Tiền Giang	82	28723	exact	28723:Xã Tân Đông
28726	Xã Kiểng Phước	Huyện Gò Công Đông	82	Tỉnh Tiền Giang	82	28720	exact	28720:Xã Gia Thuận
28729	Xã Tân Trung	Thị xã Gò Công	82	Tỉnh Tiền Giang	82	28729	exact	28729:Phường Sơn Qui
28732	Xã Tân Đông	Huyện Gò Công Đông	82	Tỉnh Tiền Giang	82	28723	exact	28723:Xã Tân Đông
28735	Xã Bình Ân	Huyện Gò Công Đông	82	Tỉnh Tiền Giang	82	28738	exact	28738:Xã Tân Điền
28738	Xã Tân Điền	Huyện Gò Công Đông	82	Tỉnh Tiền Giang	82	28738	exact	28738:Xã Tân Điền
28741	Xã Bình Nghị	Huyện Gò Công Đông	82	Tỉnh Tiền Giang	82	28702	exact	28702:Xã Tân Hòa
28744	Xã Phước Trung	Huyện Gò Công Đông	82	Tỉnh Tiền Giang	82	28702	exact	28702:Xã Tân Hòa
28747	Xã Tân Thành	Huyện Gò Công Đông	82	Tỉnh Tiền Giang	82	28747	exact	28747:Xã Gò Công Đông
28750	Xã Phú Đông	Huyện Tân Phú Đông	82	Tỉnh Tiền Giang	82	28696	exact	28696:Xã Tân Phú Đông
28753	Xã Phú Tân	Huyện Tân Phú Đông	82	Tỉnh Tiền Giang	82	28696	exact	28696:Xã Tân Phú Đông
28756	Phường Phú Khương	Thành phố Bến Tre	83	Tỉnh Bến Tre	86	28756	exact	28756:Phường Phú Khương
28757	Phường Phú Tân	Thành phố Bến Tre	83	Tỉnh Bến Tre	86	28858	exact	28858:Phường Phú Tân
28759	Phường 8	Thành phố Bến Tre	83	Tỉnh Bến Tre	86	28756	exact	28756:Phường Phú Khương
28762	Phường 6	Thành phố Bến Tre	83	Tỉnh Bến Tre	86	28783	exact	28783:Phường Sơn Đông
28765	Phường 4	Thành phố Bến Tre	83	Tỉnh Bến Tre	86		split	29557:Phường Phước Hậu|29263:Phường Long Đức
28768	Phường 5	Thành phố Bến Tre	83	Tỉnh Bến Tre	86		split	29398:Phường Hòa Thuận|29590:Phường Thanh Đức
28777	Phường An Hội	Thành phố Bến Tre	83	Tỉnh Bến Tre	86	28777	exact	28777:Phường An Hội
28780	Phường 7	Thành phố Bến Tre	83	Tỉnh Bến Tre	86		split	28789:Phường Bến Tre|29254:Phường Nguyệt Hóa
28783	Xã Sơn Đông	Thành phố Bến Tre	83	Tỉnh Bến Tre	86	28783	exact	28783:Phường Sơn Đông
28786	Xã Phú Hưng	Thành phố Bến Tre	83	Tỉnh Bến Tre	86	28756	exact	28756:Phường Phú Khương
28789	Xã Bình Phú	Thành phố Bến Tre	83	Tỉnh Bến Tre	86	28789	exact	28789:Phường Bến Tre
28792	Xã Mỹ Thạnh An	Thành phố Bến Tre	83	Tỉnh Bến Tre	86	28777	exact	28777:Phường An Hội
28795	Xã Nhơn Thạnh	Thành phố Bến Tre	83	Tỉnh Bến Tre	86	28756	exact	28756:Phường Phú Khương
28798	Xã Phú Nhuận	Thành phố Bến Tre	83	Tỉnh Bến Tre	86	28777	exact	28777:Phường An Hội
28801	Thị trấn Châu Thành	Huyện Châu Thành	83	Tỉnh Bến Tre	86		split	28810:Xã Phú Túc|29374:Xã Châu Thành
28804	Xã Tân Thạch	Huyện Châu Thành	83	Tỉnh Bến Tre	86	28810	exact	28810:Xã Phú Túc
28807	Xã Qưới Sơn	Huyện Châu Thành	83	Tỉnh Bến Tre	86	28807	exact	28807:Xã Giao Long
28810	Xã An Khánh	Huyện Châu Thành	83	Tỉnh Bến Tre	86		not_found	
28813	Xã Giao Long	Huyện Châu Thành	83	Tỉnh Bến Tre	86	28807	exact	28807:Xã Giao Long
28819	Xã Phú Túc	Huyện Châu Thành	83	Tỉnh Bến Tre	86	28810	exact	28810:Xã Phú Túc
28822	Xã Phú Đức	Huyện Châu Thành	83	Tỉnh Bến Tre	86	28840	exact	28840:Xã Tân Phú
28825	Xã Phú An Hòa	Huyện Châu Thành	83	Tỉnh Bến Tre	86		not_found	
28828	Xã An Phước	Huyện Châu Thành	83	Tỉnh Bến Tre	86	28807	exact	28807:Xã Giao Long
28831	Xã Tam Phước	Huyện Châu Thành	83	Tỉnh Bến Tre	86	28783	exact	28783:Phường Sơn Đông
28834	Xã Thành Triệu	Huyện Châu Thành	83	Tỉnh Bến Tre	86	28861	exact	28861:Xã Tiên Thủy
28837	Xã Tường Đa	Huyện Châu Thành	83	Tỉnh Bến Tre	86	28810	exact	28810:Xã Phú Túc
28840	Xã Tân Phú	Huyện Châu Thành	83	Tỉnh Bến Tre	86	28840	exact	28840:Xã Tân Phú
28843	Xã Quới Thành	Huyện Châu Thành	83	Tỉnh Bến Tre	86	28861	exact	28861:Xã Tiên Thủy
28846	Xã Phước Thạnh	Huyện Châu Thành	83	Tỉnh Bến Tre	86	28858	exact	28858:Phường Phú Tân
28849	Xã An Hóa	Huyện Châu Thành	83	Tỉnh Bến Tre	86		not_found	
28852	Xã Tiên Long	Huyện Châu Thành	83	Tỉnh Bến Tre	86	28840	exact	28840:Xã Tân Phú
28855	Xã An Hiệp	Huyện Châu Thành	83	Tỉnh Bến Tre	86	29158	exact	29158:Xã An Hiệp
28858	Xã Hữu Định	Huyện Châu Thành	83	Tỉnh Bến Tre	86	28858	exact	28858:Phường Phú Tân
28861	Thị trấn Tiên Thủy	Huyện Châu Thành	83	Tỉnh Bến Tre	86	28861	exact	28861:Xã Tiên Thủy
28864	Xã Sơn Hòa	Huyện Châu Thành	83	Tỉnh Bến Tre	86		not_found	
28870	Thị trấn Chợ Lách	Huyện Chợ Lách	83	Tỉnh Bến Tre	86	28870	exact	28870:Xã Chợ Lách
28873	Xã Phú Phụng	Huyện Chợ Lách	83	Tỉnh Bến Tre	86	28879	exact	28879:Xã Phú Phụng
28876	Xã Sơn Định	Huyện Chợ Lách	83	Tỉnh Bến Tre	86	28879	exact	28879:Xã Phú Phụng
28879	Xã Vĩnh Bình	Huyện Chợ Lách	83	Tỉnh Bến Tre	86	28879	exact	28879:Xã Phú Phụng
28882	Xã Hòa Nghĩa	Huyện Chợ Lách	83	Tỉnh Bến Tre	86	28870	exact	28870:Xã Chợ Lách
28885	Xã Long Thới	Huyện Chợ Lách	83	Tỉnh Bến Tre	86	28870	exact	28870:Xã Chợ Lách
28888	Xã Phú Sơn	Huyện Chợ Lách	83	Tỉnh Bến Tre	86	28894	exact	28894:Xã Vĩnh Thành
28889	Xã Phú Mỹ	Huyện Mỏ Cày Bắc	83	Tỉnh Bến Tre	86	28915	exact	28915:Xã Phước Mỹ Trung
28891	Xã Tân Thiềng	Huyện Chợ Lách	83	Tỉnh Bến Tre	86	28894	exact	28894:Xã Vĩnh Thành
28894	Xã Vĩnh Thành	Huyện Chợ Lách	83	Tỉnh Bến Tre	86	28894	exact	28894:Xã Vĩnh Thành
28897	Xã Vĩnh Hòa	Huyện Chợ Lách	83	Tỉnh Bến Tre	86	28901	exact	28901:Xã Hưng Khánh Trung
28900	Xã Hưng Khánh Trung B	Huyện Chợ Lách	83	Tỉnh Bến Tre	86	28901	exact	28901:Xã Hưng Khánh Trung
28901	Xã Hưng Khánh Trung A	Huyện Mỏ Cày Bắc	83	Tỉnh Bến Tre	86	28901	exact	28901:Xã Hưng Khánh Trung
28903	Thị trấn Mỏ Cày	Huyện Mỏ Cày Nam	83	Tỉnh Bến Tre	86	28903	exact	28903:Xã Mỏ Cày
28906	Xã Thanh Tân	Huyện Mỏ Cày Bắc	83	Tỉnh Bến Tre	86	28789	exact	28789:Phường Bến Tre
28909	Xã Thạnh Ngãi	Huyện Mỏ Cày Bắc	83	Tỉnh Bến Tre	86	28915	exact	28915:Xã Phước Mỹ Trung
28912	Xã Tân Phú Tây	Huyện Mỏ Cày Bắc	83	Tỉnh Bến Tre	86	28915	exact	28915:Xã Phước Mỹ Trung
28915	Thị trấn Phước Mỹ Trung	Huyện Mỏ Cày Bắc	83	Tỉnh Bến Tre	86	28915	exact	28915:Xã Phước Mỹ Trung
28918	Xã Tân Thành Bình	Huyện Mỏ Cày Bắc	83	Tỉnh Bến Tre	86	28921	exact	28921:Xã Tân Thành Bình
28921	Xã Thành An	Huyện Mỏ Cày Bắc	83	Tỉnh Bến Tre	86	28921	exact	28921:Xã Tân Thành Bình
28924	Xã Hòa Lộc	Huyện Mỏ Cày Bắc	83	Tỉnh Bến Tre	86		split	28921:Xã Tân Thành Bình|29734:Xã Hòa Hiệp
28927	Xã Tân Thanh Tây	Huyện Mỏ Cày Bắc	83	Tỉnh Bến Tre	86	28948	exact	28948:Xã Nhuận Phú Tân
28930	Xã Định Thủy	Huyện Mỏ Cày Nam	83	Tỉnh Bến Tre	86	28945	exact	28945:Xã Đồng Khởi
28933	Xã Tân Bình	Huyện Mỏ Cày Bắc	83	Tỉnh Bến Tre	86	28921	exact	28921:Xã Tân Thành Bình
28936	Xã Nhuận Phú Tân	Huyện Mỏ Cày Bắc	83	Tỉnh Bến Tre	86	28948	exact	28948:Xã Nhuận Phú Tân
28939	Xã Đa Phước Hội	Huyện Mỏ Cày Nam	83	Tỉnh Bến Tre	86	28903	exact	28903:Xã Mỏ Cày
28940	Xã Tân Hội	Huyện Mỏ Cày Nam	83	Tỉnh Bến Tre	86	28903	exact	28903:Xã Mỏ Cày
28942	Xã Phước Hiệp	Huyện Mỏ Cày Nam	83	Tỉnh Bến Tre	86	28945	exact	28945:Xã Đồng Khởi
28945	Xã Bình Khánh	Huyện Mỏ Cày Nam	83	Tỉnh Bến Tre	86	28945	exact	28945:Xã Đồng Khởi
28948	Xã Khánh Thạnh Tân	Huyện Mỏ Cày Bắc	83	Tỉnh Bến Tre	86	28948	exact	28948:Xã Nhuận Phú Tân
28951	Xã An Thạnh	Huyện Mỏ Cày Nam	83	Tỉnh Bến Tre	86	28903	exact	28903:Xã Mỏ Cày
28957	Xã An Định	Huyện Mỏ Cày Nam	83	Tỉnh Bến Tre	86	28957	exact	28957:Xã An Định
28960	Xã Thành Thới B	Huyện Mỏ Cày Nam	83	Tỉnh Bến Tre	86	28969	exact	28969:Xã Thành Thới
28963	Xã Tân Trung	Huyện Mỏ Cày Nam	83	Tỉnh Bến Tre	86	28957	exact	28957:Xã An Định
28966	Xã An Thới	Huyện Mỏ Cày Nam	83	Tỉnh Bến Tre	86	28969	exact	28969:Xã Thành Thới
28969	Xã Thành Thới A	Huyện Mỏ Cày Nam	83	Tỉnh Bến Tre	86	28969	exact	28969:Xã Thành Thới
28972	Xã Minh Đức	Huyện Mỏ Cày Nam	83	Tỉnh Bến Tre	86	28957	exact	28957:Xã An Định
28975	Xã Ngãi Đăng	Huyện Mỏ Cày Nam	83	Tỉnh Bến Tre	86	28981	exact	28981:Xã Hương Mỹ
28978	Xã Cẩm Sơn	Huyện Mỏ Cày Nam	83	Tỉnh Bến Tre	86	28981	exact	28981:Xã Hương Mỹ
28981	Xã Hương Mỹ	Huyện Mỏ Cày Nam	83	Tỉnh Bến Tre	86	28981	exact	28981:Xã Hương Mỹ
28984	Thị trấn Giồng Trôm	Huyện Giồng Trôm	83	Tỉnh Bến Tre	86	28984	exact	28984:Xã Giồng Trôm
28987	Xã Phong Nẫm	Huyện Giồng Trôm	83	Tỉnh Bến Tre	86	28987	exact	28987:Xã Lương Hòa
28993	Xã Mỹ Thạnh	Huyện Giồng Trôm	83	Tỉnh Bến Tre	86	28993	exact	28993:Xã Lương Phú
28996	Xã Châu Hòa	Huyện Giồng Trôm	83	Tỉnh Bến Tre	86	28996	exact	28996:Xã Châu Hòa
28999	Xã Lương Hòa	Huyện Giồng Trôm	83	Tỉnh Bến Tre	86	28987	exact	28987:Xã Lương Hòa
29002	Xã Lương Quới	Huyện Giồng Trôm	83	Tỉnh Bến Tre	86	28996	exact	28996:Xã Châu Hòa
29005	Xã Lương Phú	Huyện Giồng Trôm	83	Tỉnh Bến Tre	86	28993	exact	28993:Xã Lương Phú
29008	Xã Châu Bình	Huyện Giồng Trôm	83	Tỉnh Bến Tre	86	28996	exact	28996:Xã Châu Hòa
29011	Xã Thuận Điền	Huyện Giồng Trôm	83	Tỉnh Bến Tre	86	28993	exact	28993:Xã Lương Phú
29014	Xã Sơn Phú	Huyện Giồng Trôm	83	Tỉnh Bến Tre	86	28777	exact	28777:Phường An Hội
29017	Xã Bình Hoà	Huyện Giồng Trôm	83	Tỉnh Bến Tre	86	28984	exact	28984:Xã Giồng Trôm
29020	Xã Phước Long	Huyện Giồng Trôm	83	Tỉnh Bến Tre	86	29020	exact	29020:Xã Phước Long
29023	Xã Hưng Phong	Huyện Giồng Trôm	83	Tỉnh Bến Tre	86	29020	exact	29020:Xã Phước Long
29026	Xã Long Mỹ	Huyện Giồng Trôm	83	Tỉnh Bến Tre	86	29020	exact	29020:Xã Phước Long
29029	Xã Tân Hào	Huyện Giồng Trôm	83	Tỉnh Bến Tre	86	29029	exact	29029:Xã Tân Hào
29032	Xã Bình Thành	Huyện Giồng Trôm	83	Tỉnh Bến Tre	86		split	29182:Xã Thạnh Phú|28984:Xã Giồng Trôm
29035	Xã Tân Thanh	Huyện Giồng Trôm	83	Tỉnh Bến Tre	86		split	29785:Xã Tân Lược|29044:Xã Hưng Nhượng
29038	Xã Tân Lợi Thạnh	Huyện Giồng Trôm	83	Tỉnh Bến Tre	86	29029	exact	29029:Xã Tân Hào
29041	Xã Thạnh Phú Đông	Huyện Giồng Trôm	83	Tỉnh Bến Tre	86	29029	exact	29029:Xã Tân Hào
29044	Xã Hưng Nhượng	Huyện Giồng Trôm	83	Tỉnh Bến Tre	86	29044	exact	29044:Xã Hưng Nhượng
29047	Xã Hưng Lễ	Huyện Giồng Trôm	83	Tỉnh Bến Tre	86	29044	exact	29044:Xã Hưng Nhượng
29050	Thị trấn Bình Đại	Huyện Bình Đại	83	Tỉnh Bến Tre	86	29050	exact	29050:Xã Bình Đại
29053	Xã Tam Hiệp	Huyện Bình Đại	83	Tỉnh Bến Tre	86	29062	exact	29062:Xã Phú Thuận
29056	Xã Long Định	Huyện Bình Đại	83	Tỉnh Bến Tre	86	29062	exact	29062:Xã Phú Thuận
29059	Xã Long Hòa	Huyện Bình Đại	83	Tỉnh Bến Tre	86	29083	exact	29083:Xã Châu Hưng
29062	Xã Phú Thuận	Huyện Bình Đại	83	Tỉnh Bến Tre	86	29062	exact	29062:Xã Phú Thuận
29065	Xã Vang Quới Tây	Huyện Bình Đại	83	Tỉnh Bến Tre	86	29077	exact	29077:Xã Lộc Thuận
29068	Xã Vang Quới Đông	Huyện Bình Đại	83	Tỉnh Bến Tre	86	29077	exact	29077:Xã Lộc Thuận
29071	Xã Châu Hưng	Huyện Bình Đại	83	Tỉnh Bến Tre	86	29083	exact	29083:Xã Châu Hưng
29074	Xã Phú Vang	Huyện Bình Đại	83	Tỉnh Bến Tre	86		not_found	
29077	Xã Lộc Thuận	Huyện Bình Đại	83	Tỉnh Bến Tre	86	29077	exact	29077:Xã Lộc Thuận
29080	Xã Định Trung	Huyện Bình Đại	83	Tỉnh Bến Tre	86	29089	exact	29089:Xã Thạnh Trị
29083	Xã Thới Lai	Huyện Bình Đại	83	Tỉnh Bến Tre	86	29083	exact	29083:Xã Châu Hưng
29086	Xã Bình Thới	Huyện Bình Đại	83	Tỉnh Bến Tre	86	29050	exact	29050:Xã Bình Đại
29089	Xã Phú Long	Huyện Bình Đại	83	Tỉnh Bến Tre	86	29089	exact	29089:Xã Thạnh Trị
29092	Xã Bình Thắng	Huyện Bình Đại	83	Tỉnh Bến Tre	86	29050	exact	29050:Xã Bình Đại
29095	Xã Thạnh Trị	Huyện Bình Đại	83	Tỉnh Bến Tre	86	29089	exact	29089:Xã Thạnh Trị
29098	Xã Đại Hòa Lộc	Huyện Bình Đại	83	Tỉnh Bến Tre	86	29104	exact	29104:Xã Thạnh Phước
29101	Xã Thừa Đức	Huyện Bình Đại	83	Tỉnh Bến Tre	86	29107	exact	29107:Xã Thới Thuận
29104	Xã Thạnh Phước	Huyện Bình Đại	83	Tỉnh Bến Tre	86	29104	exact	29104:Xã Thạnh Phước
29107	Xã Thới Thuận	Huyện Bình Đại	83	Tỉnh Bến Tre	86	29107	exact	29107:Xã Thới Thuận
29110	Thị trấn Ba Tri	Huyện Ba Tri	83	Tỉnh Bến Tre	86	29110	exact	29110:Xã Ba Tri
29113	Xã Tân Mỹ	Huyện Ba Tri	83	Tỉnh Bến Tre	86	29836	exact	29836:Xã Trà Côn
29116	Xã Mỹ Hòa	Huyện Ba Tri	83	Tỉnh Bến Tre	86		split	29122:Xã Mỹ Chánh Hòa|29770:Phường Cái Vồn|29416:Xã Cầu Ngang
29119	Xã Tân Xuân	Huyện Ba Tri	83	Tỉnh Bến Tre	86	29137	exact	29137:Xã Tân Xuân
29122	Xã Mỹ Chánh	Huyện Ba Tri	83	Tỉnh Bến Tre	86	29122	exact	29122:Xã Mỹ Chánh Hòa
29125	Xã Bảo Thạnh	Huyện Ba Tri	83	Tỉnh Bến Tre	86	29125	exact	29125:Xã Bảo Thạnh
29128	Xã An Phú Trung	Huyện Ba Tri	83	Tỉnh Bến Tre	86	29143	exact	29143:Xã An Ngãi Trung
29131	Xã Mỹ Thạnh	Huyện Ba Tri	83	Tỉnh Bến Tre	86	29143	exact	29143:Xã An Ngãi Trung
29134	Xã Mỹ Nhơn	Huyện Ba Tri	83	Tỉnh Bến Tre	86	29122	exact	29122:Xã Mỹ Chánh Hòa
29137	Xã Phước Ngãi	Huyện Ba Tri	83	Tỉnh Bến Tre	86	29137	exact	29137:Xã Tân Xuân
29143	Xã An Ngãi Trung	Huyện Ba Tri	83	Tỉnh Bến Tre	86	29143	exact	29143:Xã An Ngãi Trung
29146	Xã Phú Lễ	Huyện Ba Tri	83	Tỉnh Bến Tre	86	29137	exact	29137:Xã Tân Xuân
29149	Xã An Bình Tây	Huyện Ba Tri	83	Tỉnh Bến Tre	86	29110	exact	29110:Xã Ba Tri
29152	Xã Bảo Thuận	Huyện Ba Tri	83	Tỉnh Bến Tre	86	29125	exact	29125:Xã Bảo Thạnh
29155	Xã Tân Hưng	Huyện Ba Tri	83	Tỉnh Bến Tre	86		split	29158:Xã An Hiệp|29362:Xã Hùng Hòa
29158	Xã An Ngãi Tây	Huyện Ba Tri	83	Tỉnh Bến Tre	86	29158	exact	29158:Xã An Hiệp
29161	Xã An Hiệp	Huyện Ba Tri	83	Tỉnh Bến Tre	86	29158	exact	29158:Xã An Hiệp
29164	Xã Vĩnh Hòa	Huyện Ba Tri	83	Tỉnh Bến Tre	86	29110	exact	29110:Xã Ba Tri
29167	Xã Tân Thủy	Huyện Ba Tri	83	Tỉnh Bến Tre	86	29167	exact	29167:Xã Tân Thủy
29170	Xã Vĩnh An	Huyện Ba Tri	83	Tỉnh Bến Tre	86	29110	exact	29110:Xã Ba Tri
29173	Xã An Đức	Huyện Ba Tri	83	Tỉnh Bến Tre	86	29110	exact	29110:Xã Ba Tri
29176	Xã An Hòa Tây	Huyện Ba Tri	83	Tỉnh Bến Tre	86	29167	exact	29167:Xã Tân Thủy
29179	Thị trấn Tiệm Tôm	Huyện Ba Tri	83	Tỉnh Bến Tre	86	29167	exact	29167:Xã Tân Thủy
29182	Thị trấn Thạnh Phú	Huyện Thạnh Phú	83	Tỉnh Bến Tre	86	29182	exact	29182:Xã Thạnh Phú
29185	Xã Phú Khánh	Huyện Thạnh Phú	83	Tỉnh Bến Tre	86	29194	exact	29194:Xã Đại Điền
29188	Xã Đại Điền	Huyện Thạnh Phú	83	Tỉnh Bến Tre	86	29194	exact	29194:Xã Đại Điền
29191	Xã Quới Điền	Huyện Thạnh Phú	83	Tỉnh Bến Tre	86	29191	exact	29191:Xã Quới Điền
29194	Xã Tân Phong	Huyện Thạnh Phú	83	Tỉnh Bến Tre	86	29194	exact	29194:Xã Đại Điền
29197	Xã Mỹ Hưng	Huyện Thạnh Phú	83	Tỉnh Bến Tre	86	29191	exact	29191:Xã Quới Điền
29200	Xã An Thạnh	Huyện Thạnh Phú	83	Tỉnh Bến Tre	86	29182	exact	29182:Xã Thạnh Phú
29203	Xã Thới Thạnh	Huyện Thạnh Phú	83	Tỉnh Bến Tre	86	29194	exact	29194:Xã Đại Điền
29206	Xã Hòa Lợi	Huyện Thạnh Phú	83	Tỉnh Bến Tre	86	29191	exact	29191:Xã Quới Điền
29209	Xã An Điền	Huyện Thạnh Phú	83	Tỉnh Bến Tre	86	29221	exact	29221:Xã Thạnh Hải
29212	Xã Bình Thạnh	Huyện Thạnh Phú	83	Tỉnh Bến Tre	86		split	29182:Xã Thạnh Phú|28984:Xã Giồng Trôm
29215	Xã An Thuận	Huyện Thạnh Phú	83	Tỉnh Bến Tre	86	29224	exact	29224:Xã An Qui
29218	Xã An Quy	Huyện Thạnh Phú	83	Tỉnh Bến Tre	86		not_found	
29221	Xã Thạnh Hải	Huyện Thạnh Phú	83	Tỉnh Bến Tre	86	29221	exact	29221:Xã Thạnh Hải
29224	Xã An Nhơn	Huyện Thạnh Phú	83	Tỉnh Bến Tre	86	29224	exact	29224:Xã An Qui
29227	Xã Giao Thạnh	Huyện Thạnh Phú	83	Tỉnh Bến Tre	86	29227	exact	29227:Xã Thạnh Phong
29230	Xã Thạnh Phong	Huyện Thạnh Phú	83	Tỉnh Bến Tre	86	29227	exact	29227:Xã Thạnh Phong
29233	Xã Mỹ An	Huyện Thạnh Phú	83	Tỉnh Bến Tre	86		split	29182:Xã Thạnh Phú|29623:Xã Nhơn Phú
29236	Phường 4	Thành phố Trà Vinh	84	Tỉnh Trà Vinh	86	29263	exact	29263:Phường Long Đức
29239	Phường 1	Thành phố Trà Vinh	84	Tỉnh Trà Vinh	86		split	29551:Phường Long Châu|29512:Phường Duyên Hải|29242:Phường Trà Vinh
29242	Phường 3	Thành phố Trà Vinh	84	Tỉnh Trà Vinh	86		split	29557:Phường Phước Hậu|29242:Phường Trà Vinh
29245	Phường 2	Thành phố Trà Vinh	84	Tỉnh Trà Vinh	86	29516	exact	29516:Phường Trường Long Hòa
29248	Phường 5	Thành phố Trà Vinh	84	Tỉnh Trà Vinh	86	29398	exact	29398:Phường Hòa Thuận
29251	Phường 6	Thành phố Trà Vinh	84	Tỉnh Trà Vinh	86	28783	exact	28783:Phường Sơn Đông
29254	Phường 7	Thành phố Trà Vinh	84	Tỉnh Trà Vinh	86		split	28789:Phường Bến Tre|29254:Phường Nguyệt Hóa
29257	Phường 8	Thành phố Trà Vinh	84	Tỉnh Trà Vinh	86	29254	exact	29254:Phường Nguyệt Hóa
29260	Phường 9	Thành phố Trà Vinh	84	Tỉnh Trà Vinh	86	29242	exact	29242:Phường Trà Vinh
29263	Xã Long Đức	Thành phố Trà Vinh	84	Tỉnh Trà Vinh	86	29263	exact	29263:Phường Long Đức
29266	Thị trấn Càng Long	Huyện Càng Long	84	Tỉnh Trà Vinh	86	29266	exact	29266:Xã Càng Long
29269	Xã Mỹ Cẩm	Huyện Càng Long	84	Tỉnh Trà Vinh	86	29266	exact	29266:Xã Càng Long
29272	Xã An Trường A	Huyện Càng Long	84	Tỉnh Trà Vinh	86	29275	exact	29275:Xã An Trường
29275	Xã An Trường	Huyện Càng Long	84	Tỉnh Trà Vinh	86	29275	exact	29275:Xã An Trường
29278	Xã Huyền Hội	Huyện Càng Long	84	Tỉnh Trà Vinh	86	29278	exact	29278:Xã Tân An
29281	Xã Tân An	Huyện Càng Long	84	Tỉnh Trà Vinh	86	29278	exact	29278:Xã Tân An
29284	Xã Tân Bình	Huyện Càng Long	84	Tỉnh Trà Vinh	86	29275	exact	29275:Xã An Trường
29287	Xã Bình Phú	Huyện Càng Long	84	Tỉnh Trà Vinh	86	29287	exact	29287:Xã Bình Phú
29290	Xã Phương Thạnh	Huyện Càng Long	84	Tỉnh Trà Vinh	86	29287	exact	29287:Xã Bình Phú
29293	Xã Đại Phúc	Huyện Càng Long	84	Tỉnh Trà Vinh	86	29287	exact	29287:Xã Bình Phú
29296	Xã Đại Phước	Huyện Càng Long	84	Tỉnh Trà Vinh	86	29302	exact	29302:Xã Nhị Long
29299	Xã Nhị Long Phú	Huyện Càng Long	84	Tỉnh Trà Vinh	86	29266	exact	29266:Xã Càng Long
29302	Xã Nhị Long	Huyện Càng Long	84	Tỉnh Trà Vinh	86	29302	exact	29302:Xã Nhị Long
29305	Xã Đức Mỹ	Huyện Càng Long	84	Tỉnh Trà Vinh	86	29302	exact	29302:Xã Nhị Long
29308	Thị trấn Cầu Kè	Huyện Cầu Kè	84	Tỉnh Trà Vinh	86	29308	exact	29308:Xã Cầu Kè
29311	Xã Hòa Ân	Huyện Cầu Kè	84	Tỉnh Trà Vinh	86	29308	exact	29308:Xã Cầu Kè
29314	Xã Châu Điền	Huyện Cầu Kè	84	Tỉnh Trà Vinh	86	29308	exact	29308:Xã Cầu Kè
29317	Xã An Phú Tân	Huyện Cầu Kè	84	Tỉnh Trà Vinh	86	29317	exact	29317:Xã An Phú Tân
29320	Xã Hoà Tân	Huyện Cầu Kè	84	Tỉnh Trà Vinh	86	29317	exact	29317:Xã An Phú Tân
29323	Xã Ninh Thới	Huyện Cầu Kè	84	Tỉnh Trà Vinh	86	29329	exact	29329:Xã Phong Thạnh
29326	Xã Phong Phú	Huyện Cầu Kè	84	Tỉnh Trà Vinh	86	29329	exact	29329:Xã Phong Thạnh
29329	Xã Phong Thạnh	Huyện Cầu Kè	84	Tỉnh Trà Vinh	86	29329	exact	29329:Xã Phong Thạnh
29332	Xã Tam Ngãi	Huyện Cầu Kè	84	Tỉnh Trà Vinh	86	29335	exact	29335:Xã Tam Ngãi
29335	Xã Thông Hòa	Huyện Cầu Kè	84	Tỉnh Trà Vinh	86	29335	exact	29335:Xã Tam Ngãi
29338	Xã Thạnh Phú	Huyện Cầu Kè	84	Tỉnh Trà Vinh	86	29335	exact	29335:Xã Tam Ngãi
29341	Thị trấn Tiểu Cần	Huyện Tiểu Cần	84	Tỉnh Trà Vinh	86	29341	exact	29341:Xã Tiểu Cần
29344	Thị trấn Cầu Quan	Huyện Tiểu Cần	84	Tỉnh Trà Vinh	86	29371	exact	29371:Xã Tân Hòa
29347	Xã Phú Cần	Huyện Tiểu Cần	84	Tỉnh Trà Vinh	86	29341	exact	29341:Xã Tiểu Cần
29350	Xã Hiếu Tử	Huyện Tiểu Cần	84	Tỉnh Trà Vinh	86	29365	exact	29365:Xã Tập Ngãi
29353	Xã Hiếu Trung	Huyện Tiểu Cần	84	Tỉnh Trà Vinh	86	29341	exact	29341:Xã Tiểu Cần
29356	Xã Long Thới	Huyện Tiểu Cần	84	Tỉnh Trà Vinh	86	29371	exact	29371:Xã Tân Hòa
29359	Xã Hùng Hòa	Huyện Tiểu Cần	84	Tỉnh Trà Vinh	86	29362	exact	29362:Xã Hùng Hòa
29362	Xã Tân Hùng	Huyện Tiểu Cần	84	Tỉnh Trà Vinh	86		split	29158:Xã An Hiệp|29362:Xã Hùng Hòa
29365	Xã Tập Ngãi	Huyện Tiểu Cần	84	Tỉnh Trà Vinh	86	29365	exact	29365:Xã Tập Ngãi
29368	Xã Ngãi Hùng	Huyện Tiểu Cần	84	Tỉnh Trà Vinh	86	29362	exact	29362:Xã Hùng Hòa
29371	Xã Tân Hòa	Huyện Tiểu Cần	84	Tỉnh Trà Vinh	86	29371	exact	29371:Xã Tân Hòa
29374	Thị trấn Châu Thành	Huyện Châu Thành	84	Tỉnh Trà Vinh	86		split	28810:Xã Phú Túc|29374:Xã Châu Thành
29377	Xã Đa Lộc	Huyện Châu Thành	84	Tỉnh Trà Vinh	86	29374	exact	29374:Xã Châu Thành
29380	Xã Mỹ Chánh	Huyện Châu Thành	84	Tỉnh Trà Vinh	86	29374	exact	29374:Xã Châu Thành
29383	Xã Thanh Mỹ	Huyện Châu Thành	84	Tỉnh Trà Vinh	86	29374	exact	29374:Xã Châu Thành
29386	Xã Lương Hoà A	Huyện Châu Thành	84	Tỉnh Trà Vinh	86	29386	exact	29386:Xã Song Lộc
29389	Xã Lương Hòa	Huyện Châu Thành	84	Tỉnh Trà Vinh	86	29386	exact	29386:Xã Song Lộc
29392	Xã Song Lộc	Huyện Châu Thành	84	Tỉnh Trà Vinh	86	29386	exact	29386:Xã Song Lộc
29395	Xã Nguyệt Hóa	Huyện Châu Thành	84	Tỉnh Trà Vinh	86	29254	exact	29254:Phường Nguyệt Hóa
29398	Xã Hòa Thuận	Huyện Châu Thành	84	Tỉnh Trà Vinh	86	29398	exact	29398:Phường Hòa Thuận
29401	Xã Hòa Lợi	Huyện Châu Thành	84	Tỉnh Trà Vinh	86	29407	exact	29407:Xã Hưng Mỹ
29404	Xã Phước Hảo	Huyện Châu Thành	84	Tỉnh Trà Vinh	86	29407	exact	29407:Xã Hưng Mỹ
29407	Xã Hưng Mỹ	Huyện Châu Thành	84	Tỉnh Trà Vinh	86	29407	exact	29407:Xã Hưng Mỹ
29410	Xã Hòa Minh	Huyện Châu Thành	84	Tỉnh Trà Vinh	86	29410	exact	29410:Xã Hòa Minh
29413	Xã Long Hòa	Huyện Châu Thành	84	Tỉnh Trà Vinh	86	29083	exact	29083:Xã Châu Hưng
29416	Thị trấn Cầu Ngang	Huyện Cầu Ngang	84	Tỉnh Trà Vinh	86	29416	exact	29416:Xã Cầu Ngang
29419	Thị trấn Mỹ Long	Huyện Cầu Ngang	84	Tỉnh Trà Vinh	86	29419	exact	29419:Xã Mỹ Long
29422	Xã Mỹ Long Bắc	Huyện Cầu Ngang	84	Tỉnh Trà Vinh	86	29419	exact	29419:Xã Mỹ Long
29425	Xã Mỹ Long Nam	Huyện Cầu Ngang	84	Tỉnh Trà Vinh	86	29419	exact	29419:Xã Mỹ Long
29428	Xã Mỹ Hòa	Huyện Cầu Ngang	84	Tỉnh Trà Vinh	86	29416	exact	29416:Xã Cầu Ngang
29431	Xã Vĩnh Kim	Huyện Cầu Ngang	84	Tỉnh Trà Vinh	86	29431	exact	29431:Xã Vinh Kim
29434	Xã Kim Hòa	Huyện Cầu Ngang	84	Tỉnh Trà Vinh	86	29431	exact	29431:Xã Vinh Kim
29437	Xã Hiệp Hòa	Huyện Cầu Ngang	84	Tỉnh Trà Vinh	86	29446	exact	29446:Xã Nhị Trường
29440	Xã Thuận Hòa	Huyện Cầu Ngang	84	Tỉnh Trà Vinh	86	29416	exact	29416:Xã Cầu Ngang
29443	Xã Long Sơn	Huyện Cầu Ngang	84	Tỉnh Trà Vinh	86	29455	exact	29455:Xã Hiệp Mỹ
29446	Xã Nhị Trường	Huyện Cầu Ngang	84	Tỉnh Trà Vinh	86	29446	exact	29446:Xã Nhị Trường
29449	Xã Trường Thọ	Huyện Cầu Ngang	84	Tỉnh Trà Vinh	86	29446	exact	29446:Xã Nhị Trường
29452	Xã Hiệp Mỹ Đông	Huyện Cầu Ngang	84	Tỉnh Trà Vinh	86	29455	exact	29455:Xã Hiệp Mỹ
29455	Xã Hiệp Mỹ Tây	Huyện Cầu Ngang	84	Tỉnh Trà Vinh	86	29455	exact	29455:Xã Hiệp Mỹ
29458	Xã Thạnh Hòa Sơn	Huyện Cầu Ngang	84	Tỉnh Trà Vinh	86	29530	exact	29530:Xã Ngũ Lạc
29461	Thị trấn Trà Cú	Huyện Trà Cú	84	Tỉnh Trà Vinh	86	29461	exact	29461:Xã Trà Cú
29462	Thị trấn Định An	Huyện Trà Cú	84	Tỉnh Trà Vinh	86	29491	exact	29491:Xã Đại An
29464	Xã Phước Hưng	Huyện Trà Cú	84	Tỉnh Trà Vinh	86	29467	exact	29467:Xã Tập Sơn
29467	Xã Tập Sơn	Huyện Trà Cú	84	Tỉnh Trà Vinh	86	29467	exact	29467:Xã Tập Sơn
29470	Xã Tân Sơn	Huyện Trà Cú	84	Tỉnh Trà Vinh	86	29467	exact	29467:Xã Tập Sơn
29473	Xã An Quảng Hữu	Huyện Trà Cú	84	Tỉnh Trà Vinh	86	29476	exact	29476:Xã Lưu Nghiệp Anh
29476	Xã Lưu Nghiệp Anh	Huyện Trà Cú	84	Tỉnh Trà Vinh	86	29476	exact	29476:Xã Lưu Nghiệp Anh
29479	Xã Ngãi Xuyên	Huyện Trà Cú	84	Tỉnh Trà Vinh	86	29461	exact	29461:Xã Trà Cú
29482	Xã Kim Sơn	Huyện Trà Cú	84	Tỉnh Trà Vinh	86	29489	exact	29489:Xã Hàm Giang
29485	Xã Thanh Sơn	Huyện Trà Cú	84	Tỉnh Trà Vinh	86	29461	exact	29461:Xã Trà Cú
29488	Xã Hàm Giang	Huyện Trà Cú	84	Tỉnh Trà Vinh	86	29489	exact	29489:Xã Hàm Giang
29489	Xã Hàm Tân	Huyện Trà Cú	84	Tỉnh Trà Vinh	86	29489	exact	29489:Xã Hàm Giang
29491	Xã Đại An	Huyện Trà Cú	84	Tỉnh Trà Vinh	86	29491	exact	29491:Xã Đại An
29494	Xã Định An	Huyện Trà Cú	84	Tỉnh Trà Vinh	86	29491	exact	29491:Xã Đại An
29497	Xã Đôn Xuân	Huyện Duyên Hải	84	Tỉnh Trà Vinh	86	29497	exact	29497:Xã Đôn Châu
29500	Xã Đôn Châu	Huyện Duyên Hải	84	Tỉnh Trà Vinh	86	29497	exact	29497:Xã Đôn Châu
29503	Xã Ngọc Biên	Huyện Trà Cú	84	Tỉnh Trà Vinh	86	29506	exact	29506:Xã Long Hiệp
29506	Xã Long Hiệp	Huyện Trà Cú	84	Tỉnh Trà Vinh	86	29506	exact	29506:Xã Long Hiệp
29509	Xã Tân Hiệp	Huyện Trà Cú	84	Tỉnh Trà Vinh	86	29506	exact	29506:Xã Long Hiệp
29512	Phường 1	Thị xã Duyên Hải	84	Tỉnh Trà Vinh	86	29512	exact	29512:Phường Duyên Hải
29513	Thị trấn Long Thành	Huyện Duyên Hải	84	Tỉnh Trà Vinh	86	29513	exact	29513:Xã Long Thành
29515	Xã Long Toàn	Thị xã Duyên Hải	84	Tỉnh Trà Vinh	86	29512	exact	29512:Phường Duyên Hải
29516	Phường 2	Thị xã Duyên Hải	84	Tỉnh Trà Vinh	86	29516	exact	29516:Phường Trường Long Hòa
29518	Xã Long Hữu	Thị xã Duyên Hải	84	Tỉnh Trà Vinh	86	29518	exact	29518:Xã Long Hữu
29521	Xã Long Khánh	Huyện Duyên Hải	84	Tỉnh Trà Vinh	86	29513	exact	29513:Xã Long Thành
29524	Xã Dân Thành	Thị xã Duyên Hải	84	Tỉnh Trà Vinh	86	29512	exact	29512:Phường Duyên Hải
29527	Xã Trường Long Hòa	Thị xã Duyên Hải	84	Tỉnh Trà Vinh	86	29516	exact	29516:Phường Trường Long Hòa
29530	Xã Ngũ Lạc	Huyện Duyên Hải	84	Tỉnh Trà Vinh	86	29530	exact	29530:Xã Ngũ Lạc
29533	Xã Long Vĩnh	Huyện Duyên Hải	84	Tỉnh Trà Vinh	86	29533	exact	29533:Xã Long Vĩnh
29536	Xã Đông Hải	Huyện Duyên Hải	84	Tỉnh Trà Vinh	86	29536	exact	29536:Xã Đông Hải
29539	Xã Hiệp Thạnh	Thị xã Duyên Hải	84	Tỉnh Trà Vinh	86	29518	exact	29518:Xã Long Hữu
29542	Phường 9	Thành phố Vĩnh Long	86	Tỉnh Vĩnh Long	86	29551	exact	29551:Phường Long Châu
29545	Phường 5	Thành phố Vĩnh Long	86	Tỉnh Vĩnh Long	86	29590	exact	29590:Phường Thanh Đức
29548	Phường 1	Thành phố Vĩnh Long	86	Tỉnh Vĩnh Long	86		split	29551:Phường Long Châu|29512:Phường Duyên Hải|29242:Phường Trà Vinh
29551	Phường 2	Thành phố Vĩnh Long	86	Tỉnh Vĩnh Long	86	29516	exact	29516:Phường Trường Long Hòa
29554	Phường 4	Thành phố Vĩnh Long	86	Tỉnh Vĩnh Long	86	29557	exact	29557:Phường Phước Hậu
29557	Phường 3	Thành phố Vĩnh Long	86	Tỉnh Vĩnh Long	86		split	29557:Phường Phước Hậu|29242:Phường Trà Vinh
29560	Phường 8	Thành phố Vĩnh Long	86	Tỉnh Vĩnh Long	86	29593	exact	29593:Phường Tân Hạnh
29563	Phường Tân Ngãi	Thành phố Vĩnh Long	86	Tỉnh Vĩnh Long	86	29566	exact	29566:Phường Tân Ngãi
29566	Phường Tân Hòa	Thành phố Vĩnh Long	86	Tỉnh Vĩnh Long	86	29566	exact	29566:Phường Tân Ngãi
29569	Phường Tân Hội	Thành phố Vĩnh Long	86	Tỉnh Vĩnh Long	86	29566	exact	29566:Phường Tân Ngãi
29572	Phường Trường An	Thành phố Vĩnh Long	86	Tỉnh Vĩnh Long	86	29551	exact	29551:Phường Long Châu
29575	Thị trấn Long Hồ	Huyện Long Hồ	86	Tỉnh Vĩnh Long	86	29602	exact	29602:Xã Long Hồ
29578	Xã Đồng Phú	Huyện Long Hồ	86	Tỉnh Vĩnh Long	86	29584	exact	29584:Xã An Bình
29581	Xã Bình Hòa Phước	Huyện Long Hồ	86	Tỉnh Vĩnh Long	86	29584	exact	29584:Xã An Bình
29584	Xã Hòa Ninh	Huyện Long Hồ	86	Tỉnh Vĩnh Long	86	29584	exact	29584:Xã An Bình
29587	Xã An Bình	Huyện Long Hồ	86	Tỉnh Vĩnh Long	86	29584	exact	29584:Xã An Bình
29590	Xã Thanh Đức	Huyện Long Hồ	86	Tỉnh Vĩnh Long	86	29590	exact	29590:Phường Thanh Đức
29593	Xã Tân Hạnh	Huyện Long Hồ	86	Tỉnh Vĩnh Long	86	29593	exact	29593:Phường Tân Hạnh
29596	Xã Phước Hậu	Huyện Long Hồ	86	Tỉnh Vĩnh Long	86	29557	exact	29557:Phường Phước Hậu
29599	Xã Long Phước	Huyện Long Hồ	86	Tỉnh Vĩnh Long	86	29602	exact	29602:Xã Long Hồ
29602	Xã Phú Đức	Huyện Long Hồ	86	Tỉnh Vĩnh Long	86	28840	exact	28840:Xã Tân Phú
29605	Xã Lộc Hòa	Huyện Long Hồ	86	Tỉnh Vĩnh Long	86	29611	exact	29611:Xã Phú Quới
29608	Xã Long An	Huyện Long Hồ	86	Tỉnh Vĩnh Long	86	29602	exact	29602:Xã Long Hồ
29611	Xã Phú Quới	Huyện Long Hồ	86	Tỉnh Vĩnh Long	86	29611	exact	29611:Xã Phú Quới
29614	Xã Thạnh Quới	Huyện Long Hồ	86	Tỉnh Vĩnh Long	86	29611	exact	29611:Xã Phú Quới
29617	Xã Hòa Phú	Huyện Long Hồ	86	Tỉnh Vĩnh Long	86	29611	exact	29611:Xã Phú Quới
29623	Xã Mỹ An	Huyện Mang Thít	86	Tỉnh Vĩnh Long	86	29623	exact	29623:Xã Nhơn Phú
29626	Xã Mỹ Phước	Huyện Mang Thít	86	Tỉnh Vĩnh Long	86	29623	exact	29623:Xã Nhơn Phú
29629	Xã An Phước	Huyện Mang Thít	86	Tỉnh Vĩnh Long	86	29641	exact	29641:Xã Cái Nhum
29632	Xã Nhơn Phú	Huyện Mang Thít	86	Tỉnh Vĩnh Long	86	29623	exact	29623:Xã Nhơn Phú
29635	Xã Long Mỹ	Huyện Mang Thít	86	Tỉnh Vĩnh Long	86	29638	exact	29638:Xã Bình Phước
29638	Xã Hòa Tịnh	Huyện Mang Thít	86	Tỉnh Vĩnh Long	86	29638	exact	29638:Xã Bình Phước
29641	Thị trấn Cái Nhum	Huyện Mang Thít	86	Tỉnh Vĩnh Long	86	29641	exact	29641:Xã Cái Nhum
29644	Xã Bình Phước	Huyện Mang Thít	86	Tỉnh Vĩnh Long	86	29638	exact	29638:Xã Bình Phước
29647	Xã Chánh An	Huyện Mang Thít	86	Tỉnh Vĩnh Long	86	29641	exact	29641:Xã Cái Nhum
29650	Xã Tân An Hội	Huyện Mang Thít	86	Tỉnh Vĩnh Long	86	29653	exact	29653:Xã Tân Long Hội
29653	Xã Tân Long	Huyện Mang Thít	86	Tỉnh Vĩnh Long	86	29653	exact	29653:Xã Tân Long Hội
29656	Xã Tân Long Hội	Huyện Mang Thít	86	Tỉnh Vĩnh Long	86	29653	exact	29653:Xã Tân Long Hội
29659	Thị trấn Vũng Liêm	Huyện Vũng Liêm	86	Tỉnh Vĩnh Long	86	29659	exact	29659:Xã Trung Thành
29662	Xã Tân Quới Trung	Huyện Vũng Liêm	86	Tỉnh Vĩnh Long	86	29668	exact	29668:Xã Quới An
29665	Xã Quới Thiện	Huyện Vũng Liêm	86	Tỉnh Vĩnh Long	86	29677	exact	29677:Xã Quới Thiện
29668	Xã Quới An	Huyện Vũng Liêm	86	Tỉnh Vĩnh Long	86	29668	exact	29668:Xã Quới An
29671	Xã Trung Chánh	Huyện Vũng Liêm	86	Tỉnh Vĩnh Long	86	29683	exact	29683:Xã Trung Hiệp
29674	Xã Tân An Luông	Huyện Vũng Liêm	86	Tỉnh Vĩnh Long	86	29683	exact	29683:Xã Trung Hiệp
29677	Xã Thanh Bình	Huyện Vũng Liêm	86	Tỉnh Vĩnh Long	86	29677	exact	29677:Xã Quới Thiện
29680	Xã Trung Thành Tây	Huyện Vũng Liêm	86	Tỉnh Vĩnh Long	86	29668	exact	29668:Xã Quới An
29683	Xã Trung Hiệp	Huyện Vũng Liêm	86	Tỉnh Vĩnh Long	86	29683	exact	29683:Xã Trung Hiệp
29686	Xã Hiếu Phụng	Huyện Vũng Liêm	86	Tỉnh Vĩnh Long	86	29701	exact	29701:Xã Hiếu Phụng
29689	Xã Trung Thành Đông	Huyện Vũng Liêm	86	Tỉnh Vĩnh Long	86	29698	exact	29698:Xã Trung Ngãi
29692	Xã Trung Thành	Huyện Vũng Liêm	86	Tỉnh Vĩnh Long	86	29659	exact	29659:Xã Trung Thành
29695	Xã Trung Hiếu	Huyện Vũng Liêm	86	Tỉnh Vĩnh Long	86	29659	exact	29659:Xã Trung Thành
29698	Xã Trung Ngãi	Huyện Vũng Liêm	86	Tỉnh Vĩnh Long	86	29698	exact	29698:Xã Trung Ngãi
29701	Xã Hiếu Thuận	Huyện Vũng Liêm	86	Tỉnh Vĩnh Long	86	29701	exact	29701:Xã Hiếu Phụng
29704	Xã Trung Nghĩa	Huyện Vũng Liêm	86	Tỉnh Vĩnh Long	86	29698	exact	29698:Xã Trung Ngãi
29707	Xã Trung An	Huyện Vũng Liêm	86	Tỉnh Vĩnh Long	86	29701	exact	29701:Xã Hiếu Phụng
29710	Xã Hiếu Nhơn	Huyện Vũng Liêm	86	Tỉnh Vĩnh Long	86	29713	exact	29713:Xã Hiếu Thành
29713	Xã Hiếu Thành	Huyện Vũng Liêm	86	Tỉnh Vĩnh Long	86	29713	exact	29713:Xã Hiếu Thành
29716	Xã Hiếu Nghĩa	Huyện Vũng Liêm	86	Tỉnh Vĩnh Long	86	29713	exact	29713:Xã Hiếu Thành
29719	Thị trấn Tam Bình	Huyện Tam Bình	86	Tỉnh Vĩnh Long	86		split	29719:Xã Tam Bình|29836:Xã Trà Côn
29722	Xã Tân Lộc	Huyện Tam Bình	86	Tỉnh Vĩnh Long	86	29728	exact	29728:Xã Cái Ngang
29725	Xã Phú Thịnh	Huyện Tam Bình	86	Tỉnh Vĩnh Long	86	29740	exact	29740:Xã Song Phú
29728	Xã Hậu Lộc	Huyện Tam Bình	86	Tỉnh Vĩnh Long	86	29728	exact	29728:Xã Cái Ngang
29731	Xã Hòa Thạnh	Huyện Tam Bình	86	Tỉnh Vĩnh Long	86	29734	exact	29734:Xã Hòa Hiệp
29734	Xã Hoà Lộc	Huyện Tam Bình	86	Tỉnh Vĩnh Long	86		split	28921:Xã Tân Thành Bình|29734:Xã Hòa Hiệp
29737	Xã Phú Lộc	Huyện Tam Bình	86	Tỉnh Vĩnh Long	86	29728	exact	29728:Xã Cái Ngang
29740	Xã Song Phú	Huyện Tam Bình	86	Tỉnh Vĩnh Long	86	29740	exact	29740:Xã Song Phú
29743	Xã Hòa Hiệp	Huyện Tam Bình	86	Tỉnh Vĩnh Long	86	29734	exact	29734:Xã Hòa Hiệp
29746	Xã Mỹ Lộc	Huyện Tam Bình	86	Tỉnh Vĩnh Long	86	29728	exact	29728:Xã Cái Ngang
29749	Xã Tân Phú	Huyện Tam Bình	86	Tỉnh Vĩnh Long	86	29740	exact	29740:Xã Song Phú
29752	Xã Long Phú	Huyện Tam Bình	86	Tỉnh Vĩnh Long	86	29740	exact	29740:Xã Song Phú
29755	Xã Mỹ Thạnh Trung	Huyện Tam Bình	86	Tỉnh Vĩnh Long	86	29719	exact	29719:Xã Tam Bình
29758	Xã Tường Lộc	Huyện Tam Bình	86	Tỉnh Vĩnh Long	86		not_found	
29761	Xã Loan Mỹ	Huyện Tam Bình	86	Tỉnh Vĩnh Long	86	29767	exact	29767:Xã Ngãi Tứ
29764	Xã Ngãi Tứ	Huyện Tam Bình	86	Tỉnh Vĩnh Long	86		split	29770:Phường Cái Vồn|29767:Xã Ngãi Tứ
29767	Xã Bình Ninh	Huyện Tam Bình	86	Tỉnh Vĩnh Long	86	29767	exact	29767:Xã Ngãi Tứ
29770	Phường Cái Vồn	Thị xã Bình Minh	86	Tỉnh Vĩnh Long	86		split	29770:Phường Cái Vồn|29771:Phường Bình Minh
29771	Phường Thành Phước	Thị xã Bình Minh	86	Tỉnh Vĩnh Long	86		split	29770:Phường Cái Vồn|29771:Phường Bình Minh
29773	Xã Tân Hưng	Huyện Bình Tân	86	Tỉnh Vĩnh Long	86		split	29158:Xã An Hiệp|29362:Xã Hùng Hòa
29776	Xã Tân Thành	Huyện Bình Tân	86	Tỉnh Vĩnh Long	86		split	29785:Xã Tân Lược|29044:Xã Hưng Nhượng
29779	Xã Thành Trung	Huyện Bình Tân	86	Tỉnh Vĩnh Long	86	29788	exact	29788:Xã Mỹ Thuận
29782	Xã Tân An Thạnh	Huyện Bình Tân	86	Tỉnh Vĩnh Long	86	29785	exact	29785:Xã Tân Lược
29785	Xã Tân Lược	Huyện Bình Tân	86	Tỉnh Vĩnh Long	86	29785	exact	29785:Xã Tân Lược
29788	Xã Nguyễn Văn Thảnh	Huyện Bình Tân	86	Tỉnh Vĩnh Long	86	29788	exact	29788:Xã Mỹ Thuận
29791	Xã Thành Lợi	Huyện Bình Tân	86	Tỉnh Vĩnh Long	86	29800	exact	29800:Xã Tân Quới
29794	Xã Mỹ Thuận	Huyện Bình Tân	86	Tỉnh Vĩnh Long	86	29788	exact	29788:Xã Mỹ Thuận
29797	Xã Tân Bình	Huyện Bình Tân	86	Tỉnh Vĩnh Long	86	29800	exact	29800:Xã Tân Quới
29800	Thị trấn Tân Quới	Huyện Bình Tân	86	Tỉnh Vĩnh Long	86	29800	exact	29800:Xã Tân Quới
29806	Xã Thuận An	Thị xã Bình Minh	86	Tỉnh Vĩnh Long	86	29771	exact	29771:Phường Bình Minh
29809	Xã Đông Thạnh	Thị xã Bình Minh	86	Tỉnh Vĩnh Long	86	29812	exact	29812:Phường Đông Thành
29812	Xã Đông Bình	Thị xã Bình Minh	86	Tỉnh Vĩnh Long	86	29812	exact	29812:Phường Đông Thành
29813	Phường Đông Thuận	Thị xã Bình Minh	86	Tỉnh Vĩnh Long	86	29812	exact	29812:Phường Đông Thành
29815	Xã Mỹ Hòa	Thị xã Bình Minh	86	Tỉnh Vĩnh Long	86	29770	exact	29770:Phường Cái Vồn
29818	Xã Đông Thành	Thị xã Bình Minh	86	Tỉnh Vĩnh Long	86	29812	exact	29812:Phường Đông Thành
29821	Thị trấn Trà Ôn	Huyện Trà Ôn	86	Tỉnh Vĩnh Long	86		split	29821:Xã Trà Ôn|29767:Xã Ngãi Tứ
29824	Xã Xuân Hiệp	Huyện Trà Ôn	86	Tỉnh Vĩnh Long	86	29830	exact	29830:Xã Hòa Bình
29827	Xã Nhơn Bình	Huyện Trà Ôn	86	Tỉnh Vĩnh Long	86	29836	exact	29836:Xã Trà Côn
29830	Xã Hòa Bình	Huyện Trà Ôn	86	Tỉnh Vĩnh Long	86	29830	exact	29830:Xã Hòa Bình
29833	Xã Thới Hòa	Huyện Trà Ôn	86	Tỉnh Vĩnh Long	86	29830	exact	29830:Xã Hòa Bình
29836	Xã Trà Côn	Huyện Trà Ôn	86	Tỉnh Vĩnh Long	86	29836	exact	29836:Xã Trà Côn
29839	Xã Tân Mỹ	Huyện Trà Ôn	86	Tỉnh Vĩnh Long	86	29836	exact	29836:Xã Trà Côn
29842	Xã Hựu Thành	Huyện Trà Ôn	86	Tỉnh Vĩnh Long	86	29845	exact	29845:Xã Vĩnh Xuân
29845	Xã Vĩnh Xuân	Huyện Trà Ôn	86	Tỉnh Vĩnh Long	86	29845	exact	29845:Xã Vĩnh Xuân
29848	Xã Thuận Thới	Huyện Trà Ôn	86	Tỉnh Vĩnh Long	86	29845	exact	29845:Xã Vĩnh Xuân
29851	Xã Phú Thành	Huyện Trà Ôn	86	Tỉnh Vĩnh Long	86	29857	exact	29857:Xã Lục Sĩ Thành
29854	Xã Thiện Mỹ	Huyện Trà Ôn	86	Tỉnh Vĩnh Long	86		not_found	
29857	Xã Lục Sỹ Thành	Huyện Trà Ôn	86	Tỉnh Vĩnh Long	86		not_found	
29860	Xã Tích Thiện	Huyện Trà Ôn	86	Tỉnh Vĩnh Long	86	29821	exact	29821:Xã Trà Ôn
29863	Phường 11	Thành phố Cao Lãnh	87	Tỉnh Đồng Tháp	82		not_found	
29866	Phường 1	Thành phố Cao Lãnh	87	Tỉnh Đồng Tháp	82	29869	exact	29869:Phường Cao Lãnh
29869	Phường 2	Thành phố Cao Lãnh	87	Tỉnh Đồng Tháp	82		split	28297:Phường Long Thuận|29905:Phường Sa Đéc|28436:Phường Thanh Hòa|28261:Phường Mỹ Tho
29872	Phường 4	Thành phố Cao Lãnh	87	Tỉnh Đồng Tháp	82		split	29905:Phường Sa Đéc|28439:Phường Cai Lậy|29869:Phường Cao Lãnh|28249:Phường Đạo Thạnh|28435:Phường Mỹ Phước Tây
29875	Phường 3	Thành phố Cao Lãnh	87	Tỉnh Đồng Tháp	82		split	29905:Phường Sa Đéc|29869:Phường Cao Lãnh
29878	Phường 6	Thành phố Cao Lãnh	87	Tỉnh Đồng Tháp	82		split	28270:Phường Thới Sơn|29869:Phường Cao Lãnh
29881	Xã Mỹ Ngãi	Thành phố Cao Lãnh	87	Tỉnh Đồng Tháp	82		not_found	
29884	Xã Mỹ Tân	Thành phố Cao Lãnh	87	Tỉnh Đồng Tháp	82	29884	exact	29884:Phường Mỹ Ngãi
29887	Xã Mỹ Trà	Thành phố Cao Lãnh	87	Tỉnh Đồng Tháp	82	29888	exact	29888:Phường Mỹ Trà
29888	Phường Mỹ Phú	Thành phố Cao Lãnh	87	Tỉnh Đồng Tháp	82	29888	exact	29888:Phường Mỹ Trà
29890	Xã Tân Thuận Tây	Thành phố Cao Lãnh	87	Tỉnh Đồng Tháp	82	29869	exact	29869:Phường Cao Lãnh
29892	Phường Hoà Thuận	Thành phố Cao Lãnh	87	Tỉnh Đồng Tháp	82	29869	exact	29869:Phường Cao Lãnh
29893	Xã Hòa An	Thành phố Cao Lãnh	87	Tỉnh Đồng Tháp	82	29869	exact	29869:Phường Cao Lãnh
29896	Xã Tân Thuận Đông	Thành phố Cao Lãnh	87	Tỉnh Đồng Tháp	82	29869	exact	29869:Phường Cao Lãnh
29899	Xã Tịnh Thới	Thành phố Cao Lãnh	87	Tỉnh Đồng Tháp	82	29869	exact	29869:Phường Cao Lãnh
29902	Phường 3	Thành phố Sa Đéc	87	Tỉnh Đồng Tháp	82		split	29905:Phường Sa Đéc|29869:Phường Cao Lãnh
29905	Phường 1	Thành phố Sa Đéc	87	Tỉnh Đồng Tháp	82		split	29905:Phường Sa Đéc|28306:Phường Gò Công|28261:Phường Mỹ Tho|29869:Phường Cao Lãnh
29908	Phường 4	Thành phố Sa Đéc	87	Tỉnh Đồng Tháp	82	29905	exact	29905:Phường Sa Đéc
29911	Phường 2	Thành phố Sa Đéc	87	Tỉnh Đồng Tháp	82		split	28297:Phường Long Thuận|29905:Phường Sa Đéc|28436:Phường Thanh Hòa|28261:Phường Mỹ Tho
29914	Xã Tân Khánh Đông	Thành phố Sa Đéc	87	Tỉnh Đồng Tháp	82	29905	exact	29905:Phường Sa Đéc
29917	Phường Tân Quy Đông	Thành phố Sa Đéc	87	Tỉnh Đồng Tháp	82	29905	exact	29905:Phường Sa Đéc
29919	Phường An Hoà	Thành phố Sa Đéc	87	Tỉnh Đồng Tháp	82	29905	exact	29905:Phường Sa Đéc
29920	Xã Tân Quy Tây	Thành phố Sa Đéc	87	Tỉnh Đồng Tháp	82	29905	exact	29905:Phường Sa Đéc
29923	Xã Tân Phú Đông	Thành phố Sa Đéc	87	Tỉnh Đồng Tháp	82	30214	exact	30214:Xã Tân Dương
29926	Thị trấn Sa Rài	Huyện Tân Hồng	87	Tỉnh Đồng Tháp	82	29926	exact	29926:Xã Tân Hồng
29929	Xã Tân Hộ Cơ	Huyện Tân Hồng	87	Tỉnh Đồng Tháp	82	29929	exact	29929:Xã Tân Hộ Cơ
29932	Xã Thông Bình	Huyện Tân Hồng	87	Tỉnh Đồng Tháp	82	29938	exact	29938:Xã Tân Thành
29935	Xã Bình Phú	Huyện Tân Hồng	87	Tỉnh Đồng Tháp	82	29926	exact	29926:Xã Tân Hồng
29938	Xã Tân Thành A	Huyện Tân Hồng	87	Tỉnh Đồng Tháp	82	29938	exact	29938:Xã Tân Thành
29941	Xã Tân Thành B	Huyện Tân Hồng	87	Tỉnh Đồng Tháp	82	29929	exact	29929:Xã Tân Hộ Cơ
29944	Xã Tân Phước	Huyện Tân Hồng	87	Tỉnh Đồng Tháp	82	29944	exact	29944:Xã An Phước
29947	Xã Tân Công Chí	Huyện Tân Hồng	87	Tỉnh Đồng Tháp	82	29926	exact	29926:Xã Tân Hồng
29950	Xã An Phước	Huyện Tân Hồng	87	Tỉnh Đồng Tháp	82	29944	exact	29944:Xã An Phước
29954	Phường An Lộc	Thành phố Hồng Ngự	87	Tỉnh Đồng Tháp	82	29954	exact	29954:Phường An Bình
29955	Phường An Thạnh	Thành phố Hồng Ngự	87	Tỉnh Đồng Tháp	82	29955	exact	29955:Phường Hồng Ngự
29956	Xã Thường Phước 1	Huyện Hồng Ngự	87	Tỉnh Đồng Tháp	82	29971	exact	29971:Xã Thường Phước
29959	Xã Bình Thạnh	Thành phố Hồng Ngự	87	Tỉnh Đồng Tháp	82		split	30169:Xã Lấp Vò|30163:Xã Bình Thành|30112:Xã Mỹ Hiệp|29955:Phường Hồng Ngự
29962	Xã Thường Thới Hậu A	Huyện Hồng Ngự	87	Tỉnh Đồng Tháp	82	29978	exact	29978:Phường Thường Lạc
29965	Xã Tân Hội	Thành phố Hồng Ngự	87	Tỉnh Đồng Tháp	82	29955	exact	29955:Phường Hồng Ngự
29971	Thị trấn Thường Thới Tiền	Huyện Hồng Ngự	87	Tỉnh Đồng Tháp	82	29971	exact	29971:Xã Thường Phước
29974	Xã Thường Phước 2	Huyện Hồng Ngự	87	Tỉnh Đồng Tháp	82	29971	exact	29971:Xã Thường Phước
29977	Xã Thường Lạc	Huyện Hồng Ngự	87	Tỉnh Đồng Tháp	82	29978	exact	29978:Phường Thường Lạc
29978	Phường An Lạc	Thành phố Hồng Ngự	87	Tỉnh Đồng Tháp	82	29978	exact	29978:Phường Thường Lạc
29980	Xã Long Khánh A	Huyện Hồng Ngự	87	Tỉnh Đồng Tháp	82	29983	exact	29983:Xã Long Khánh
29983	Xã Long Khánh B	Huyện Hồng Ngự	87	Tỉnh Đồng Tháp	82	29983	exact	29983:Xã Long Khánh
29986	Phường An Bình B	Thành phố Hồng Ngự	87	Tỉnh Đồng Tháp	82	29954	exact	29954:Phường An Bình
29989	Phường An Bình A	Thành phố Hồng Ngự	87	Tỉnh Đồng Tháp	82	29954	exact	29954:Phường An Bình
29992	Xã Long Thuận	Huyện Hồng Ngự	87	Tỉnh Đồng Tháp	82	29992	exact	29992:Xã Long Phú Thuận
29995	Xã Phú Thuận B	Huyện Hồng Ngự	87	Tỉnh Đồng Tháp	82		split	29992:Xã Long Phú Thuận|30154:Xã Tân Long
29998	Xã Phú Thuận A	Huyện Hồng Ngự	87	Tỉnh Đồng Tháp	82	29992	exact	29992:Xã Long Phú Thuận
30001	Thị trấn Tràm Chim	Huyện Tam Nông	87	Tỉnh Đồng Tháp	82	30001	exact	30001:Xã Tràm Chim
30004	Xã Hoà Bình	Huyện Tam Nông	87	Tỉnh Đồng Tháp	82	30025	exact	30025:Xã Phú Cường
30007	Xã Tân Công Sính	Huyện Tam Nông	87	Tỉnh Đồng Tháp	82	30001	exact	30001:Xã Tràm Chim
30010	Xã Phú Hiệp	Huyện Tam Nông	87	Tỉnh Đồng Tháp	82	30010	exact	30010:Xã Tam Nông
30013	Xã Phú Đức	Huyện Tam Nông	87	Tỉnh Đồng Tháp	82	30010	exact	30010:Xã Tam Nông
30016	Xã Phú Thành B	Huyện Tam Nông	87	Tỉnh Đồng Tháp	82	30019	exact	30019:Xã An Hòa
30019	Xã An Hòa	Huyện Tam Nông	87	Tỉnh Đồng Tháp	82	30019	exact	30019:Xã An Hòa
30022	Xã An Long	Huyện Tam Nông	87	Tỉnh Đồng Tháp	82	30028	exact	30028:Xã An Long
30025	Xã Phú Cường	Huyện Tam Nông	87	Tỉnh Đồng Tháp	82	30025	exact	30025:Xã Phú Cường
30028	Xã Phú Ninh	Huyện Tam Nông	87	Tỉnh Đồng Tháp	82	30028	exact	30028:Xã An Long
30031	Xã Phú Thọ	Huyện Tam Nông	87	Tỉnh Đồng Tháp	82	30034	exact	30034:Xã Phú Thọ
30034	Xã Phú Thành A	Huyện Tam Nông	87	Tỉnh Đồng Tháp	82	30034	exact	30034:Xã Phú Thọ
30037	Thị trấn Mỹ An	Huyện Tháp Mười	87	Tỉnh Đồng Tháp	82	30037	exact	30037:Xã Tháp Mười
30040	Xã Thạnh Lợi	Huyện Tháp Mười	87	Tỉnh Đồng Tháp	82	30046	exact	30046:Xã Trường Xuân
30043	Xã Hưng Thạnh	Huyện Tháp Mười	87	Tỉnh Đồng Tháp	82	30043	exact	30043:Xã Phương Thịnh
30046	Xã Trường Xuân	Huyện Tháp Mười	87	Tỉnh Đồng Tháp	82	30046	exact	30046:Xã Trường Xuân
30049	Xã Tân Kiều	Huyện Tháp Mười	87	Tỉnh Đồng Tháp	82	30061	exact	30061:Xã Đốc Binh Kiều
30052	Xã Mỹ Hòa	Huyện Tháp Mười	87	Tỉnh Đồng Tháp	82	30037	exact	30037:Xã Tháp Mười
30055	Xã Mỹ Quý	Huyện Tháp Mười	87	Tỉnh Đồng Tháp	82		not_found	
30058	Xã Mỹ Đông	Huyện Tháp Mười	87	Tỉnh Đồng Tháp	82	30055	exact	30055:Xã Mỹ Quí
30061	Xã Đốc Binh Kiều	Huyện Tháp Mười	87	Tỉnh Đồng Tháp	82	30061	exact	30061:Xã Đốc Binh Kiều
30064	Xã Mỹ An	Huyện Tháp Mười	87	Tỉnh Đồng Tháp	82	30037	exact	30037:Xã Tháp Mười
30067	Xã Phú Điền	Huyện Tháp Mười	87	Tỉnh Đồng Tháp	82	30073	exact	30073:Xã Thanh Mỹ
30070	Xã Láng Biển	Huyện Tháp Mười	87	Tỉnh Đồng Tháp	82	30055	exact	30055:Xã Mỹ Quí
30073	Xã Thanh Mỹ	Huyện Tháp Mười	87	Tỉnh Đồng Tháp	82		split	28321:Xã Tân Phước 1|30073:Xã Thanh Mỹ
30076	Thị trấn Mỹ Thọ	Huyện Cao Lãnh	87	Tỉnh Đồng Tháp	82	30076	exact	30076:Xã Mỹ Thọ
30079	Xã Gáo Giồng	Huyện Cao Lãnh	87	Tỉnh Đồng Tháp	82		split	30088:Xã Phong Mỹ|30025:Xã Phú Cường
30082	Xã Phương Thịnh	Huyện Cao Lãnh	87	Tỉnh Đồng Tháp	82	30043	exact	30043:Xã Phương Thịnh
30085	Xã Ba Sao	Huyện Cao Lãnh	87	Tỉnh Đồng Tháp	82	30085	exact	30085:Xã Ba Sao
30088	Xã Phong Mỹ	Huyện Cao Lãnh	87	Tỉnh Đồng Tháp	82	30088	exact	30088:Xã Phong Mỹ
30091	Xã Tân Nghĩa	Huyện Cao Lãnh	87	Tỉnh Đồng Tháp	82	29884	exact	29884:Phường Mỹ Ngãi
30094	Xã Phương Trà	Huyện Cao Lãnh	87	Tỉnh Đồng Tháp	82	30085	exact	30085:Xã Ba Sao
30097	Xã Nhị Mỹ	Huyện Cao Lãnh	87	Tỉnh Đồng Tháp	82	29888	exact	29888:Phường Mỹ Trà
30100	Xã Mỹ Thọ	Huyện Cao Lãnh	87	Tỉnh Đồng Tháp	82	30076	exact	30076:Xã Mỹ Thọ
30103	Xã Tân Hội Trung	Huyện Cao Lãnh	87	Tỉnh Đồng Tháp	82	30118	exact	30118:Xã Bình Hàng Trung
30106	Xã An Bình	Huyện Cao Lãnh	87	Tỉnh Đồng Tháp	82	29888	exact	29888:Phường Mỹ Trà
30109	Xã Mỹ Hội	Huyện Cao Lãnh	87	Tỉnh Đồng Tháp	82	30076	exact	30076:Xã Mỹ Thọ
30112	Xã Mỹ Hiệp	Huyện Cao Lãnh	87	Tỉnh Đồng Tháp	82	30112	exact	30112:Xã Mỹ Hiệp
30115	Xã Mỹ Long	Huyện Cao Lãnh	87	Tỉnh Đồng Tháp	82		split	28504:Xã Long Tiên|30112:Xã Mỹ Hiệp
30118	Xã Bình Hàng Trung	Huyện Cao Lãnh	87	Tỉnh Đồng Tháp	82	30118	exact	30118:Xã Bình Hàng Trung
30121	Xã Mỹ Xương	Huyện Cao Lãnh	87	Tỉnh Đồng Tháp	82	30076	exact	30076:Xã Mỹ Thọ
30124	Xã Bình Hàng Tây	Huyện Cao Lãnh	87	Tỉnh Đồng Tháp	82	30118	exact	30118:Xã Bình Hàng Trung
30127	Xã Bình Thạnh	Huyện Cao Lãnh	87	Tỉnh Đồng Tháp	82	30112	exact	30112:Xã Mỹ Hiệp
30130	Thị trấn Thanh Bình	Huyện Thanh Bình	87	Tỉnh Đồng Tháp	82	30130	exact	30130:Xã Thanh Bình
30133	Xã Tân Quới	Huyện Thanh Bình	87	Tỉnh Đồng Tháp	82	30154	exact	30154:Xã Tân Long
30136	Xã Tân Hòa	Huyện Thanh Bình	87	Tỉnh Đồng Tháp	82	30154	exact	30154:Xã Tân Long
30139	Xã An Phong	Huyện Thanh Bình	87	Tỉnh Đồng Tháp	82	30028	exact	30028:Xã An Long
30142	Xã Phú Lợi	Huyện Thanh Bình	87	Tỉnh Đồng Tháp	82	30157	exact	30157:Xã Tân Thạnh
30145	Xã Tân Mỹ	Huyện Thanh Bình	87	Tỉnh Đồng Tháp	82		split	30130:Xã Thanh Bình|30178:Xã Mỹ An Hưng
30148	Xã Bình Tấn	Huyện Thanh Bình	87	Tỉnh Đồng Tháp	82		split	30163:Xã Bình Thành|28687:Xã Long Bình
30151	Xã Tân Huề	Huyện Thanh Bình	87	Tỉnh Đồng Tháp	82	30154	exact	30154:Xã Tân Long
30154	Xã Tân Bình	Huyện Thanh Bình	87	Tỉnh Đồng Tháp	82		split	30154:Xã Tân Long|28436:Phường Thanh Hòa|30259:Xã Tân Phú Trung
30157	Xã Tân Thạnh	Huyện Thanh Bình	87	Tỉnh Đồng Tháp	82		split	30130:Xã Thanh Bình|30157:Xã Tân Thạnh
30160	Xã Tân Phú	Huyện Thanh Bình	87	Tỉnh Đồng Tháp	82	30130	exact	30130:Xã Thanh Bình
30163	Xã Bình Thành	Huyện Thanh Bình	87	Tỉnh Đồng Tháp	82	30163	exact	30163:Xã Bình Thành
30166	Xã Tân Long	Huyện Thanh Bình	87	Tỉnh Đồng Tháp	82	30154	exact	30154:Xã Tân Long
30169	Thị trấn Lấp Vò	Huyện Lấp Vò	87	Tỉnh Đồng Tháp	82	30169	exact	30169:Xã Lấp Vò
30172	Xã Mỹ An Hưng A	Huyện Lấp Vò	87	Tỉnh Đồng Tháp	82	30178	exact	30178:Xã Mỹ An Hưng
30175	Xã Tân Mỹ	Huyện Lấp Vò	87	Tỉnh Đồng Tháp	82	30178	exact	30178:Xã Mỹ An Hưng
30178	Xã Mỹ An Hưng B	Huyện Lấp Vò	87	Tỉnh Đồng Tháp	82	30178	exact	30178:Xã Mỹ An Hưng
30181	Xã Tân Khánh Trung	Huyện Lấp Vò	87	Tỉnh Đồng Tháp	82	30184	exact	30184:Xã Tân Khánh Trung
30184	Xã Long Hưng A	Huyện Lấp Vò	87	Tỉnh Đồng Tháp	82	30184	exact	30184:Xã Tân Khánh Trung
30187	Xã Vĩnh Thạnh	Huyện Lấp Vò	87	Tỉnh Đồng Tháp	82	30169	exact	30169:Xã Lấp Vò
30190	Xã Long Hưng B	Huyện Lấp Vò	87	Tỉnh Đồng Tháp	82	30184	exact	30184:Xã Tân Khánh Trung
30193	Xã Bình Thành	Huyện Lấp Vò	87	Tỉnh Đồng Tháp	82	30169	exact	30169:Xã Lấp Vò
30196	Xã Định An	Huyện Lấp Vò	87	Tỉnh Đồng Tháp	82	30226	exact	30226:Xã Lai Vung
30199	Xã Định Yên	Huyện Lấp Vò	87	Tỉnh Đồng Tháp	82	30226	exact	30226:Xã Lai Vung
30202	Xã Hội An Đông	Huyện Lấp Vò	87	Tỉnh Đồng Tháp	82	30178	exact	30178:Xã Mỹ An Hưng
30205	Xã Bình Thạnh Trung	Huyện Lấp Vò	87	Tỉnh Đồng Tháp	82	30169	exact	30169:Xã Lấp Vò
30208	Thị trấn Lai Vung	Huyện Lai Vung	87	Tỉnh Đồng Tháp	82	30208	exact	30208:Xã Hòa Long
30211	Xã Tân Dương	Huyện Lai Vung	87	Tỉnh Đồng Tháp	82	30214	exact	30214:Xã Tân Dương
30214	Xã Hòa Thành	Huyện Lai Vung	87	Tỉnh Đồng Tháp	82	30214	exact	30214:Xã Tân Dương
30217	Xã Long Hậu	Huyện Lai Vung	87	Tỉnh Đồng Tháp	82	30208	exact	30208:Xã Hòa Long
30220	Xã Tân Phước	Huyện Lai Vung	87	Tỉnh Đồng Tháp	82	30226	exact	30226:Xã Lai Vung
30223	Xã Hòa Long	Huyện Lai Vung	87	Tỉnh Đồng Tháp	82	30208	exact	30208:Xã Hòa Long
30226	Xã Tân Thành	Huyện Lai Vung	87	Tỉnh Đồng Tháp	82		split	30130:Xã Thanh Bình|28693:Xã Tân Thới|30226:Xã Lai Vung|28426:Xã Thanh Hưng|28747:Xã Gò Công Đông|30157:Xã Tân Thạnh
30229	Xã Long Thắng	Huyện Lai Vung	87	Tỉnh Đồng Tháp	82	30208	exact	30208:Xã Hòa Long
30232	Xã Vĩnh Thới	Huyện Lai Vung	87	Tỉnh Đồng Tháp	82	30235	exact	30235:Xã Phong Hòa
30235	Xã Tân Hòa	Huyện Lai Vung	87	Tỉnh Đồng Tháp	82	30235	exact	30235:Xã Phong Hòa
30238	Xã Định Hòa	Huyện Lai Vung	87	Tỉnh Đồng Tháp	82	30235	exact	30235:Xã Phong Hòa
30241	Xã Phong Hòa	Huyện Lai Vung	87	Tỉnh Đồng Tháp	82	30235	exact	30235:Xã Phong Hòa
30244	Thị trấn Cái Tàu Hạ	Huyện Châu Thành	87	Tỉnh Đồng Tháp	82	30244	exact	30244:Xã Phú Hựu
30247	Xã An Hiệp	Huyện Châu Thành	87	Tỉnh Đồng Tháp	82	30244	exact	30244:Xã Phú Hựu
30250	Xã An Nhơn	Huyện Châu Thành	87	Tỉnh Đồng Tháp	82	30244	exact	30244:Xã Phú Hựu
30253	Xã Tân Nhuận Đông	Huyện Châu Thành	87	Tỉnh Đồng Tháp	82	30253	exact	30253:Xã Tân Nhuận Đông
30256	Xã Tân Bình	Huyện Châu Thành	87	Tỉnh Đồng Tháp	82		split	30154:Xã Tân Long|28436:Phường Thanh Hòa|30259:Xã Tân Phú Trung
30259	Xã Tân Phú Trung	Huyện Châu Thành	87	Tỉnh Đồng Tháp	82	30259	exact	30259:Xã Tân Phú Trung
30262	Xã Phú Long	Huyện Châu Thành	87	Tỉnh Đồng Tháp	82	30259	exact	30259:Xã Tân Phú Trung
30265	Xã An Phú Thuận	Huyện Châu Thành	87	Tỉnh Đồng Tháp	82	30244	exact	30244:Xã Phú Hựu
30268	Xã Phú Hựu	Huyện Châu Thành	87	Tỉnh Đồng Tháp	82	30244	exact	30244:Xã Phú Hựu
30271	Xã An Khánh	Huyện Châu Thành	87	Tỉnh Đồng Tháp	82	30253	exact	30253:Xã Tân Nhuận Đông
30274	Xã Tân Phú	Huyện Châu Thành	87	Tỉnh Đồng Tháp	82	30259	exact	30259:Xã Tân Phú Trung
30277	Xã Hòa Tân	Huyện Châu Thành	87	Tỉnh Đồng Tháp	82	30253	exact	30253:Xã Tân Nhuận Đông
30280	Phường Mỹ Bình	Thành phố Long Xuyên	89	Tỉnh An Giang	91	30307	exact	30307:Phường Long Xuyên
30283	Phường Mỹ Long	Thành phố Long Xuyên	89	Tỉnh An Giang	91	30307	exact	30307:Phường Long Xuyên
30285	Phường Đông Xuyên	Thành phố Long Xuyên	89	Tỉnh An Giang	91		not_found	
30286	Phường Mỹ Xuyên	Thành phố Long Xuyên	89	Tỉnh An Giang	91	30307	exact	30307:Phường Long Xuyên
30289	Phường Bình Đức	Thành phố Long Xuyên	89	Tỉnh An Giang	91	30292	exact	30292:Phường Bình Đức
30292	Phường Bình Khánh	Thành phố Long Xuyên	89	Tỉnh An Giang	91	30292	exact	30292:Phường Bình Đức
30295	Phường Mỹ Phước	Thành phố Long Xuyên	89	Tỉnh An Giang	91	30307	exact	30307:Phường Long Xuyên
30298	Phường Mỹ Quý	Thành phố Long Xuyên	89	Tỉnh An Giang	91	30307	exact	30307:Phường Long Xuyên
30301	Phường Mỹ Thới	Thành phố Long Xuyên	89	Tỉnh An Giang	91	30301	exact	30301:Phường Mỹ Thới
30304	Phường Mỹ Thạnh	Thành phố Long Xuyên	89	Tỉnh An Giang	91	30301	exact	30301:Phường Mỹ Thới
30307	Phường Mỹ Hòa	Thành phố Long Xuyên	89	Tỉnh An Giang	91	30307	exact	30307:Phường Long Xuyên
30310	Xã Mỹ Khánh	Thành phố Long Xuyên	89	Tỉnh An Giang	91	30292	exact	30292:Phường Bình Đức
30313	Xã Mỹ Hoà Hưng	Thành phố Long Xuyên	89	Tỉnh An Giang	91	30313	exact	30313:Xã Mỹ Hòa Hưng
30316	Phường Châu Phú B	Thành phố Châu Đốc	89	Tỉnh An Giang	91	30316	exact	30316:Phường Châu Đốc
30319	Phường Châu Phú A	Thành phố Châu Đốc	89	Tỉnh An Giang	91	30316	exact	30316:Phường Châu Đốc
30322	Phường Vĩnh Mỹ	Thành phố Châu Đốc	89	Tỉnh An Giang	91	30316	exact	30316:Phường Châu Đốc
30325	Phường Núi Sam	Thành phố Châu Đốc	89	Tỉnh An Giang	91	30325	exact	30325:Phường Vĩnh Tế
30328	Phường Vĩnh Ngươn	Thành phố Châu Đốc	89	Tỉnh An Giang	91	30316	exact	30316:Phường Châu Đốc
30331	Xã Vĩnh Tế	Thành phố Châu Đốc	89	Tỉnh An Giang	91	30325	exact	30325:Phường Vĩnh Tế
30334	Xã Vĩnh Châu	Thành phố Châu Đốc	89	Tỉnh An Giang	91	30325	partial	30325:Phường Vĩnh Tế
30337	Thị trấn An Phú	Huyện An Phú	89	Tỉnh An Giang	91	30337	exact	30337:Xã An Phú
30340	Xã Khánh An	Huyện An Phú	89	Tỉnh An Giang	91	30341	exact	30341:Xã Khánh Bình
30341	Thị trấn Long Bình	Huyện An Phú	89	Tỉnh An Giang	91	30341	exact	30341:Xã Khánh Bình
30343	Xã Khánh Bình	Huyện An Phú	89	Tỉnh An Giang	91	30341	exact	30341:Xã Khánh Bình
30346	Xã Quốc Thái	Huyện An Phú	89	Tỉnh An Giang	91	30346	exact	30346:Xã Nhơn Hội
30349	Xã Nhơn Hội	Huyện An Phú	89	Tỉnh An Giang	91	30346	exact	30346:Xã Nhơn Hội
30352	Xã Phú Hữu	Huyện An Phú	89	Tỉnh An Giang	91	30352	exact	30352:Xã Phú Hữu
30355	Xã Phú Hội	Huyện An Phú	89	Tỉnh An Giang	91	30346	partial	30346:Xã Nhơn Hội
30358	Xã Phước Hưng	Huyện An Phú	89	Tỉnh An Giang	91	30352	partial	30352:Xã Phú Hữu
30361	Xã Vĩnh Lộc	Huyện An Phú	89	Tỉnh An Giang	91	30352	exact	30352:Xã Phú Hữu
30364	Xã Vĩnh Hậu	Huyện An Phú	89	Tỉnh An Giang	91	30367	exact	30367:Xã Vĩnh Hậu
30367	Xã Vĩnh Trường	Huyện An Phú	89	Tỉnh An Giang	91	30367	exact	30367:Xã Vĩnh Hậu
30370	Xã Vĩnh Hội Đông	Huyện An Phú	89	Tỉnh An Giang	91	30337	exact	30337:Xã An Phú
30373	Thị trấn Đa Phước	Huyện An Phú	89	Tỉnh An Giang	91	30367	exact	30367:Xã Vĩnh Hậu
30376	Phường Long Thạnh	Thị xã Tân Châu	89	Tỉnh An Giang	91	30376	exact	30376:Phường Tân Châu
30377	Phường Long Hưng	Thị xã Tân Châu	89	Tỉnh An Giang	91	30377	exact	30377:Phường Long Phú
30378	Phường Long Châu	Thị xã Tân Châu	89	Tỉnh An Giang	91	30377	exact	30377:Phường Long Phú
30379	Xã Phú Lộc	Thị xã Tân Châu	89	Tỉnh An Giang	91	30385	exact	30385:Xã Vĩnh Xương
30382	Xã Vĩnh Xương	Thị xã Tân Châu	89	Tỉnh An Giang	91	30385	exact	30385:Xã Vĩnh Xương
30385	Xã Vĩnh Hòa	Thị xã Tân Châu	89	Tỉnh An Giang	91	30385	exact	30385:Xã Vĩnh Xương
30387	Xã Tân Thạnh	Thị xã Tân Châu	89	Tỉnh An Giang	91	30388	exact	30388:Xã Tân An
30388	Xã Tân An	Thị xã Tân Châu	89	Tỉnh An Giang	91		split	30856:Xã Tân Hội|30388:Xã Tân An
30391	Xã Long An	Thị xã Tân Châu	89	Tỉnh An Giang	91	30388	exact	30388:Xã Tân An
30394	Phường Long Phú	Thị xã Tân Châu	89	Tỉnh An Giang	91	30377	exact	30377:Phường Long Phú
30397	Xã Châu Phong	Thị xã Tân Châu	89	Tỉnh An Giang	91	30403	exact	30403:Xã Châu Phong
30400	Xã Phú Vĩnh	Thị xã Tân Châu	89	Tỉnh An Giang	91	30403	exact	30403:Xã Châu Phong
30403	Xã Lê Chánh	Thị xã Tân Châu	89	Tỉnh An Giang	91	30403	exact	30403:Xã Châu Phong
30406	Thị trấn Phú Mỹ	Huyện Phú Tân	89	Tỉnh An Giang	91	30406	exact	30406:Xã Phú Tân
30409	Thị trấn Chợ Vàm	Huyện Phú Tân	89	Tỉnh An Giang	91	30409	exact	30409:Xã Chợ Vàm
30412	Phường Long Sơn	Thị xã Tân Châu	89	Tỉnh An Giang	91	30376	exact	30376:Phường Tân Châu
30415	Xã Long Hoà	Huyện Phú Tân	89	Tỉnh An Giang	91	30421	exact	30421:Xã Phú Lâm
30418	Xã Phú Long	Huyện Phú Tân	89	Tỉnh An Giang	91	30421	exact	30421:Xã Phú Lâm
30421	Xã Phú Lâm	Huyện Phú Tân	89	Tỉnh An Giang	91	30421	exact	30421:Xã Phú Lâm
30424	Xã Phú Hiệp	Huyện Phú Tân	89	Tỉnh An Giang	91	30430	exact	30430:Xã Hòa Lạc
30427	Xã Phú Thạnh	Huyện Phú Tân	89	Tỉnh An Giang	91	30409	exact	30409:Xã Chợ Vàm
30430	Xã Hoà Lạc	Huyện Phú Tân	89	Tỉnh An Giang	91	30430	exact	30430:Xã Hòa Lạc
30433	Xã Phú Thành	Huyện Phú Tân	89	Tỉnh An Giang	91	30409	exact	30409:Xã Chợ Vàm
30436	Xã Phú An	Huyện Phú Tân	89	Tỉnh An Giang	91	30436	exact	30436:Xã Phú An
30439	Xã Phú Xuân	Huyện Phú Tân	89	Tỉnh An Giang	91	30436	exact	30436:Xã Phú An
30442	Xã Hiệp Xương	Huyện Phú Tân	89	Tỉnh An Giang	91	30445	exact	30445:Xã Bình Thạnh Đông
30445	Xã Phú Bình	Huyện Phú Tân	89	Tỉnh An Giang	91	30445	exact	30445:Xã Bình Thạnh Đông
30448	Xã Phú Thọ	Huyện Phú Tân	89	Tỉnh An Giang	91	30436	exact	30436:Xã Phú An
30451	Xã Phú Hưng	Huyện Phú Tân	89	Tỉnh An Giang	91	30406	exact	30406:Xã Phú Tân
30454	Xã Bình Thạnh Đông	Huyện Phú Tân	89	Tỉnh An Giang	91	30445	exact	30445:Xã Bình Thạnh Đông
30457	Xã Tân Hòa	Huyện Phú Tân	89	Tỉnh An Giang	91	30406	exact	30406:Xã Phú Tân
30460	Xã Tân Trung	Huyện Phú Tân	89	Tỉnh An Giang	91	30406	exact	30406:Xã Phú Tân
30463	Thị trấn Cái Dầu	Huyện Châu Phú	89	Tỉnh An Giang	91	30463	exact	30463:Xã Châu Phú
30466	Xã Khánh Hòa	Huyện Châu Phú	89	Tỉnh An Giang	91	30469	exact	30469:Xã Mỹ Đức
30469	Xã Mỹ Đức	Huyện Châu Phú	89	Tỉnh An Giang	91	30469	exact	30469:Xã Mỹ Đức
30472	Xã Mỹ Phú	Huyện Châu Phú	89	Tỉnh An Giang	91	30478	exact	30478:Xã Vĩnh Thạnh Trung
30475	Xã Ô Long Vỹ	Huyện Châu Phú	89	Tỉnh An Giang	91		not_found	
30478	Thị trấn Vĩnh Thạnh Trung	Huyện Châu Phú	89	Tỉnh An Giang	91	30478	exact	30478:Xã Vĩnh Thạnh Trung
30481	Xã Thạnh Mỹ Tây	Huyện Châu Phú	89	Tỉnh An Giang	91	30481	exact	30481:Xã Thạnh Mỹ Tây
30484	Xã Bình Long	Huyện Châu Phú	89	Tỉnh An Giang	91	30463	exact	30463:Xã Châu Phú
30487	Xã Bình Mỹ	Huyện Châu Phú	89	Tỉnh An Giang	91	30487	exact	30487:Xã Bình Mỹ
30490	Xã Bình Thủy	Huyện Châu Phú	89	Tỉnh An Giang	91	30487	exact	30487:Xã Bình Mỹ
30493	Xã Đào Hữu Cảnh	Huyện Châu Phú	89	Tỉnh An Giang	91	30481	exact	30481:Xã Thạnh Mỹ Tây
30496	Xã Bình Phú	Huyện Châu Phú	89	Tỉnh An Giang	91	30463	exact	30463:Xã Châu Phú
30499	Xã Bình Chánh	Huyện Châu Phú	89	Tỉnh An Giang	91	30487	exact	30487:Xã Bình Mỹ
30502	Phường Nhà Bàng	Thị xã Tịnh Biên	89	Tỉnh An Giang	91	30502	exact	30502:Phường Thới Sơn
30505	Phường Chi Lăng	Thị xã Tịnh Biên	89	Tỉnh An Giang	91	30505	exact	30505:Phường Chi Lăng
30508	Phường Núi Voi	Thị xã Tịnh Biên	89	Tỉnh An Giang	91	30505	exact	30505:Phường Chi Lăng
30511	Phường Nhơn Hưng	Thị xã Tịnh Biên	89	Tỉnh An Giang	91	30502	exact	30502:Phường Thới Sơn
30514	Phường An Phú	Thị xã Tịnh Biên	89	Tỉnh An Giang	91	30520	exact	30520:Phường Tịnh Biên
30517	Phường Thới Sơn	Thị xã Tịnh Biên	89	Tỉnh An Giang	91	30502	exact	30502:Phường Thới Sơn
30520	Phường Tịnh Biên	Thị xã Tịnh Biên	89	Tỉnh An Giang	91	30520	exact	30520:Phường Tịnh Biên
30523	Xã Văn Giáo	Thị xã Tịnh Biên	89	Tỉnh An Giang	91	30526	exact	30526:Xã An Cư
30526	Xã An Cư	Thị xã Tịnh Biên	89	Tỉnh An Giang	91	30526	exact	30526:Xã An Cư
30529	Xã An Nông	Thị xã Tịnh Biên	89	Tỉnh An Giang	91	30520	exact	30520:Phường Tịnh Biên
30532	Xã Vĩnh Trung	Thị xã Tịnh Biên	89	Tỉnh An Giang	91	30526	exact	30526:Xã An Cư
30535	Xã Tân Lợi	Thị xã Tịnh Biên	89	Tỉnh An Giang	91	30505	exact	30505:Phường Chi Lăng
30538	Xã An Hảo	Thị xã Tịnh Biên	89	Tỉnh An Giang	91	30538	exact	30538:Xã Núi Cấm
30541	Xã Tân Lập	Thị xã Tịnh Biên	89	Tỉnh An Giang	91	30538	exact	30538:Xã Núi Cấm
30544	Thị trấn Tri Tôn	Huyện Tri Tôn	89	Tỉnh An Giang	91	30544	exact	30544:Xã Tri Tôn
30547	Thị trấn Ba Chúc	Huyện Tri Tôn	89	Tỉnh An Giang	91	30547	exact	30547:Xã Ba Chúc
30550	Xã Lạc Quới	Huyện Tri Tôn	89	Tỉnh An Giang	91	30547	exact	30547:Xã Ba Chúc
30553	Xã Lê Trì	Huyện Tri Tôn	89	Tỉnh An Giang	91	30547	exact	30547:Xã Ba Chúc
30556	Xã Vĩnh Gia	Huyện Tri Tôn	89	Tỉnh An Giang	91	30568	exact	30568:Xã Vĩnh Gia
30559	Xã Vĩnh Phước	Huyện Tri Tôn	89	Tỉnh An Giang	91	30568	exact	30568:Xã Vĩnh Gia
30562	Xã Châu Lăng	Huyện Tri Tôn	89	Tỉnh An Giang	91	30544	exact	30544:Xã Tri Tôn
30565	Xã Lương Phi	Huyện Tri Tôn	89	Tỉnh An Giang	91	30577	exact	30577:Xã Ô Lâm
30568	Xã Lương An Trà	Huyện Tri Tôn	89	Tỉnh An Giang	91	30568	exact	30568:Xã Vĩnh Gia
30571	Xã Tà Đảnh	Huyện Tri Tôn	89	Tỉnh An Giang	91	30580	exact	30580:Xã Cô Tô
30574	Xã Núi Tô	Huyện Tri Tôn	89	Tỉnh An Giang	91	30544	exact	30544:Xã Tri Tôn
30577	Xã An Tức	Huyện Tri Tôn	89	Tỉnh An Giang	91	30577	exact	30577:Xã Ô Lâm
30580	Thị trấn Cô Tô	Huyện Tri Tôn	89	Tỉnh An Giang	91	30580	exact	30580:Xã Cô Tô
30583	Xã Tân Tuyến	Huyện Tri Tôn	89	Tỉnh An Giang	91	30580	exact	30580:Xã Cô Tô
30586	Xã Ô Lâm	Huyện Tri Tôn	89	Tỉnh An Giang	91	30577	exact	30577:Xã Ô Lâm
30589	Thị trấn An Châu	Huyện Châu Thành	89	Tỉnh An Giang	91	30589	exact	30589:Xã An Châu
30592	Xã An Hòa	Huyện Châu Thành	89	Tỉnh An Giang	91	30607	exact	30607:Xã Bình Hòa
30595	Xã Cần Đăng	Huyện Châu Thành	89	Tỉnh An Giang	91	30595	exact	30595:Xã Cần Đăng
30598	Xã Vĩnh Hanh	Huyện Châu Thành	89	Tỉnh An Giang	91	30619	exact	30619:Xã Vĩnh Hanh
30601	Xã Bình Thạnh	Huyện Châu Thành	89	Tỉnh An Giang	91		split	30682:Xã Thoại Sơn|30607:Xã Bình Hòa
30604	Thị trấn Vĩnh Bình	Huyện Châu Thành	89	Tỉnh An Giang	91	30604	exact	30604:Xã Vĩnh An
30607	Xã Bình Hòa	Huyện Châu Thành	89	Tỉnh An Giang	91	30607	exact	30607:Xã Bình Hòa
30610	Xã Vĩnh An	Huyện Châu Thành	89	Tỉnh An Giang	91	30604	exact	30604:Xã Vĩnh An
30613	Xã Hòa Bình Thạnh	Huyện Châu Thành	89	Tỉnh An Giang	91	30589	exact	30589:Xã An Châu
30616	Xã Vĩnh Lợi	Huyện Châu Thành	89	Tỉnh An Giang	91	30595	exact	30595:Xã Cần Đăng
30619	Xã Vĩnh Nhuận	Huyện Châu Thành	89	Tỉnh An Giang	91	30619	exact	30619:Xã Vĩnh Hanh
30622	Xã Tân Phú	Huyện Châu Thành	89	Tỉnh An Giang	91	30604	exact	30604:Xã Vĩnh An
30625	Xã Vĩnh Thành	Huyện Châu Thành	89	Tỉnh An Giang	91		split	30943:Xã Long Thạnh|30589:Xã An Châu
30628	Thị trấn Chợ Mới	Huyện Chợ Mới	89	Tỉnh An Giang	91	30628	exact	30628:Xã Chợ Mới
30631	Thị trấn Mỹ Luông	Huyện Chợ Mới	89	Tỉnh An Giang	91	30631	exact	30631:Xã Long Điền
30634	Xã Kiến An	Huyện Chợ Mới	89	Tỉnh An Giang	91	30628	exact	30628:Xã Chợ Mới
30637	Xã Mỹ Hội Đông	Huyện Chợ Mới	89	Tỉnh An Giang	91	30658	exact	30658:Xã Nhơn Mỹ
30640	Xã Long Điền A	Huyện Chợ Mới	89	Tỉnh An Giang	91	30631	exact	30631:Xã Long Điền
30643	Xã Tấn Mỹ	Huyện Chợ Mới	89	Tỉnh An Giang	91	30643	exact	30643:Xã Cù Lao Giêng
30646	Xã Long Điền B	Huyện Chợ Mới	89	Tỉnh An Giang	91	30631	exact	30631:Xã Long Điền
30649	Xã Kiến Thành	Huyện Chợ Mới	89	Tỉnh An Giang	91	30628	exact	30628:Xã Chợ Mới
30652	Xã Mỹ Hiệp	Huyện Chợ Mới	89	Tỉnh An Giang	91	30643	exact	30643:Xã Cù Lao Giêng
30655	Xã Mỹ An	Huyện Chợ Mới	89	Tỉnh An Giang	91	30664	exact	30664:Xã Long Kiến
30658	Xã Nhơn Mỹ	Huyện Chợ Mới	89	Tỉnh An Giang	91	30658	exact	30658:Xã Nhơn Mỹ
30661	Xã Long Giang	Huyện Chợ Mới	89	Tỉnh An Giang	91	30658	exact	30658:Xã Nhơn Mỹ
30664	Xã Long Kiến	Huyện Chợ Mới	89	Tỉnh An Giang	91	30664	exact	30664:Xã Long Kiến
30667	Xã Bình Phước Xuân	Huyện Chợ Mới	89	Tỉnh An Giang	91	30643	exact	30643:Xã Cù Lao Giêng
30670	Xã An Thạnh Trung	Huyện Chợ Mới	89	Tỉnh An Giang	91	30664	exact	30664:Xã Long Kiến
30673	Thị trấn Hội An	Huyện Chợ Mới	89	Tỉnh An Giang	91	30673	exact	30673:Xã Hội An
30676	Xã Hòa Bình	Huyện Chợ Mới	89	Tỉnh An Giang	91	30673	exact	30673:Xã Hội An
30679	Xã Hòa An	Huyện Chợ Mới	89	Tỉnh An Giang	91	30673	exact	30673:Xã Hội An
30682	Thị trấn Núi Sập	Huyện Thoại Sơn	89	Tỉnh An Giang	91	30682	exact	30682:Xã Thoại Sơn
30685	Thị trấn Phú Hoà	Huyện Thoại Sơn	89	Tỉnh An Giang	91	30685	exact	30685:Xã Phú Hòa
30688	Thị trấn Óc Eo	Huyện Thoại Sơn	89	Tỉnh An Giang	91	30688	exact	30688:Xã Óc Eo
30691	Xã Tây Phú	Huyện Thoại Sơn	89	Tỉnh An Giang	91	30691	exact	30691:Xã Tây Phú
30692	Xã An Bình	Huyện Thoại Sơn	89	Tỉnh An Giang	91	30691	exact	30691:Xã Tây Phú
30694	Xã Vĩnh Phú	Huyện Thoại Sơn	89	Tỉnh An Giang	91	30709	exact	30709:Xã Định Mỹ
30697	Xã Vĩnh Trạch	Huyện Thoại Sơn	89	Tỉnh An Giang	91	30697	exact	30697:Xã Vĩnh Trạch
30700	Xã Phú Thuận	Huyện Thoại Sơn	89	Tỉnh An Giang	91	30685	exact	30685:Xã Phú Hòa
30703	Xã Vĩnh Chánh	Huyện Thoại Sơn	89	Tỉnh An Giang	91	30685	exact	30685:Xã Phú Hòa
30706	Xã Định Mỹ	Huyện Thoại Sơn	89	Tỉnh An Giang	91	30709	exact	30709:Xã Định Mỹ
30709	Xã Định Thành	Huyện Thoại Sơn	89	Tỉnh An Giang	91	30709	exact	30709:Xã Định Mỹ
30712	Xã Mỹ Phú Đông	Huyện Thoại Sơn	89	Tỉnh An Giang	91	30691	exact	30691:Xã Tây Phú
30715	Xã Vọng Đông	Huyện Thoại Sơn	89	Tỉnh An Giang	91	30688	exact	30688:Xã Óc Eo
30718	Xã Vĩnh Khánh	Huyện Thoại Sơn	89	Tỉnh An Giang	91	30697	exact	30697:Xã Vĩnh Trạch
30721	Xã Thoại Giang	Huyện Thoại Sơn	89	Tỉnh An Giang	91	30682	exact	30682:Xã Thoại Sơn
30724	Xã Bình Thành	Huyện Thoại Sơn	89	Tỉnh An Giang	91		split	30682:Xã Thoại Sơn|30607:Xã Bình Hòa
30727	Xã Vọng Thê	Huyện Thoại Sơn	89	Tỉnh An Giang	91	30688	exact	30688:Xã Óc Eo
30730	Phường Vĩnh Thanh Vân	Thành phố Rạch Giá	91	Tỉnh Kiên Giang	91	30742	exact	30742:Phường Rạch Giá
30733	Phường Vĩnh Thanh	Thành phố Rạch Giá	91	Tỉnh Kiên Giang	91	30742	exact	30742:Phường Rạch Giá
30736	Phường Vĩnh Quang	Thành phố Rạch Giá	91	Tỉnh Kiên Giang	91	30742	exact	30742:Phường Rạch Giá
30739	Phường Vĩnh Hiệp	Thành phố Rạch Giá	91	Tỉnh Kiên Giang	91	30742	exact	30742:Phường Rạch Giá
30742	Phường Vĩnh Bảo	Thành phố Rạch Giá	91	Tỉnh Kiên Giang	91		not_found	
30745	Phường Vĩnh Lạc	Thành phố Rạch Giá	91	Tỉnh Kiên Giang	91	30742	exact	30742:Phường Rạch Giá
30748	Phường An Hòa	Thành phố Rạch Giá	91	Tỉnh Kiên Giang	91	30742	exact	30742:Phường Rạch Giá
30751	Phường An Bình	Thành phố Rạch Giá	91	Tỉnh Kiên Giang	91	30742	exact	30742:Phường Rạch Giá
30754	Phường Rạch Sỏi	Thành phố Rạch Giá	91	Tỉnh Kiên Giang	91	30742	exact	30742:Phường Rạch Giá
30757	Phường Vĩnh Lợi	Thành phố Rạch Giá	91	Tỉnh Kiên Giang	91	30742	exact	30742:Phường Rạch Giá
30760	Phường Vĩnh Thông	Thành phố Rạch Giá	91	Tỉnh Kiên Giang	91	30760	exact	30760:Phường Vĩnh Thông
30763	Xã Phi Thông	Thành phố Rạch Giá	91	Tỉnh Kiên Giang	91	30760	exact	30760:Phường Vĩnh Thông
30766	Phường Tô Châu	Thành phố Hà Tiên	91	Tỉnh Kiên Giang	91	30766	exact	30766:Phường Tô Châu
30769	Phường Đông Hồ	Thành phố Hà Tiên	91	Tỉnh Kiên Giang	91	30769	exact	30769:Phường Hà Tiên
30772	Phường Bình San	Thành phố Hà Tiên	91	Tỉnh Kiên Giang	91	30769	exact	30769:Phường Hà Tiên
30775	Phường Pháo Đài	Thành phố Hà Tiên	91	Tỉnh Kiên Giang	91	30769	exact	30769:Phường Hà Tiên
30778	Phường Mỹ Đức	Thành phố Hà Tiên	91	Tỉnh Kiên Giang	91	30769	exact	30769:Phường Hà Tiên
30781	Xã Tiên Hải	Thành phố Hà Tiên	91	Tỉnh Kiên Giang	91	30781	exact	30781:Xã Tiên Hải
30784	Xã Thuận Yên	Thành phố Hà Tiên	91	Tỉnh Kiên Giang	91	30766	exact	30766:Phường Tô Châu
30787	Thị trấn Kiên Lương	Huyện Kiên Lương	91	Tỉnh Kiên Giang	91	30787	exact	30787:Xã Kiên Lương
30790	Xã Kiên Bình	Huyện Kiên Lương	91	Tỉnh Kiên Giang	91	30790	exact	30790:Xã Hòa Điền
30791	Xã Vĩnh Phú	Huyện Giang Thành	91	Tỉnh Kiên Giang	91	30793	exact	30793:Xã Vĩnh Điều
30793	Xã Vĩnh Điều	Huyện Giang Thành	91	Tỉnh Kiên Giang	91	30793	exact	30793:Xã Vĩnh Điều
30796	Xã Tân Khánh Hòa	Huyện Giang Thành	91	Tỉnh Kiên Giang	91	30796	exact	30796:Xã Giang Thành
30797	Xã Phú Lợi	Huyện Giang Thành	91	Tỉnh Kiên Giang	91	30796	exact	30796:Xã Giang Thành
30799	Xã Phú Mỹ	Huyện Giang Thành	91	Tỉnh Kiên Giang	91	30796	exact	30796:Xã Giang Thành
30802	Xã Hòa Điền	Huyện Kiên Lương	91	Tỉnh Kiên Giang	91	30790	exact	30790:Xã Hòa Điền
30805	Xã Dương Hòa	Huyện Kiên Lương	91	Tỉnh Kiên Giang	91	30766	exact	30766:Phường Tô Châu
30808	Xã Bình An	Huyện Kiên Lương	91	Tỉnh Kiên Giang	91	30787	exact	30787:Xã Kiên Lương
30809	Xã Bình Trị	Huyện Kiên Lương	91	Tỉnh Kiên Giang	91	30787	exact	30787:Xã Kiên Lương
30811	Xã Sơn Hải	Huyện Kiên Lương	91	Tỉnh Kiên Giang	91	30811	exact	30811:Xã Sơn Hải
30814	Xã Hòn Nghệ	Huyện Kiên Lương	91	Tỉnh Kiên Giang	91	30814	exact	30814:Xã Hòn Nghệ
30817	Thị trấn Hòn Đất	Huyện Hòn Đất	91	Tỉnh Kiên Giang	91	30817	exact	30817:Xã Hòn Đất
30820	Thị trấn Sóc Sơn	Huyện Hòn Đất	91	Tỉnh Kiên Giang	91	30838	exact	30838:Xã Mỹ Thuận
30823	Xã Bình Sơn	Huyện Hòn Đất	91	Tỉnh Kiên Giang	91	30823	exact	30823:Xã Bình Sơn
30826	Xã Bình Giang	Huyện Hòn Đất	91	Tỉnh Kiên Giang	91	30826	exact	30826:Xã Bình Giang
30828	Xã Mỹ Thái	Huyện Hòn Đất	91	Tỉnh Kiên Giang	91	30835	exact	30835:Xã Sơn Kiên
30829	Xã Nam Thái Sơn	Huyện Hòn Đất	91	Tỉnh Kiên Giang	91	30817	exact	30817:Xã Hòn Đất
30832	Xã Mỹ Hiệp Sơn	Huyện Hòn Đất	91	Tỉnh Kiên Giang	91	30838	exact	30838:Xã Mỹ Thuận
30835	Xã Sơn Kiên	Huyện Hòn Đất	91	Tỉnh Kiên Giang	91	30835	exact	30835:Xã Sơn Kiên
30836	Xã Sơn Bình	Huyện Hòn Đất	91	Tỉnh Kiên Giang	91	30835	exact	30835:Xã Sơn Kiên
30838	Xã Mỹ Thuận	Huyện Hòn Đất	91	Tỉnh Kiên Giang	91	30838	exact	30838:Xã Mỹ Thuận
30840	Xã Lình Huỳnh	Huyện Hòn Đất	91	Tỉnh Kiên Giang	91	30817	exact	30817:Xã Hòn Đất
30841	Xã Thổ Sơn	Huyện Hòn Đất	91	Tỉnh Kiên Giang	91	30817	exact	30817:Xã Hòn Đất
30844	Xã Mỹ Lâm	Huyện Hòn Đất	91	Tỉnh Kiên Giang	91	30760	exact	30760:Phường Vĩnh Thông
30847	Xã Mỹ Phước	Huyện Hòn Đất	91	Tỉnh Kiên Giang	91	30838	exact	30838:Xã Mỹ Thuận
30850	Thị trấn Tân Hiệp	Huyện Tân Hiệp	91	Tỉnh Kiên Giang	91	30850	exact	30850:Xã Tân Hiệp
30853	Xã Tân Hội	Huyện Tân Hiệp	91	Tỉnh Kiên Giang	91	30856	exact	30856:Xã Tân Hội
30856	Xã Tân Thành	Huyện Tân Hiệp	91	Tỉnh Kiên Giang	91		split	31031:Xã Tân Thạnh|30856:Xã Tân Hội|30388:Xã Tân An
30859	Xã Tân Hiệp B	Huyện Tân Hiệp	91	Tỉnh Kiên Giang	91	30850	exact	30850:Xã Tân Hiệp
30860	Xã Tân Hoà	Huyện Tân Hiệp	91	Tỉnh Kiên Giang	91		split	30856:Xã Tân Hội|30406:Xã Phú Tân
30862	Xã Thạnh Đông B	Huyện Tân Hiệp	91	Tỉnh Kiên Giang	91	30850	exact	30850:Xã Tân Hiệp
30865	Xã Thạnh Đông	Huyện Tân Hiệp	91	Tỉnh Kiên Giang	91	30850	exact	30850:Xã Tân Hiệp
30868	Xã Tân Hiệp A	Huyện Tân Hiệp	91	Tỉnh Kiên Giang	91	30874	exact	30874:Xã Thạnh Đông
30871	Xã Tân An	Huyện Tân Hiệp	91	Tỉnh Kiên Giang	91	30856	exact	30856:Xã Tân Hội
30874	Xã Thạnh Đông A	Huyện Tân Hiệp	91	Tỉnh Kiên Giang	91	30874	exact	30874:Xã Thạnh Đông
30877	Xã Thạnh Trị	Huyện Tân Hiệp	91	Tỉnh Kiên Giang	91	30874	exact	30874:Xã Thạnh Đông
30880	Thị trấn Minh Lương	Huyện Châu Thành	91	Tỉnh Kiên Giang	91	30880	exact	30880:Xã Châu Thành
30883	Xã Mong Thọ A	Huyện Châu Thành	91	Tỉnh Kiên Giang	91	30886	exact	30886:Xã Thạnh Lộc
30886	Xã Mong Thọ B	Huyện Châu Thành	91	Tỉnh Kiên Giang	91	30886	exact	30886:Xã Thạnh Lộc
30887	Xã Mong Thọ	Huyện Châu Thành	91	Tỉnh Kiên Giang	91	30886	exact	30886:Xã Thạnh Lộc
30889	Xã Giục Tượng	Huyện Châu Thành	91	Tỉnh Kiên Giang	91	30880	exact	30880:Xã Châu Thành
30892	Xã Vĩnh Hòa Hiệp	Huyện Châu Thành	91	Tỉnh Kiên Giang	91	30898	exact	30898:Xã Bình An
30893	Xã Vĩnh Hoà Phú	Huyện Châu Thành	91	Tỉnh Kiên Giang	91	30898	exact	30898:Xã Bình An
30895	Xã Minh Hòa	Huyện Châu Thành	91	Tỉnh Kiên Giang	91	30880	exact	30880:Xã Châu Thành
30898	Xã Bình An	Huyện Châu Thành	91	Tỉnh Kiên Giang	91	30898	exact	30898:Xã Bình An
30901	Xã Thạnh Lộc	Huyện Châu Thành	91	Tỉnh Kiên Giang	91	30886	exact	30886:Xã Thạnh Lộc
30904	Thị trấn Giồng Riềng	Huyện Giồng Riềng	91	Tỉnh Kiên Giang	91	30904	exact	30904:Xã Giồng Riềng
30907	Xã Thạnh Hưng	Huyện Giồng Riềng	91	Tỉnh Kiên Giang	91	30910	exact	30910:Xã Thạnh Hưng
30910	Xã Thạnh Phước	Huyện Giồng Riềng	91	Tỉnh Kiên Giang	91	30910	exact	30910:Xã Thạnh Hưng
30913	Xã Thạnh Lộc	Huyện Giồng Riềng	91	Tỉnh Kiên Giang	91	30910	exact	30910:Xã Thạnh Hưng
30916	Xã Thạnh Hòa	Huyện Giồng Riềng	91	Tỉnh Kiên Giang	91	30904	exact	30904:Xã Giồng Riềng
30917	Xã Thạnh Bình	Huyện Giồng Riềng	91	Tỉnh Kiên Giang	91	30904	exact	30904:Xã Giồng Riềng
30919	Xã Bàn Thạch	Huyện Giồng Riềng	91	Tỉnh Kiên Giang	91	30904	exact	30904:Xã Giồng Riềng
30922	Xã Bàn Tân Định	Huyện Giồng Riềng	91	Tỉnh Kiên Giang	91	30904	exact	30904:Xã Giồng Riềng
30925	Xã Ngọc Thành	Huyện Giồng Riềng	91	Tỉnh Kiên Giang	91	30928	exact	30928:Xã Ngọc Chúc
30928	Xã Ngọc Chúc	Huyện Giồng Riềng	91	Tỉnh Kiên Giang	91	30928	exact	30928:Xã Ngọc Chúc
30931	Xã Ngọc Thuận	Huyện Giồng Riềng	91	Tỉnh Kiên Giang	91	30928	exact	30928:Xã Ngọc Chúc
30934	Xã Hòa Hưng	Huyện Giồng Riềng	91	Tỉnh Kiên Giang	91	30934	exact	30934:Xã Hòa Hưng
30937	Xã Hoà Lợi	Huyện Giồng Riềng	91	Tỉnh Kiên Giang	91	30934	exact	30934:Xã Hòa Hưng
30940	Xã Hoà An	Huyện Giồng Riềng	91	Tỉnh Kiên Giang	91	30934	exact	30934:Xã Hòa Hưng
30943	Xã Long Thạnh	Huyện Giồng Riềng	91	Tỉnh Kiên Giang	91	30943	exact	30943:Xã Long Thạnh
30946	Xã Vĩnh Thạnh	Huyện Giồng Riềng	91	Tỉnh Kiên Giang	91		split	30943:Xã Long Thạnh|30589:Xã An Châu
30947	Xã Vĩnh Phú	Huyện Giồng Riềng	91	Tỉnh Kiên Giang	91	30943	exact	30943:Xã Long Thạnh
30949	Xã Hòa Thuận	Huyện Giồng Riềng	91	Tỉnh Kiên Giang	91	30949	exact	30949:Xã Hòa Thuận
30950	Xã Ngọc Hoà	Huyện Giồng Riềng	91	Tỉnh Kiên Giang	91	30949	exact	30949:Xã Hòa Thuận
30952	Thị trấn Gò Quao	Huyện Gò Quao	91	Tỉnh Kiên Giang	91	30952	exact	30952:Xã Gò Quao
30955	Xã Vĩnh Hòa Hưng Bắc	Huyện Gò Quao	91	Tỉnh Kiên Giang	91	30970	exact	30970:Xã Vĩnh Hòa Hưng
30958	Xã Định Hòa	Huyện Gò Quao	91	Tỉnh Kiên Giang	91	30958	exact	30958:Xã Định Hòa
30961	Xã Thới Quản	Huyện Gò Quao	91	Tỉnh Kiên Giang	91	30958	exact	30958:Xã Định Hòa
30964	Xã Định An	Huyện Gò Quao	91	Tỉnh Kiên Giang	91	30952	exact	30952:Xã Gò Quao
30967	Xã Thủy Liễu	Huyện Gò Quao	91	Tỉnh Kiên Giang	91	30958	exact	30958:Xã Định Hòa
30970	Xã Vĩnh Hòa Hưng Nam	Huyện Gò Quao	91	Tỉnh Kiên Giang	91	30970	exact	30970:Xã Vĩnh Hòa Hưng
30973	Xã Vĩnh Phước A	Huyện Gò Quao	91	Tỉnh Kiên Giang	91	30982	exact	30982:Xã Vĩnh Tuy
30976	Xã Vĩnh Phước B	Huyện Gò Quao	91	Tỉnh Kiên Giang	91	30952	exact	30952:Xã Gò Quao
30979	Xã Vĩnh Tuy	Huyện Gò Quao	91	Tỉnh Kiên Giang	91	30982	exact	30982:Xã Vĩnh Tuy
30982	Xã Vĩnh Thắng	Huyện Gò Quao	91	Tỉnh Kiên Giang	91	30982	exact	30982:Xã Vĩnh Tuy
30985	Thị trấn Thứ Ba	Huyện An Biên	91	Tỉnh Kiên Giang	91	30985	exact	30985:Xã An Biên
30988	Xã Tây Yên	Huyện An Biên	91	Tỉnh Kiên Giang	91	30988	exact	30988:Xã Tây Yên
30991	Xã Tây Yên A	Huyện An Biên	91	Tỉnh Kiên Giang	91	30988	exact	30988:Xã Tây Yên
30994	Xã Nam Yên	Huyện An Biên	91	Tỉnh Kiên Giang	91	30988	exact	30988:Xã Tây Yên
30997	Xã Hưng Yên	Huyện An Biên	91	Tỉnh Kiên Giang	91	30985	exact	30985:Xã An Biên
31000	Xã Nam Thái	Huyện An Biên	91	Tỉnh Kiên Giang	91	31006	exact	31006:Xã Đông Thái
31003	Xã Nam Thái A	Huyện An Biên	91	Tỉnh Kiên Giang	91	31006	exact	31006:Xã Đông Thái
31006	Xã Đông Thái	Huyện An Biên	91	Tỉnh Kiên Giang	91	31006	exact	31006:Xã Đông Thái
31009	Xã Đông Yên	Huyện An Biên	91	Tỉnh Kiên Giang	91	30985	exact	30985:Xã An Biên
31012	Xã Thạnh Yên	Huyện U Minh Thượng	91	Tỉnh Kiên Giang	91	31012	exact	31012:Xã Vĩnh Hòa
31015	Xã Thạnh Yên A	Huyện U Minh Thượng	91	Tỉnh Kiên Giang	91	31012	exact	31012:Xã Vĩnh Hòa
31018	Thị trấn Thứ Mười Một	Huyện An Minh	91	Tỉnh Kiên Giang	91	31018	exact	31018:Xã An Minh
31021	Xã Thuận Hoà	Huyện An Minh	91	Tỉnh Kiên Giang	91	31031	exact	31031:Xã Tân Thạnh
31024	Xã Đông Hòa	Huyện An Minh	91	Tỉnh Kiên Giang	91	31024	exact	31024:Xã Đông Hòa
31027	Xã An Minh Bắc	Huyện U Minh Thượng	91	Tỉnh Kiên Giang	91	31027	exact	31027:Xã U Minh Thượng
31030	Xã Đông Thạnh	Huyện An Minh	91	Tỉnh Kiên Giang	91	31024	exact	31024:Xã Đông Hòa
31031	Xã Tân Thạnh	Huyện An Minh	91	Tỉnh Kiên Giang	91	31031	exact	31031:Xã Tân Thạnh
31033	Xã Đông Hưng	Huyện An Minh	91	Tỉnh Kiên Giang	91	31018	exact	31018:Xã An Minh
31036	Xã Đông Hưng A	Huyện An Minh	91	Tỉnh Kiên Giang	91	31036	exact	31036:Xã Đông Hưng
31039	Xã Đông Hưng B	Huyện An Minh	91	Tỉnh Kiên Giang	91	31018	exact	31018:Xã An Minh
31042	Xã Vân Khánh	Huyện An Minh	91	Tỉnh Kiên Giang	91	31042	exact	31042:Xã Vân Khánh
31045	Xã Vân Khánh Đông	Huyện An Minh	91	Tỉnh Kiên Giang	91	31036	exact	31036:Xã Đông Hưng
31048	Xã Vân Khánh Tây	Huyện An Minh	91	Tỉnh Kiên Giang	91	31042	exact	31042:Xã Vân Khánh
31051	Thị trấn Vĩnh Thuận	Huyện Vĩnh Thuận	91	Tỉnh Kiên Giang	91	31051	exact	31051:Xã Vĩnh Phong
31054	Xã Vĩnh Hòa	Huyện U Minh Thượng	91	Tỉnh Kiên Giang	91	31012	exact	31012:Xã Vĩnh Hòa
31057	Xã Hoà Chánh	Huyện U Minh Thượng	91	Tỉnh Kiên Giang	91	31012	exact	31012:Xã Vĩnh Hòa
31060	Xã Vĩnh Bình Bắc	Huyện Vĩnh Thuận	91	Tỉnh Kiên Giang	91	31064	exact	31064:Xã Vĩnh Bình
31063	Xã Vĩnh Bình Nam	Huyện Vĩnh Thuận	91	Tỉnh Kiên Giang	91	31064	exact	31064:Xã Vĩnh Bình
31064	Xã Bình Minh	Huyện Vĩnh Thuận	91	Tỉnh Kiên Giang	91	31064	exact	31064:Xã Vĩnh Bình
31066	Xã Minh Thuận	Huyện U Minh Thượng	91	Tỉnh Kiên Giang	91	31027	exact	31027:Xã U Minh Thượng
31069	Xã Vĩnh Thuận	Huyện Vĩnh Thuận	91	Tỉnh Kiên Giang	91	31069	exact	31069:Xã Vĩnh Thuận
31072	Xã Tân Thuận	Huyện Vĩnh Thuận	91	Tỉnh Kiên Giang	91	31069	exact	31069:Xã Vĩnh Thuận
31074	Xã Phong Đông	Huyện Vĩnh Thuận	91	Tỉnh Kiên Giang	91	31051	exact	31051:Xã Vĩnh Phong
31075	Xã Vĩnh Phong	Huyện Vĩnh Thuận	91	Tỉnh Kiên Giang	91	31051	exact	31051:Xã Vĩnh Phong
31078	Phường Dương Đông	Thành phố Phú Quốc	91	Tỉnh Kiên Giang	91	31078	exact	31078:Đặc khu Phú Quốc
31081	Phường An Thới	Thành phố Phú Quốc	91	Tỉnh Kiên Giang	91	31078	exact	31078:Đặc khu Phú Quốc
31084	Xã Cửa Cạn	Thành phố Phú Quốc	91	Tỉnh Kiên Giang	91	31078	exact	31078:Đặc khu Phú Quốc
31087	Xã Gành Dầu	Thành phố Phú Quốc	91	Tỉnh Kiên Giang	91	31078	exact	31078:Đặc khu Phú Quốc
31090	Xã Cửa Dương	Thành phố Phú Quốc	91	Tỉnh Kiên Giang	91	31078	exact	31078:Đặc khu Phú Quốc
31093	Xã Hàm Ninh	Thành phố Phú Quốc	91	Tỉnh Kiên Giang	91	31078	exact	31078:Đặc khu Phú Quốc
31096	Xã Dương Tơ	Thành phố Phú Quốc	91	Tỉnh Kiên Giang	91	31078	exact	31078:Đặc khu Phú Quốc
31102	Xã Bãi Thơm	Thành phố Phú Quốc	91	Tỉnh Kiên Giang	91	31078	exact	31078:Đặc khu Phú Quốc
31105	Xã Thổ Châu	Thành phố Phú Quốc	91	Tỉnh Kiên Giang	91	31105	exact	31105:Đặc khu Thổ Châu
31108	Xã Hòn Tre	Huyện Kiên Hải	91	Tỉnh Kiên Giang	91		not_found	
31111	Xã Lại Sơn	Huyện Kiên Hải	91	Tỉnh Kiên Giang	91		not_found	
31114	Xã An Sơn	Huyện Kiên Hải	91	Tỉnh Kiên Giang	91		not_found	
31115	Xã Nam Du	Huyện Kiên Hải	91	Tỉnh Kiên Giang	91		not_found	
31117	Phường Cái Khế	Quận Ninh Kiều	92	Thành phố Cần Thơ	92	31120	exact	31120:Phường Cái Khế
31120	Phường An Hòa	Quận Ninh Kiều	92	Thành phố Cần Thơ	92	31120	exact	31120:Phường Cái Khế
31123	Phường Thới Bình	Quận Ninh Kiều	92	Thành phố Cần Thơ	92	31135	exact	31135:Phường Ninh Kiều
31126	Phường An Nghiệp	Quận Ninh Kiều	92	Thành phố Cần Thơ	92		not_found	
31129	Phường An Cư	Quận Ninh Kiều	92	Thành phố Cần Thơ	92		not_found	
31135	Phường Tân An	Quận Ninh Kiều	92	Thành phố Cần Thơ	92	31135	exact	31135:Phường Ninh Kiều
31141	Phường An Phú	Quận Ninh Kiều	92	Thành phố Cần Thơ	92		not_found	
31144	Phường Xuân Khánh	Quận Ninh Kiều	92	Thành phố Cần Thơ	92	31135	exact	31135:Phường Ninh Kiều
31147	Phường Hưng Lợi	Quận Ninh Kiều	92	Thành phố Cần Thơ	92	31147	exact	31147:Phường Tân An
31149	Phường An Khánh	Quận Ninh Kiều	92	Thành phố Cần Thơ	92	31147	exact	31147:Phường Tân An
31150	Phường An Bình	Quận Ninh Kiều	92	Thành phố Cần Thơ	92	31150	exact	31150:Phường An Bình
31153	Phường Châu Văn Liêm	Quận Ô Môn	92	Thành phố Cần Thơ	92	31153	exact	31153:Phường Ô Môn
31154	Phường Thới Hòa	Quận Ô Môn	92	Thành phố Cần Thơ	92	31153	exact	31153:Phường Ô Môn
31156	Phường Thới Long	Quận Ô Môn	92	Thành phố Cần Thơ	92	31157	exact	31157:Phường Thới Long
31157	Phường Long Hưng	Quận Ô Môn	92	Thành phố Cần Thơ	92	31157	exact	31157:Phường Thới Long
31159	Phường Thới An	Quận Ô Môn	92	Thành phố Cần Thơ	92	31153	exact	31153:Phường Ô Môn
31162	Phường Phước Thới	Quận Ô Môn	92	Thành phố Cần Thơ	92	31162	exact	31162:Phường Phước Thới
31165	Phường Trường Lạc	Quận Ô Môn	92	Thành phố Cần Thơ	92	31162	exact	31162:Phường Phước Thới
31168	Phường Bình Thủy	Quận Bình Thuỷ	92	Thành phố Cần Thơ	92	31168	exact	31168:Phường Bình Thủy
31169	Phường Trà An	Quận Bình Thuỷ	92	Thành phố Cần Thơ	92	31174	exact	31174:Phường Thới An Đông
31171	Phường Trà Nóc	Quận Bình Thuỷ	92	Thành phố Cần Thơ	92	31174	exact	31174:Phường Thới An Đông
31174	Phường Thới An Đông	Quận Bình Thuỷ	92	Thành phố Cần Thơ	92	31174	exact	31174:Phường Thới An Đông
31177	Phường An Thới	Quận Bình Thuỷ	92	Thành phố Cần Thơ	92	31168	exact	31168:Phường Bình Thủy
31178	Phường Bùi Hữu Nghĩa	Quận Bình Thuỷ	92	Thành phố Cần Thơ	92		split	31120:Phường Cái Khế|31168:Phường Bình Thủy
31180	Phường Long Hòa	Quận Bình Thuỷ	92	Thành phố Cần Thơ	92	31183	exact	31183:Phường Long Tuyền
31183	Phường Long Tuyền	Quận Bình Thuỷ	92	Thành phố Cần Thơ	92		split	31150:Phường An Bình|31183:Phường Long Tuyền
31186	Phường Lê Bình	Quận Cái Răng	92	Thành phố Cần Thơ	92	31186	exact	31186:Phường Cái Răng
31189	Phường Hưng Phú	Quận Cái Răng	92	Thành phố Cần Thơ	92	31201	exact	31201:Phường Hưng Phú
31192	Phường Hưng Thạnh	Quận Cái Răng	92	Thành phố Cần Thơ	92	31186	exact	31186:Phường Cái Răng
31195	Phường Ba Láng	Quận Cái Răng	92	Thành phố Cần Thơ	92	31186	exact	31186:Phường Cái Răng
31198	Phường Thường Thạnh	Quận Cái Răng	92	Thành phố Cần Thơ	92	31186	exact	31186:Phường Cái Răng
31201	Phường Phú Thứ	Quận Cái Răng	92	Thành phố Cần Thơ	92	31201	exact	31201:Phường Hưng Phú
31204	Phường Tân Phú	Quận Cái Răng	92	Thành phố Cần Thơ	92	31201	exact	31201:Phường Hưng Phú
31207	Phường Thốt Nốt	Quận Thốt Nốt	92	Thành phố Cần Thơ	92		split	31228:Phường Thuận Hưng|31207:Phường Thốt Nốt
31210	Phường Thới Thuận	Quận Thốt Nốt	92	Thành phố Cần Thơ	92	31207	exact	31207:Phường Thốt Nốt
31211	Xã Vĩnh Bình	Huyện Vĩnh Thạnh	92	Thành phố Cần Thơ	92	31237	exact	31237:Xã Vĩnh Trinh
31212	Phường Thuận An	Quận Thốt Nốt	92	Thành phố Cần Thơ	92	31207	exact	31207:Phường Thốt Nốt
31213	Phường Tân Lộc	Quận Thốt Nốt	92	Thành phố Cần Thơ	92	31213	exact	31213:Phường Tân Lộc
31216	Phường Trung Nhứt	Quận Thốt Nốt	92	Thành phố Cần Thơ	92	31217	exact	31217:Phường Trung Nhứt
31217	Phường Thạnh Hoà	Quận Thốt Nốt	92	Thành phố Cần Thơ	92	31217	exact	31217:Phường Trung Nhứt
31219	Phường Trung Kiên	Quận Thốt Nốt	92	Thành phố Cần Thơ	92	31228	exact	31228:Phường Thuận Hưng
31222	Xã Trung An	Huyện Cờ Đỏ	92	Thành phố Cần Thơ	92	31217	exact	31217:Phường Trung Nhứt
31225	Xã Trung Thạnh	Huyện Cờ Đỏ	92	Thành phố Cần Thơ	92	31255	exact	31255:Xã Trung Hưng
31227	Phường Tân Hưng	Quận Thốt Nốt	92	Thành phố Cần Thơ	92	31157	exact	31157:Phường Thới Long
31228	Phường Thuận Hưng	Quận Thốt Nốt	92	Thành phố Cần Thơ	92	31228	exact	31228:Phường Thuận Hưng
31231	Thị trấn Thanh An	Huyện Vĩnh Thạnh	92	Thành phố Cần Thơ	92	31231	exact	31231:Xã Thạnh An
31232	Thị trấn Vĩnh Thạnh	Huyện Vĩnh Thạnh	92	Thành phố Cần Thơ	92	31232	exact	31232:Xã Vĩnh Thạnh
31234	Xã Thạnh Mỹ	Huyện Vĩnh Thạnh	92	Thành phố Cần Thơ	92	31232	exact	31232:Xã Vĩnh Thạnh
31237	Xã Vĩnh Trinh	Huyện Vĩnh Thạnh	92	Thành phố Cần Thơ	92	31237	exact	31237:Xã Vĩnh Trinh
31240	Xã Thạnh An	Huyện Vĩnh Thạnh	92	Thành phố Cần Thơ	92	31246	exact	31246:Xã Thạnh Quới
31241	Xã Thạnh Tiến	Huyện Vĩnh Thạnh	92	Thành phố Cần Thơ	92	31246	exact	31246:Xã Thạnh Quới
31243	Xã Thạnh Thắng	Huyện Vĩnh Thạnh	92	Thành phố Cần Thơ	92	31231	exact	31231:Xã Thạnh An
31244	Xã Thạnh Lợi	Huyện Vĩnh Thạnh	92	Thành phố Cần Thơ	92	31231	exact	31231:Xã Thạnh An
31246	Xã Thạnh Qưới	Huyện Vĩnh Thạnh	92	Thành phố Cần Thơ	92		split	31246:Xã Thạnh Quới|31726:Xã Gia Hòa
31249	Xã Thạnh Phú	Huyện Cờ Đỏ	92	Thành phố Cần Thơ	92	31708	exact	31708:Xã Nhu Gia
31252	Xã Thạnh Lộc	Huyện Vĩnh Thạnh	92	Thành phố Cần Thơ	92	31232	exact	31232:Xã Vĩnh Thạnh
31255	Xã Trung Hưng	Huyện Cờ Đỏ	92	Thành phố Cần Thơ	92	31255	exact	31255:Xã Trung Hưng
31258	Thị trấn Thới Lai	Huyện Thới Lai	92	Thành phố Cần Thơ	92	31258	exact	31258:Xã Thới Lai
31261	Thị trấn Cờ Đỏ	Huyện Cờ Đỏ	92	Thành phố Cần Thơ	92	31261	exact	31261:Xã Cờ Đỏ
31264	Xã Thới Hưng	Huyện Cờ Đỏ	92	Thành phố Cần Thơ	92	31264	exact	31264:Xã Thới Hưng
31267	Xã Thới Thạnh	Huyện Thới Lai	92	Thành phố Cần Thơ	92	31153	exact	31153:Phường Ô Môn
31268	Xã Tân Thạnh	Huyện Thới Lai	92	Thành phố Cần Thơ	92		split	31666:Xã Tân Thạnh|31411:Phường Đại Thành|31288:Xã Trường Thành
31270	Xã Xuân Thắng	Huyện Thới Lai	92	Thành phố Cần Thơ	92	31273	exact	31273:Xã Đông Hiệp
31273	Xã Đông Hiệp	Huyện Cờ Đỏ	92	Thành phố Cần Thơ	92	31273	exact	31273:Xã Đông Hiệp
31274	Xã Đông Thắng	Huyện Cờ Đỏ	92	Thành phố Cần Thơ	92	31273	exact	31273:Xã Đông Hiệp
31276	Xã Thới Đông	Huyện Cờ Đỏ	92	Thành phố Cần Thơ	92	31261	exact	31261:Xã Cờ Đỏ
31277	Xã Thới Xuân	Huyện Cờ Đỏ	92	Thành phố Cần Thơ	92	31261	exact	31261:Xã Cờ Đỏ
31279	Xã Đông Bình	Huyện Thới Lai	92	Thành phố Cần Thơ	92	31282	exact	31282:Xã Đông Thuận
31282	Xã Đông Thuận	Huyện Thới Lai	92	Thành phố Cần Thơ	92	31282	exact	31282:Xã Đông Thuận
31285	Xã Thới Tân	Huyện Thới Lai	92	Thành phố Cần Thơ	92	31258	exact	31258:Xã Thới Lai
31286	Xã Trường Thắng	Huyện Thới Lai	92	Thành phố Cần Thơ	92	31258	exact	31258:Xã Thới Lai
31288	Xã Định Môn	Huyện Thới Lai	92	Thành phố Cần Thơ	92	31288	exact	31288:Xã Trường Thành
31291	Xã Trường Thành	Huyện Thới Lai	92	Thành phố Cần Thơ	92	31288	exact	31288:Xã Trường Thành
31294	Xã Trường Xuân	Huyện Thới Lai	92	Thành phố Cần Thơ	92	31294	exact	31294:Xã Trường Xuân
31297	Xã Trường Xuân A	Huyện Thới Lai	92	Thành phố Cần Thơ	92	31294	exact	31294:Xã Trường Xuân
31298	Xã Trường Xuân B	Huyện Thới Lai	92	Thành phố Cần Thơ	92	31294	exact	31294:Xã Trường Xuân
31299	Thị trấn Phong Điền	Huyện Phong Điền	92	Thành phố Cần Thơ	92	31299	exact	31299:Xã Phong Điền
31300	Xã Nhơn Ái	Huyện Phong Điền	92	Thành phố Cần Thơ	92	31315	exact	31315:Xã Nhơn Ái
31303	Xã Giai Xuân	Huyện Phong Điền	92	Thành phố Cần Thơ	92	31299	exact	31299:Xã Phong Điền
31306	Xã Tân Thới	Huyện Phong Điền	92	Thành phố Cần Thơ	92	31299	exact	31299:Xã Phong Điền
31309	Xã Trường Long	Huyện Phong Điền	92	Thành phố Cần Thơ	92	31309	exact	31309:Xã Trường Long
31312	Xã Mỹ Khánh	Huyện Phong Điền	92	Thành phố Cần Thơ	92	31150	exact	31150:Phường An Bình
31315	Xã Nhơn Nghĩa	Huyện Phong Điền	92	Thành phố Cần Thơ	92	31315	exact	31315:Xã Nhơn Ái
31318	Phường I	Thành phố Vị Thanh	93	Tỉnh Hậu Giang	92	31321	exact	31321:Phường Vị Thanh
31321	Phường III	Thành phố Vị Thanh	93	Tỉnh Hậu Giang	92	31321	exact	31321:Phường Vị Thanh
31324	Phường IV	Thành phố Vị Thanh	93	Tỉnh Hậu Giang	92	31333	exact	31333:Phường Vị Tân
31327	Phường V	Thành phố Vị Thanh	93	Tỉnh Hậu Giang	92	31333	exact	31333:Phường Vị Tân
31330	Phường VII	Thành phố Vị Thanh	93	Tỉnh Hậu Giang	92	31321	exact	31321:Phường Vị Thanh
31333	Xã Vị Tân	Thành phố Vị Thanh	93	Tỉnh Hậu Giang	92	31333	exact	31333:Phường Vị Tân
31336	Xã Hoả Lựu	Thành phố Vị Thanh	93	Tỉnh Hậu Giang	92	31338	exact	31338:Xã Hỏa Lựu
31338	Xã Tân Tiến	Thành phố Vị Thanh	93	Tỉnh Hậu Giang	92	31338	exact	31338:Xã Hỏa Lựu
31339	Xã Hoả Tiến	Thành phố Vị Thanh	93	Tỉnh Hậu Giang	92	31338	exact	31338:Xã Hỏa Lựu
31340	Phường Ngã Bảy	Thành phố Ngã Bảy	93	Tỉnh Hậu Giang	92	31340	exact	31340:Phường Ngã Bảy
31341	Phường Lái Hiếu	Thành phố Ngã Bảy	93	Tỉnh Hậu Giang	92	31340	exact	31340:Phường Ngã Bảy
31342	Thị trấn Một Ngàn	Huyện Châu Thành A	93	Tỉnh Hậu Giang	92	31342	exact	31342:Xã Tân Hòa
31343	Phường Hiệp Thành	Thành phố Ngã Bảy	93	Tỉnh Hậu Giang	92	31340	exact	31340:Phường Ngã Bảy
31344	Phường Hiệp Lợi	Thành phố Ngã Bảy	93	Tỉnh Hậu Giang	92	31411	exact	31411:Phường Đại Thành
31345	Xã Tân Hoà	Huyện Châu Thành A	93	Tỉnh Hậu Giang	92	31342	exact	31342:Xã Tân Hòa
31346	Thị trấn Bảy Ngàn	Huyện Châu Thành A	93	Tỉnh Hậu Giang	92	31342	exact	31342:Xã Tân Hòa
31348	Xã Trường Long Tây	Huyện Châu Thành A	93	Tỉnh Hậu Giang	92	31348	exact	31348:Xã Trường Long Tây
31351	Xã Trường Long A	Huyện Châu Thành A	93	Tỉnh Hậu Giang	92	31348	exact	31348:Xã Trường Long Tây
31357	Xã Nhơn Nghĩa A	Huyện Châu Thành A	93	Tỉnh Hậu Giang	92	31342	exact	31342:Xã Tân Hòa
31359	Thị trấn Rạch Gòi	Huyện Châu Thành A	93	Tỉnh Hậu Giang	92	31360	exact	31360:Xã Thạnh Xuân
31360	Xã Thạnh Xuân	Huyện Châu Thành A	93	Tỉnh Hậu Giang	92	31360	exact	31360:Xã Thạnh Xuân
31362	Thị trấn Cái Tắc	Huyện Châu Thành A	93	Tỉnh Hậu Giang	92	31369	exact	31369:Xã Đông Phước
31363	Xã Tân Phú Thạnh	Huyện Châu Thành A	93	Tỉnh Hậu Giang	92	31360	exact	31360:Xã Thạnh Xuân
31366	Thị trấn Ngã Sáu	Huyện Châu Thành	93	Tỉnh Hậu Giang	92	31366	exact	31366:Xã Châu Thành
31369	Xã Đông Thạnh	Huyện Châu Thành	93	Tỉnh Hậu Giang	92	31369	exact	31369:Xã Đông Phước
31375	Xã Đông Phú	Huyện Châu Thành	93	Tỉnh Hậu Giang	92	31366	exact	31366:Xã Châu Thành
31378	Xã Phú Hữu	Huyện Châu Thành	93	Tỉnh Hậu Giang	92		split	31654:Xã Trường Khánh|31378:Xã Phú Hữu
31379	Xã Phú Tân	Huyện Châu Thành	93	Tỉnh Hậu Giang	92		split	31378:Xã Phú Hữu|31582:Xã Thuận Hòa
31381	Thị trấn Mái Dầm	Huyện Châu Thành	93	Tỉnh Hậu Giang	92	31366	exact	31366:Xã Châu Thành
31384	Xã Đông Phước	Huyện Châu Thành	93	Tỉnh Hậu Giang	92	31378	exact	31378:Xã Phú Hữu
31387	Xã Đông Phước A	Huyện Châu Thành	93	Tỉnh Hậu Giang	92	31369	exact	31369:Xã Đông Phước
31393	Thị trấn Kinh Cùng	Huyện Phụng Hiệp	93	Tỉnh Hậu Giang	92	31393	exact	31393:Xã Hòa An
31396	Thị trấn Cây Dương	Huyện Phụng Hiệp	93	Tỉnh Hậu Giang	92	31396	exact	31396:Xã Hiệp Hưng
31399	Xã Tân Bình	Huyện Phụng Hiệp	93	Tỉnh Hậu Giang	92	31399	exact	31399:Xã Tân Bình
31402	Xã Bình Thành	Huyện Phụng Hiệp	93	Tỉnh Hậu Giang	92	31399	exact	31399:Xã Tân Bình
31405	Xã Thạnh Hòa	Huyện Phụng Hiệp	93	Tỉnh Hậu Giang	92	31408	exact	31408:Xã Thạnh Hòa
31408	Xã Long Thạnh	Huyện Phụng Hiệp	93	Tỉnh Hậu Giang	92	31408	exact	31408:Xã Thạnh Hòa
31411	Xã Đại Thành	Thành phố Ngã Bảy	93	Tỉnh Hậu Giang	92	31411	exact	31411:Phường Đại Thành
31414	Xã Tân Thành	Thành phố Ngã Bảy	93	Tỉnh Hậu Giang	92		split	31666:Xã Tân Thạnh|31411:Phường Đại Thành|31288:Xã Trường Thành
31417	Xã Phụng Hiệp	Huyện Phụng Hiệp	93	Tỉnh Hậu Giang	92	31420	exact	31420:Xã Phụng Hiệp
31420	Xã Hòa Mỹ	Huyện Phụng Hiệp	93	Tỉnh Hậu Giang	92	31420	exact	31420:Xã Phụng Hiệp
31423	Xã Hòa An	Huyện Phụng Hiệp	93	Tỉnh Hậu Giang	92	31393	exact	31393:Xã Hòa An
31426	Xã Phương Bình	Huyện Phụng Hiệp	93	Tỉnh Hậu Giang	92	31426	exact	31426:Xã Phương Bình
31429	Xã Hiệp Hưng	Huyện Phụng Hiệp	93	Tỉnh Hậu Giang	92	31396	exact	31396:Xã Hiệp Hưng
31432	Xã Tân Phước Hưng	Huyện Phụng Hiệp	93	Tỉnh Hậu Giang	92	31432	exact	31432:Xã Tân Phước Hưng
31433	Thị trấn Búng Tàu	Huyện Phụng Hiệp	93	Tỉnh Hậu Giang	92	31432	exact	31432:Xã Tân Phước Hưng
31435	Xã Phương Phú	Huyện Phụng Hiệp	93	Tỉnh Hậu Giang	92	31426	exact	31426:Xã Phương Bình
31438	Xã Tân Long	Huyện Phụng Hiệp	93	Tỉnh Hậu Giang	92		split	31741:Xã Tân Long|31408:Xã Thạnh Hòa
31441	Thị trấn Nàng Mau	Huyện Vị Thuỷ	93	Tỉnh Hậu Giang	92	31441	exact	31441:Xã Vị Thủy
31444	Xã Vị Trung	Huyện Vị Thuỷ	93	Tỉnh Hậu Giang	92	31441	exact	31441:Xã Vị Thủy
31447	Xã Vị Thuỷ	Huyện Vị Thuỷ	93	Tỉnh Hậu Giang	92	31453	exact	31453:Xã Vĩnh Thuận Đông
31450	Xã Vị Thắng	Huyện Vị Thuỷ	93	Tỉnh Hậu Giang	92	31441	exact	31441:Xã Vị Thủy
31453	Xã Vĩnh Thuận Tây	Huyện Vị Thuỷ	93	Tỉnh Hậu Giang	92	31453	exact	31453:Xã Vĩnh Thuận Đông
31456	Xã Vĩnh Trung	Huyện Vị Thuỷ	93	Tỉnh Hậu Giang	92	31459	exact	31459:Xã Vĩnh Tường
31459	Xã Vĩnh Tường	Huyện Vị Thuỷ	93	Tỉnh Hậu Giang	92	31459	exact	31459:Xã Vĩnh Tường
31462	Xã Vị Đông	Huyện Vị Thuỷ	93	Tỉnh Hậu Giang	92	31465	exact	31465:Xã Vị Thanh 1
31465	Xã Vị Thanh	Huyện Vị Thuỷ	93	Tỉnh Hậu Giang	92	31465	exact	31465:Xã Vị Thanh 1
31468	Xã Vị Bình	Huyện Vị Thuỷ	93	Tỉnh Hậu Giang	92	31465	exact	31465:Xã Vị Thanh 1
31471	Phường Thuận An	Thị xã Long Mỹ	93	Tỉnh Hậu Giang	92	31471	exact	31471:Phường Long Mỹ
31472	Phường Trà Lồng	Thị xã Long Mỹ	93	Tỉnh Hậu Giang	92	31480	exact	31480:Phường Long Phú 1
31473	Phường Bình Thạnh	Thị xã Long Mỹ	93	Tỉnh Hậu Giang	92	31473	exact	31473:Phường Long Bình
31474	Xã Long Bình	Thị xã Long Mỹ	93	Tỉnh Hậu Giang	92		split	31741:Xã Tân Long|31473:Phường Long Bình
31475	Phường Vĩnh Tường	Thị xã Long Mỹ	93	Tỉnh Hậu Giang	92	31473	exact	31473:Phường Long Bình
31477	Xã Long Trị	Thị xã Long Mỹ	93	Tỉnh Hậu Giang	92	31471	exact	31471:Phường Long Mỹ
31478	Xã Long Trị A	Thị xã Long Mỹ	93	Tỉnh Hậu Giang	92	31471	exact	31471:Phường Long Mỹ
31480	Xã Long Phú	Thị xã Long Mỹ	93	Tỉnh Hậu Giang	92		split	31639:Xã Long Phú|31480:Phường Long Phú 1
31481	Xã Tân Phú	Thị xã Long Mỹ	93	Tỉnh Hậu Giang	92	31480	exact	31480:Phường Long Phú 1
31483	Xã Thuận Hưng	Huyện Long Mỹ	93	Tỉnh Hậu Giang	92		split	31591:Xã Mỹ Hương|31495:Xã Xà Phiên
31484	Xã Thuận Hòa	Huyện Long Mỹ	93	Tỉnh Hậu Giang	92	31495	exact	31495:Xã Xà Phiên
31486	Xã Vĩnh Thuận Đông	Huyện Long Mỹ	93	Tỉnh Hậu Giang	92	31453	exact	31453:Xã Vĩnh Thuận Đông
31489	Thị trấn Vĩnh Viễn	Huyện Long Mỹ	93	Tỉnh Hậu Giang	92	31489	exact	31489:Xã Vĩnh Viễn
31490	Xã Vĩnh Viễn A	Huyện Long Mỹ	93	Tỉnh Hậu Giang	92	31489	exact	31489:Xã Vĩnh Viễn
31492	Xã Lương Tâm	Huyện Long Mỹ	93	Tỉnh Hậu Giang	92	31492	exact	31492:Xã Lương Tâm
31493	Xã Lương Nghĩa	Huyện Long Mỹ	93	Tỉnh Hậu Giang	92	31492	exact	31492:Xã Lương Tâm
31495	Xã Xà Phiên	Huyện Long Mỹ	93	Tỉnh Hậu Giang	92	31495	exact	31495:Xã Xà Phiên
31498	Phường 5	Thành phố Sóc Trăng	94	Tỉnh Sóc Trăng	92	31507	exact	31507:Phường Sóc Trăng
31501	Phường 7	Thành phố Sóc Trăng	94	Tỉnh Sóc Trăng	92	31507	exact	31507:Phường Sóc Trăng
31504	Phường 8	Thành phố Sóc Trăng	94	Tỉnh Sóc Trăng	92	31507	exact	31507:Phường Sóc Trăng
31507	Phường 6	Thành phố Sóc Trăng	94	Tỉnh Sóc Trăng	92	31507	exact	31507:Phường Sóc Trăng
31510	Phường 2	Thành phố Sóc Trăng	94	Tỉnh Sóc Trăng	92	31510	exact	31510:Phường Phú Lợi
31513	Phường 1	Thành phố Sóc Trăng	94	Tỉnh Sóc Trăng	92	31510	exact	31510:Phường Phú Lợi
31516	Phường 4	Thành phố Sóc Trăng	94	Tỉnh Sóc Trăng	92	31510	exact	31510:Phường Phú Lợi
31519	Phường 3	Thành phố Sóc Trăng	94	Tỉnh Sóc Trăng	92	31510	exact	31510:Phường Phú Lợi
31522	Phường 9	Thành phố Sóc Trăng	94	Tỉnh Sóc Trăng	92		not_found	
31525	Phường 10	Thành phố Sóc Trăng	94	Tỉnh Sóc Trăng	92	31684	exact	31684:Phường Mỹ Xuyên
31528	Thị trấn Kế Sách	Huyện Kế Sách	94	Tỉnh Sóc Trăng	92	31528	exact	31528:Xã Kế Sách
31531	Thị trấn An Lạc Thôn	Huyện Kế Sách	94	Tỉnh Sóc Trăng	92	31531	exact	31531:Xã An Lạc Thôn
31534	Xã Xuân Hòa	Huyện Kế Sách	94	Tỉnh Sóc Trăng	92	31531	exact	31531:Xã An Lạc Thôn
31537	Xã Phong Nẫm	Huyện Kế Sách	94	Tỉnh Sóc Trăng	92	31537	exact	31537:Xã Phong Nẫm
31540	Xã An Lạc Tây	Huyện Kế Sách	94	Tỉnh Sóc Trăng	92	31540	exact	31540:Xã Thới An Hội
31543	Xã Trinh Phú	Huyện Kế Sách	94	Tỉnh Sóc Trăng	92	31531	exact	31531:Xã An Lạc Thôn
31546	Xã Ba Trinh	Huyện Kế Sách	94	Tỉnh Sóc Trăng	92	31561	exact	31561:Xã Đại Hải
31549	Xã Thới An Hội	Huyện Kế Sách	94	Tỉnh Sóc Trăng	92	31540	exact	31540:Xã Thới An Hội
31552	Xã Nhơn Mỹ	Huyện Kế Sách	94	Tỉnh Sóc Trăng	92	31552	exact	31552:Xã Nhơn Mỹ
31555	Xã Kế Thành	Huyện Kế Sách	94	Tỉnh Sóc Trăng	92	31528	exact	31528:Xã Kế Sách
31558	Xã Kế An	Huyện Kế Sách	94	Tỉnh Sóc Trăng	92	31528	exact	31528:Xã Kế Sách
31561	Xã Đại Hải	Huyện Kế Sách	94	Tỉnh Sóc Trăng	92	31561	exact	31561:Xã Đại Hải
31564	Xã An Mỹ	Huyện Kế Sách	94	Tỉnh Sóc Trăng	92	31552	exact	31552:Xã Nhơn Mỹ
31567	Thị trấn Huỳnh Hữu Nghĩa	Huyện Mỹ Tú	94	Tỉnh Sóc Trăng	92	31567	exact	31567:Xã Mỹ Tú
31569	Thị trấn Châu Thành	Huyện Châu Thành	94	Tỉnh Sóc Trăng	92	31569	exact	31569:Xã Phú Tâm
31570	Xã Hồ Đắc Kiện	Huyện Châu Thành	94	Tỉnh Sóc Trăng	92	31570	exact	31570:Xã Hồ Đắc Kiện
31573	Xã Phú Tâm	Huyện Châu Thành	94	Tỉnh Sóc Trăng	92	31569	exact	31569:Xã Phú Tâm
31576	Xã Thuận Hòa	Huyện Châu Thành	94	Tỉnh Sóc Trăng	92	31582	exact	31582:Xã Thuận Hòa
31579	Xã Long Hưng	Huyện Mỹ Tú	94	Tỉnh Sóc Trăng	92	31579	exact	31579:Xã Long Hưng
31582	Xã Phú Tân	Huyện Châu Thành	94	Tỉnh Sóc Trăng	92		split	31378:Xã Phú Hữu|31582:Xã Thuận Hòa
31585	Xã Thiện Mỹ	Huyện Châu Thành	94	Tỉnh Sóc Trăng	92	31570	exact	31570:Xã Hồ Đắc Kiện
31588	Xã Hưng Phú	Huyện Mỹ Tú	94	Tỉnh Sóc Trăng	92	31579	exact	31579:Xã Long Hưng
31591	Xã Mỹ Hương	Huyện Mỹ Tú	94	Tỉnh Sóc Trăng	92	31591	exact	31591:Xã Mỹ Hương
31594	Xã An Hiệp	Huyện Châu Thành	94	Tỉnh Sóc Trăng	92	31594	exact	31594:Xã An Ninh
31597	Xã Mỹ Tú	Huyện Mỹ Tú	94	Tỉnh Sóc Trăng	92	31567	exact	31567:Xã Mỹ Tú
31600	Xã An Ninh	Huyện Châu Thành	94	Tỉnh Sóc Trăng	92	31594	exact	31594:Xã An Ninh
31603	Xã Mỹ Phước	Huyện Mỹ Tú	94	Tỉnh Sóc Trăng	92	31603	exact	31603:Xã Mỹ Phước
31606	Xã Thuận Hưng	Huyện Mỹ Tú	94	Tỉnh Sóc Trăng	92		split	31591:Xã Mỹ Hương|31495:Xã Xà Phiên
31609	Xã Mỹ Thuận	Huyện Mỹ Tú	94	Tỉnh Sóc Trăng	92	31567	exact	31567:Xã Mỹ Tú
31612	Xã Phú Mỹ	Huyện Mỹ Tú	94	Tỉnh Sóc Trăng	92	31591	exact	31591:Xã Mỹ Hương
31615	Thị trấn Cù Lao Dung	Huyện Cù Lao Dung	94	Tỉnh Sóc Trăng	92	31615	exact	31615:Xã An Thạnh
31618	Xã An Thạnh 1	Huyện Cù Lao Dung	94	Tỉnh Sóc Trăng	92	31615	exact	31615:Xã An Thạnh
31621	Xã An Thạnh Tây	Huyện Cù Lao Dung	94	Tỉnh Sóc Trăng	92	31615	exact	31615:Xã An Thạnh
31624	Xã An Thạnh Đông	Huyện Cù Lao Dung	94	Tỉnh Sóc Trăng	92	31615	exact	31615:Xã An Thạnh
31627	Xã Đại Ân 1	Huyện Cù Lao Dung	94	Tỉnh Sóc Trăng	92	31633	exact	31633:Xã Cù Lao Dung
31630	Xã An Thạnh 2	Huyện Cù Lao Dung	94	Tỉnh Sóc Trăng	92	31633	exact	31633:Xã Cù Lao Dung
31633	Xã An Thạnh 3	Huyện Cù Lao Dung	94	Tỉnh Sóc Trăng	92	31633	exact	31633:Xã Cù Lao Dung
31636	Xã An Thạnh Nam	Huyện Cù Lao Dung	94	Tỉnh Sóc Trăng	92	31633	exact	31633:Xã Cù Lao Dung
31639	Thị trấn Long Phú	Huyện Long Phú	94	Tỉnh Sóc Trăng	92	31639	exact	31639:Xã Long Phú
31642	Xã Song Phụng	Huyện Long Phú	94	Tỉnh Sóc Trăng	92	31552	exact	31552:Xã Nhơn Mỹ
31645	Thị trấn Đại Ngãi	Huyện Long Phú	94	Tỉnh Sóc Trăng	92	31645	exact	31645:Xã Đại Ngãi
31648	Xã Hậu Thạnh	Huyện Long Phú	94	Tỉnh Sóc Trăng	92	31654	exact	31654:Xã Trường Khánh
31651	Xã Long Đức	Huyện Long Phú	94	Tỉnh Sóc Trăng	92	31645	exact	31645:Xã Đại Ngãi
31654	Xã Trường Khánh	Huyện Long Phú	94	Tỉnh Sóc Trăng	92	31654	exact	31654:Xã Trường Khánh
31657	Xã Phú Hữu	Huyện Long Phú	94	Tỉnh Sóc Trăng	92		split	31654:Xã Trường Khánh|31378:Xã Phú Hữu
31660	Xã Tân Hưng	Huyện Long Phú	94	Tỉnh Sóc Trăng	92	31666	exact	31666:Xã Tân Thạnh
31663	Xã Châu Khánh	Huyện Long Phú	94	Tỉnh Sóc Trăng	92	31666	exact	31666:Xã Tân Thạnh
31666	Xã Tân Thạnh	Huyện Long Phú	94	Tỉnh Sóc Trăng	92		split	31666:Xã Tân Thạnh|31411:Phường Đại Thành|31288:Xã Trường Thành
31669	Xã Long Phú	Huyện Long Phú	94	Tỉnh Sóc Trăng	92		split	31639:Xã Long Phú|31480:Phường Long Phú 1
31672	Xã Đại Ân 2	Huyện Trần Đề	94	Tỉnh Sóc Trăng	92	31673	exact	31673:Xã Trần Đề
31673	Thị trấn Trần Đề	Huyện Trần Đề	94	Tỉnh Sóc Trăng	92	31673	exact	31673:Xã Trần Đề
31675	Xã Liêu Tú	Huyện Trần Đề	94	Tỉnh Sóc Trăng	92	31675	exact	31675:Xã Liêu Tú
31678	Xã Lịch Hội Thượng	Huyện Trần Đề	94	Tỉnh Sóc Trăng	92	31679	exact	31679:Xã Lịch Hội Thượng
31679	Thị trấn Lịch Hội Thượng	Huyện Trần Đề	94	Tỉnh Sóc Trăng	92	31679	exact	31679:Xã Lịch Hội Thượng
31681	Xã Trung Bình	Huyện Trần Đề	94	Tỉnh Sóc Trăng	92	31673	exact	31673:Xã Trần Đề
31684	Thị trấn Mỹ Xuyên	Huyện Mỹ Xuyên	94	Tỉnh Sóc Trăng	92	31684	exact	31684:Phường Mỹ Xuyên
31687	Xã Tài Văn	Huyện Trần Đề	94	Tỉnh Sóc Trăng	92	31687	exact	31687:Xã Tài Văn
31690	Xã Đại Tâm	Huyện Mỹ Xuyên	94	Tỉnh Sóc Trăng	92	31684	exact	31684:Phường Mỹ Xuyên
31693	Xã Tham Đôn	Huyện Mỹ Xuyên	94	Tỉnh Sóc Trăng	92	31723	exact	31723:Xã Ngọc Tố
31696	Xã Viên An	Huyện Trần Đề	94	Tỉnh Sóc Trăng	92	31687	exact	31687:Xã Tài Văn
31699	Xã Thạnh Thới An	Huyện Trần Đề	94	Tỉnh Sóc Trăng	92	31699	exact	31699:Xã Thạnh Thới An
31702	Xã Thạnh Thới Thuận	Huyện Trần Đề	94	Tỉnh Sóc Trăng	92	31699	exact	31699:Xã Thạnh Thới An
31705	Xã Viên Bình	Huyện Trần Đề	94	Tỉnh Sóc Trăng	92	31675	exact	31675:Xã Liêu Tú
31708	Xã Thạnh Phú	Huyện Mỹ Xuyên	94	Tỉnh Sóc Trăng	92	31708	exact	31708:Xã Nhu Gia
31711	Xã Ngọc Đông	Huyện Mỹ Xuyên	94	Tỉnh Sóc Trăng	92	31723	exact	31723:Xã Ngọc Tố
31714	Xã Thạnh Quới	Huyện Mỹ Xuyên	94	Tỉnh Sóc Trăng	92		split	31246:Xã Thạnh Quới|31726:Xã Gia Hòa
31717	Xã Hòa Tú 1	Huyện Mỹ Xuyên	94	Tỉnh Sóc Trăng	92	31717	exact	31717:Xã Hòa Tú
31720	Xã Gia Hòa 1	Huyện Mỹ Xuyên	94	Tỉnh Sóc Trăng	92	31708	exact	31708:Xã Nhu Gia
31723	Xã Ngọc Tố	Huyện Mỹ Xuyên	94	Tỉnh Sóc Trăng	92	31723	exact	31723:Xã Ngọc Tố
31726	Xã Gia Hòa 2	Huyện Mỹ Xuyên	94	Tỉnh Sóc Trăng	92	31726	exact	31726:Xã Gia Hòa
31729	Xã Hòa Tú II	Huyện Mỹ Xuyên	94	Tỉnh Sóc Trăng	92		not_found	
31732	Phường 1	Thị xã Ngã Năm	94	Tỉnh Sóc Trăng	92	31732	exact	31732:Phường Ngã Năm
31735	Phường 2	Thị xã Ngã Năm	94	Tỉnh Sóc Trăng	92	31732	exact	31732:Phường Ngã Năm
31738	Xã Vĩnh Quới	Thị xã Ngã Năm	94	Tỉnh Sóc Trăng	92	31732	exact	31732:Phường Ngã Năm
31741	Xã Tân Long	Thị xã Ngã Năm	94	Tỉnh Sóc Trăng	92		split	31741:Xã Tân Long|31408:Xã Thạnh Hòa
31744	Xã Long Bình	Thị xã Ngã Năm	94	Tỉnh Sóc Trăng	92		split	31741:Xã Tân Long|31473:Phường Long Bình
31747	Phường 3	Thị xã Ngã Năm	94	Tỉnh Sóc Trăng	92	31753	exact	31753:Phường Mỹ Quới
31750	Xã Mỹ Bình	Thị xã Ngã Năm	94	Tỉnh Sóc Trăng	92	31753	exact	31753:Phường Mỹ Quới
31753	Xã Mỹ Quới	Thị xã Ngã Năm	94	Tỉnh Sóc Trăng	92	31753	exact	31753:Phường Mỹ Quới
31756	Thị trấn Phú Lộc	Huyện Thạnh Trị	94	Tỉnh Sóc Trăng	92	31756	exact	31756:Xã Phú Lộc
31757	Thị trấn Hưng Lợi	Huyện Thạnh Trị	94	Tỉnh Sóc Trăng	92	31756	exact	31756:Xã Phú Lộc
31759	Xã Lâm Tân	Huyện Thạnh Trị	94	Tỉnh Sóc Trăng	92	31759	exact	31759:Xã Lâm Tân
31762	Xã Thạnh Tân	Huyện Thạnh Trị	94	Tỉnh Sóc Trăng	92	31741	exact	31741:Xã Tân Long
31765	Xã Lâm Kiết	Huyện Thạnh Trị	94	Tỉnh Sóc Trăng	92	31759	exact	31759:Xã Lâm Tân
31768	Xã Tuân Tức	Huyện Thạnh Trị	94	Tỉnh Sóc Trăng	92	31759	exact	31759:Xã Lâm Tân
31771	Xã Vĩnh Thành	Huyện Thạnh Trị	94	Tỉnh Sóc Trăng	92	31777	exact	31777:Xã Vĩnh Lợi
31774	Xã Thạnh Trị	Huyện Thạnh Trị	94	Tỉnh Sóc Trăng	92	31756	exact	31756:Xã Phú Lộc
31777	Xã Vĩnh Lợi	Huyện Thạnh Trị	94	Tỉnh Sóc Trăng	92	31777	exact	31777:Xã Vĩnh Lợi
31780	Xã Châu Hưng	Huyện Thạnh Trị	94	Tỉnh Sóc Trăng	92	31777	exact	31777:Xã Vĩnh Lợi
31783	Phường 1	Thị xã Vĩnh Châu	94	Tỉnh Sóc Trăng	92	31783	exact	31783:Phường Vĩnh Châu
31786	Xã Hòa Đông	Thị xã Vĩnh Châu	94	Tỉnh Sóc Trăng	92	31789	exact	31789:Phường Khánh Hòa
31789	Phường Khánh Hòa	Thị xã Vĩnh Châu	94	Tỉnh Sóc Trăng	92	31789	exact	31789:Phường Khánh Hòa
31792	Xã Vĩnh Hiệp	Thị xã Vĩnh Châu	94	Tỉnh Sóc Trăng	92	31789	exact	31789:Phường Khánh Hòa
31795	Xã Vĩnh Hải	Thị xã Vĩnh Châu	94	Tỉnh Sóc Trăng	92	31795	exact	31795:Xã Vĩnh Hải
31798	Xã Lạc Hòa	Thị xã Vĩnh Châu	94	Tỉnh Sóc Trăng	92	31783	exact	31783:Phường Vĩnh Châu
31801	Phường 2	Thị xã Vĩnh Châu	94	Tỉnh Sóc Trăng	92	31783	exact	31783:Phường Vĩnh Châu
31804	Phường Vĩnh Phước	Thị xã Vĩnh Châu	94	Tỉnh Sóc Trăng	92	31804	exact	31804:Phường Vĩnh Phước
31807	Xã Vĩnh Tân	Thị xã Vĩnh Châu	94	Tỉnh Sóc Trăng	92	31804	exact	31804:Phường Vĩnh Phước
31810	Xã Lai Hòa	Thị xã Vĩnh Châu	94	Tỉnh Sóc Trăng	92	31810	exact	31810:Xã Lai Hòa
31813	Phường 2	Thành phố Bạc Liêu	95	Tỉnh Bạc Liêu	96	31825	exact	31825:Phường Bạc Liêu
31816	Phường 3	Thành phố Bạc Liêu	95	Tỉnh Bạc Liêu	96	31825	exact	31825:Phường Bạc Liêu
31819	Phường 5	Thành phố Bạc Liêu	95	Tỉnh Bạc Liêu	96	31834	exact	31834:Phường Vĩnh Trạch
31822	Phường 7	Thành phố Bạc Liêu	95	Tỉnh Bạc Liêu	96	31825	exact	31825:Phường Bạc Liêu
31825	Phường 1	Thành phố Bạc Liêu	95	Tỉnh Bạc Liêu	96	31825	exact	31825:Phường Bạc Liêu
31828	Phường 8	Thành phố Bạc Liêu	95	Tỉnh Bạc Liêu	96	31825	exact	31825:Phường Bạc Liêu
31831	Phường Nhà Mát	Thành phố Bạc Liêu	95	Tỉnh Bạc Liêu	96	31840	exact	31840:Phường Hiệp Thành
31834	Xã Vĩnh Trạch	Thành phố Bạc Liêu	95	Tỉnh Bạc Liêu	96	31834	exact	31834:Phường Vĩnh Trạch
31837	Xã Vĩnh Trạch Đông	Thành phố Bạc Liêu	95	Tỉnh Bạc Liêu	96	31840	exact	31840:Phường Hiệp Thành
31840	Xã Hiệp Thành	Thành phố Bạc Liêu	95	Tỉnh Bạc Liêu	96	31840	exact	31840:Phường Hiệp Thành
31843	Thị trấn Ngan Dừa	Huyện Hồng Dân	95	Tỉnh Bạc Liêu	96	31843	exact	31843:Xã Hồng Dân
31846	Xã Ninh Quới	Huyện Hồng Dân	95	Tỉnh Bạc Liêu	96	31849	exact	31849:Xã Ninh Quới
31849	Xã Ninh Quới A	Huyện Hồng Dân	95	Tỉnh Bạc Liêu	96	31849	exact	31849:Xã Ninh Quới
31852	Xã Ninh Hòa	Huyện Hồng Dân	95	Tỉnh Bạc Liêu	96	31843	exact	31843:Xã Hồng Dân
31855	Xã Lộc Ninh	Huyện Hồng Dân	95	Tỉnh Bạc Liêu	96	31843	exact	31843:Xã Hồng Dân
31858	Xã Vĩnh Lộc	Huyện Hồng Dân	95	Tỉnh Bạc Liêu	96	31858	exact	31858:Xã Vĩnh Lộc
31861	Xã Vĩnh Lộc A	Huyện Hồng Dân	95	Tỉnh Bạc Liêu	96	31858	exact	31858:Xã Vĩnh Lộc
31863	Xã Ninh Thạnh Lợi A	Huyện Hồng Dân	95	Tỉnh Bạc Liêu	96	31864	exact	31864:Xã Ninh Thạnh Lợi
31864	Xã Ninh Thạnh Lợi	Huyện Hồng Dân	95	Tỉnh Bạc Liêu	96	31864	exact	31864:Xã Ninh Thạnh Lợi
31867	Thị trấn Phước Long	Huyện Phước Long	95	Tỉnh Bạc Liêu	96	31867	exact	31867:Xã Phước Long
31870	Xã Vĩnh Phú Đông	Huyện Phước Long	95	Tỉnh Bạc Liêu	96	31867	exact	31867:Xã Phước Long
31873	Xã Vĩnh Phú Tây	Huyện Phước Long	95	Tỉnh Bạc Liêu	96	31876	exact	31876:Xã Vĩnh Phước
31876	Xã Phước Long	Huyện Phước Long	95	Tỉnh Bạc Liêu	96	31876	exact	31876:Xã Vĩnh Phước
31879	Xã Hưng Phú	Huyện Phước Long	95	Tỉnh Bạc Liêu	96	31882	exact	31882:Xã Vĩnh Thanh
31882	Xã Vĩnh Thanh	Huyện Phước Long	95	Tỉnh Bạc Liêu	96	31882	exact	31882:Xã Vĩnh Thanh
31885	Xã Phong Thạnh Tây A	Huyện Phước Long	95	Tỉnh Bạc Liêu	96	31885	exact	31885:Xã Phong Hiệp
31888	Xã Phong Thạnh Tây B	Huyện Phước Long	95	Tỉnh Bạc Liêu	96	31885	exact	31885:Xã Phong Hiệp
31891	Thị trấn Hòa Bình	Huyện Hoà Bình	95	Tỉnh Bạc Liêu	96	31891	exact	31891:Xã Hòa Bình
31894	Xã Vĩnh Hưng	Huyện Vĩnh Lợi	95	Tỉnh Bạc Liêu	96	31894	exact	31894:Xã Châu Thới
31897	Xã Vĩnh Hưng A	Huyện Vĩnh Lợi	95	Tỉnh Bạc Liêu	96	31894	exact	31894:Xã Châu Thới
31900	Thị trấn Châu Hưng	Huyện Vĩnh Lợi	95	Tỉnh Bạc Liêu	96	31900	exact	31900:Xã Vĩnh Lợi
31903	Xã Châu Hưng A	Huyện Vĩnh Lợi	95	Tỉnh Bạc Liêu	96	31900	exact	31900:Xã Vĩnh Lợi
31906	Xã Hưng Thành	Huyện Vĩnh Lợi	95	Tỉnh Bạc Liêu	96	31906	exact	31906:Xã Hưng Hội
31909	Xã Hưng Hội	Huyện Vĩnh Lợi	95	Tỉnh Bạc Liêu	96	31906	exact	31906:Xã Hưng Hội
31912	Xã Châu Thới	Huyện Vĩnh Lợi	95	Tỉnh Bạc Liêu	96	31894	exact	31894:Xã Châu Thới
31915	Xã Minh Diệu	Huyện Hoà Bình	95	Tỉnh Bạc Liêu	96	31918	exact	31918:Xã Vĩnh Mỹ
31918	Xã Vĩnh Bình	Huyện Hoà Bình	95	Tỉnh Bạc Liêu	96	31918	exact	31918:Xã Vĩnh Mỹ
31921	Xã Long Thạnh	Huyện Vĩnh Lợi	95	Tỉnh Bạc Liêu	96	31891	exact	31891:Xã Hòa Bình
31924	Xã Vĩnh Mỹ B	Huyện Hoà Bình	95	Tỉnh Bạc Liêu	96	31918	exact	31918:Xã Vĩnh Mỹ
31927	Xã Vĩnh Hậu	Huyện Hoà Bình	95	Tỉnh Bạc Liêu	96	31927	exact	31927:Xã Vĩnh Hậu
31930	Xã Vĩnh Hậu A	Huyện Hoà Bình	95	Tỉnh Bạc Liêu	96	31927	exact	31927:Xã Vĩnh Hậu
31933	Xã Vĩnh Mỹ A	Huyện Hoà Bình	95	Tỉnh Bạc Liêu	96	31891	exact	31891:Xã Hòa Bình
31936	Xã Vĩnh Thịnh	Huyện Hoà Bình	95	Tỉnh Bạc Liêu	96	31927	exact	31927:Xã Vĩnh Hậu
31942	Phường 1	Thị xã Giá Rai	95	Tỉnh Bạc Liêu	96	31942	exact	31942:Phường Giá Rai
31945	Phường Hộ Phòng	Thị xã Giá Rai	95	Tỉnh Bạc Liêu	96	31942	exact	31942:Phường Giá Rai
31948	Xã Phong Thạnh Đông	Thị xã Giá Rai	95	Tỉnh Bạc Liêu	96	31951	exact	31951:Phường Láng Tròn
31951	Phường Láng Tròn	Thị xã Giá Rai	95	Tỉnh Bạc Liêu	96	31951	exact	31951:Phường Láng Tròn
31954	Xã Phong Tân	Thị xã Giá Rai	95	Tỉnh Bạc Liêu	96	31951	exact	31951:Phường Láng Tròn
31957	Xã Tân Phong	Thị xã Giá Rai	95	Tỉnh Bạc Liêu	96	31957	exact	31957:Xã Phong Thạnh
31960	Xã Phong Thạnh	Thị xã Giá Rai	95	Tỉnh Bạc Liêu	96	31942	exact	31942:Phường Giá Rai
31963	Xã Phong Thạnh A	Thị xã Giá Rai	95	Tỉnh Bạc Liêu	96	31942	exact	31942:Phường Giá Rai
31966	Xã Phong Thạnh Tây	Thị xã Giá Rai	95	Tỉnh Bạc Liêu	96	31957	exact	31957:Xã Phong Thạnh
31969	Xã Tân Thạnh	Thị xã Giá Rai	95	Tỉnh Bạc Liêu	96		split	31957:Xã Phong Thạnh|32025:Phường Tân Thành
31972	Thị trấn Gành Hào	Huyện Đông Hải	95	Tỉnh Bạc Liêu	96	31972	exact	31972:Xã Gành Hào
31975	Xã Long Điền Đông	Huyện Đông Hải	95	Tỉnh Bạc Liêu	96	31975	exact	31975:Xã Đông Hải
31978	Xã Long Điền Đông A	Huyện Đông Hải	95	Tỉnh Bạc Liêu	96	31975	exact	31975:Xã Đông Hải
31981	Xã Long Điền	Huyện Đông Hải	95	Tỉnh Bạc Liêu	96	31985	exact	31985:Xã Long Điền
31984	Xã Long Điền Tây	Huyện Đông Hải	95	Tỉnh Bạc Liêu	96	31972	exact	31972:Xã Gành Hào
31985	Xã Điền Hải	Huyện Đông Hải	95	Tỉnh Bạc Liêu	96	31985	exact	31985:Xã Long Điền
31987	Xã An Trạch	Huyện Đông Hải	95	Tỉnh Bạc Liêu	96	31988	exact	31988:Xã An Trạch
31988	Xã An Trạch A	Huyện Đông Hải	95	Tỉnh Bạc Liêu	96	31988	exact	31988:Xã An Trạch
31990	Xã An Phúc	Huyện Đông Hải	95	Tỉnh Bạc Liêu	96	31993	exact	31993:Xã Định Thành
31993	Xã Định Thành	Huyện Đông Hải	95	Tỉnh Bạc Liêu	96	31993	exact	31993:Xã Định Thành
31996	Xã Định Thành A	Huyện Đông Hải	95	Tỉnh Bạc Liêu	96	31993	exact	31993:Xã Định Thành
31999	Phường 9	Thành phố Cà Mau	96	Tỉnh Cà Mau	96	32002	exact	32002:Phường An Xuyên
32002	Phường 4	Thành phố Cà Mau	96	Tỉnh Cà Mau	96		not_found	
32005	Phường 1	Thành phố Cà Mau	96	Tỉnh Cà Mau	96	32002	exact	32002:Phường An Xuyên
32008	Phường 5	Thành phố Cà Mau	96	Tỉnh Cà Mau	96	32025	exact	32025:Phường Tân Thành
32011	Phường 2	Thành phố Cà Mau	96	Tỉnh Cà Mau	96	32002	exact	32002:Phường An Xuyên
32014	Phường 8	Thành phố Cà Mau	96	Tỉnh Cà Mau	96	32014	exact	32014:Phường Lý Văn Lâm
32017	Phường 6	Thành phố Cà Mau	96	Tỉnh Cà Mau	96		split	32041:Phường Hòa Thành|32025:Phường Tân Thành
32020	Phường 7	Thành phố Cà Mau	96	Tỉnh Cà Mau	96		split	32041:Phường Hòa Thành|32025:Phường Tân Thành
32022	Phường Tân Xuyên	Thành phố Cà Mau	96	Tỉnh Cà Mau	96	32002	exact	32002:Phường An Xuyên
32023	Xã An Xuyên	Thành phố Cà Mau	96	Tỉnh Cà Mau	96	32002	exact	32002:Phường An Xuyên
32025	Phường Tân Thành	Thành phố Cà Mau	96	Tỉnh Cà Mau	96	32025	exact	32025:Phường Tân Thành
32026	Xã Tân Thành	Thành phố Cà Mau	96	Tỉnh Cà Mau	96		split	31957:Xã Phong Thạnh|32025:Phường Tân Thành
32029	Xã Tắc Vân	Thành phố Cà Mau	96	Tỉnh Cà Mau	96	32025	exact	32025:Phường Tân Thành
32032	Xã Lý Văn Lâm	Thành phố Cà Mau	96	Tỉnh Cà Mau	96	32014	exact	32014:Phường Lý Văn Lâm
32035	Xã Định Bình	Thành phố Cà Mau	96	Tỉnh Cà Mau	96	32025	exact	32025:Phường Tân Thành
32038	Xã Hòa Thành	Thành phố Cà Mau	96	Tỉnh Cà Mau	96	32041	exact	32041:Phường Hòa Thành
32041	Xã Hòa Tân	Thành phố Cà Mau	96	Tỉnh Cà Mau	96	32041	exact	32041:Phường Hòa Thành
32044	Thị trấn U Minh	Huyện U Minh	96	Tỉnh Cà Mau	96	32044	exact	32044:Xã Nguyễn Phích
32047	Xã Khánh Hòa	Huyện U Minh	96	Tỉnh Cà Mau	96	32047	exact	32047:Xã U Minh
32048	Xã Khánh Thuận	Huyện U Minh	96	Tỉnh Cà Mau	96	32044	partial	32044:Xã Nguyễn Phích
32050	Xã Khánh Tiến	Huyện U Minh	96	Tỉnh Cà Mau	96	32047	exact	32047:Xã U Minh
32053	Xã Nguyễn Phích	Huyện U Minh	96	Tỉnh Cà Mau	96		split	32062:Xã Khánh Lâm|32059:Xã Khánh An|32044:Xã Nguyễn Phích
32056	Xã Khánh Lâm	Huyện U Minh	96	Tỉnh Cà Mau	96	32062	partial	32062:Xã Khánh Lâm
32059	Xã Khánh An	Huyện U Minh	96	Tỉnh Cà Mau	96	32059	exact	32059:Xã Khánh An
32062	Xã Khánh Hội	Huyện U Minh	96	Tỉnh Cà Mau	96	32062	exact	32062:Xã Khánh Lâm
32065	Thị trấn Thới Bình	Huyện Thới Bình	96	Tỉnh Cà Mau	96	32065	exact	32065:Xã Thới Bình
32068	Xã Biển Bạch	Huyện Thới Bình	96	Tỉnh Cà Mau	96	32069	exact	32069:Xã Biển Bạch
32069	Xã Tân Bằng	Huyện Thới Bình	96	Tỉnh Cà Mau	96	32069	exact	32069:Xã Biển Bạch
32071	Xã Trí Phải	Huyện Thới Bình	96	Tỉnh Cà Mau	96	32071	exact	32071:Xã Trí Phải
32072	Xã Trí Lực	Huyện Thới Bình	96	Tỉnh Cà Mau	96	32071	exact	32071:Xã Trí Phải
32074	Xã Biển Bạch Đông	Huyện Thới Bình	96	Tỉnh Cà Mau	96	32069	exact	32069:Xã Biển Bạch
32077	Xã Thới Bình	Huyện Thới Bình	96	Tỉnh Cà Mau	96	32065	exact	32065:Xã Thới Bình
32080	Xã Tân Phú	Huyện Thới Bình	96	Tỉnh Cà Mau	96	32071	exact	32071:Xã Trí Phải
32083	Xã Tân Lộc Bắc	Huyện Thới Bình	96	Tỉnh Cà Mau	96	32083	exact	32083:Xã Tân Lộc
32086	Xã Tân Lộc	Huyện Thới Bình	96	Tỉnh Cà Mau	96	32083	exact	32083:Xã Tân Lộc
32089	Xã Tân Lộc Đông	Huyện Thới Bình	96	Tỉnh Cà Mau	96	32083	exact	32083:Xã Tân Lộc
32092	Xã Hồ Thị Kỷ	Huyện Thới Bình	96	Tỉnh Cà Mau	96	32092	exact	32092:Xã Hồ Thị Kỷ
32095	Thị trấn Trần Văn Thời	Huyện Trần Văn Thời	96	Tỉnh Cà Mau	96	32095	exact	32095:Xã Trần Văn Thời
32098	Thị trấn Sông Đốc	Huyện Trần Văn Thời	96	Tỉnh Cà Mau	96	32098	exact	32098:Xã Sông Đốc
32101	Xã Khánh Bình Tây Bắc	Huyện Trần Văn Thời	96	Tỉnh Cà Mau	96	32104	exact	32104:Xã Đá Bạc
32104	Xã Khánh Bình Tây	Huyện Trần Văn Thời	96	Tỉnh Cà Mau	96	32104	exact	32104:Xã Đá Bạc
32107	Xã Trần Hợi	Huyện Trần Văn Thời	96	Tỉnh Cà Mau	96		split	32095:Xã Trần Văn Thời|32104:Xã Đá Bạc
32108	Xã Khánh Lộc	Huyện Trần Văn Thời	96	Tỉnh Cà Mau	96	32095	exact	32095:Xã Trần Văn Thời
32110	Xã Khánh Bình	Huyện Trần Văn Thời	96	Tỉnh Cà Mau	96	32110	exact	32110:Xã Khánh Bình
32113	Xã Khánh Hưng	Huyện Trần Văn Thời	96	Tỉnh Cà Mau	96	32119	exact	32119:Xã Khánh Hưng
32116	Xã Khánh Bình Đông	Huyện Trần Văn Thời	96	Tỉnh Cà Mau	96	32110	exact	32110:Xã Khánh Bình
32119	Xã Khánh Hải	Huyện Trần Văn Thời	96	Tỉnh Cà Mau	96	32119	exact	32119:Xã Khánh Hưng
32122	Xã Lợi An	Huyện Trần Văn Thời	96	Tỉnh Cà Mau	96	32014	partial	32014:Phường Lý Văn Lâm
32124	Xã Phong Điền	Huyện Trần Văn Thời	96	Tỉnh Cà Mau	96		split	32095:Xã Trần Văn Thời|32098:Xã Sông Đốc
32125	Xã Phong Lạc	Huyện Trần Văn Thời	96	Tỉnh Cà Mau	96	32095	exact	32095:Xã Trần Văn Thời
32128	Thị trấn Cái Nước	Huyện Cái Nước	96	Tỉnh Cà Mau	96	32128	exact	32128:Xã Cái Nước
32130	Xã Thạnh Phú	Huyện Cái Nước	96	Tỉnh Cà Mau	96	32134	exact	32134:Xã Lương Thế Trân
32131	Xã Lương Thế Trân	Huyện Cái Nước	96	Tỉnh Cà Mau	96	32134	exact	32134:Xã Lương Thế Trân
32134	Xã Phú Hưng	Huyện Cái Nước	96	Tỉnh Cà Mau	96	32134	exact	32134:Xã Lương Thế Trân
32137	Xã Tân Hưng	Huyện Cái Nước	96	Tỉnh Cà Mau	96	32137	exact	32137:Xã Tân Hưng
32140	Xã Hưng Mỹ	Huyện Cái Nước	96	Tỉnh Cà Mau	96	32140	exact	32140:Xã Hưng Mỹ
32141	Xã Hoà Mỹ	Huyện Cái Nước	96	Tỉnh Cà Mau	96		split	32140:Xã Hưng Mỹ|32137:Xã Tân Hưng|32214:Xã Phú Mỹ
32142	Xã Đông Hưng	Huyện Cái Nước	96	Tỉnh Cà Mau	96		split	32128:Xã Cái Nước|32137:Xã Tân Hưng
32143	Xã Đông Thới	Huyện Cái Nước	96	Tỉnh Cà Mau	96		split	32128:Xã Cái Nước|32137:Xã Tân Hưng
32146	Xã Tân Hưng Đông	Huyện Cái Nước	96	Tỉnh Cà Mau	96		split	32128:Xã Cái Nước|32140:Xã Hưng Mỹ
32149	Xã Trần Thới	Huyện Cái Nước	96	Tỉnh Cà Mau	96	32128	exact	32128:Xã Cái Nước
32152	Thị trấn Đầm Dơi	Huyện Đầm Dơi	96	Tỉnh Cà Mau	96	32152	exact	32152:Xã Đầm Dơi
32155	Xã Tạ An Khương	Huyện Đầm Dơi	96	Tỉnh Cà Mau	96		split	32152:Xã Đầm Dơi|32155:Xã Tạ An Khương
32158	Xã Tạ An Khương Đông	Huyện Đầm Dơi	96	Tỉnh Cà Mau	96	32155	exact	32155:Xã Tạ An Khương
32161	Xã Trần Phán	Huyện Đầm Dơi	96	Tỉnh Cà Mau	96	32161	exact	32161:Xã Trần Phán
32162	Xã Tân Trung	Huyện Đầm Dơi	96	Tỉnh Cà Mau	96	32161	exact	32161:Xã Trần Phán
32164	Xã Tân Đức	Huyện Đầm Dơi	96	Tỉnh Cà Mau	96	32167	exact	32167:Xã Tân Thuận
32167	Xã Tân Thuận	Huyện Đầm Dơi	96	Tỉnh Cà Mau	96	32167	exact	32167:Xã Tân Thuận
32170	Xã Tạ An Khương Nam	Huyện Đầm Dơi	96	Tỉnh Cà Mau	96	32155	exact	32155:Xã Tạ An Khương
32173	Xã Tân Duyệt	Huyện Đầm Dơi	96	Tỉnh Cà Mau	96	32152	exact	32152:Xã Đầm Dơi
32174	Xã Tân Dân	Huyện Đầm Dơi	96	Tỉnh Cà Mau	96	32152	exact	32152:Xã Đầm Dơi
32176	Xã Tân Tiến	Huyện Đầm Dơi	96	Tỉnh Cà Mau	96	32188	exact	32188:Xã Tân Tiến
32179	Xã Quách Phẩm Bắc	Huyện Đầm Dơi	96	Tỉnh Cà Mau	96	32182	exact	32182:Xã Quách Phẩm
32182	Xã Quách Phẩm	Huyện Đầm Dơi	96	Tỉnh Cà Mau	96	32182	exact	32182:Xã Quách Phẩm
32185	Xã Thanh Tùng	Huyện Đầm Dơi	96	Tỉnh Cà Mau	96	32185	exact	32185:Xã Thanh Tùng
32186	Xã Ngọc Chánh	Huyện Đầm Dơi	96	Tỉnh Cà Mau	96	32185	exact	32185:Xã Thanh Tùng
32188	Xã Nguyễn Huân	Huyện Đầm Dơi	96	Tỉnh Cà Mau	96	32188	exact	32188:Xã Tân Tiến
32191	Thị trấn Năm Căn	Huyện Năm Căn	96	Tỉnh Cà Mau	96		split	32191:Xã Năm Căn|32201:Xã Đất Mới
32194	Xã Hàm Rồng	Huyện Năm Căn	96	Tỉnh Cà Mau	96		split	32191:Xã Năm Căn|32201:Xã Đất Mới
32197	Xã Hiệp Tùng	Huyện Năm Căn	96	Tỉnh Cà Mau	96	32206	exact	32206:Xã Tam Giang
32200	Xã Đất Mới	Huyện Năm Căn	96	Tỉnh Cà Mau	96	32201	exact	32201:Xã Đất Mới
32201	Xã Lâm Hải	Huyện Năm Căn	96	Tỉnh Cà Mau	96	32201	exact	32201:Xã Đất Mới
32203	Xã Hàng Vịnh	Huyện Năm Căn	96	Tỉnh Cà Mau	96	32191	exact	32191:Xã Năm Căn
32206	Xã Tam Giang	Huyện Năm Căn	96	Tỉnh Cà Mau	96	32206	exact	32206:Xã Tam Giang
32209	Xã Tam Giang Đông	Huyện Năm Căn	96	Tỉnh Cà Mau	96	32206	exact	32206:Xã Tam Giang
32212	Thị trấn Cái Đôi Vàm	Huyện Phú Tân	96	Tỉnh Cà Mau	96	32212	exact	32212:Xã Cái Đôi Vàm
32214	Xã Phú Thuận	Huyện Phú Tân	96	Tỉnh Cà Mau	96	32214	exact	32214:Xã Phú Mỹ
32215	Xã Phú Mỹ	Huyện Phú Tân	96	Tỉnh Cà Mau	96	32214	exact	32214:Xã Phú Mỹ
32218	Xã Phú Tân	Huyện Phú Tân	96	Tỉnh Cà Mau	96	32218	exact	32218:Xã Phú Tân
32221	Xã Tân Hải	Huyện Phú Tân	96	Tỉnh Cà Mau	96	32218	exact	32218:Xã Phú Tân
32224	Xã Việt Thắng	Huyện Phú Tân	96	Tỉnh Cà Mau	96	32227	exact	32227:Xã Nguyễn Việt Khái
32227	Xã Tân Hưng Tây	Huyện Phú Tân	96	Tỉnh Cà Mau	96	32227	exact	32227:Xã Nguyễn Việt Khái
32228	Xã Rạch Chèo	Huyện Phú Tân	96	Tỉnh Cà Mau	96	32227	exact	32227:Xã Nguyễn Việt Khái
32230	Xã Nguyễn Việt Khái	Huyện Phú Tân	96	Tỉnh Cà Mau	96	32212	exact	32212:Xã Cái Đôi Vàm
32233	Xã Tam Giang Tây	Huyện Ngọc Hiển	96	Tỉnh Cà Mau	96	32236	exact	32236:Xã Tân Ân
32236	Xã Tân Ân Tây	Huyện Ngọc Hiển	96	Tỉnh Cà Mau	96	32236	exact	32236:Xã Tân Ân
32239	Xã Viên An Đông	Huyện Ngọc Hiển	96	Tỉnh Cà Mau	96	32244	exact	32244:Xã Phan Ngọc Hiển
32242	Xã Viên An	Huyện Ngọc Hiển	96	Tỉnh Cà Mau	96		split	32248:Xã Đất Mũi|32201:Xã Đất Mới
32244	Thị trấn Rạch Gốc	Huyện Ngọc Hiển	96	Tỉnh Cà Mau	96	32244	exact	32244:Xã Phan Ngọc Hiển
32245	Xã Tân Ân	Huyện Ngọc Hiển	96	Tỉnh Cà Mau	96	32248	partial	32248:Xã Đất Mũi
32248	Xã Đất Mũi	Huyện Ngọc Hiển	96	Tỉnh Cà Mau	96	32248	exact	32248:Xã Đất Mũi
